{
"type": "FeatureCollection",
"name": "chennai_flood_points_2015",
"crs": { "type": "name", "properties": { "name": "urn:ogc:def:crs:OGC:1.3:CRS84" } },
"features": [
{ "type": "Feature", "properties": { "id": null, "Name": "Engangipuram", "description": null, "timestamp": null, "begin": null, "end": null, "altitudeMode": null, "tessellate": -1, "extrude": 0, "visibility": -1, "drawOrder": null, "icon": null, "timestamp2": null, "begin2": null, "end2": null, "altitudeMode2": null, "tessellate2": -1, "extrude2": 0, "visibility2": -1, "drawOrder2": null, "icon2": null, "OBJECTID": 44, "OID_": 0, "ZONE": 6, "DIVISION": 71, "LAT": 13.1043701, "LONG_": 80.2437705 }, "geometry": { "type": "Point", "coordinates": [ 80.2437705, 13.1043701 ] } },
{ "type": "Feature", "properties": { "id": null, "Name": "Basin Bridge Road", "description": null, "timestamp": null, "begin": null, "end": null, "altitudeMode": null, "tessellate": -1, "extrude": 0, "visibility": -1, "drawOrder": null, "icon": null, "timestamp2": null, "begin2": null, "end2": null, "altitudeMode2": null, "tessellate2": -1, "extrude2": 0, "visibility2": -1, "drawOrder2": null, "icon2": null, "OBJECTID": 45, "OID_": 0, "ZONE": 6, "DIVISION": 72, "LAT": 13.1002112, "LONG_": 80.2698898 }, "geometry": { "type": "Point", "coordinates": [ 80.2698898, 13.1002112 ] } },
{ "type": "Feature", "properties": { "id": null, "Name": "Doss Nagar Pallam", "description": null, "timestamp": null, "begin": null, "end": null, "altitudeMode": null, "tessellate": -1, "extrude": 0, "visibility": -1, "drawOrder": null, "icon": null, "timestamp2": null, "begin2": null, "end2": null, "altitudeMode2": null, "tessellate2": -1, "extrude2": 0, "visibility2": -1, "drawOrder2": null, "icon2": null, "OBJECTID": 46, "OID_": 0, "ZONE": 6, "DIVISION": 72, "LAT": 13.1083618, "LONG_": 80.2642679 }, "geometry": { "type": "Point", "coordinates": [ 80.2642679, 13.1083618 ] } },
{ "type": "Feature", "properties": { "id": null, "Name": "Ambedkar Nagar", "description": null, "timestamp": null, "begin": null, "end": null, "altitudeMode": null, "tessellate": -1, "extrude": 0, "visibility": -1, "drawOrder": null, "icon": null, "timestamp2": null, "begin2": null, "end2": null, "altitudeMode2": null, "tessellate2": -1, "extrude2": 0, "visibility2": -1, "drawOrder2": null, "icon2": null, "OBJECTID": 47, "OID_": 0, "ZONE": 6, "DIVISION": 72, "LAT": 13.1036073, "LONG_": 80.2632487 }, "geometry": { "type": "Point", "coordinates": [ 80.2632487, 13.1036073 ] } },
{ "type": "Feature", "properties": { "id": null, "Name": "Decastor Road", "description": null, "timestamp": null, "begin": null, "end": null, "altitudeMode": null, "tessellate": -1, "extrude": 0, "visibility": -1, "drawOrder": null, "icon": null, "timestamp2": null, "begin2": null, "end2": null, "altitudeMode2": null, "tessellate2": -1, "extrude2": 0, "visibility2": -1, "drawOrder2": null, "icon2": null, "OBJECTID": 48, "OID_": 0, "ZONE": 6, "DIVISION": 72, "LAT": 13.1021026, "LONG_": 80.2646434 }, "geometry": { "type": "Point", "coordinates": [ 80.2646434, 13.1021026 ] } },
{ "type": "Feature", "properties": { "id": null, "Name": "Nehru Nagar", "description": null, "timestamp": null, "begin": null, "end": null, "altitudeMode": null, "tessellate": -1, "extrude": 0, "visibility": -1, "drawOrder": null, "icon": null, "timestamp2": null, "begin2": null, "end2": null, "altitudeMode2": null, "tessellate2": -1, "extrude2": 0, "visibility2": -1, "drawOrder2": null, "icon2": null, "OBJECTID": 49, "OID_": 0, "ZONE": 6, "DIVISION": 72, "LAT": 13.1046836, "LONG_": 80.2644289 }, "geometry": { "type": "Point", "coordinates": [ 80.2644289, 13.1046836 ] } },
{ "type": "Feature", "properties": { "id": null, "Name": "Kannikapuram Main Road", "description": null, "timestamp": null, "begin": null, "end": null, "altitudeMode": null, "tessellate": -1, "extrude": 0, "visibility": -1, "drawOrder": null, "icon": null, "timestamp2": null, "begin2": null, "end2": null, "altitudeMode2": null, "tessellate2": -1, "extrude2": 0, "visibility2": -1, "drawOrder2": null, "icon2": null, "OBJECTID": 50, "OID_": 0, "ZONE": 6, "DIVISION": 72, "LAT": 13.1089887, "LONG_": 80.2622938 }, "geometry": { "type": "Point", "coordinates": [ 80.2622938, 13.1089887 ] } },
{ "type": "Feature", "properties": { "id": null, "Name": "Narasima Nagar", "description": null, "timestamp": null, "begin": null, "end": null, "altitudeMode": null, "tessellate": -1, "extrude": 0, "visibility": -1, "drawOrder": null, "icon": null, "timestamp2": null, "begin2": null, "end2": null, "altitudeMode2": null, "tessellate2": -1, "extrude2": 0, "visibility2": -1, "drawOrder2": null, "icon2": null, "OBJECTID": 51, "OID_": 0, "ZONE": 6, "DIVISION": 72, "LAT": 13.1048717, "LONG_": 80.26577 }, "geometry": { "type": "Point", "coordinates": [ 80.26577, 13.1048717 ] } },
{ "type": "Feature", "properties": { "id": null, "Name": "Mannar Swamy Street", "description": null, "timestamp": null, "begin": null, "end": null, "altitudeMode": null, "tessellate": -1, "extrude": 0, "visibility": -1, "drawOrder": null, "icon": null, "timestamp2": null, "begin2": null, "end2": null, "altitudeMode2": null, "tessellate2": -1, "extrude2": 0, "visibility2": -1, "drawOrder2": null, "icon2": null, "OBJECTID": 52, "OID_": 0, "ZONE": 6, "DIVISION": 73, "LAT": 13.1009427, "LONG_": 80.2615428 }, "geometry": { "type": "Point", "coordinates": [ 80.2615428, 13.1009427 ] } },
{ "type": "Feature", "properties": { "id": null, "Name": "Thiru Venkadam Street", "description": null, "timestamp": null, "begin": null, "end": null, "altitudeMode": null, "tessellate": -1, "extrude": 0, "visibility": -1, "drawOrder": null, "icon": null, "timestamp2": null, "begin2": null, "end2": null, "altitudeMode2": null, "tessellate2": -1, "extrude2": 0, "visibility2": -1, "drawOrder2": null, "icon2": null, "OBJECTID": 53, "OID_": 0, "ZONE": 6, "DIVISION": 73, "LAT": 13.1015801, "LONG_": 80.2610707 }, "geometry": { "type": "Point", "coordinates": [ 80.2610707, 13.1015801 ] } },
{ "type": "Feature", "properties": { "id": null, "Name": "Ramaswamy Street", "description": null, "timestamp": null, "begin": null, "end": null, "altitudeMode": null, "tessellate": -1, "extrude": 0, "visibility": -1, "drawOrder": null, "icon": null, "timestamp2": null, "begin2": null, "end2": null, "altitudeMode2": null, "tessellate2": -1, "extrude2": 0, "visibility2": -1, "drawOrder2": null, "icon2": null, "OBJECTID": 54, "OID_": 0, "ZONE": 6, "DIVISION": 73, "LAT": 13.1013189, "LONG_": 80.2619934 }, "geometry": { "type": "Point", "coordinates": [ 80.2619934, 13.1013189 ] } },
{ "type": "Feature", "properties": { "id": null, "Name": "Narayanaswamy Street", "description": null, "timestamp": null, "begin": null, "end": null, "altitudeMode": null, "tessellate": -1, "extrude": 0, "visibility": -1, "drawOrder": null, "icon": null, "timestamp2": null, "begin2": null, "end2": null, "altitudeMode2": null, "tessellate2": -1, "extrude2": 0, "visibility2": -1, "drawOrder2": null, "icon2": null, "OBJECTID": 55, "OID_": 0, "ZONE": 6, "DIVISION": 73, "LAT": 13.1014233, "LONG_": 80.2624655 }, "geometry": { "type": "Point", "coordinates": [ 80.2624655, 13.1014233 ] } },
{ "type": "Feature", "properties": { "id": null, "Name": "Ammiyanmal Street", "description": null, "timestamp": null, "begin": null, "end": null, "altitudeMode": null, "tessellate": -1, "extrude": 0, "visibility": -1, "drawOrder": null, "icon": null, "timestamp2": null, "begin2": null, "end2": null, "altitudeMode2": null, "tessellate2": -1, "extrude2": 0, "visibility2": -1, "drawOrder2": null, "icon2": null, "OBJECTID": 56, "OID_": 0, "ZONE": 6, "DIVISION": 73, "LAT": 13.1005978, "LONG_": 80.2631521 }, "geometry": { "type": "Point", "coordinates": [ 80.2631521, 13.1005978 ] } },
{ "type": "Feature", "properties": { "id": null, "Name": "Lalsingh Street", "description": null, "timestamp": null, "begin": null, "end": null, "altitudeMode": null, "tessellate": -1, "extrude": 0, "visibility": -1, "drawOrder": null, "icon": null, "timestamp2": null, "begin2": null, "end2": null, "altitudeMode2": null, "tessellate2": -1, "extrude2": 0, "visibility2": -1, "drawOrder2": null, "icon2": null, "OBJECTID": 57, "OID_": 0, "ZONE": 6, "DIVISION": 73, "LAT": 13.0999134, "LONG_": 80.2647078 }, "geometry": { "type": "Point", "coordinates": [ 80.2647078, 13.0999134 ] } },
{ "type": "Feature", "properties": { "id": null, "Name": "Natchiarammal Lane", "description": null, "timestamp": null, "begin": null, "end": null, "altitudeMode": null, "tessellate": -1, "extrude": 0, "visibility": -1, "drawOrder": null, "icon": null, "timestamp2": null, "begin2": null, "end2": null, "altitudeMode2": null, "tessellate2": -1, "extrude2": 0, "visibility2": -1, "drawOrder2": null, "icon2": null, "OBJECTID": 58, "OID_": 0, "ZONE": 6, "DIVISION": 73, "LAT": 13.1012457, "LONG_": 80.2629 }, "geometry": { "type": "Point", "coordinates": [ 80.2629, 13.1012457 ] } },
{ "type": "Feature", "properties": { "id": null, "Name": "M.T.Road", "description": null, "timestamp": null, "begin": null, "end": null, "altitudeMode": null, "tessellate": -1, "extrude": 0, "visibility": -1, "drawOrder": null, "icon": null, "timestamp2": null, "begin2": null, "end2": null, "altitudeMode2": null, "tessellate2": -1, "extrude2": 0, "visibility2": -1, "drawOrder2": null, "icon2": null, "OBJECTID": 59, "OID_": 0, "ZONE": 6, "DIVISION": 74, "LAT": 13.0950281, "LONG_": 80.2414155 }, "geometry": { "type": "Point", "coordinates": [ 80.2414155, 13.0950281 ] } },
{ "type": "Feature", "properties": { "id": null, "Name": "Subbrayan 5th Street", "description": null, "timestamp": null, "begin": null, "end": null, "altitudeMode": null, "tessellate": -1, "extrude": 0, "visibility": -1, "drawOrder": null, "icon": null, "timestamp2": null, "begin2": null, "end2": null, "altitudeMode2": null, "tessellate2": -1, "extrude2": 0, "visibility2": -1, "drawOrder2": null, "icon2": null, "OBJECTID": 60, "OID_": 0, "ZONE": 6, "DIVISION": 74, "LAT": 13.0962455, "LONG_": 80.2452135 }, "geometry": { "type": "Point", "coordinates": [ 80.2452135, 13.0962455 ] } },
{ "type": "Feature", "properties": { "id": null, "Name": "Secretariate Colony 6th St", "description": null, "timestamp": null, "begin": null, "end": null, "altitudeMode": null, "tessellate": -1, "extrude": 0, "visibility": -1, "drawOrder": null, "icon": null, "timestamp2": null, "begin2": null, "end2": null, "altitudeMode2": null, "tessellate2": -1, "extrude2": 0, "visibility2": -1, "drawOrder2": null, "icon2": null, "OBJECTID": 61, "OID_": 0, "ZONE": 6, "DIVISION": 74, "LAT": 13.092144, "LONG_": 80.2440012 }, "geometry": { "type": "Point", "coordinates": [ 80.2440012, 13.092144 ] } },
{ "type": "Feature", "properties": { "id": null, "Name": "Kannapa Street", "description": null, "timestamp": null, "begin": null, "end": null, "altitudeMode": null, "tessellate": -1, "extrude": 0, "visibility": -1, "drawOrder": null, "icon": null, "timestamp2": null, "begin2": null, "end2": null, "altitudeMode2": null, "tessellate2": -1, "extrude2": 0, "visibility2": -1, "drawOrder2": null, "icon2": null, "OBJECTID": 62, "OID_": 0, "ZONE": 6, "DIVISION": 75, "LAT": 13.0972121, "LONG_": 80.2531743 }, "geometry": { "type": "Point", "coordinates": [ 80.2531743, 13.0972121 ] } },
{ "type": "Feature", "properties": { "id": null, "Name": "Edward Park", "description": null, "timestamp": null, "begin": null, "end": null, "altitudeMode": null, "tessellate": -1, "extrude": 0, "visibility": -1, "drawOrder": null, "icon": null, "timestamp2": null, "begin2": null, "end2": null, "altitudeMode2": null, "tessellate2": -1, "extrude2": 0, "visibility2": -1, "drawOrder2": null, "icon2": null, "OBJECTID": 63, "OID_": 0, "ZONE": 6, "DIVISION": 75, "LAT": 13.0960627, "LONG_": 80.2538395 }, "geometry": { "type": "Point", "coordinates": [ 80.2538395, 13.0960627 ] } },
{ "type": "Feature", "properties": { "id": null, "Name": "Chellppa Street", "description": null, "timestamp": null, "begin": null, "end": null, "altitudeMode": null, "tessellate": -1, "extrude": 0, "visibility": -1, "drawOrder": null, "icon": null, "timestamp2": null, "begin2": null, "end2": null, "altitudeMode2": null, "tessellate2": -1, "extrude2": 0, "visibility2": -1, "drawOrder2": null, "icon2": null, "OBJECTID": 64, "OID_": 0, "ZONE": 6, "DIVISION": 75, "LAT": 13.0967001, "LONG_": 80.2525628 }, "geometry": { "type": "Point", "coordinates": [ 80.2525628, 13.0967001 ] } },
{ "type": "Feature", "properties": { "id": null, "Name": "Perambur Barackks Road", "description": null, "timestamp": null, "begin": null, "end": null, "altitudeMode": null, "tessellate": -1, "extrude": 0, "visibility": -1, "drawOrder": null, "icon": null, "timestamp2": null, "begin2": null, "end2": null, "altitudeMode2": null, "tessellate2": -1, "extrude2": 0, "visibility2": -1, "drawOrder2": null, "icon2": null, "OBJECTID": 65, "OID_": 0, "ZONE": 6, "DIVISION": 76, "LAT": 13.0968255, "LONG_": 80.259161 }, "geometry": { "type": "Point", "coordinates": [ 80.259161, 13.0968255 ] } },
{ "type": "Feature", "properties": { "id": null, "Name": "Dr.Ambedkar Collage Road", "description": null, "timestamp": null, "begin": null, "end": null, "altitudeMode": null, "tessellate": -1, "extrude": 0, "visibility": -1, "drawOrder": null, "icon": null, "timestamp2": null, "begin2": null, "end2": null, "altitudeMode2": null, "tessellate2": -1, "extrude2": 0, "visibility2": -1, "drawOrder2": null, "icon2": null, "OBJECTID": 66, "OID_": 0, "ZONE": 6, "DIVISION": 76, "LAT": 13.1010367, "LONG_": 80.2600944 }, "geometry": { "type": "Point", "coordinates": [ 80.2600944, 13.1010367 ] } },
{ "type": "Feature", "properties": { "id": null, "Name": "Strahans Road", "description": null, "timestamp": null, "begin": null, "end": null, "altitudeMode": null, "tessellate": -1, "extrude": 0, "visibility": -1, "drawOrder": null, "icon": null, "timestamp2": null, "begin2": null, "end2": null, "altitudeMode2": null, "tessellate2": -1, "extrude2": 0, "visibility2": -1, "drawOrder2": null, "icon2": null, "OBJECTID": 67, "OID_": 0, "ZONE": 6, "DIVISION": 76, "LAT": 13.0970763, "LONG_": 80.260824 }, "geometry": { "type": "Point", "coordinates": [ 80.260824, 13.0970763 ] } },
{ "type": "Feature", "properties": { "id": null, "Name": "Barracks Gate Road", "description": null, "timestamp": null, "begin": null, "end": null, "altitudeMode": null, "tessellate": -1, "extrude": 0, "visibility": -1, "drawOrder": null, "icon": null, "timestamp2": null, "begin2": null, "end2": null, "altitudeMode2": null, "tessellate2": -1, "extrude2": 0, "visibility2": -1, "drawOrder2": null, "icon2": null, "OBJECTID": 68, "OID_": 0, "ZONE": 6, "DIVISION": 76, "LAT": 13.0982885, "LONG_": 80.2601588 }, "geometry": { "type": "Point", "coordinates": [ 80.2601588, 13.0982885 ] } },
{ "type": "Feature", "properties": { "id": null, "Name": "Demellous Road", "description": null, "timestamp": null, "begin": null, "end": null, "altitudeMode": null, "tessellate": -1, "extrude": 0, "visibility": -1, "drawOrder": null, "icon": null, "timestamp2": null, "begin2": null, "end2": null, "altitudeMode2": null, "tessellate2": -1, "extrude2": 0, "visibility2": -1, "drawOrder2": null, "icon2": null, "OBJECTID": 69, "OID_": 0, "ZONE": 6, "DIVISION": 77, "LAT": 13.0968673, "LONG_": 80.2630877 }, "geometry": { "type": "Point", "coordinates": [ 80.2630877, 13.0968673 ] } },
{ "type": "Feature", "properties": { "id": null, "Name": "Elephant Gate Bridge Road", "description": null, "timestamp": null, "begin": null, "end": null, "altitudeMode": null, "tessellate": -1, "extrude": 0, "visibility": -1, "drawOrder": null, "icon": null, "timestamp2": null, "begin2": null, "end2": null, "altitudeMode2": null, "tessellate2": -1, "extrude2": 0, "visibility2": -1, "drawOrder2": null, "icon2": null, "OBJECTID": 70, "OID_": 0, "ZONE": 6, "DIVISION": 77, "LAT": 13.0926664, "LONG_": 80.2716815 }, "geometry": { "type": "Point", "coordinates": [ 80.2716815, 13.0926664 ] } },
{ "type": "Feature", "properties": { "id": null, "Name": "Choolai High Road", "description": null, "timestamp": null, "begin": null, "end": null, "altitudeMode": null, "tessellate": -1, "extrude": 0, "visibility": -1, "drawOrder": null, "icon": null, "timestamp2": null, "begin2": null, "end2": null, "altitudeMode2": null, "tessellate2": -1, "extrude2": 0, "visibility2": -1, "drawOrder2": null, "icon2": null, "OBJECTID": 71, "OID_": 0, "ZONE": 6, "DIVISION": 78, "LAT": 13.0905347, "LONG_": 80.2673149 }, "geometry": { "type": "Point", "coordinates": [ 80.2673149, 13.0905347 ] } },
{ "type": "Feature", "properties": { "id": null, "Name": "Astabujam Road", "description": null, "timestamp": null, "begin": null, "end": null, "altitudeMode": null, "tessellate": -1, "extrude": 0, "visibility": -1, "drawOrder": null, "icon": null, "timestamp2": null, "begin2": null, "end2": null, "altitudeMode2": null, "tessellate2": -1, "extrude2": 0, "visibility2": -1, "drawOrder2": null, "icon2": null, "OBJECTID": 72, "OID_": 0, "ZONE": 6, "DIVISION": 78, "LAT": 13.0934815, "LONG_": 80.2612424 }, "geometry": { "type": "Point", "coordinates": [ 80.2612424, 13.0934815 ] } },
{ "type": "Feature", "properties": { "id": null, "Name": "Sydnams Road", "description": null, "timestamp": null, "begin": null, "end": null, "altitudeMode": null, "tessellate": -1, "extrude": 0, "visibility": -1, "drawOrder": null, "icon": null, "timestamp2": null, "begin2": null, "end2": null, "altitudeMode2": null, "tessellate2": -1, "extrude2": 0, "visibility2": -1, "drawOrder2": null, "icon2": null, "OBJECTID": 73, "OID_": 0, "ZONE": 6, "DIVISION": 78, "LAT": 13.0899704, "LONG_": 80.2699757 }, "geometry": { "type": "Point", "coordinates": [ 80.2699757, 13.0899704 ] } },
{ "type": "Feature", "properties": { "id": null, "Name": "Arundhathi Nagar", "description": null, "timestamp": null, "begin": null, "end": null, "altitudeMode": null, "tessellate": -1, "extrude": 0, "visibility": -1, "drawOrder": null, "icon": null, "timestamp2": null, "begin2": null, "end2": null, "altitudeMode2": null, "tessellate2": -1, "extrude2": 0, "visibility2": -1, "drawOrder2": null, "icon2": null, "OBJECTID": 74, "OID_": 0, "ZONE": 6, "DIVISION": 70, "LAT": 13.1071914, "LONG_": 80.2513504 }, "geometry": { "type": "Point", "coordinates": [ 80.2513504, 13.1071914 ] } },
{ "type": "Feature", "properties": { "id": null, "Name": "Raja Mangalam Street", "description": null, "timestamp": null, "begin": null, "end": null, "altitudeMode": null, "tessellate": -1, "extrude": 0, "visibility": -1, "drawOrder": null, "icon": null, "timestamp2": null, "begin2": null, "end2": null, "altitudeMode2": null, "tessellate2": -1, "extrude2": 0, "visibility2": -1, "drawOrder2": null, "icon2": null, "OBJECTID": 75, "OID_": 0, "ZONE": 6, "DIVISION": 65, "LAT": 13.1133774, "LONG_": 80.2047658 }, "geometry": { "type": "Point", "coordinates": [ 80.2047658, 13.1133774 ] } },
{ "type": "Feature", "properties": { "id": null, "Name": "NAS Garden", "description": null, "timestamp": null, "begin": null, "end": null, "altitudeMode": null, "tessellate": -1, "extrude": 0, "visibility": -1, "drawOrder": null, "icon": null, "timestamp2": null, "begin2": null, "end2": null, "altitudeMode2": null, "tessellate2": -1, "extrude2": 0, "visibility2": -1, "drawOrder2": null, "icon2": null, "OBJECTID": 76, "OID_": 0, "ZONE": 7, "DIVISION": 83, "LAT": 13.117143, "LONG_": 80.189752 }, "geometry": { "type": "Point", "coordinates": [ 80.189752, 13.117143 ] } },
{ "type": "Feature", "properties": { "id": null, "Name": "TNEB 30th Street", "description": null, "timestamp": null, "begin": null, "end": null, "altitudeMode": null, "tessellate": -1, "extrude": 0, "visibility": -1, "drawOrder": null, "icon": null, "timestamp2": null, "begin2": null, "end2": null, "altitudeMode2": null, "tessellate2": -1, "extrude2": 0, "visibility2": -1, "drawOrder2": null, "icon2": null, "OBJECTID": 77, "OID_": 0, "ZONE": 7, "DIVISION": 83, "LAT": 13.10962434, "LONG_": 80.18504421 }, "geometry": { "type": "Point", "coordinates": [ 80.1850442, 13.1096243 ] } },
{ "type": "Feature", "properties": { "id": null, "Name": "TNEB 31th Street", "description": null, "timestamp": null, "begin": null, "end": null, "altitudeMode": null, "tessellate": -1, "extrude": 0, "visibility": -1, "drawOrder": null, "icon": null, "timestamp2": null, "begin2": null, "end2": null, "altitudeMode2": null, "tessellate2": -1, "extrude2": 0, "visibility2": -1, "drawOrder2": null, "icon2": null, "OBJECTID": 78, "OID_": 0, "ZONE": 7, "DIVISION": 83, "LAT": 13.10930728, "LONG_": 80.18356895 }, "geometry": { "type": "Point", "coordinates": [ 80.183569, 13.1093073 ] } },
{ "type": "Feature", "properties": { "id": null, "Name": "TNEB 32nd Street", "description": null, "timestamp": null, "begin": null, "end": null, "altitudeMode": null, "tessellate": -1, "extrude": 0, "visibility": -1, "drawOrder": null, "icon": null, "timestamp2": null, "begin2": null, "end2": null, "altitudeMode2": null, "tessellate2": -1, "extrude2": 0, "visibility2": -1, "drawOrder2": null, "icon2": null, "OBJECTID": 79, "OID_": 0, "ZONE": 7, "DIVISION": 83, "LAT": 13.10929262, "LONG_": 80.18245868 }, "geometry": { "type": "Point", "coordinates": [ 80.1824587, 13.1092926 ] } },
{ "type": "Feature", "properties": { "id": null, "Name": "TNEB 35th Street", "description": null, "timestamp": null, "begin": null, "end": null, "altitudeMode": null, "tessellate": -1, "extrude": 0, "visibility": -1, "drawOrder": null, "icon": null, "timestamp2": null, "begin2": null, "end2": null, "altitudeMode2": null, "tessellate2": -1, "extrude2": 0, "visibility2": -1, "drawOrder2": null, "icon2": null, "OBJECTID": 80, "OID_": 0, "ZONE": 7, "DIVISION": 83, "LAT": 13.10898761, "LONG_": 80.18148294 }, "geometry": { "type": "Point", "coordinates": [ 80.1814829, 13.1089876 ] } },
{ "type": "Feature", "properties": { "id": null, "Name": "TNEB 36th Street", "description": null, "timestamp": null, "begin": null, "end": null, "altitudeMode": null, "tessellate": -1, "extrude": 0, "visibility": -1, "drawOrder": null, "icon": null, "timestamp2": null, "begin2": null, "end2": null, "altitudeMode2": null, "tessellate2": -1, "extrude2": 0, "visibility2": -1, "drawOrder2": null, "icon2": null, "OBJECTID": 81, "OID_": 0, "ZONE": 7, "DIVISION": 83, "LAT": 13.10939121, "LONG_": 80.18095579 }, "geometry": { "type": "Point", "coordinates": [ 80.1809558, 13.1093912 ] } },
{ "type": "Feature", "properties": { "id": null, "Name": "TNEB 37th Street", "description": null, "timestamp": null, "begin": null, "end": null, "altitudeMode": null, "tessellate": -1, "extrude": 0, "visibility": -1, "drawOrder": null, "icon": null, "timestamp2": null, "begin2": null, "end2": null, "altitudeMode2": null, "tessellate2": -1, "extrude2": 0, "visibility2": -1, "drawOrder2": null, "icon2": null, "OBJECTID": 82, "OID_": 0, "ZONE": 7, "DIVISION": 83, "LAT": 13.1096943, "LONG_": 80.18163516 }, "geometry": { "type": "Point", "coordinates": [ 80.1816352, 13.1096943 ] } },
{ "type": "Feature", "properties": { "id": null, "Name": "TNEB 33rd Street", "description": null, "timestamp": null, "begin": null, "end": null, "altitudeMode": null, "tessellate": -1, "extrude": 0, "visibility": -1, "drawOrder": null, "icon": null, "timestamp2": null, "begin2": null, "end2": null, "altitudeMode2": null, "tessellate2": -1, "extrude2": 0, "visibility2": -1, "drawOrder2": null, "icon2": null, "OBJECTID": 83, "OID_": 0, "ZONE": 7, "DIVISION": 83, "LAT": 13.10952984, "LONG_": 80.1803479 }, "geometry": { "type": "Point", "coordinates": [ 80.1803479, 13.1095298 ] } },
{ "type": "Feature", "properties": { "id": null, "Name": "TNEB 34th Street", "description": null, "timestamp": null, "begin": null, "end": null, "altitudeMode": null, "tessellate": -1, "extrude": 0, "visibility": -1, "drawOrder": null, "icon": null, "timestamp2": null, "begin2": null, "end2": null, "altitudeMode2": null, "tessellate2": -1, "extrude2": 0, "visibility2": -1, "drawOrder2": null, "icon2": null, "OBJECTID": 84, "OID_": 0, "ZONE": 7, "DIVISION": 83, "LAT": 13.10927011, "LONG_": 80.18202243 }, "geometry": { "type": "Point", "coordinates": [ 80.1820224, 13.1092701 ] } },
{ "type": "Feature", "properties": { "id": null, "Name": "agragaram korattur", "description": null, "timestamp": null, "begin": null, "end": null, "altitudeMode": null, "tessellate": -1, "extrude": 0, "visibility": -1, "drawOrder": null, "icon": null, "timestamp2": null, "begin2": null, "end2": null, "altitudeMode2": null, "tessellate2": -1, "extrude2": 0, "visibility2": -1, "drawOrder2": null, "icon2": null, "OBJECTID": 85, "OID_": 0, "ZONE": 7, "DIVISION": 83, "LAT": 13.11833527, "LONG_": 80.19247467 }, "geometry": { "type": "Point", "coordinates": [ 80.1924747, 13.1183353 ] } },
{ "type": "Feature", "properties": { "id": null, "Name": "Central Avenue", "description": null, "timestamp": null, "begin": null, "end": null, "altitudeMode": null, "tessellate": -1, "extrude": 0, "visibility": -1, "drawOrder": null, "icon": null, "timestamp2": null, "begin2": null, "end2": null, "altitudeMode2": null, "tessellate2": -1, "extrude2": 0, "visibility2": -1, "drawOrder2": null, "icon2": null, "OBJECTID": 86, "OID_": 0, "ZONE": 7, "DIVISION": 84, "LAT": 13.10769474, "LONG_": 80.18339979 }, "geometry": { "type": "Point", "coordinates": [ 80.1833998, 13.1076947 ] } },
{ "type": "Feature", "properties": { "id": null, "Name": "Thendral Nagar", "description": null, "timestamp": null, "begin": null, "end": null, "altitudeMode": null, "tessellate": -1, "extrude": 0, "visibility": -1, "drawOrder": null, "icon": null, "timestamp2": null, "begin2": null, "end2": null, "altitudeMode2": null, "tessellate2": -1, "extrude2": 0, "visibility2": -1, "drawOrder2": null, "icon2": null, "OBJECTID": 174, "OID_": 0, "ZONE": 4, "DIVISION": 34, "LAT": 13.1412538, "LONG_": 80.2578735 }, "geometry": { "type": "Point", "coordinates": [ 80.2578735, 13.1412538 ] } },
{ "type": "Feature", "properties": { "id": null, "Name": "Muthamil Nagar 8th Block", "description": null, "timestamp": null, "begin": null, "end": null, "altitudeMode": null, "tessellate": -1, "extrude": 0, "visibility": -1, "drawOrder": null, "icon": null, "timestamp2": null, "begin2": null, "end2": null, "altitudeMode2": null, "tessellate2": -1, "extrude2": 0, "visibility2": -1, "drawOrder2": null, "icon2": null, "OBJECTID": 175, "OID_": 0, "ZONE": 4, "DIVISION": 35, "LAT": 13.132791, "LONG_": 80.2517152 }, "geometry": { "type": "Point", "coordinates": [ 80.2517152, 13.132791 ] } },
{ "type": "Feature", "properties": { "id": null, "Name": "West Avenue", "description": null, "timestamp": null, "begin": null, "end": null, "altitudeMode": null, "tessellate": -1, "extrude": 0, "visibility": -1, "drawOrder": null, "icon": null, "timestamp2": null, "begin2": null, "end2": null, "altitudeMode2": null, "tessellate2": -1, "extrude2": 0, "visibility2": -1, "drawOrder2": null, "icon2": null, "OBJECTID": 176, "OID_": 0, "ZONE": 4, "DIVISION": 36, "LAT": 13.1230321, "LONG_": 80.2592897 }, "geometry": { "type": "Point", "coordinates": [ 80.2592897, 13.1230321 ] } },
{ "type": "Feature", "properties": { "id": null, "Name": "Eithiraj Salai", "description": null, "timestamp": null, "begin": null, "end": null, "altitudeMode": null, "tessellate": -1, "extrude": 0, "visibility": -1, "drawOrder": null, "icon": null, "timestamp2": null, "begin2": null, "end2": null, "altitudeMode2": null, "tessellate2": -1, "extrude2": 0, "visibility2": -1, "drawOrder2": null, "icon2": null, "OBJECTID": 177, "OID_": 0, "ZONE": 4, "DIVISION": 36, "LAT": 13.1257487, "LONG_": 80.2490759 }, "geometry": { "type": "Point", "coordinates": [ 80.2490759, 13.1257487 ] } },
{ "type": "Feature", "properties": { "id": null, "Name": "EH Road", "description": null, "timestamp": null, "begin": null, "end": null, "altitudeMode": null, "tessellate": -1, "extrude": 0, "visibility": -1, "drawOrder": null, "icon": null, "timestamp2": null, "begin2": null, "end2": null, "altitudeMode2": null, "tessellate2": -1, "extrude2": 0, "visibility2": -1, "drawOrder2": null, "icon2": null, "OBJECTID": 178, "OID_": 0, "ZONE": 4, "DIVISION": 36, "LAT": 13.1217783, "LONG_": 80.2518976 }, "geometry": { "type": "Point", "coordinates": [ 80.2518976, 13.1217783 ] } },
{ "type": "Feature", "properties": { "id": null, "Name": "Sharma Nagar", "description": null, "timestamp": null, "begin": null, "end": null, "altitudeMode": null, "tessellate": -1, "extrude": 0, "visibility": -1, "drawOrder": null, "icon": null, "timestamp2": null, "begin2": null, "end2": null, "altitudeMode2": null, "tessellate2": -1, "extrude2": 0, "visibility2": -1, "drawOrder2": null, "icon2": null, "OBJECTID": 179, "OID_": 0, "ZONE": 4, "DIVISION": 36, "LAT": 13.1231993, "LONG_": 80.2553415 }, "geometry": { "type": "Point", "coordinates": [ 80.2553415, 13.1231993 ] } },
{ "type": "Feature", "properties": { "id": null, "Name": "Abirami Avenue 14th Street", "description": null, "timestamp": null, "begin": null, "end": null, "altitudeMode": null, "tessellate": -1, "extrude": 0, "visibility": -1, "drawOrder": null, "icon": null, "timestamp2": null, "begin2": null, "end2": null, "altitudeMode2": null, "tessellate2": -1, "extrude2": 0, "visibility2": -1, "drawOrder2": null, "icon2": null, "OBJECTID": 180, "OID_": 0, "ZONE": 4, "DIVISION": 37, "LAT": 13.1342328, "LONG_": 80.2595901 }, "geometry": { "type": "Point", "coordinates": [ 80.2595901, 13.1342328 ] } },
{ "type": "Feature", "properties": { "id": null, "Name": "Abirami Avenue 16th Street", "description": null, "timestamp": null, "begin": null, "end": null, "altitudeMode": null, "tessellate": -1, "extrude": 0, "visibility": -1, "drawOrder": null, "icon": null, "timestamp2": null, "begin2": null, "end2": null, "altitudeMode2": null, "tessellate2": -1, "extrude2": 0, "visibility2": -1, "drawOrder2": null, "icon2": null, "OBJECTID": 181, "OID_": 0, "ZONE": 4, "DIVISION": 37, "LAT": 13.1346716, "LONG_": 80.2599335 }, "geometry": { "type": "Point", "coordinates": [ 80.2599335, 13.1346716 ] } },
{ "type": "Feature", "properties": { "id": null, "Name": "Abirami Avenue  15th  Street", "description": null, "timestamp": null, "begin": null, "end": null, "altitudeMode": null, "tessellate": -1, "extrude": 0, "visibility": -1, "drawOrder": null, "icon": null, "timestamp2": null, "begin2": null, "end2": null, "altitudeMode2": null, "tessellate2": -1, "extrude2": 0, "visibility2": -1, "drawOrder2": null, "icon2": null, "OBJECTID": 182, "OID_": 0, "ZONE": 4, "DIVISION": 37, "LAT": 13.134588, "LONG_": 80.259161 }, "geometry": { "type": "Point", "coordinates": [ 80.259161, 13.134588 ] } },
{ "type": "Feature", "properties": { "id": null, "Name": "MGR Nagar", "description": null, "timestamp": null, "begin": null, "end": null, "altitudeMode": null, "tessellate": -1, "extrude": 0, "visibility": -1, "drawOrder": null, "icon": null, "timestamp2": null, "begin2": null, "end2": null, "altitudeMode2": null, "tessellate2": -1, "extrude2": 0, "visibility2": -1, "drawOrder2": null, "icon2": null, "OBJECTID": 183, "OID_": 0, "ZONE": 4, "DIVISION": 37, "LAT": 13.1235336, "LONG_": 80.2666712 }, "geometry": { "type": "Point", "coordinates": [ 80.2666712, 13.1235336 ] } },
{ "type": "Feature", "properties": { "id": null, "Name": "Debar Nagar", "description": null, "timestamp": null, "begin": null, "end": null, "altitudeMode": null, "tessellate": -1, "extrude": 0, "visibility": -1, "drawOrder": null, "icon": null, "timestamp2": null, "begin2": null, "end2": null, "altitudeMode2": null, "tessellate2": -1, "extrude2": 0, "visibility2": -1, "drawOrder2": null, "icon2": null, "OBJECTID": 184, "OID_": 0, "ZONE": 4, "DIVISION": 37, "LAT": 13.1227395, "LONG_": 80.2668428 }, "geometry": { "type": "Point", "coordinates": [ 80.2668428, 13.1227395 ] } },
{ "type": "Feature", "properties": { "id": null, "Name": "Damodhar Nagar", "description": null, "timestamp": null, "begin": null, "end": null, "altitudeMode": null, "tessellate": -1, "extrude": 0, "visibility": -1, "drawOrder": null, "icon": null, "timestamp2": null, "begin2": null, "end2": null, "altitudeMode2": null, "tessellate2": -1, "extrude2": 0, "visibility2": -1, "drawOrder2": null, "icon2": null, "OBJECTID": 185, "OID_": 0, "ZONE": 4, "DIVISION": 37, "LAT": 13.1251845, "LONG_": 80.2674222 }, "geometry": { "type": "Point", "coordinates": [ 80.2674222, 13.1251845 ] } },
{ "type": "Feature", "properties": { "id": null, "Name": "RR Nagar", "description": null, "timestamp": null, "begin": null, "end": null, "altitudeMode": null, "tessellate": -1, "extrude": 0, "visibility": -1, "drawOrder": null, "icon": null, "timestamp2": null, "begin2": null, "end2": null, "altitudeMode2": null, "tessellate2": -1, "extrude2": 0, "visibility2": -1, "drawOrder2": null, "icon2": null, "OBJECTID": 186, "OID_": 0, "ZONE": 4, "DIVISION": 37, "LAT": 13.1282982, "LONG_": 80.2681947 }, "geometry": { "type": "Point", "coordinates": [ 80.2681947, 13.1282982 ] } },
{ "type": "Feature", "properties": { "id": null, "Name": "Kannadasan Nagar", "description": null, "timestamp": null, "begin": null, "end": null, "altitudeMode": null, "tessellate": -1, "extrude": 0, "visibility": -1, "drawOrder": null, "icon": null, "timestamp2": null, "begin2": null, "end2": null, "altitudeMode2": null, "tessellate2": -1, "extrude2": 0, "visibility2": -1, "drawOrder2": null, "icon2": null, "OBJECTID": 187, "OID_": 0, "ZONE": 4, "DIVISION": 37, "LAT": 13.1335641, "LONG_": 80.2565861 }, "geometry": { "type": "Point", "coordinates": [ 80.2565861, 13.1335641 ] } },
{ "type": "Feature", "properties": { "id": null, "Name": "Nehru Nagar 13th Street", "description": null, "timestamp": null, "begin": null, "end": null, "altitudeMode": null, "tessellate": -1, "extrude": 0, "visibility": -1, "drawOrder": null, "icon": null, "timestamp2": null, "begin2": null, "end2": null, "altitudeMode2": null, "tessellate2": -1, "extrude2": 0, "visibility2": -1, "drawOrder2": null, "icon2": null, "OBJECTID": 188, "OID_": 0, "ZONE": 4, "DIVISION": 38, "LAT": 13.1271071, "LONG_": 80.2746105 }, "geometry": { "type": "Point", "coordinates": [ 80.2746105, 13.1271071 ] } },
{ "type": "Feature", "properties": { "id": null, "Name": "Nehru Nagar Main Road", "description": null, "timestamp": null, "begin": null, "end": null, "altitudeMode": null, "tessellate": -1, "extrude": 0, "visibility": -1, "drawOrder": null, "icon": null, "timestamp2": null, "begin2": null, "end2": null, "altitudeMode2": null, "tessellate2": -1, "extrude2": 0, "visibility2": -1, "drawOrder2": null, "icon2": null, "OBJECTID": 189, "OID_": 0, "ZONE": 4, "DIVISION": 38, "LAT": 13.1266473, "LONG_": 80.2772927 }, "geometry": { "type": "Point", "coordinates": [ 80.2772927, 13.1266473 ] } },
{ "type": "Feature", "properties": { "id": null, "Name": "Ellaya Mudali Street", "description": null, "timestamp": null, "begin": null, "end": null, "altitudeMode": null, "tessellate": -1, "extrude": 0, "visibility": -1, "drawOrder": null, "icon": null, "timestamp2": null, "begin2": null, "end2": null, "altitudeMode2": null, "tessellate2": -1, "extrude2": 0, "visibility2": -1, "drawOrder2": null, "icon2": null, "OBJECTID": 190, "OID_": 0, "ZONE": 4, "DIVISION": 38, "LAT": 13.1261458, "LONG_": 80.2845669 }, "geometry": { "type": "Point", "coordinates": [ 80.2845669, 13.1261458 ] } },
{ "type": "Feature", "properties": { "id": null, "Name": "Indira Nagar", "description": null, "timestamp": null, "begin": null, "end": null, "altitudeMode": null, "tessellate": -1, "extrude": 0, "visibility": -1, "drawOrder": null, "icon": null, "timestamp2": null, "begin2": null, "end2": null, "altitudeMode2": null, "tessellate2": -1, "extrude2": 0, "visibility2": -1, "drawOrder2": null, "icon2": null, "OBJECTID": 191, "OID_": 0, "ZONE": 4, "DIVISION": 39, "LAT": 13.1353194, "LONG_": 80.2791381 }, "geometry": { "type": "Point", "coordinates": [ 80.2791381, 13.1353194 ] } },
{ "type": "Feature", "properties": { "id": null, "Name": "Thiruvalluvar Nagar Huts", "description": null, "timestamp": null, "begin": null, "end": null, "altitudeMode": null, "tessellate": -1, "extrude": 0, "visibility": -1, "drawOrder": null, "icon": null, "timestamp2": null, "begin2": null, "end2": null, "altitudeMode2": null, "tessellate2": -1, "extrude2": 0, "visibility2": -1, "drawOrder2": null, "icon2": null, "OBJECTID": 192, "OID_": 0, "ZONE": 4, "DIVISION": 40, "LAT": 13.1344, "LONG_": 80.288558 }, "geometry": { "type": "Point", "coordinates": [ 80.288558, 13.1344 ] } },
{ "type": "Feature", "properties": { "id": null, "Name": "Celliamman Koil Street", "description": null, "timestamp": null, "begin": null, "end": null, "altitudeMode": null, "tessellate": -1, "extrude": 0, "visibility": -1, "drawOrder": null, "icon": null, "timestamp2": null, "begin2": null, "end2": null, "altitudeMode2": null, "tessellate2": -1, "extrude2": 0, "visibility2": -1, "drawOrder2": null, "icon2": null, "OBJECTID": 193, "OID_": 0, "ZONE": 4, "DIVISION": 40, "LAT": 13.1336477, "LONG_": 80.2899313 }, "geometry": { "type": "Point", "coordinates": [ 80.2899313, 13.1336477 ] } },
{ "type": "Feature", "properties": { "id": null, "Name": "VOC Nagar", "description": null, "timestamp": null, "begin": null, "end": null, "altitudeMode": null, "tessellate": -1, "extrude": 0, "visibility": -1, "drawOrder": null, "icon": null, "timestamp2": null, "begin2": null, "end2": null, "altitudeMode2": null, "tessellate2": -1, "extrude2": 0, "visibility2": -1, "drawOrder2": null, "icon2": null, "OBJECTID": 194, "OID_": 0, "ZONE": 4, "DIVISION": 40, "LAT": 13.1334387, "LONG_": 80.2877856 }, "geometry": { "type": "Point", "coordinates": [ 80.2877856, 13.1334387 ] } },
{ "type": "Feature", "properties": { "id": null, "Name": "Kamaraj Salai Jn of Ellaya Mudali Street", "description": null, "timestamp": null, "begin": null, "end": null, "altitudeMode": null, "tessellate": -1, "extrude": 0, "visibility": -1, "drawOrder": null, "icon": null, "timestamp2": null, "begin2": null, "end2": null, "altitudeMode2": null, "tessellate2": -1, "extrude2": 0, "visibility2": -1, "drawOrder2": null, "icon2": null, "OBJECTID": 195, "OID_": 0, "ZONE": 4, "DIVISION": 40, "LAT": 13.1364896, "LONG_": 80.290103 }, "geometry": { "type": "Point", "coordinates": [ 80.290103, 13.1364896 ] } },
{ "type": "Feature", "properties": { "id": null, "Name": "Kumaran Nagar", "description": null, "timestamp": null, "begin": null, "end": null, "altitudeMode": null, "tessellate": -1, "extrude": 0, "visibility": -1, "drawOrder": null, "icon": null, "timestamp2": null, "begin2": null, "end2": null, "altitudeMode2": null, "tessellate2": -1, "extrude2": 0, "visibility2": -1, "drawOrder2": null, "icon2": null, "OBJECTID": 196, "OID_": 0, "ZONE": 4, "DIVISION": 41, "LAT": 13.1266264, "LONG_": 80.2793312 }, "geometry": { "type": "Point", "coordinates": [ 80.2793312, 13.1266264 ] } },
{ "type": "Feature", "properties": { "id": null, "Name": "Carnesh Nagar", "description": null, "timestamp": null, "begin": null, "end": null, "altitudeMode": null, "tessellate": -1, "extrude": 0, "visibility": -1, "drawOrder": null, "icon": null, "timestamp2": null, "begin2": null, "end2": null, "altitudeMode2": null, "tessellate2": -1, "extrude2": 0, "visibility2": -1, "drawOrder2": null, "icon2": null, "OBJECTID": 197, "OID_": 0, "ZONE": 4, "DIVISION": 41, "LAT": 13.1255816, "LONG_": 80.2787733 }, "geometry": { "type": "Point", "coordinates": [ 80.2787733, 13.1255816 ] } },
{ "type": "Feature", "properties": { "id": null, "Name": "MGR Nagar Canal Road", "description": null, "timestamp": null, "begin": null, "end": null, "altitudeMode": null, "tessellate": -1, "extrude": 0, "visibility": -1, "drawOrder": null, "icon": null, "timestamp2": null, "begin2": null, "end2": null, "altitudeMode2": null, "tessellate2": -1, "extrude2": 0, "visibility2": -1, "drawOrder2": null, "icon2": null, "OBJECTID": 198, "OID_": 0, "ZONE": 4, "DIVISION": 41, "LAT": 13.1307222, "LONG_": 80.273838 }, "geometry": { "type": "Point", "coordinates": [ 80.273838, 13.1307222 ] } },
{ "type": "Feature", "properties": { "id": null, "Name": "Seniamman Koil Tenaments", "description": null, "timestamp": null, "begin": null, "end": null, "altitudeMode": null, "tessellate": -1, "extrude": 0, "visibility": -1, "drawOrder": null, "icon": null, "timestamp2": null, "begin2": null, "end2": null, "altitudeMode2": null, "tessellate2": -1, "extrude2": 0, "visibility2": -1, "drawOrder2": null, "icon2": null, "OBJECTID": 199, "OID_": 0, "ZONE": 4, "DIVISION": 42, "LAT": 13.1246203, "LONG_": 80.2784729 }, "geometry": { "type": "Point", "coordinates": [ 80.2784729, 13.1246203 ] } },
{ "type": "Feature", "properties": { "id": null, "Name": "Singaravelan Nagar ( Palla Pagudhi )", "description": null, "timestamp": null, "begin": null, "end": null, "altitudeMode": null, "tessellate": -1, "extrude": 0, "visibility": -1, "drawOrder": null, "icon": null, "timestamp2": null, "begin2": null, "end2": null, "altitudeMode2": null, "tessellate2": -1, "extrude2": 0, "visibility2": -1, "drawOrder2": null, "icon2": null, "OBJECTID": 200, "OID_": 0, "ZONE": 4, "DIVISION": 43, "LAT": 13.1232829, "LONG_": 80.2955961 }, "geometry": { "type": "Point", "coordinates": [ 80.2955961, 13.1232829 ] } },
{ "type": "Feature", "properties": { "id": null, "Name": "New Amaranjipuram", "description": null, "timestamp": null, "begin": null, "end": null, "altitudeMode": null, "tessellate": -1, "extrude": 0, "visibility": -1, "drawOrder": null, "icon": null, "timestamp2": null, "begin2": null, "end2": null, "altitudeMode2": null, "tessellate2": -1, "extrude2": 0, "visibility2": -1, "drawOrder2": null, "icon2": null, "OBJECTID": 201, "OID_": 0, "ZONE": 4, "DIVISION": 43, "LAT": 13.1233874, "LONG_": 80.2927208 }, "geometry": { "type": "Point", "coordinates": [ 80.2927208, 13.1233874 ] } },
{ "type": "Feature", "properties": { "id": null, "Name": "Manicka Vinayagar Koil Street", "description": null, "timestamp": null, "begin": null, "end": null, "altitudeMode": null, "tessellate": -1, "extrude": 0, "visibility": -1, "drawOrder": null, "icon": null, "timestamp2": null, "begin2": null, "end2": null, "altitudeMode2": null, "tessellate2": -1, "extrude2": 0, "visibility2": -1, "drawOrder2": null, "icon2": null, "OBJECTID": 202, "OID_": 0, "ZONE": 4, "DIVISION": 44, "LAT": 13.1172644, "LONG_": 80.2481532 }, "geometry": { "type": "Point", "coordinates": [ 80.2481532, 13.1172644 ] } },
{ "type": "Feature", "properties": { "id": null, "Name": "Manimegai Street", "description": null, "timestamp": null, "begin": null, "end": null, "altitudeMode": null, "tessellate": -1, "extrude": 0, "visibility": -1, "drawOrder": null, "icon": null, "timestamp2": null, "begin2": null, "end2": null, "altitudeMode2": null, "tessellate2": -1, "extrude2": 0, "visibility2": -1, "drawOrder2": null, "icon2": null, "OBJECTID": 203, "OID_": 0, "ZONE": 4, "DIVISION": 44, "LAT": 13.120608, "LONG_": 80.2486897 }, "geometry": { "type": "Point", "coordinates": [ 80.2486897, 13.120608 ] } },
{ "type": "Feature", "properties": { "id": null, "Name": "Stephens Road", "description": null, "timestamp": null, "begin": null, "end": null, "altitudeMode": null, "tessellate": -1, "extrude": 0, "visibility": -1, "drawOrder": null, "icon": null, "timestamp2": null, "begin2": null, "end2": null, "altitudeMode2": null, "tessellate2": -1, "extrude2": 0, "visibility2": -1, "drawOrder2": null, "icon2": null, "OBJECTID": 204, "OID_": 0, "ZONE": 4, "DIVISION": 45, "LAT": 13.1119981, "LONG_": 80.257144 }, "geometry": { "type": "Point", "coordinates": [ 80.257144, 13.1119981 ] } },
{ "type": "Feature", "properties": { "id": null, "Name": "Stephens Main Road", "description": null, "timestamp": null, "begin": null, "end": null, "altitudeMode": null, "tessellate": -1, "extrude": 0, "visibility": -1, "drawOrder": null, "icon": null, "timestamp2": null, "begin2": null, "end2": null, "altitudeMode2": null, "tessellate2": -1, "extrude2": 0, "visibility2": -1, "drawOrder2": null, "icon2": null, "OBJECTID": 205, "OID_": 0, "ZONE": 4, "DIVISION": 45, "LAT": 13.1096992, "LONG_": 80.2580237 }, "geometry": { "type": "Point", "coordinates": [ 80.2580237, 13.1096992 ] } },
{ "type": "Feature", "properties": { "id": null, "Name": "Ganesapuram Main Road", "description": null, "timestamp": null, "begin": null, "end": null, "altitudeMode": null, "tessellate": -1, "extrude": 0, "visibility": -1, "drawOrder": null, "icon": null, "timestamp2": null, "begin2": null, "end2": null, "altitudeMode2": null, "tessellate2": -1, "extrude2": 0, "visibility2": -1, "drawOrder2": null, "icon2": null, "OBJECTID": 206, "OID_": 0, "ZONE": 4, "DIVISION": 45, "LAT": 13.1099083, "LONG_": 80.2608991 }, "geometry": { "type": "Point", "coordinates": [ 80.2608991, 13.1099083 ] } },
{ "type": "Feature", "properties": { "id": null, "Name": "Sundram Power Lane", "description": null, "timestamp": null, "begin": null, "end": null, "altitudeMode": null, "tessellate": -1, "extrude": 0, "visibility": -1, "drawOrder": null, "icon": null, "timestamp2": null, "begin2": null, "end2": null, "altitudeMode2": null, "tessellate2": -1, "extrude2": 0, "visibility2": -1, "drawOrder2": null, "icon2": null, "OBJECTID": 207, "OID_": 0, "ZONE": 4, "DIVISION": 45, "LAT": 13.1112666, "LONG_": 80.2633882 }, "geometry": { "type": "Point", "coordinates": [ 80.2633882, 13.1112666 ] } },
{ "type": "Feature", "properties": { "id": null, "Name": "Desigananda Puram", "description": null, "timestamp": null, "begin": null, "end": null, "altitudeMode": null, "tessellate": -1, "extrude": 0, "visibility": -1, "drawOrder": null, "icon": null, "timestamp2": null, "begin2": null, "end2": null, "altitudeMode2": null, "tessellate2": -1, "extrude2": 0, "visibility2": -1, "drawOrder2": null, "icon2": null, "OBJECTID": 208, "OID_": 0, "ZONE": 4, "DIVISION": 45, "LAT": 13.1121235, "LONG_": 80.2606845 }, "geometry": { "type": "Point", "coordinates": [ 80.2606845, 13.1121235 ] } },
{ "type": "Feature", "properties": { "id": null, "Name": "B.V Colony 19 Street", "description": null, "timestamp": null, "begin": null, "end": null, "altitudeMode": null, "tessellate": -1, "extrude": 0, "visibility": -1, "drawOrder": null, "icon": null, "timestamp2": null, "begin2": null, "end2": null, "altitudeMode2": null, "tessellate2": -1, "extrude2": 0, "visibility2": -1, "drawOrder2": null, "icon2": null, "OBJECTID": 209, "OID_": 0, "ZONE": 4, "DIVISION": 45, "LAT": 13.1146939, "LONG_": 80.2587855 }, "geometry": { "type": "Point", "coordinates": [ 80.2587855, 13.1146939 ] } },
{ "type": "Feature", "properties": { "id": null, "Name": "B.V Colony  20th Street", "description": null, "timestamp": null, "begin": null, "end": null, "altitudeMode": null, "tessellate": -1, "extrude": 0, "visibility": -1, "drawOrder": null, "icon": null, "timestamp2": null, "begin2": null, "end2": null, "altitudeMode2": null, "tessellate2": -1, "extrude2": 0, "visibility2": -1, "drawOrder2": null, "icon2": null, "OBJECTID": 210, "OID_": 0, "ZONE": 4, "DIVISION": 45, "LAT": 13.1153522, "LONG_": 80.2587372 }, "geometry": { "type": "Point", "coordinates": [ 80.2587372, 13.1153522 ] } },
{ "type": "Feature", "properties": { "id": null, "Name": "Annai Sathya Nagar", "description": null, "timestamp": null, "begin": null, "end": null, "altitudeMode": null, "tessellate": -1, "extrude": 0, "visibility": -1, "drawOrder": null, "icon": null, "timestamp2": null, "begin2": null, "end2": null, "altitudeMode2": null, "tessellate2": -1, "extrude2": 0, "visibility2": -1, "drawOrder2": null, "icon2": null, "OBJECTID": 211, "OID_": 0, "ZONE": 4, "DIVISION": 45, "LAT": 13.1156082, "LONG_": 80.2596545 }, "geometry": { "type": "Point", "coordinates": [ 80.2596545, 13.1156082 ] } },
{ "type": "Feature", "properties": { "id": null, "Name": "Masuthi Street", "description": null, "timestamp": null, "begin": null, "end": null, "altitudeMode": null, "tessellate": -1, "extrude": 0, "visibility": -1, "drawOrder": null, "icon": null, "timestamp2": null, "begin2": null, "end2": null, "altitudeMode2": null, "tessellate2": -1, "extrude2": 0, "visibility2": -1, "drawOrder2": null, "icon2": null, "OBJECTID": 212, "OID_": 0, "ZONE": 4, "DIVISION": 46, "LAT": 13.1194586, "LONG_": 80.2662849 }, "geometry": { "type": "Point", "coordinates": [ 80.2662849, 13.1194586 ] } },
{ "type": "Feature", "properties": { "id": null, "Name": "Meenambal Nagar  ", "description": null, "timestamp": null, "begin": null, "end": null, "altitudeMode": null, "tessellate": -1, "extrude": 0, "visibility": -1, "drawOrder": null, "icon": null, "timestamp2": null, "begin2": null, "end2": null, "altitudeMode2": null, "tessellate2": -1, "extrude2": 0, "visibility2": -1, "drawOrder2": null, "icon2": null, "OBJECTID": 213, "OID_": 0, "ZONE": 4, "DIVISION": 47, "LAT": 13.1162195, "LONG_": 80.2746534 }, "geometry": { "type": "Point", "coordinates": [ 80.2746534, 13.1162195 ] } },
{ "type": "Feature", "properties": { "id": null, "Name": "KH Road", "description": null, "timestamp": null, "begin": null, "end": null, "altitudeMode": null, "tessellate": -1, "extrude": 0, "visibility": -1, "drawOrder": null, "icon": null, "timestamp2": null, "begin2": null, "end2": null, "altitudeMode2": null, "tessellate2": -1, "extrude2": 0, "visibility2": -1, "drawOrder2": null, "icon2": null, "OBJECTID": 214, "OID_": 0, "ZONE": 4, "DIVISION": 47, "LAT": 13.1187481, "LONG_": 80.2764559 }, "geometry": { "type": "Point", "coordinates": [ 80.2764559, 13.1187481 ] } },
{ "type": "Feature", "properties": { "id": null, "Name": "Moorthingar Street (Erikarai)", "description": null, "timestamp": null, "begin": null, "end": null, "altitudeMode": null, "tessellate": -1, "extrude": 0, "visibility": -1, "drawOrder": null, "icon": null, "timestamp2": null, "begin2": null, "end2": null, "altitudeMode2": null, "tessellate2": -1, "extrude2": 0, "visibility2": -1, "drawOrder2": null, "icon2": null, "OBJECTID": 215, "OID_": 0, "ZONE": 4, "DIVISION": 46, "LAT": 13.1156761, "LONG_": 80.2617359 }, "geometry": { "type": "Point", "coordinates": [ 80.2617359, 13.1156761 ] } },
{ "type": "Feature", "properties": { "id": null, "Name": "East Avenue", "description": null, "timestamp": null, "begin": null, "end": null, "altitudeMode": null, "tessellate": -1, "extrude": 0, "visibility": -1, "drawOrder": null, "icon": null, "timestamp2": null, "begin2": null, "end2": null, "altitudeMode2": null, "tessellate2": -1, "extrude2": 0, "visibility2": -1, "drawOrder2": null, "icon2": null, "OBJECTID": 87, "OID_": 0, "ZONE": 7, "DIVISION": 84, "LAT": 13.10371081, "LONG_": 80.18628354000001 }, "geometry": { "type": "Point", "coordinates": [ 80.1862835, 13.1037108 ] } },
{ "type": "Feature", "properties": { "id": null, "Name": "TNEB 2nd Street", "description": null, "timestamp": null, "begin": null, "end": null, "altitudeMode": null, "tessellate": -1, "extrude": 0, "visibility": -1, "drawOrder": null, "icon": null, "timestamp2": null, "begin2": null, "end2": null, "altitudeMode2": null, "tessellate2": -1, "extrude2": 0, "visibility2": -1, "drawOrder2": null, "icon2": null, "OBJECTID": 88, "OID_": 0, "ZONE": 7, "DIVISION": 84, "LAT": 13.10377441, "LONG_": 80.1855849 }, "geometry": { "type": "Point", "coordinates": [ 80.1855849, 13.1037744 ] } },
{ "type": "Feature", "properties": { "id": null, "Name": "TNEB 11th Street", "description": null, "timestamp": null, "begin": null, "end": null, "altitudeMode": null, "tessellate": -1, "extrude": 0, "visibility": -1, "drawOrder": null, "icon": null, "timestamp2": null, "begin2": null, "end2": null, "altitudeMode2": null, "tessellate2": -1, "extrude2": 0, "visibility2": -1, "drawOrder2": null, "icon2": null, "OBJECTID": 89, "OID_": 0, "ZONE": 7, "DIVISION": 84, "LAT": 13.10586499, "LONG_": 80.18551071 }, "geometry": { "type": "Point", "coordinates": [ 80.1855107, 13.105865 ] } },
{ "type": "Feature", "properties": { "id": null, "Name": "TNEB 17th Street", "description": null, "timestamp": null, "begin": null, "end": null, "altitudeMode": null, "tessellate": -1, "extrude": 0, "visibility": -1, "drawOrder": null, "icon": null, "timestamp2": null, "begin2": null, "end2": null, "altitudeMode2": null, "tessellate2": -1, "extrude2": 0, "visibility2": -1, "drawOrder2": null, "icon2": null, "OBJECTID": 90, "OID_": 0, "ZONE": 7, "DIVISION": 84, "LAT": 13.10643802, "LONG_": 80.1832679 }, "geometry": { "type": "Point", "coordinates": [ 80.1832679, 13.106438 ] } },
{ "type": "Feature", "properties": { "id": null, "Name": "TNEB 18th Street", "description": null, "timestamp": null, "begin": null, "end": null, "altitudeMode": null, "tessellate": -1, "extrude": 0, "visibility": -1, "drawOrder": null, "icon": null, "timestamp2": null, "begin2": null, "end2": null, "altitudeMode2": null, "tessellate2": -1, "extrude2": 0, "visibility2": -1, "drawOrder2": null, "icon2": null, "OBJECTID": 91, "OID_": 0, "ZONE": 7, "DIVISION": 84, "LAT": 13.10770401, "LONG_": 80.18233055 }, "geometry": { "type": "Point", "coordinates": [ 80.1823306, 13.107704 ] } },
{ "type": "Feature", "properties": { "id": null, "Name": "Shanthi Nagar", "description": null, "timestamp": null, "begin": null, "end": null, "altitudeMode": null, "tessellate": -1, "extrude": 0, "visibility": -1, "drawOrder": null, "icon": null, "timestamp2": null, "begin2": null, "end2": null, "altitudeMode2": null, "tessellate2": -1, "extrude2": 0, "visibility2": -1, "drawOrder2": null, "icon2": null, "OBJECTID": 92, "OID_": 0, "ZONE": 7, "DIVISION": 84, "LAT": 13.10105993, "LONG_": 80.18571523 }, "geometry": { "type": "Point", "coordinates": [ 80.1857152, 13.1010599 ] } },
{ "type": "Feature", "properties": { "id": null, "Name": "Bajanai Koil Street", "description": null, "timestamp": null, "begin": null, "end": null, "altitudeMode": null, "tessellate": -1, "extrude": 0, "visibility": -1, "drawOrder": null, "icon": null, "timestamp2": null, "begin2": null, "end2": null, "altitudeMode2": null, "tessellate2": -1, "extrude2": 0, "visibility2": -1, "drawOrder2": null, "icon2": null, "OBJECTID": 93, "OID_": 0, "ZONE": 7, "DIVISION": 84, "LAT": 13.10582024, "LONG_": 80.17041354 }, "geometry": { "type": "Point", "coordinates": [ 80.1704135, 13.1058202 ] } },
{ "type": "Feature", "properties": { "id": null, "Name": "Anna Nagar", "description": null, "timestamp": null, "begin": null, "end": null, "altitudeMode": null, "tessellate": -1, "extrude": 0, "visibility": -1, "drawOrder": null, "icon": null, "timestamp2": null, "begin2": null, "end2": null, "altitudeMode2": null, "tessellate2": -1, "extrude2": 0, "visibility2": -1, "drawOrder2": null, "icon2": null, "OBJECTID": 94, "OID_": 0, "ZONE": 1, "DIVISION": 7, "LAT": 13.165205, "LONG_": 80.298452 }, "geometry": { "type": "Point", "coordinates": [ 80.298452, 13.165205 ] } },
{ "type": "Feature", "properties": { "id": null, "Name": "Annamalai Nagar", "description": null, "timestamp": null, "begin": null, "end": null, "altitudeMode": null, "tessellate": -1, "extrude": 0, "visibility": -1, "drawOrder": null, "icon": null, "timestamp2": null, "begin2": null, "end2": null, "altitudeMode2": null, "tessellate2": -1, "extrude2": 0, "visibility2": -1, "drawOrder2": null, "icon2": null, "OBJECTID": 95, "OID_": 0, "ZONE": 1, "DIVISION": 7, "LAT": 13.170495, "LONG_": 80.298665 }, "geometry": { "type": "Point", "coordinates": [ 80.298665, 13.170495 ] } },
{ "type": "Feature", "properties": { "id": null, "Name": "Charles Nagar", "description": null, "timestamp": null, "begin": null, "end": null, "altitudeMode": null, "tessellate": -1, "extrude": 0, "visibility": -1, "drawOrder": null, "icon": null, "timestamp2": null, "begin2": null, "end2": null, "altitudeMode2": null, "tessellate2": -1, "extrude2": 0, "visibility2": -1, "drawOrder2": null, "icon2": null, "OBJECTID": 96, "OID_": 0, "ZONE": 1, "DIVISION": 7, "LAT": 13.171062, "LONG_": 80.295193 }, "geometry": { "type": "Point", "coordinates": [ 80.295193, 13.171062 ] } },
{ "type": "Feature", "properties": { "id": null, "Name": "Rajaji Nagar", "description": null, "timestamp": null, "begin": null, "end": null, "altitudeMode": null, "tessellate": -1, "extrude": 0, "visibility": -1, "drawOrder": null, "icon": null, "timestamp2": null, "begin2": null, "end2": null, "altitudeMode2": null, "tessellate2": -1, "extrude2": 0, "visibility2": -1, "drawOrder2": null, "icon2": null, "OBJECTID": 97, "OID_": 0, "ZONE": 1, "DIVISION": 7, "LAT": 13.17199, "LONG_": 80.291363 }, "geometry": { "type": "Point", "coordinates": [ 80.291363, 13.17199 ] } },
{ "type": "Feature", "properties": { "id": null, "Name": "DR.Ambedkar Nagar", "description": null, "timestamp": null, "begin": null, "end": null, "altitudeMode": null, "tessellate": -1, "extrude": 0, "visibility": -1, "drawOrder": null, "icon": null, "timestamp2": null, "begin2": null, "end2": null, "altitudeMode2": null, "tessellate2": -1, "extrude2": 0, "visibility2": -1, "drawOrder2": null, "icon2": null, "OBJECTID": 98, "OID_": 0, "ZONE": 1, "DIVISION": 6, "LAT": 13.173871, "LONG_": 80.301936 }, "geometry": { "type": "Point", "coordinates": [ 80.301936, 13.173871 ] } },
{ "type": "Feature", "properties": { "id": null, "Name": "Vetri Vinayagar Nagar", "description": null, "timestamp": null, "begin": null, "end": null, "altitudeMode": null, "tessellate": -1, "extrude": 0, "visibility": -1, "drawOrder": null, "icon": null, "timestamp2": null, "begin2": null, "end2": null, "altitudeMode2": null, "tessellate2": -1, "extrude2": 0, "visibility2": -1, "drawOrder2": null, "icon2": null, "OBJECTID": 99, "OID_": 0, "ZONE": 1, "DIVISION": 7, "LAT": 13.163506, "LONG_": 80.290768 }, "geometry": { "type": "Point", "coordinates": [ 80.290768, 13.163506 ] } },
{ "type": "Feature", "properties": { "id": null, "Name": "Sivasakthi Nagar", "description": null, "timestamp": null, "begin": null, "end": null, "altitudeMode": null, "tessellate": -1, "extrude": 0, "visibility": -1, "drawOrder": null, "icon": null, "timestamp2": null, "begin2": null, "end2": null, "altitudeMode2": null, "tessellate2": -1, "extrude2": 0, "visibility2": -1, "drawOrder2": null, "icon2": null, "OBJECTID": 100, "OID_": 0, "ZONE": 1, "DIVISION": 6, "LAT": 13.169985, "LONG_": 80.300026 }, "geometry": { "type": "Point", "coordinates": [ 80.300026, 13.169985 ] } },
{ "type": "Feature", "properties": { "id": null, "Name": "Nandiodai Kuppam", "description": null, "timestamp": null, "begin": null, "end": null, "altitudeMode": null, "tessellate": -1, "extrude": 0, "visibility": -1, "drawOrder": null, "icon": null, "timestamp2": null, "begin2": null, "end2": null, "altitudeMode2": null, "tessellate2": -1, "extrude2": 0, "visibility2": -1, "drawOrder2": null, "icon2": null, "OBJECTID": 101, "OID_": 0, "ZONE": 1, "DIVISION": 10, "LAT": 13.160194, "LONG_": 80.298724 }, "geometry": { "type": "Point", "coordinates": [ 80.298724, 13.160194 ] } },
{ "type": "Feature", "properties": { "id": null, "Name": "Sathyavanimuthu Nagar", "description": null, "timestamp": null, "begin": null, "end": null, "altitudeMode": null, "tessellate": -1, "extrude": 0, "visibility": -1, "drawOrder": null, "icon": null, "timestamp2": null, "begin2": null, "end2": null, "altitudeMode2": null, "tessellate2": -1, "extrude2": 0, "visibility2": -1, "drawOrder2": null, "icon2": null, "OBJECTID": 102, "OID_": 0, "ZONE": 1, "DIVISION": 1, "LAT": 13.224343, "LONG_": 80.324509 }, "geometry": { "type": "Point", "coordinates": [ 80.324509, 13.224343 ] } },
{ "type": "Feature", "properties": { "id": null, "Name": "Ulaganathapuram", "description": null, "timestamp": null, "begin": null, "end": null, "altitudeMode": null, "tessellate": -1, "extrude": 0, "visibility": -1, "drawOrder": null, "icon": null, "timestamp2": null, "begin2": null, "end2": null, "altitudeMode2": null, "tessellate2": -1, "extrude2": 0, "visibility2": -1, "drawOrder2": null, "icon2": null, "OBJECTID": 103, "OID_": 0, "ZONE": 1, "DIVISION": 1, "LAT": 13.22542, "LONG_": 80.324751 }, "geometry": { "type": "Point", "coordinates": [ 80.324751, 13.22542 ] } },
{ "type": "Feature", "properties": { "id": null, "Name": "Periyakuppam", "description": null, "timestamp": null, "begin": null, "end": null, "altitudeMode": null, "tessellate": -1, "extrude": 0, "visibility": -1, "drawOrder": null, "icon": null, "timestamp2": null, "begin2": null, "end2": null, "altitudeMode2": null, "tessellate2": -1, "extrude2": 0, "visibility2": -1, "drawOrder2": null, "icon2": null, "OBJECTID": 104, "OID_": 0, "ZONE": 1, "DIVISION": 2, "LAT": 13.211646, "LONG_": 80.32347 }, "geometry": { "type": "Point", "coordinates": [ 80.32347, 13.211646 ] } },
{ "type": "Feature", "properties": { "id": null, "Name": "KVK Kuppam", "description": null, "timestamp": null, "begin": null, "end": null, "altitudeMode": null, "tessellate": -1, "extrude": 0, "visibility": -1, "drawOrder": null, "icon": null, "timestamp2": null, "begin2": null, "end2": null, "altitudeMode2": null, "tessellate2": -1, "extrude2": 0, "visibility2": -1, "drawOrder2": null, "icon2": null, "OBJECTID": 105, "OID_": 0, "ZONE": 1, "DIVISION": 3, "LAT": 13.189592, "LONG_": 80.312552 }, "geometry": { "type": "Point", "coordinates": [ 80.312552, 13.189592 ] } },
{ "type": "Feature", "properties": { "id": null, "Name": "Annai Sivagami Nagar", "description": null, "timestamp": null, "begin": null, "end": null, "altitudeMode": null, "tessellate": -1, "extrude": 0, "visibility": -1, "drawOrder": null, "icon": null, "timestamp2": null, "begin2": null, "end2": null, "altitudeMode2": null, "tessellate2": -1, "extrude2": 0, "visibility2": -1, "drawOrder2": null, "icon2": null, "OBJECTID": 106, "OID_": 0, "ZONE": 1, "DIVISION": 3, "LAT": 13.197836, "LONG_": 80.317739 }, "geometry": { "type": "Point", "coordinates": [ 80.317739, 13.197836 ] } },
{ "type": "Feature", "properties": { "id": null, "Name": "Mettu Street", "description": null, "timestamp": null, "begin": null, "end": null, "altitudeMode": null, "tessellate": -1, "extrude": 0, "visibility": -1, "drawOrder": null, "icon": null, "timestamp2": null, "begin2": null, "end2": null, "altitudeMode2": null, "tessellate2": -1, "extrude2": 0, "visibility2": -1, "drawOrder2": null, "icon2": null, "OBJECTID": 107, "OID_": 0, "ZONE": 1, "DIVISION": 4, "LAT": 13.191289, "LONG_": 80.307265 }, "geometry": { "type": "Point", "coordinates": [ 80.307265, 13.191289 ] } },
{ "type": "Feature", "properties": { "id": null, "Name": "Brindavan Nagar Extension", "description": null, "timestamp": null, "begin": null, "end": null, "altitudeMode": null, "tessellate": -1, "extrude": 0, "visibility": -1, "drawOrder": null, "icon": null, "timestamp2": null, "begin2": null, "end2": null, "altitudeMode2": null, "tessellate2": -1, "extrude2": 0, "visibility2": -1, "drawOrder2": null, "icon2": null, "OBJECTID": 108, "OID_": 0, "ZONE": 1, "DIVISION": 4, "LAT": 13.18806, "LONG_": 80.305639 }, "geometry": { "type": "Point", "coordinates": [ 80.305639, 13.18806 ] } },
{ "type": "Feature", "properties": { "id": null, "Name": "TKP Nagar", "description": null, "timestamp": null, "begin": null, "end": null, "altitudeMode": null, "tessellate": -1, "extrude": 0, "visibility": -1, "drawOrder": null, "icon": null, "timestamp2": null, "begin2": null, "end2": null, "altitudeMode2": null, "tessellate2": -1, "extrude2": 0, "visibility2": -1, "drawOrder2": null, "icon2": null, "OBJECTID": 109, "OID_": 0, "ZONE": 1, "DIVISION": 6, "LAT": 13.179024, "LONG_": 80.295672 }, "geometry": { "type": "Point", "coordinates": [ 80.295672, 13.179024 ] } },
{ "type": "Feature", "properties": { "id": null, "Name": "VP Nagar", "description": null, "timestamp": null, "begin": null, "end": null, "altitudeMode": null, "tessellate": -1, "extrude": 0, "visibility": -1, "drawOrder": null, "icon": null, "timestamp2": null, "begin2": null, "end2": null, "altitudeMode2": null, "tessellate2": -1, "extrude2": 0, "visibility2": -1, "drawOrder2": null, "icon2": null, "OBJECTID": 110, "OID_": 0, "ZONE": 1, "DIVISION": 4, "LAT": 13.17956, "LONG_": 80.29629 }, "geometry": { "type": "Point", "coordinates": [ 80.29629, 13.17956 ] } },
{ "type": "Feature", "properties": { "id": null, "Name": "Jothi Nagar 2nd Str", "description": null, "timestamp": null, "begin": null, "end": null, "altitudeMode": null, "tessellate": -1, "extrude": 0, "visibility": -1, "drawOrder": null, "icon": null, "timestamp2": null, "begin2": null, "end2": null, "altitudeMode2": null, "tessellate2": -1, "extrude2": 0, "visibility2": -1, "drawOrder2": null, "icon2": null, "OBJECTID": 111, "OID_": 0, "ZONE": 1, "DIVISION": 4, "LAT": 13.179782, "LONG_": 80.29937 }, "geometry": { "type": "Point", "coordinates": [ 80.29937, 13.179782 ] } },
{ "type": "Feature", "properties": { "id": null, "Name": "Sadyankuppam Pattai", "description": null, "timestamp": null, "begin": null, "end": null, "altitudeMode": null, "tessellate": -1, "extrude": 0, "visibility": -1, "drawOrder": null, "icon": null, "timestamp2": null, "begin2": null, "end2": null, "altitudeMode2": null, "tessellate2": -1, "extrude2": 0, "visibility2": -1, "drawOrder2": null, "icon2": null, "OBJECTID": 112, "OID_": 0, "ZONE": 1, "DIVISION": 4, "LAT": 13.180765, "LONG_": 80.297522 }, "geometry": { "type": "Point", "coordinates": [ 80.297522, 13.180765 ] } },
{ "type": "Feature", "properties": { "id": null, "Name": "Palahai Thotti Kuppam", "description": null, "timestamp": null, "begin": null, "end": null, "altitudeMode": null, "tessellate": -1, "extrude": 0, "visibility": -1, "drawOrder": null, "icon": null, "timestamp2": null, "begin2": null, "end2": null, "altitudeMode2": null, "tessellate2": -1, "extrude2": 0, "visibility2": -1, "drawOrder2": null, "icon2": null, "OBJECTID": 113, "OID_": 0, "ZONE": 1, "DIVISION": 5, "LAT": 13.175622, "LONG_": 80.312169 }, "geometry": { "type": "Point", "coordinates": [ 80.312169, 13.175622 ] } },
{ "type": "Feature", "properties": { "id": null, "Name": "Sakthipuram", "description": null, "timestamp": null, "begin": null, "end": null, "altitudeMode": null, "tessellate": -1, "extrude": 0, "visibility": -1, "drawOrder": null, "icon": null, "timestamp2": null, "begin2": null, "end2": null, "altitudeMode2": null, "tessellate2": -1, "extrude2": 0, "visibility2": -1, "drawOrder2": null, "icon2": null, "OBJECTID": 114, "OID_": 0, "ZONE": 1, "DIVISION": 5, "LAT": 13.17876, "LONG_": 80.311202 }, "geometry": { "type": "Point", "coordinates": [ 80.311202, 13.17876 ] } },
{ "type": "Feature", "properties": { "id": null, "Name": "Chinaernavur", "description": null, "timestamp": null, "begin": null, "end": null, "altitudeMode": null, "tessellate": -1, "extrude": 0, "visibility": -1, "drawOrder": null, "icon": null, "timestamp2": null, "begin2": null, "end2": null, "altitudeMode2": null, "tessellate2": -1, "extrude2": 0, "visibility2": -1, "drawOrder2": null, "icon2": null, "OBJECTID": 115, "OID_": 0, "ZONE": 1, "DIVISION": 5, "LAT": 13.180185, "LONG_": 80.30686 }, "geometry": { "type": "Point", "coordinates": [ 80.30686, 13.180185 ] } },
{ "type": "Feature", "properties": { "id": null, "Name": "Wimco Nagar Ajax", "description": null, "timestamp": null, "begin": null, "end": null, "altitudeMode": null, "tessellate": -1, "extrude": 0, "visibility": -1, "drawOrder": null, "icon": null, "timestamp2": null, "begin2": null, "end2": null, "altitudeMode2": null, "tessellate2": -1, "extrude2": 0, "visibility2": -1, "drawOrder2": null, "icon2": null, "OBJECTID": 116, "OID_": 0, "ZONE": 1, "DIVISION": 5, "LAT": 13.172978, "LONG_": 80.305585 }, "geometry": { "type": "Point", "coordinates": [ 80.305585, 13.172978 ] } },
{ "type": "Feature", "properties": { "id": null, "Name": "Kalaignar Nagar", "description": null, "timestamp": null, "begin": null, "end": null, "altitudeMode": null, "tessellate": -1, "extrude": 0, "visibility": -1, "drawOrder": null, "icon": null, "timestamp2": null, "begin2": null, "end2": null, "altitudeMode2": null, "tessellate2": -1, "extrude2": 0, "visibility2": -1, "drawOrder2": null, "icon2": null, "OBJECTID": 117, "OID_": 0, "ZONE": 1, "DIVISION": 6, "LAT": 13.181177, "LONG_": 80.30719 }, "geometry": { "type": "Point", "coordinates": [ 80.30719, 13.181177 ] } },
{ "type": "Feature", "properties": { "id": null, "Name": "Raja Shanmugam Nagar", "description": null, "timestamp": null, "begin": null, "end": null, "altitudeMode": null, "tessellate": -1, "extrude": 0, "visibility": -1, "drawOrder": null, "icon": null, "timestamp2": null, "begin2": null, "end2": null, "altitudeMode2": null, "tessellate2": -1, "extrude2": 0, "visibility2": -1, "drawOrder2": null, "icon2": null, "OBJECTID": 118, "OID_": 0, "ZONE": 1, "DIVISION": 6, "LAT": 13.172369, "LONG_": 80.300195 }, "geometry": { "type": "Point", "coordinates": [ 80.300195, 13.172369 ] } },
{ "type": "Feature", "properties": { "id": null, "Name": "Sathyamurthy Nagar", "description": null, "timestamp": null, "begin": null, "end": null, "altitudeMode": null, "tessellate": -1, "extrude": 0, "visibility": -1, "drawOrder": null, "icon": null, "timestamp2": null, "begin2": null, "end2": null, "altitudeMode2": null, "tessellate2": -1, "extrude2": 0, "visibility2": -1, "drawOrder2": null, "icon2": null, "OBJECTID": 119, "OID_": 0, "ZONE": 1, "DIVISION": 6, "LAT": 13.176602, "LONG_": 80.293318 }, "geometry": { "type": "Point", "coordinates": [ 80.293318, 13.176602 ] } },
{ "type": "Feature", "properties": { "id": null, "Name": "Karkil Nagar", "description": null, "timestamp": null, "begin": null, "end": null, "altitudeMode": null, "tessellate": -1, "extrude": 0, "visibility": -1, "drawOrder": null, "icon": null, "timestamp2": null, "begin2": null, "end2": null, "altitudeMode2": null, "tessellate2": -1, "extrude2": 0, "visibility2": -1, "drawOrder2": null, "icon2": null, "OBJECTID": 120, "OID_": 0, "ZONE": 1, "DIVISION": 7, "LAT": 13.171757, "LONG_": 80.292813 }, "geometry": { "type": "Point", "coordinates": [ 80.292813, 13.171757 ] } },
{ "type": "Feature", "properties": { "id": null, "Name": "Srinivasa Perumal Koil First Cross Street", "description": null, "timestamp": null, "begin": null, "end": null, "altitudeMode": null, "tessellate": -1, "extrude": 0, "visibility": -1, "drawOrder": null, "icon": null, "timestamp2": null, "begin2": null, "end2": null, "altitudeMode2": null, "tessellate2": -1, "extrude2": 0, "visibility2": -1, "drawOrder2": null, "icon2": null, "OBJECTID": 121, "OID_": 0, "ZONE": 1, "DIVISION": 8, "LAT": 13.166316, "LONG_": 80.30171 }, "geometry": { "type": "Point", "coordinates": [ 80.30171, 13.166316 ] } },
{ "type": "Feature", "properties": { "id": null, "Name": "Thiruvottiyur Kuppam", "description": null, "timestamp": null, "begin": null, "end": null, "altitudeMode": null, "tessellate": -1, "extrude": 0, "visibility": -1, "drawOrder": null, "icon": null, "timestamp2": null, "begin2": null, "end2": null, "altitudeMode2": null, "tessellate2": -1, "extrude2": 0, "visibility2": -1, "drawOrder2": null, "icon2": null, "OBJECTID": 122, "OID_": 0, "ZONE": 1, "DIVISION": 9, "LAT": 13.161937, "LONG_": 80.307045 }, "geometry": { "type": "Point", "coordinates": [ 80.307045, 13.161937 ] } },
{ "type": "Feature", "properties": { "id": null, "Name": "KiliJosiam Nagar", "description": null, "timestamp": null, "begin": null, "end": null, "altitudeMode": null, "tessellate": -1, "extrude": 0, "visibility": -1, "drawOrder": null, "icon": null, "timestamp2": null, "begin2": null, "end2": null, "altitudeMode2": null, "tessellate2": -1, "extrude2": 0, "visibility2": -1, "drawOrder2": null, "icon2": null, "OBJECTID": 123, "OID_": 0, "ZONE": 1, "DIVISION": 9, "LAT": 13.161616, "LONG_": 80.307007 }, "geometry": { "type": "Point", "coordinates": [ 80.307007, 13.161616 ] } },
{ "type": "Feature", "properties": { "id": null, "Name": "Thilagar Nagar", "description": null, "timestamp": null, "begin": null, "end": null, "altitudeMode": null, "tessellate": -1, "extrude": 0, "visibility": -1, "drawOrder": null, "icon": null, "timestamp2": null, "begin2": null, "end2": null, "altitudeMode2": null, "tessellate2": -1, "extrude2": 0, "visibility2": -1, "drawOrder2": null, "icon2": null, "OBJECTID": 124, "OID_": 0, "ZONE": 1, "DIVISION": 12, "LAT": 13.151079, "LONG_": 80.2945 }, "geometry": { "type": "Point", "coordinates": [ 80.2945, 13.151079 ] } },
{ "type": "Feature", "properties": { "id": null, "Name": "Balakrishna Colony", "description": null, "timestamp": null, "begin": null, "end": null, "altitudeMode": null, "tessellate": -1, "extrude": 0, "visibility": -1, "drawOrder": null, "icon": null, "timestamp2": null, "begin2": null, "end2": null, "altitudeMode2": null, "tessellate2": -1, "extrude2": 0, "visibility2": -1, "drawOrder2": null, "icon2": null, "OBJECTID": 125, "OID_": 0, "ZONE": 1, "DIVISION": 12, "LAT": 13.153956, "LONG_": 80.295203 }, "geometry": { "type": "Point", "coordinates": [ 80.295203, 13.153956 ] } },
{ "type": "Feature", "properties": { "id": null, "Name": "Othai vadai Street", "description": null, "timestamp": null, "begin": null, "end": null, "altitudeMode": null, "tessellate": -1, "extrude": 0, "visibility": -1, "drawOrder": null, "icon": null, "timestamp2": null, "begin2": null, "end2": null, "altitudeMode2": null, "tessellate2": -1, "extrude2": 0, "visibility2": -1, "drawOrder2": null, "icon2": null, "OBJECTID": 126, "OID_": 0, "ZONE": 1, "DIVISION": 13, "LAT": 13.144404, "LONG_": 80.291179 }, "geometry": { "type": "Point", "coordinates": [ 80.291179, 13.144404 ] } },
{ "type": "Feature", "properties": { "id": null, "Name": "Gandhi Nagar", "description": null, "timestamp": null, "begin": null, "end": null, "altitudeMode": null, "tessellate": -1, "extrude": 0, "visibility": -1, "drawOrder": null, "icon": null, "timestamp2": null, "begin2": null, "end2": null, "altitudeMode2": null, "tessellate2": -1, "extrude2": 0, "visibility2": -1, "drawOrder2": null, "icon2": null, "OBJECTID": 127, "OID_": 0, "ZONE": 1, "DIVISION": 13, "LAT": 13.145869, "LONG_": 80.291385 }, "geometry": { "type": "Point", "coordinates": [ 80.291385, 13.145869 ] } },
{ "type": "Feature", "properties": { "id": null, "Name": "West Mada Str", "description": null, "timestamp": null, "begin": null, "end": null, "altitudeMode": null, "tessellate": -1, "extrude": 0, "visibility": -1, "drawOrder": null, "icon": null, "timestamp2": null, "begin2": null, "end2": null, "altitudeMode2": null, "tessellate2": -1, "extrude2": 0, "visibility2": -1, "drawOrder2": null, "icon2": null, "OBJECTID": 128, "OID_": 0, "ZONE": 1, "DIVISION": 10, "LAT": 13.16108539, "LONG_": 80.29840007 }, "geometry": { "type": "Point", "coordinates": [ 80.2984001, 13.1610854 ] } },
{ "type": "Feature", "properties": { "id": null, "Name": "Sadayan Kuppam", "description": null, "timestamp": null, "begin": null, "end": null, "altitudeMode": null, "tessellate": -1, "extrude": 0, "visibility": -1, "drawOrder": null, "icon": null, "timestamp2": null, "begin2": null, "end2": null, "altitudeMode2": null, "tessellate2": -1, "extrude2": 0, "visibility2": -1, "drawOrder2": null, "icon2": null, "OBJECTID": 129, "OID_": 0, "ZONE": 2, "DIVISION": 16, "LAT": 13.186982, "LONG_": 80.277436 }, "geometry": { "type": "Point", "coordinates": [ 80.277436, 13.186982 ] } },
{ "type": "Feature", "properties": { "id": null, "Name": "Old Napalyam Salai", "description": null, "timestamp": null, "begin": null, "end": null, "altitudeMode": null, "tessellate": -1, "extrude": 0, "visibility": -1, "drawOrder": null, "icon": null, "timestamp2": null, "begin2": null, "end2": null, "altitudeMode2": null, "tessellate2": -1, "extrude2": 0, "visibility2": -1, "drawOrder2": null, "icon2": null, "OBJECTID": 130, "OID_": 0, "ZONE": 2, "DIVISION": 15, "LAT": 13.225626, "LONG_": 80.277939 }, "geometry": { "type": "Point", "coordinates": [ 80.277939, 13.225626 ] } },
{ "type": "Feature", "properties": { "id": null, "Name": "Lakshmi Nagar", "description": null, "timestamp": null, "begin": null, "end": null, "altitudeMode": null, "tessellate": -1, "extrude": 0, "visibility": -1, "drawOrder": null, "icon": null, "timestamp2": null, "begin2": null, "end2": null, "altitudeMode2": null, "tessellate2": -1, "extrude2": 0, "visibility2": -1, "drawOrder2": null, "icon2": null, "OBJECTID": 131, "OID_": 0, "ZONE": 2, "DIVISION": 15, "LAT": 13.224493, "LONG_": 80.274896 }, "geometry": { "type": "Point", "coordinates": [ 80.274896, 13.224493 ] } },
{ "type": "Feature", "properties": { "id": null, "Name": "Manali New Town 58 th Block", "description": null, "timestamp": null, "begin": null, "end": null, "altitudeMode": null, "tessellate": -1, "extrude": 0, "visibility": -1, "drawOrder": null, "icon": null, "timestamp2": null, "begin2": null, "end2": null, "altitudeMode2": null, "tessellate2": -1, "extrude2": 0, "visibility2": -1, "drawOrder2": null, "icon2": null, "OBJECTID": 132, "OID_": 0, "ZONE": 2, "DIVISION": 15, "LAT": 13.206018, "LONG_": 80.274606 }, "geometry": { "type": "Point", "coordinates": [ 80.274606, 13.206018 ] } },
{ "type": "Feature", "properties": { "id": null, "Name": "Kanniamman Pettai", "description": null, "timestamp": null, "begin": null, "end": null, "altitudeMode": null, "tessellate": -1, "extrude": 0, "visibility": -1, "drawOrder": null, "icon": null, "timestamp2": null, "begin2": null, "end2": null, "altitudeMode2": null, "tessellate2": -1, "extrude2": 0, "visibility2": -1, "drawOrder2": null, "icon2": null, "OBJECTID": 133, "OID_": 0, "ZONE": 2, "DIVISION": 16, "LAT": 13.194465, "LONG_": 80.255135 }, "geometry": { "type": "Point", "coordinates": [ 80.255135, 13.194465 ] } },
{ "type": "Feature", "properties": { "id": null, "Name": "Chetty Medu", "description": null, "timestamp": null, "begin": null, "end": null, "altitudeMode": null, "tessellate": -1, "extrude": 0, "visibility": -1, "drawOrder": null, "icon": null, "timestamp2": null, "begin2": null, "end2": null, "altitudeMode2": null, "tessellate2": -1, "extrude2": 0, "visibility2": -1, "drawOrder2": null, "icon2": null, "OBJECTID": 134, "OID_": 0, "ZONE": 2, "DIVISION": 17, "LAT": 13.183276, "LONG_": 80.228932 }, "geometry": { "type": "Point", "coordinates": [ 80.228932, 13.183276 ] } },
{ "type": "Feature", "properties": { "id": null, "Name": "Thiyagi Viswanatha Dass Nagar", "description": null, "timestamp": null, "begin": null, "end": null, "altitudeMode": null, "tessellate": -1, "extrude": 0, "visibility": -1, "drawOrder": null, "icon": null, "timestamp2": null, "begin2": null, "end2": null, "altitudeMode2": null, "tessellate2": -1, "extrude2": 0, "visibility2": -1, "drawOrder2": null, "icon2": null, "OBJECTID": 135, "OID_": 0, "ZONE": 2, "DIVISION": 17, "LAT": 13.184206, "LONG_": 80.234987 }, "geometry": { "type": "Point", "coordinates": [ 80.234987, 13.184206 ] } },
{ "type": "Feature", "properties": { "id": null, "Name": "Thirupathi Devasthanam Nagar", "description": null, "timestamp": null, "begin": null, "end": null, "altitudeMode": null, "tessellate": -1, "extrude": 0, "visibility": -1, "drawOrder": null, "icon": null, "timestamp2": null, "begin2": null, "end2": null, "altitudeMode2": null, "tessellate2": -1, "extrude2": 0, "visibility2": -1, "drawOrder2": null, "icon2": null, "OBJECTID": 136, "OID_": 0, "ZONE": 2, "DIVISION": 17, "LAT": 13.174733, "LONG_": 80.211169 }, "geometry": { "type": "Point", "coordinates": [ 80.211169, 13.174733 ] } },
{ "type": "Feature", "properties": { "id": null, "Name": "Periyar Nagar", "description": null, "timestamp": null, "begin": null, "end": null, "altitudeMode": null, "tessellate": -1, "extrude": 0, "visibility": -1, "drawOrder": null, "icon": null, "timestamp2": null, "begin2": null, "end2": null, "altitudeMode2": null, "tessellate2": -1, "extrude2": 0, "visibility2": -1, "drawOrder2": null, "icon2": null, "OBJECTID": 137, "OID_": 0, "ZONE": 2, "DIVISION": 17, "LAT": 13.192631, "LONG_": 80.23778 }, "geometry": { "type": "Point", "coordinates": [ 80.23778, 13.192631 ] } },
{ "type": "Feature", "properties": { "id": null, "Name": "Neduncheliyan Street Extension", "description": null, "timestamp": null, "begin": null, "end": null, "altitudeMode": null, "tessellate": -1, "extrude": 0, "visibility": -1, "drawOrder": null, "icon": null, "timestamp2": null, "begin2": null, "end2": null, "altitudeMode2": null, "tessellate2": -1, "extrude2": 0, "visibility2": -1, "drawOrder2": null, "icon2": null, "OBJECTID": 138, "OID_": 0, "ZONE": 2, "DIVISION": 18, "LAT": 13.174364, "LONG_": 80.257114 }, "geometry": { "type": "Point", "coordinates": [ 80.257114, 13.174364 ] } },
{ "type": "Feature", "properties": { "id": null, "Name": "Dr.Zhakirhussian Street", "description": null, "timestamp": null, "begin": null, "end": null, "altitudeMode": null, "tessellate": -1, "extrude": 0, "visibility": -1, "drawOrder": null, "icon": null, "timestamp2": null, "begin2": null, "end2": null, "altitudeMode2": null, "tessellate2": -1, "extrude2": 0, "visibility2": -1, "drawOrder2": null, "icon2": null, "OBJECTID": 139, "OID_": 0, "ZONE": 2, "DIVISION": 18, "LAT": 13.166252, "LONG_": 80.263606 }, "geometry": { "type": "Point", "coordinates": [ 80.263606, 13.166252 ] } },
{ "type": "Feature", "properties": { "id": null, "Name": "Ekambaram Street", "description": null, "timestamp": null, "begin": null, "end": null, "altitudeMode": null, "tessellate": -1, "extrude": 0, "visibility": -1, "drawOrder": null, "icon": null, "timestamp2": null, "begin2": null, "end2": null, "altitudeMode2": null, "tessellate2": -1, "extrude2": 0, "visibility2": -1, "drawOrder2": null, "icon2": null, "OBJECTID": 140, "OID_": 0, "ZONE": 2, "DIVISION": 18, "LAT": 13.172787, "LONG_": 80.261174 }, "geometry": { "type": "Point", "coordinates": [ 80.261174, 13.172787 ] } },
{ "type": "Feature", "properties": { "id": null, "Name": "Harikrishnapuram", "description": null, "timestamp": null, "begin": null, "end": null, "altitudeMode": null, "tessellate": -1, "extrude": 0, "visibility": -1, "drawOrder": null, "icon": null, "timestamp2": null, "begin2": null, "end2": null, "altitudeMode2": null, "tessellate2": -1, "extrude2": 0, "visibility2": -1, "drawOrder2": null, "icon2": null, "OBJECTID": 141, "OID_": 0, "ZONE": 2, "DIVISION": 18, "LAT": 13.172145, "LONG_": 80.261973 }, "geometry": { "type": "Point", "coordinates": [ 80.261973, 13.172145 ] } },
{ "type": "Feature", "properties": { "id": null, "Name": "Bharathiyar Street", "description": null, "timestamp": null, "begin": null, "end": null, "altitudeMode": null, "tessellate": -1, "extrude": 0, "visibility": -1, "drawOrder": null, "icon": null, "timestamp2": null, "begin2": null, "end2": null, "altitudeMode2": null, "tessellate2": -1, "extrude2": 0, "visibility2": -1, "drawOrder2": null, "icon2": null, "OBJECTID": 142, "OID_": 0, "ZONE": 2, "DIVISION": 18, "LAT": 13.17065, "LONG_": 80.259481 }, "geometry": { "type": "Point", "coordinates": [ 80.259481, 13.17065 ] } },
{ "type": "Feature", "properties": { "id": null, "Name": "Ponniamman Koil Street", "description": null, "timestamp": null, "begin": null, "end": null, "altitudeMode": null, "tessellate": -1, "extrude": 0, "visibility": -1, "drawOrder": null, "icon": null, "timestamp2": null, "begin2": null, "end2": null, "altitudeMode2": null, "tessellate2": -1, "extrude2": 0, "visibility2": -1, "drawOrder2": null, "icon2": null, "OBJECTID": 143, "OID_": 0, "ZONE": 2, "DIVISION": 19, "LAT": 13.169531, "LONG_": 80.243 }, "geometry": { "type": "Point", "coordinates": [ 80.243, 13.169531 ] } },
{ "type": "Feature", "properties": { "id": null, "Name": "Balaraman Street", "description": null, "timestamp": null, "begin": null, "end": null, "altitudeMode": null, "tessellate": -1, "extrude": 0, "visibility": -1, "drawOrder": null, "icon": null, "timestamp2": null, "begin2": null, "end2": null, "altitudeMode2": null, "tessellate2": -1, "extrude2": 0, "visibility2": -1, "drawOrder2": null, "icon2": null, "OBJECTID": 144, "OID_": 0, "ZONE": 2, "DIVISION": 20, "LAT": 13.169027, "LONG_": 80.253873 }, "geometry": { "type": "Point", "coordinates": [ 80.253873, 13.169027 ] } },
{ "type": "Feature", "properties": { "id": null, "Name": "Chinna Mattur Road", "description": null, "timestamp": null, "begin": null, "end": null, "altitudeMode": null, "tessellate": -1, "extrude": 0, "visibility": -1, "drawOrder": null, "icon": null, "timestamp2": null, "begin2": null, "end2": null, "altitudeMode2": null, "tessellate2": -1, "extrude2": 0, "visibility2": -1, "drawOrder2": null, "icon2": null, "OBJECTID": 145, "OID_": 0, "ZONE": 2, "DIVISION": 20, "LAT": 13.171105, "LONG_": 80.256084 }, "geometry": { "type": "Point", "coordinates": [ 80.256084, 13.171105 ] } },
{ "type": "Feature", "properties": { "id": null, "Name": "J J Nagar", "description": null, "timestamp": null, "begin": null, "end": null, "altitudeMode": null, "tessellate": -1, "extrude": 0, "visibility": -1, "drawOrder": null, "icon": null, "timestamp2": null, "begin2": null, "end2": null, "altitudeMode2": null, "tessellate2": -1, "extrude2": 0, "visibility2": -1, "drawOrder2": null, "icon2": null, "OBJECTID": 146, "OID_": 0, "ZONE": 2, "DIVISION": 20, "LAT": 13.169916, "LONG_": 80.253534 }, "geometry": { "type": "Point", "coordinates": [ 80.253534, 13.169916 ] } },
{ "type": "Feature", "properties": { "id": null, "Name": "M.G.R. Nagar", "description": null, "timestamp": null, "begin": null, "end": null, "altitudeMode": null, "tessellate": -1, "extrude": 0, "visibility": -1, "drawOrder": null, "icon": null, "timestamp2": null, "begin2": null, "end2": null, "altitudeMode2": null, "tessellate2": -1, "extrude2": 0, "visibility2": -1, "drawOrder2": null, "icon2": null, "OBJECTID": 147, "OID_": 0, "ZONE": 2, "DIVISION": 20, "LAT": 13.172223, "LONG_": 80.255127 }, "geometry": { "type": "Point", "coordinates": [ 80.255127, 13.172223 ] } },
{ "type": "Feature", "properties": { "id": null, "Name": "Poongavanam Street", "description": null, "timestamp": null, "begin": null, "end": null, "altitudeMode": null, "tessellate": -1, "extrude": 0, "visibility": -1, "drawOrder": null, "icon": null, "timestamp2": null, "begin2": null, "end2": null, "altitudeMode2": null, "tessellate2": -1, "extrude2": 0, "visibility2": -1, "drawOrder2": null, "icon2": null, "OBJECTID": 148, "OID_": 0, "ZONE": 2, "DIVISION": 21, "LAT": 13.164963, "LONG_": 80.2627 }, "geometry": { "type": "Point", "coordinates": [ 80.2627, 13.164963 ] } },
{ "type": "Feature", "properties": { "id": null, "Name": "Thiru vi Ka Street", "description": null, "timestamp": null, "begin": null, "end": null, "altitudeMode": null, "tessellate": -1, "extrude": 0, "visibility": -1, "drawOrder": null, "icon": null, "timestamp2": null, "begin2": null, "end2": null, "altitudeMode2": null, "tessellate2": -1, "extrude2": 0, "visibility2": -1, "drawOrder2": null, "icon2": null, "OBJECTID": 149, "OID_": 0, "ZONE": 2, "DIVISION": 21, "LAT": 13.163462, "LONG_": 80.261937 }, "geometry": { "type": "Point", "coordinates": [ 80.261937, 13.163462 ] } },
{ "type": "Feature", "properties": { "id": null, "Name": "Jalagandamariamman Kovil Street", "description": null, "timestamp": null, "begin": null, "end": null, "altitudeMode": null, "tessellate": -1, "extrude": 0, "visibility": -1, "drawOrder": null, "icon": null, "timestamp2": null, "begin2": null, "end2": null, "altitudeMode2": null, "tessellate2": -1, "extrude2": 0, "visibility2": -1, "drawOrder2": null, "icon2": null, "OBJECTID": 150, "OID_": 0, "ZONE": 2, "DIVISION": 21, "LAT": 13.164114, "LONG_": 80.26302 }, "geometry": { "type": "Point", "coordinates": [ 80.26302, 13.164114 ] } },
{ "type": "Feature", "properties": { "id": null, "Name": "Police Quarters", "description": null, "timestamp": null, "begin": null, "end": null, "altitudeMode": null, "tessellate": -1, "extrude": 0, "visibility": -1, "drawOrder": null, "icon": null, "timestamp2": null, "begin2": null, "end2": null, "altitudeMode2": null, "tessellate2": -1, "extrude2": 0, "visibility2": -1, "drawOrder2": null, "icon2": null, "OBJECTID": 151, "OID_": 0, "ZONE": 2, "DIVISION": 21, "LAT": 13.163958, "LONG_": 80.264379 }, "geometry": { "type": "Point", "coordinates": [ 80.264379, 13.163958 ] } },
{ "type": "Feature", "properties": { "id": null, "Name": "Kamaraj Salai", "description": null, "timestamp": null, "begin": null, "end": null, "altitudeMode": null, "tessellate": -1, "extrude": 0, "visibility": -1, "drawOrder": null, "icon": null, "timestamp2": null, "begin2": null, "end2": null, "altitudeMode2": null, "tessellate2": -1, "extrude2": 0, "visibility2": -1, "drawOrder2": null, "icon2": null, "OBJECTID": 152, "OID_": 0, "ZONE": 2, "DIVISION": 20, "LAT": 13.163673, "LONG_": 80.257551 }, "geometry": { "type": "Point", "coordinates": [ 80.257551, 13.163673 ] } },
{ "type": "Feature", "properties": { "id": null, "Name": "Iyyan Thiruvalluvar Salai", "description": null, "timestamp": null, "begin": null, "end": null, "altitudeMode": null, "tessellate": -1, "extrude": 0, "visibility": -1, "drawOrder": null, "icon": null, "timestamp2": null, "begin2": null, "end2": null, "altitudeMode2": null, "tessellate2": -1, "extrude2": 0, "visibility2": -1, "drawOrder2": null, "icon2": null, "OBJECTID": 153, "OID_": 0, "ZONE": 3, "DIVISION": 24, "LAT": 13.137541, "LONG_": 80.201509 }, "geometry": { "type": "Point", "coordinates": [ 80.201509, 13.137541 ] } },
{ "type": "Feature", "properties": { "id": null, "Name": "Collector Nagar", "description": null, "timestamp": null, "begin": null, "end": null, "altitudeMode": null, "tessellate": -1, "extrude": 0, "visibility": -1, "drawOrder": null, "icon": null, "timestamp2": null, "begin2": null, "end2": null, "altitudeMode2": null, "tessellate2": -1, "extrude2": 0, "visibility2": -1, "drawOrder2": null, "icon2": null, "OBJECTID": 154, "OID_": 0, "ZONE": 3, "DIVISION": 25, "LAT": 13.149587, "LONG_": 80.202262 }, "geometry": { "type": "Point", "coordinates": [ 80.202262, 13.149587 ] } },
{ "type": "Feature", "properties": { "id": null, "Name": "Kanappasamy Nagar", "description": null, "timestamp": null, "begin": null, "end": null, "altitudeMode": null, "tessellate": -1, "extrude": 0, "visibility": -1, "drawOrder": null, "icon": null, "timestamp2": null, "begin2": null, "end2": null, "altitudeMode2": null, "tessellate2": -1, "extrude2": 0, "visibility2": -1, "drawOrder2": null, "icon2": null, "OBJECTID": 155, "OID_": 0, "ZONE": 3, "DIVISION": 22, "LAT": 13.170176, "LONG_": 80.197978 }, "geometry": { "type": "Point", "coordinates": [ 80.197978, 13.170176 ] } },
{ "type": "Feature", "properties": { "id": null, "Name": "Mahalakshmi Nagar", "description": null, "timestamp": null, "begin": null, "end": null, "altitudeMode": null, "tessellate": -1, "extrude": 0, "visibility": -1, "drawOrder": null, "icon": null, "timestamp2": null, "begin2": null, "end2": null, "altitudeMode2": null, "tessellate2": -1, "extrude2": 0, "visibility2": -1, "drawOrder2": null, "icon2": null, "OBJECTID": 156, "OID_": 0, "ZONE": 3, "DIVISION": 22, "LAT": 13.16666, "LONG_": 80.20536 }, "geometry": { "type": "Point", "coordinates": [ 80.20536, 13.16666 ] } },
{ "type": "Feature", "properties": { "id": null, "Name": "Punitha Anthoniyar Street", "description": null, "timestamp": null, "begin": null, "end": null, "altitudeMode": null, "tessellate": -1, "extrude": 0, "visibility": -1, "drawOrder": null, "icon": null, "timestamp2": null, "begin2": null, "end2": null, "altitudeMode2": null, "tessellate2": -1, "extrude2": 0, "visibility2": -1, "drawOrder2": null, "icon2": null, "OBJECTID": 157, "OID_": 0, "ZONE": 3, "DIVISION": 23, "LAT": 13.161221, "LONG_": 80.205867 }, "geometry": { "type": "Point", "coordinates": [ 80.205867, 13.161221 ] } },
{ "type": "Feature", "properties": { "id": null, "Name": "Othai vadai Street", "description": null, "timestamp": null, "begin": null, "end": null, "altitudeMode": null, "tessellate": -1, "extrude": 0, "visibility": -1, "drawOrder": null, "icon": null, "timestamp2": null, "begin2": null, "end2": null, "altitudeMode2": null, "tessellate2": -1, "extrude2": 0, "visibility2": -1, "drawOrder2": null, "icon2": null, "OBJECTID": 158, "OID_": 0, "ZONE": 3, "DIVISION": 23, "LAT": 13.162033, "LONG_": 80.208799 }, "geometry": { "type": "Point", "coordinates": [ 80.208799, 13.162033 ] } },
{ "type": "Feature", "properties": { "id": null, "Name": "Surapet sivaprakasam Nagar", "description": null, "timestamp": null, "begin": null, "end": null, "altitudeMode": null, "tessellate": -1, "extrude": 0, "visibility": -1, "drawOrder": null, "icon": null, "timestamp2": null, "begin2": null, "end2": null, "altitudeMode2": null, "tessellate2": -1, "extrude2": 0, "visibility2": -1, "drawOrder2": null, "icon2": null, "OBJECTID": 159, "OID_": 0, "ZONE": 3, "DIVISION": 24, "LAT": 13.140838, "LONG_": 80.185421 }, "geometry": { "type": "Point", "coordinates": [ 80.185421, 13.140838 ] } },
{ "type": "Feature", "properties": { "id": null, "Name": "Ambattur Redhills Road", "description": null, "timestamp": null, "begin": null, "end": null, "altitudeMode": null, "tessellate": -1, "extrude": 0, "visibility": -1, "drawOrder": null, "icon": null, "timestamp2": null, "begin2": null, "end2": null, "altitudeMode2": null, "tessellate2": -1, "extrude2": 0, "visibility2": -1, "drawOrder2": null, "icon2": null, "OBJECTID": 160, "OID_": 0, "ZONE": 3, "DIVISION": 24, "LAT": 13.141783, "LONG_": 80.183796 }, "geometry": { "type": "Point", "coordinates": [ 80.183796, 13.141783 ] } },
{ "type": "Feature", "properties": { "id": null, "Name": "Aringar Anna Nagar", "description": null, "timestamp": null, "begin": null, "end": null, "altitudeMode": null, "tessellate": -1, "extrude": 0, "visibility": -1, "drawOrder": null, "icon": null, "timestamp2": null, "begin2": null, "end2": null, "altitudeMode2": null, "tessellate2": -1, "extrude2": 0, "visibility2": -1, "drawOrder2": null, "icon2": null, "OBJECTID": 161, "OID_": 0, "ZONE": 3, "DIVISION": 25, "LAT": 13.157101, "LONG_": 80.21299 }, "geometry": { "type": "Point", "coordinates": [ 80.21299, 13.157101 ] } },
{ "type": "Feature", "properties": { "id": null, "Name": "GNT Road", "description": null, "timestamp": null, "begin": null, "end": null, "altitudeMode": null, "tessellate": -1, "extrude": 0, "visibility": -1, "drawOrder": null, "icon": null, "timestamp2": null, "begin2": null, "end2": null, "altitudeMode2": null, "tessellate2": -1, "extrude2": 0, "visibility2": -1, "drawOrder2": null, "icon2": null, "OBJECTID": 162, "OID_": 0, "ZONE": 3, "DIVISION": 25, "LAT": 13.152712, "LONG_": 80.20911 }, "geometry": { "type": "Point", "coordinates": [ 80.20911, 13.152712 ] } },
{ "type": "Feature", "properties": { "id": null, "Name": "Devaki Nagar", "description": null, "timestamp": null, "begin": null, "end": null, "altitudeMode": null, "tessellate": -1, "extrude": 0, "visibility": -1, "drawOrder": null, "icon": null, "timestamp2": null, "begin2": null, "end2": null, "altitudeMode2": null, "tessellate2": -1, "extrude2": 0, "visibility2": -1, "drawOrder2": null, "icon2": null, "OBJECTID": 163, "OID_": 0, "ZONE": 3, "DIVISION": 26, "LAT": 13.13255, "LONG_": 80.219218 }, "geometry": { "type": "Point", "coordinates": [ 80.219218, 13.13255 ] } },
{ "type": "Feature", "properties": { "id": null, "Name": "Truck Terminal, GNT Road", "description": null, "timestamp": null, "begin": null, "end": null, "altitudeMode": null, "tessellate": -1, "extrude": 0, "visibility": -1, "drawOrder": null, "icon": null, "timestamp2": null, "begin2": null, "end2": null, "altitudeMode2": null, "tessellate2": -1, "extrude2": 0, "visibility2": -1, "drawOrder2": null, "icon2": null, "OBJECTID": 164, "OID_": 0, "ZONE": 3, "DIVISION": 26, "LAT": 13.147233, "LONG_": 80.216448 }, "geometry": { "type": "Point", "coordinates": [ 80.216448, 13.147233 ] } },
{ "type": "Feature", "properties": { "id": null, "Name": "Perumal Koil St, Balji Palayam", "description": null, "timestamp": null, "begin": null, "end": null, "altitudeMode": null, "tessellate": -1, "extrude": 0, "visibility": -1, "drawOrder": null, "icon": null, "timestamp2": null, "begin2": null, "end2": null, "altitudeMode2": null, "tessellate2": -1, "extrude2": 0, "visibility2": -1, "drawOrder2": null, "icon2": null, "OBJECTID": 165, "OID_": 0, "ZONE": 3, "DIVISION": 29, "LAT": 13.154402, "LONG_": 80.258552 }, "geometry": { "type": "Point", "coordinates": [ 80.258552, 13.154402 ] } },
{ "type": "Feature", "properties": { "id": null, "Name": "Sarathi Nagar", "description": null, "timestamp": null, "begin": null, "end": null, "altitudeMode": null, "tessellate": -1, "extrude": 0, "visibility": -1, "drawOrder": null, "icon": null, "timestamp2": null, "begin2": null, "end2": null, "altitudeMode2": null, "tessellate2": -1, "extrude2": 0, "visibility2": -1, "drawOrder2": null, "icon2": null, "OBJECTID": 166, "OID_": 0, "ZONE": 3, "DIVISION": 32, "LAT": 13.134059, "LONG_": 80.203206 }, "geometry": { "type": "Point", "coordinates": [ 80.203206, 13.134059 ] } },
{ "type": "Feature", "properties": { "id": null, "Name": "Prakah Nagar", "description": null, "timestamp": null, "begin": null, "end": null, "altitudeMode": null, "tessellate": -1, "extrude": 0, "visibility": -1, "drawOrder": null, "icon": null, "timestamp2": null, "begin2": null, "end2": null, "altitudeMode2": null, "tessellate2": -1, "extrude2": 0, "visibility2": -1, "drawOrder2": null, "icon2": null, "OBJECTID": 167, "OID_": 0, "ZONE": 3, "DIVISION": 33, "LAT": 13.134242, "LONG_": 80.226192 }, "geometry": { "type": "Point", "coordinates": [ 80.226192, 13.134242 ] } },
{ "type": "Feature", "properties": { "id": null, "Name": "Munusamy Nagar", "description": null, "timestamp": null, "begin": null, "end": null, "altitudeMode": null, "tessellate": -1, "extrude": 0, "visibility": -1, "drawOrder": null, "icon": null, "timestamp2": null, "begin2": null, "end2": null, "altitudeMode2": null, "tessellate2": -1, "extrude2": 0, "visibility2": -1, "drawOrder2": null, "icon2": null, "OBJECTID": 168, "OID_": 0, "ZONE": 3, "DIVISION": 33, "LAT": 13.136554, "LONG_": 80.221685 }, "geometry": { "type": "Point", "coordinates": [ 80.221685, 13.136554 ] } },
{ "type": "Feature", "properties": { "id": null, "Name": "Annapoorna Nagar", "description": null, "timestamp": null, "begin": null, "end": null, "altitudeMode": null, "tessellate": -1, "extrude": 0, "visibility": -1, "drawOrder": null, "icon": null, "timestamp2": null, "begin2": null, "end2": null, "altitudeMode2": null, "tessellate2": -1, "extrude2": 0, "visibility2": -1, "drawOrder2": null, "icon2": null, "OBJECTID": 169, "OID_": 0, "ZONE": 3, "DIVISION": 33, "LAT": 13.137588, "LONG_": 80.224405 }, "geometry": { "type": "Point", "coordinates": [ 80.224405, 13.137588 ] } },
{ "type": "Feature", "properties": { "id": null, "Name": "Dr.Ambedkar Nagar", "description": null, "timestamp": null, "begin": null, "end": null, "altitudeMode": null, "tessellate": -1, "extrude": 0, "visibility": -1, "drawOrder": null, "icon": null, "timestamp2": null, "begin2": null, "end2": null, "altitudeMode2": null, "tessellate2": -1, "extrude2": 0, "visibility2": -1, "drawOrder2": null, "icon2": null, "OBJECTID": 170, "OID_": 0, "ZONE": 3, "DIVISION": 31, "LAT": 13.129704, "LONG_": 80.234699 }, "geometry": { "type": "Point", "coordinates": [ 80.234699, 13.129704 ] } },
{ "type": "Feature", "properties": { "id": null, "Name": "Ishwariya Nagar", "description": null, "timestamp": null, "begin": null, "end": null, "altitudeMode": null, "tessellate": -1, "extrude": 0, "visibility": -1, "drawOrder": null, "icon": null, "timestamp2": null, "begin2": null, "end2": null, "altitudeMode2": null, "tessellate2": -1, "extrude2": 0, "visibility2": -1, "drawOrder2": null, "icon2": null, "OBJECTID": 171, "OID_": 0, "ZONE": 4, "DIVISION": 34, "LAT": 13.1460599, "LONG_": 80.2565002 }, "geometry": { "type": "Point", "coordinates": [ 80.2565002, 13.1460599 ] } },
{ "type": "Feature", "properties": { "id": null, "Name": "Annai Avenue", "description": null, "timestamp": null, "begin": null, "end": null, "altitudeMode": null, "tessellate": -1, "extrude": 0, "visibility": -1, "drawOrder": null, "icon": null, "timestamp2": null, "begin2": null, "end2": null, "altitudeMode2": null, "tessellate2": -1, "extrude2": 0, "visibility2": -1, "drawOrder2": null, "icon2": null, "OBJECTID": 172, "OID_": 0, "ZONE": 4, "DIVISION": 34, "LAT": 13.1440121, "LONG_": 80.256114 }, "geometry": { "type": "Point", "coordinates": [ 80.256114, 13.1440121 ] } },
{ "type": "Feature", "properties": { "id": null, "Name": "Durgai Avenue", "description": null, "timestamp": null, "begin": null, "end": null, "altitudeMode": null, "tessellate": -1, "extrude": 0, "visibility": -1, "drawOrder": null, "icon": null, "timestamp2": null, "begin2": null, "end2": null, "altitudeMode2": null, "tessellate2": -1, "extrude2": 0, "visibility2": -1, "drawOrder2": null, "icon2": null, "OBJECTID": 173, "OID_": 0, "ZONE": 4, "DIVISION": 34, "LAT": 13.1446599, "LONG_": 80.2544832 }, "geometry": { "type": "Point", "coordinates": [ 80.2544832, 13.1446599 ] } },
{ "type": "Feature", "properties": { "id": null, "Name": "Gandhi - Irwin Road", "description": null, "timestamp": null, "begin": null, "end": null, "altitudeMode": null, "tessellate": -1, "extrude": 0, "visibility": -1, "drawOrder": null, "icon": null, "timestamp2": null, "begin2": null, "end2": null, "altitudeMode2": null, "tessellate2": -1, "extrude2": 0, "visibility2": -1, "drawOrder2": null, "icon2": null, "OBJECTID": 1, "OID_": 0, "ZONE": 5, "DIVISION": 61, "LAT": 13.076293, "LONG_": 80.259886 }, "geometry": { "type": "Point", "coordinates": [ 80.259886, 13.076293 ] } },
{ "type": "Feature", "properties": { "id": null, "Name": "Singana Chetty St", "description": null, "timestamp": null, "begin": null, "end": null, "altitudeMode": null, "tessellate": -1, "extrude": 0, "visibility": -1, "drawOrder": null, "icon": null, "timestamp2": null, "begin2": null, "end2": null, "altitudeMode2": null, "tessellate2": -1, "extrude2": 0, "visibility2": -1, "drawOrder2": null, "icon2": null, "OBJECTID": 2, "OID_": 0, "ZONE": 5, "DIVISION": 61, "LAT": 13.071143, "LONG_": 80.270467 }, "geometry": { "type": "Point", "coordinates": [ 80.270467, 13.071143 ] } },
{ "type": "Feature", "properties": { "id": null, "Name": "ArunaChala Road", "description": null, "timestamp": null, "begin": null, "end": null, "altitudeMode": null, "tessellate": -1, "extrude": 0, "visibility": -1, "drawOrder": null, "icon": null, "timestamp2": null, "begin2": null, "end2": null, "altitudeMode2": null, "tessellate2": -1, "extrude2": 0, "visibility2": -1, "drawOrder2": null, "icon2": null, "OBJECTID": 3, "OID_": 0, "ZONE": 5, "DIVISION": 62, "LAT": 13.075223, "LONG_": 80.270251 }, "geometry": { "type": "Point", "coordinates": [ 80.270251, 13.075223 ] } },
{ "type": "Feature", "properties": { "id": null, "Name": "G.P Road", "description": null, "timestamp": null, "begin": null, "end": null, "altitudeMode": null, "tessellate": -1, "extrude": 0, "visibility": -1, "drawOrder": null, "icon": null, "timestamp2": null, "begin2": null, "end2": null, "altitudeMode2": null, "tessellate2": -1, "extrude2": 0, "visibility2": -1, "drawOrder2": null, "icon2": null, "OBJECTID": 4, "OID_": 0, "ZONE": 5, "DIVISION": 63, "LAT": 13.062479, "LONG_": 80.266843 }, "geometry": { "type": "Point", "coordinates": [ 80.266843, 13.062479 ] } },
{ "type": "Feature", "properties": { "id": null, "Name": "South Coovam Road", "description": null, "timestamp": null, "begin": null, "end": null, "altitudeMode": null, "tessellate": -1, "extrude": 0, "visibility": -1, "drawOrder": null, "icon": null, "timestamp2": null, "begin2": null, "end2": null, "altitudeMode2": null, "tessellate2": -1, "extrude2": 0, "visibility2": -1, "drawOrder2": null, "icon2": null, "OBJECTID": 5, "OID_": 0, "ZONE": 5, "DIVISION": 63, "LAT": 13.067308, "LONG_": 80.265007 }, "geometry": { "type": "Point", "coordinates": [ 80.265007, 13.067308 ] } },
{ "type": "Feature", "properties": { "id": null, "Name": "Avadhana papaiah road", "description": null, "timestamp": null, "begin": null, "end": null, "altitudeMode": null, "tessellate": -1, "extrude": 0, "visibility": -1, "drawOrder": null, "icon": null, "timestamp2": null, "begin2": null, "end2": null, "altitudeMode2": null, "tessellate2": -1, "extrude2": 0, "visibility2": -1, "drawOrder2": null, "icon2": null, "OBJECTID": 6, "OID_": 0, "ZONE": 5, "DIVISION": 54, "LAT": 13.090253, "LONG_": 80.263308 }, "geometry": { "type": "Point", "coordinates": [ 80.263308, 13.090253 ] } },
{ "type": "Feature", "properties": { "id": null, "Name": "Vivek Nagar", "description": null, "timestamp": null, "begin": null, "end": null, "altitudeMode": null, "tessellate": -1, "extrude": 0, "visibility": -1, "drawOrder": null, "icon": null, "timestamp2": null, "begin2": null, "end2": null, "altitudeMode2": null, "tessellate2": -1, "extrude2": 0, "visibility2": -1, "drawOrder2": null, "icon2": null, "OBJECTID": 7, "OID_": 0, "ZONE": 6, "DIVISION": 64, "LAT": 13.127013, "LONG_": 80.217576 }, "geometry": { "type": "Point", "coordinates": [ 80.217576, 13.127013 ] } },
{ "type": "Feature", "properties": { "id": null, "Name": "Poombugaar Nagar 11th Street", "description": null, "timestamp": null, "begin": null, "end": null, "altitudeMode": null, "tessellate": -1, "extrude": 0, "visibility": -1, "drawOrder": null, "icon": null, "timestamp2": null, "begin2": null, "end2": null, "altitudeMode2": null, "tessellate2": -1, "extrude2": 0, "visibility2": -1, "drawOrder2": null, "icon2": null, "OBJECTID": 8, "OID_": 0, "ZONE": 6, "DIVISION": 64, "LAT": 13.1214753, "LONG_": 80.2137351 }, "geometry": { "type": "Point", "coordinates": [ 80.2137351, 13.1214753 ] } },
{ "type": "Feature", "properties": { "id": null, "Name": "Poombugaar Nagar 20th Street", "description": null, "timestamp": null, "begin": null, "end": null, "altitudeMode": null, "tessellate": -1, "extrude": 0, "visibility": -1, "drawOrder": null, "icon": null, "timestamp2": null, "begin2": null, "end2": null, "altitudeMode2": null, "tessellate2": -1, "extrude2": 0, "visibility2": -1, "drawOrder2": null, "icon2": null, "OBJECTID": 9, "OID_": 0, "ZONE": 6, "DIVISION": 64, "LAT": 13.1213185, "LONG_": 80.2153552 }, "geometry": { "type": "Point", "coordinates": [ 80.2153552, 13.1213185 ] } },
{ "type": "Feature", "properties": { "id": null, "Name": "Poombugaar Nagar 21st Street", "description": null, "timestamp": null, "begin": null, "end": null, "altitudeMode": null, "tessellate": -1, "extrude": 0, "visibility": -1, "drawOrder": null, "icon": null, "timestamp2": null, "begin2": null, "end2": null, "altitudeMode2": null, "tessellate2": -1, "extrude2": 0, "visibility2": -1, "drawOrder2": null, "icon2": null, "OBJECTID": 10, "OID_": 0, "ZONE": 6, "DIVISION": 64, "LAT": 13.1208588, "LONG_": 80.215559 }, "geometry": { "type": "Point", "coordinates": [ 80.215559, 13.1208588 ] } },
{ "type": "Feature", "properties": { "id": null, "Name": "Poombugaar Nagar 28th Street", "description": null, "timestamp": null, "begin": null, "end": null, "altitudeMode": null, "tessellate": -1, "extrude": 0, "visibility": -1, "drawOrder": null, "icon": null, "timestamp2": null, "begin2": null, "end2": null, "altitudeMode2": null, "tessellate2": -1, "extrude2": 0, "visibility2": -1, "drawOrder2": null, "icon2": null, "OBJECTID": 11, "OID_": 0, "ZONE": 6, "DIVISION": 64, "LAT": 13.1209319, "LONG_": 80.2172863 }, "geometry": { "type": "Point", "coordinates": [ 80.2172863, 13.1209319 ] } },
{ "type": "Feature", "properties": { "id": null, "Name": "Kaveri Nagar", "description": null, "timestamp": null, "begin": null, "end": null, "altitudeMode": null, "tessellate": -1, "extrude": 0, "visibility": -1, "drawOrder": null, "icon": null, "timestamp2": null, "begin2": null, "end2": null, "altitudeMode2": null, "tessellate2": -1, "extrude2": 0, "visibility2": -1, "drawOrder2": null, "icon2": null, "OBJECTID": 12, "OID_": 0, "ZONE": 6, "DIVISION": 64, "LAT": 13.1229172, "LONG_": 80.2162457 }, "geometry": { "type": "Point", "coordinates": [ 80.2162457, 13.1229172 ] } },
{ "type": "Feature", "properties": { "id": null, "Name": "Then Palani Nagar", "description": null, "timestamp": null, "begin": null, "end": null, "altitudeMode": null, "tessellate": -1, "extrude": 0, "visibility": -1, "drawOrder": null, "icon": null, "timestamp2": null, "begin2": null, "end2": null, "altitudeMode2": null, "tessellate2": -1, "extrude2": 0, "visibility2": -1, "drawOrder2": null, "icon2": null, "OBJECTID": 13, "OID_": 0, "ZONE": 6, "DIVISION": 64, "LAT": 13.1235754, "LONG_": 80.2077484 }, "geometry": { "type": "Point", "coordinates": [ 80.2077484, 13.1235754 ] } },
{ "type": "Feature", "properties": { "id": null, "Name": "Siva Sakthi 4th Street", "description": null, "timestamp": null, "begin": null, "end": null, "altitudeMode": null, "tessellate": -1, "extrude": 0, "visibility": -1, "drawOrder": null, "icon": null, "timestamp2": null, "begin2": null, "end2": null, "altitudeMode2": null, "tessellate2": -1, "extrude2": 0, "visibility2": -1, "drawOrder2": null, "icon2": null, "OBJECTID": 14, "OID_": 0, "ZONE": 6, "DIVISION": 64, "LAT": 13.1252211, "LONG_": 80.2107096 }, "geometry": { "type": "Point", "coordinates": [ 80.2107096, 13.1252211 ] } },
{ "type": "Feature", "properties": { "id": null, "Name": "Vivekanadan Nagar Main Road", "description": null, "timestamp": null, "begin": null, "end": null, "altitudeMode": null, "tessellate": -1, "extrude": 0, "visibility": -1, "drawOrder": null, "icon": null, "timestamp2": null, "begin2": null, "end2": null, "altitudeMode2": null, "tessellate2": -1, "extrude2": 0, "visibility2": -1, "drawOrder2": null, "icon2": null, "OBJECTID": 15, "OID_": 0, "ZONE": 6, "DIVISION": 65, "LAT": 13.1227813, "LONG_": 80.1995087 }, "geometry": { "type": "Point", "coordinates": [ 80.1995087, 13.1227813 ] } },
{ "type": "Feature", "properties": { "id": null, "Name": "Thirumalai Nagar", "description": null, "timestamp": null, "begin": null, "end": null, "altitudeMode": null, "tessellate": -1, "extrude": 0, "visibility": -1, "drawOrder": null, "icon": null, "timestamp2": null, "begin2": null, "end2": null, "altitudeMode2": null, "tessellate2": -1, "extrude2": 0, "visibility2": -1, "drawOrder2": null, "icon2": null, "OBJECTID": 16, "OID_": 0, "ZONE": 6, "DIVISION": 65, "LAT": 13.1249651, "LONG_": 80.2032959 }, "geometry": { "type": "Point", "coordinates": [ 80.2032959, 13.1249651 ] } },
{ "type": "Feature", "properties": { "id": null, "Name": "Bharath Rajeev Ganthi Nagar", "description": null, "timestamp": null, "begin": null, "end": null, "altitudeMode": null, "tessellate": -1, "extrude": 0, "visibility": -1, "drawOrder": null, "icon": null, "timestamp2": null, "begin2": null, "end2": null, "altitudeMode2": null, "tessellate2": -1, "extrude2": 0, "visibility2": -1, "drawOrder2": null, "icon2": null, "OBJECTID": 17, "OID_": 0, "ZONE": 6, "DIVISION": 65, "LAT": 13.1271488, "LONG_": 80.202899 }, "geometry": { "type": "Point", "coordinates": [ 80.202899, 13.1271488 ] } },
{ "type": "Feature", "properties": { "id": null, "Name": "Senthi Nagar 14 Street", "description": null, "timestamp": null, "begin": null, "end": null, "altitudeMode": null, "tessellate": -1, "extrude": 0, "visibility": -1, "drawOrder": null, "icon": null, "timestamp2": null, "begin2": null, "end2": null, "altitudeMode2": null, "tessellate2": -1, "extrude2": 0, "visibility2": -1, "drawOrder2": null, "icon2": null, "OBJECTID": 18, "OID_": 0, "ZONE": 6, "DIVISION": 65, "LAT": 13.1226664, "LONG_": 80.2023518 }, "geometry": { "type": "Point", "coordinates": [ 80.2023518, 13.1226664 ] } },
{ "type": "Feature", "properties": { "id": null, "Name": "Senthi Nagar 13th Street", "description": null, "timestamp": null, "begin": null, "end": null, "altitudeMode": null, "tessellate": -1, "extrude": 0, "visibility": -1, "drawOrder": null, "icon": null, "timestamp2": null, "begin2": null, "end2": null, "altitudeMode2": null, "tessellate2": -1, "extrude2": 0, "visibility2": -1, "drawOrder2": null, "icon2": null, "OBJECTID": 19, "OID_": 0, "ZONE": 6, "DIVISION": 65, "LAT": 13.1222067, "LONG_": 80.2024376 }, "geometry": { "type": "Point", "coordinates": [ 80.2024376, 13.1222067 ] } },
{ "type": "Feature", "properties": { "id": null, "Name": "Senthi Nagar 15th Street", "description": null, "timestamp": null, "begin": null, "end": null, "altitudeMode": null, "tessellate": -1, "extrude": 0, "visibility": -1, "drawOrder": null, "icon": null, "timestamp2": null, "begin2": null, "end2": null, "altitudeMode2": null, "tessellate2": -1, "extrude2": 0, "visibility2": -1, "drawOrder2": null, "icon2": null, "OBJECTID": 20, "OID_": 0, "ZONE": 6, "DIVISION": 65, "LAT": 13.1231575, "LONG_": 80.2027595 }, "geometry": { "type": "Point", "coordinates": [ 80.2027595, 13.1231575 ] } },
{ "type": "Feature", "properties": { "id": null, "Name": "Ussain Colony", "description": null, "timestamp": null, "begin": null, "end": null, "altitudeMode": null, "tessellate": -1, "extrude": 0, "visibility": -1, "drawOrder": null, "icon": null, "timestamp2": null, "begin2": null, "end2": null, "altitudeMode2": null, "tessellate2": -1, "extrude2": 0, "visibility2": -1, "drawOrder2": null, "icon2": null, "OBJECTID": 21, "OID_": 0, "ZONE": 6, "DIVISION": 65, "LAT": 13.1250121, "LONG_": 80.2019709 }, "geometry": { "type": "Point", "coordinates": [ 80.2019709, 13.1250121 ] } },
{ "type": "Feature", "properties": { "id": null, "Name": "Venus Nagar", "description": null, "timestamp": null, "begin": null, "end": null, "altitudeMode": null, "tessellate": -1, "extrude": 0, "visibility": -1, "drawOrder": null, "icon": null, "timestamp2": null, "begin2": null, "end2": null, "altitudeMode2": null, "tessellate2": -1, "extrude2": 0, "visibility2": -1, "drawOrder2": null, "icon2": null, "OBJECTID": 22, "OID_": 0, "ZONE": 6, "DIVISION": 65, "LAT": 13.1275616, "LONG_": 80.2046531 }, "geometry": { "type": "Point", "coordinates": [ 80.2046531, 13.1275616 ] } },
{ "type": "Feature", "properties": { "id": null, "Name": "Selvi Nagar 3rd Street", "description": null, "timestamp": null, "begin": null, "end": null, "altitudeMode": null, "tessellate": -1, "extrude": 0, "visibility": -1, "drawOrder": null, "icon": null, "timestamp2": null, "begin2": null, "end2": null, "altitudeMode2": null, "tessellate2": -1, "extrude2": 0, "visibility2": -1, "drawOrder2": null, "icon2": null, "OBJECTID": 23, "OID_": 0, "ZONE": 6, "DIVISION": 65, "LAT": 13.1236904, "LONG_": 80.2057368 }, "geometry": { "type": "Point", "coordinates": [ 80.2057368, 13.1236904 ] } },
{ "type": "Feature", "properties": { "id": null, "Name": "Teacher Street", "description": null, "timestamp": null, "begin": null, "end": null, "altitudeMode": null, "tessellate": -1, "extrude": 0, "visibility": -1, "drawOrder": null, "icon": null, "timestamp2": null, "begin2": null, "end2": null, "altitudeMode2": null, "tessellate2": -1, "extrude2": 0, "visibility2": -1, "drawOrder2": null, "icon2": null, "OBJECTID": 24, "OID_": 0, "ZONE": 6, "DIVISION": 65, "LAT": 13.1164807, "LONG_": 80.2087355 }, "geometry": { "type": "Point", "coordinates": [ 80.2087355, 13.1164807 ] } },
{ "type": "Feature", "properties": { "id": null, "Name": "Kavery Street", "description": null, "timestamp": null, "begin": null, "end": null, "altitudeMode": null, "tessellate": -1, "extrude": 0, "visibility": -1, "drawOrder": null, "icon": null, "timestamp2": null, "begin2": null, "end2": null, "altitudeMode2": null, "tessellate2": -1, "extrude2": 0, "visibility2": -1, "drawOrder2": null, "icon2": null, "OBJECTID": 25, "OID_": 0, "ZONE": 6, "DIVISION": 65, "LAT": 13.1128131, "LONG_": 80.2112246 }, "geometry": { "type": "Point", "coordinates": [ 80.2112246, 13.1128131 ] } },
{ "type": "Feature", "properties": { "id": null, "Name": "Sivalingam Salai", "description": null, "timestamp": null, "begin": null, "end": null, "altitudeMode": null, "tessellate": -1, "extrude": 0, "visibility": -1, "drawOrder": null, "icon": null, "timestamp2": null, "begin2": null, "end2": null, "altitudeMode2": null, "tessellate2": -1, "extrude2": 0, "visibility2": -1, "drawOrder2": null, "icon2": null, "OBJECTID": 26, "OID_": 0, "ZONE": 6, "DIVISION": 66, "LAT": 13.122447, "LONG_": 80.2287555 }, "geometry": { "type": "Point", "coordinates": [ 80.2287555, 13.122447 ] } },
{ "type": "Feature", "properties": { "id": null, "Name": "Ragavan Salai", "description": null, "timestamp": null, "begin": null, "end": null, "altitudeMode": null, "tessellate": -1, "extrude": 0, "visibility": -1, "drawOrder": null, "icon": null, "timestamp2": null, "begin2": null, "end2": null, "altitudeMode2": null, "tessellate2": -1, "extrude2": 0, "visibility2": -1, "drawOrder2": null, "icon2": null, "OBJECTID": 27, "OID_": 0, "ZONE": 6, "DIVISION": 66, "LAT": 13.1250173, "LONG_": 80.2305794 }, "geometry": { "type": "Point", "coordinates": [ 80.2305794, 13.1250173 ] } },
{ "type": "Feature", "properties": { "id": null, "Name": "Periyar Nagar 18th Street", "description": null, "timestamp": null, "begin": null, "end": null, "altitudeMode": null, "tessellate": -1, "extrude": 0, "visibility": -1, "drawOrder": null, "icon": null, "timestamp2": null, "begin2": null, "end2": null, "altitudeMode2": null, "tessellate2": -1, "extrude2": 0, "visibility2": -1, "drawOrder2": null, "icon2": null, "OBJECTID": 28, "OID_": 0, "ZONE": 6, "DIVISION": 66, "LAT": 13.1142342, "LONG_": 80.2214813 }, "geometry": { "type": "Point", "coordinates": [ 80.2214813, 13.1142342 ] } },
{ "type": "Feature", "properties": { "id": null, "Name": "SRP. Koil Street", "description": null, "timestamp": null, "begin": null, "end": null, "altitudeMode": null, "tessellate": -1, "extrude": 0, "visibility": -1, "drawOrder": null, "icon": null, "timestamp2": null, "begin2": null, "end2": null, "altitudeMode2": null, "tessellate2": -1, "extrude2": 0, "visibility2": -1, "drawOrder2": null, "icon2": null, "OBJECTID": 29, "OID_": 0, "ZONE": 6, "DIVISION": 67, "LAT": 13.1175361, "LONG_": 80.2249789 }, "geometry": { "type": "Point", "coordinates": [ 80.2249789, 13.1175361 ] } },
{ "type": "Feature", "properties": { "id": null, "Name": "GKM Colony", "description": null, "timestamp": null, "begin": null, "end": null, "altitudeMode": null, "tessellate": -1, "extrude": 0, "visibility": -1, "drawOrder": null, "icon": null, "timestamp2": null, "begin2": null, "end2": null, "altitudeMode2": null, "tessellate2": -1, "extrude2": 0, "visibility2": -1, "drawOrder2": null, "icon2": null, "OBJECTID": 30, "OID_": 0, "ZONE": 6, "DIVISION": 67, "LAT": 13.1107233, "LONG_": 80.2250004 }, "geometry": { "type": "Point", "coordinates": [ 80.2250004, 13.1107233 ] } },
{ "type": "Feature", "properties": { "id": null, "Name": "Pallavan Salai", "description": null, "timestamp": null, "begin": null, "end": null, "altitudeMode": null, "tessellate": -1, "extrude": 0, "visibility": -1, "drawOrder": null, "icon": null, "timestamp2": null, "begin2": null, "end2": null, "altitudeMode2": null, "tessellate2": -1, "extrude2": 0, "visibility2": -1, "drawOrder2": null, "icon2": null, "OBJECTID": 31, "OID_": 0, "ZONE": 6, "DIVISION": 68, "LAT": 13.1209006, "LONG_": 80.2333689 }, "geometry": { "type": "Point", "coordinates": [ 80.2333689, 13.1209006 ] } },
{ "type": "Feature", "properties": { "id": null, "Name": "M.H.Road", "description": null, "timestamp": null, "begin": null, "end": null, "altitudeMode": null, "tessellate": -1, "extrude": 0, "visibility": -1, "drawOrder": null, "icon": null, "timestamp2": null, "begin2": null, "end2": null, "altitudeMode2": null, "tessellate2": -1, "extrude2": 0, "visibility2": -1, "drawOrder2": null, "icon2": null, "OBJECTID": 32, "OID_": 0, "ZONE": 6, "DIVISION": 69, "LAT": 13.1226142, "LONG_": 80.2425098 }, "geometry": { "type": "Point", "coordinates": [ 80.2425098, 13.1226142 ] } },
{ "type": "Feature", "properties": { "id": null, "Name": "Bunder Garden Street", "description": null, "timestamp": null, "begin": null, "end": null, "altitudeMode": null, "tessellate": -1, "extrude": 0, "visibility": -1, "drawOrder": null, "icon": null, "timestamp2": null, "begin2": null, "end2": null, "altitudeMode2": null, "tessellate2": -1, "extrude2": 0, "visibility2": -1, "drawOrder2": null, "icon2": null, "OBJECTID": 33, "OID_": 0, "ZONE": 6, "DIVISION": 69, "LAT": 13.1112039, "LONG_": 80.2419949 }, "geometry": { "type": "Point", "coordinates": [ 80.2419949, 13.1112039 ] } },
{ "type": "Feature", "properties": { "id": null, "Name": "Ragavan Street", "description": null, "timestamp": null, "begin": null, "end": null, "altitudeMode": null, "tessellate": -1, "extrude": 0, "visibility": -1, "drawOrder": null, "icon": null, "timestamp2": null, "begin2": null, "end2": null, "altitudeMode2": null, "tessellate2": -1, "extrude2": 0, "visibility2": -1, "drawOrder2": null, "icon2": null, "OBJECTID": 34, "OID_": 0, "ZONE": 6, "DIVISION": 69, "LAT": 13.1132311, "LONG_": 80.2401388 }, "geometry": { "type": "Point", "coordinates": [ 80.2401388, 13.1132311 ] } },
{ "type": "Feature", "properties": { "id": null, "Name": "Jawahar Road", "description": null, "timestamp": null, "begin": null, "end": null, "altitudeMode": null, "tessellate": -1, "extrude": 0, "visibility": -1, "drawOrder": null, "icon": null, "timestamp2": null, "begin2": null, "end2": null, "altitudeMode2": null, "tessellate2": -1, "extrude2": 0, "visibility2": -1, "drawOrder2": null, "icon2": null, "OBJECTID": 35, "OID_": 0, "ZONE": 6, "DIVISION": 69, "LAT": 13.1198139, "LONG_": 80.2450097 }, "geometry": { "type": "Point", "coordinates": [ 80.2450097, 13.1198139 ] } },
{ "type": "Feature", "properties": { "id": null, "Name": "Anderson Road", "description": null, "timestamp": null, "begin": null, "end": null, "altitudeMode": null, "tessellate": -1, "extrude": 0, "visibility": -1, "drawOrder": null, "icon": null, "timestamp2": null, "begin2": null, "end2": null, "altitudeMode2": null, "tessellate2": -1, "extrude2": 0, "visibility2": -1, "drawOrder2": null, "icon2": null, "OBJECTID": 36, "OID_": 0, "ZONE": 6, "DIVISION": 69, "LAT": 13.0992289, "LONG_": 80.2427029 }, "geometry": { "type": "Point", "coordinates": [ 80.2427029, 13.0992289 ] } },
{ "type": "Feature", "properties": { "id": null, "Name": "Shanthi Nagar", "description": null, "timestamp": null, "begin": null, "end": null, "altitudeMode": null, "tessellate": -1, "extrude": 0, "visibility": -1, "drawOrder": null, "icon": null, "timestamp2": null, "begin2": null, "end2": null, "altitudeMode2": null, "tessellate2": -1, "extrude2": 0, "visibility2": -1, "drawOrder2": null, "icon2": null, "OBJECTID": 37, "OID_": 0, "ZONE": 6, "DIVISION": 69, "LAT": 13.1190616, "LONG_": 80.2413511 }, "geometry": { "type": "Point", "coordinates": [ 80.2413511, 13.1190616 ] } },
{ "type": "Feature", "properties": { "id": null, "Name": "Aynavaram Ganambal Garden", "description": null, "timestamp": null, "begin": null, "end": null, "altitudeMode": null, "tessellate": -1, "extrude": 0, "visibility": -1, "drawOrder": null, "icon": null, "timestamp2": null, "begin2": null, "end2": null, "altitudeMode2": null, "tessellate2": -1, "extrude2": 0, "visibility2": -1, "drawOrder2": null, "icon2": null, "OBJECTID": 38, "OID_": 0, "ZONE": 6, "DIVISION": 69, "LAT": 13.099255, "LONG_": 80.2355844 }, "geometry": { "type": "Point", "coordinates": [ 80.2355844, 13.099255 ] } },
{ "type": "Feature", "properties": { "id": null, "Name": "K.H.Road", "description": null, "timestamp": null, "begin": null, "end": null, "altitudeMode": null, "tessellate": -1, "extrude": 0, "visibility": -1, "drawOrder": null, "icon": null, "timestamp2": null, "begin2": null, "end2": null, "altitudeMode2": null, "tessellate2": -1, "extrude2": 0, "visibility2": -1, "drawOrder2": null, "icon2": null, "OBJECTID": 39, "OID_": 0, "ZONE": 6, "DIVISION": 71, "LAT": 13.0970345, "LONG_": 80.2457714 }, "geometry": { "type": "Point", "coordinates": [ 80.2457714, 13.0970345 ] } },
{ "type": "Feature", "properties": { "id": null, "Name": "C.Y.S Road", "description": null, "timestamp": null, "begin": null, "end": null, "altitudeMode": null, "tessellate": -1, "extrude": 0, "visibility": -1, "drawOrder": null, "icon": null, "timestamp2": null, "begin2": null, "end2": null, "altitudeMode2": null, "tessellate2": -1, "extrude2": 0, "visibility2": -1, "drawOrder2": null, "icon2": null, "OBJECTID": 40, "OID_": 0, "ZONE": 6, "DIVISION": 71, "LAT": 13.1047672, "LONG_": 80.245707 }, "geometry": { "type": "Point", "coordinates": [ 80.245707, 13.1047672 ] } },
{ "type": "Feature", "properties": { "id": null, "Name": "Jothi Nagar", "description": null, "timestamp": null, "begin": null, "end": null, "altitudeMode": null, "tessellate": -1, "extrude": 0, "visibility": -1, "drawOrder": null, "icon": null, "timestamp2": null, "begin2": null, "end2": null, "altitudeMode2": null, "tessellate2": -1, "extrude2": 0, "visibility2": -1, "drawOrder2": null, "icon2": null, "OBJECTID": 41, "OID_": 0, "ZONE": 6, "DIVISION": 71, "LAT": 13.1032834, "LONG_": 80.245825 }, "geometry": { "type": "Point", "coordinates": [ 80.245825, 13.1032834 ] } },
{ "type": "Feature", "properties": { "id": null, "Name": "Raju Ganthi Nagar", "description": null, "timestamp": null, "begin": null, "end": null, "altitudeMode": null, "tessellate": -1, "extrude": 0, "visibility": -1, "drawOrder": null, "icon": null, "timestamp2": null, "begin2": null, "end2": null, "altitudeMode2": null, "tessellate2": -1, "extrude2": 0, "visibility2": -1, "drawOrder2": null, "icon2": null, "OBJECTID": 42, "OID_": 0, "ZONE": 6, "DIVISION": 71, "LAT": 13.1061047, "LONG_": 80.2433681 }, "geometry": { "type": "Point", "coordinates": [ 80.2433681, 13.1061047 ] } },
{ "type": "Feature", "properties": { "id": null, "Name": "Semethamman Koil Street", "description": null, "timestamp": null, "begin": null, "end": null, "altitudeMode": null, "tessellate": -1, "extrude": 0, "visibility": -1, "drawOrder": null, "icon": null, "timestamp2": null, "begin2": null, "end2": null, "altitudeMode2": null, "tessellate2": -1, "extrude2": 0, "visibility2": -1, "drawOrder2": null, "icon2": null, "OBJECTID": 43, "OID_": 0, "ZONE": 6, "DIVISION": 71, "LAT": 13.1060525, "LONG_": 80.2442372 }, "geometry": { "type": "Point", "coordinates": [ 80.2442372, 13.1060525 ] } },
{ "type": "Feature", "properties": { "id": null, "Name": "Thiru.Vi.ka Salai", "description": null, "timestamp": null, "begin": null, "end": null, "altitudeMode": null, "tessellate": -1, "extrude": 0, "visibility": -1, "drawOrder": null, "icon": null, "timestamp2": null, "begin2": null, "end2": null, "altitudeMode2": null, "tessellate2": -1, "extrude2": 0, "visibility2": -1, "drawOrder2": null, "icon2": null, "OBJECTID": 509, "OID_": 0, "ZONE": 9, "DIVISION": 121, "LAT": 13.04261793, "LONG_": 80.26795758 }, "geometry": { "type": "Point", "coordinates": [ 80.2679576, 13.0426179 ] } },
{ "type": "Feature", "properties": { "id": null, "Name": "Marina Service Road", "description": null, "timestamp": null, "begin": null, "end": null, "altitudeMode": null, "tessellate": -1, "extrude": 0, "visibility": -1, "drawOrder": null, "icon": null, "timestamp2": null, "begin2": null, "end2": null, "altitudeMode2": null, "tessellate2": -1, "extrude2": 0, "visibility2": -1, "drawOrder2": null, "icon2": null, "OBJECTID": 510, "OID_": 0, "ZONE": 9, "DIVISION": 121, "LAT": 13.04473285, "LONG_": 80.28043159000001 }, "geometry": { "type": "Point", "coordinates": [ 80.2804316, 13.0447328 ] } },
{ "type": "Feature", "properties": { "id": null, "Name": "Chamiers Road", "description": null, "timestamp": null, "begin": null, "end": null, "altitudeMode": null, "tessellate": -1, "extrude": 0, "visibility": -1, "drawOrder": null, "icon": null, "timestamp2": null, "begin2": null, "end2": null, "altitudeMode2": null, "tessellate2": -1, "extrude2": 0, "visibility2": -1, "drawOrder2": null, "icon2": null, "OBJECTID": 511, "OID_": 0, "ZONE": 9, "DIVISION": 122, "LAT": 13.0291358, "LONG_": 80.24802475 }, "geometry": { "type": "Point", "coordinates": [ 80.2480248, 13.0291358 ] } },
{ "type": "Feature", "properties": { "id": null, "Name": "Seethamal colony 2nd main road", "description": null, "timestamp": null, "begin": null, "end": null, "altitudeMode": null, "tessellate": -1, "extrude": 0, "visibility": -1, "drawOrder": null, "icon": null, "timestamp2": null, "begin2": null, "end2": null, "altitudeMode2": null, "tessellate2": -1, "extrude2": 0, "visibility2": -1, "drawOrder2": null, "icon2": null, "OBJECTID": 512, "OID_": 0, "ZONE": 9, "DIVISION": 122, "LAT": 13.03456264, "LONG_": 80.24791258 }, "geometry": { "type": "Point", "coordinates": [ 80.2479126, 13.0345626 ] } },
{ "type": "Feature", "properties": { "id": null, "Name": "K.B. Dasan Road", "description": null, "timestamp": null, "begin": null, "end": null, "altitudeMode": null, "tessellate": -1, "extrude": 0, "visibility": -1, "drawOrder": null, "icon": null, "timestamp2": null, "begin2": null, "end2": null, "altitudeMode2": null, "tessellate2": -1, "extrude2": 0, "visibility2": -1, "drawOrder2": null, "icon2": null, "OBJECTID": 513, "OID_": 0, "ZONE": 9, "DIVISION": 122, "LAT": 13.03532936, "LONG_": 80.2502733 }, "geometry": { "type": "Point", "coordinates": [ 80.2502733, 13.0353294 ] } },
{ "type": "Feature", "properties": { "id": null, "Name": "Trunbulls Road", "description": null, "timestamp": null, "begin": null, "end": null, "altitudeMode": null, "tessellate": -1, "extrude": 0, "visibility": -1, "drawOrder": null, "icon": null, "timestamp2": null, "begin2": null, "end2": null, "altitudeMode2": null, "tessellate2": -1, "extrude2": 0, "visibility2": -1, "drawOrder2": null, "icon2": null, "OBJECTID": 514, "OID_": 0, "ZONE": 9, "DIVISION": 122, "LAT": 13.02747749, "LONG_": 80.24496885000001 }, "geometry": { "type": "Point", "coordinates": [ 80.2449688, 13.0274775 ] } },
{ "type": "Feature", "properties": { "id": null, "Name": "Ranga street", "description": null, "timestamp": null, "begin": null, "end": null, "altitudeMode": null, "tessellate": -1, "extrude": 0, "visibility": -1, "drawOrder": null, "icon": null, "timestamp2": null, "begin2": null, "end2": null, "altitudeMode2": null, "tessellate2": -1, "extrude2": 0, "visibility2": -1, "drawOrder2": null, "icon2": null, "OBJECTID": 515, "OID_": 0, "ZONE": 9, "DIVISION": 122, "LAT": 13.03478654, "LONG_": 80.24467513 }, "geometry": { "type": "Point", "coordinates": [ 80.2446751, 13.0347865 ] } },
{ "type": "Feature", "properties": { "id": null, "Name": "Seethamal colony 1st main road", "description": null, "timestamp": null, "begin": null, "end": null, "altitudeMode": null, "tessellate": -1, "extrude": 0, "visibility": -1, "drawOrder": null, "icon": null, "timestamp2": null, "begin2": null, "end2": null, "altitudeMode2": null, "tessellate2": -1, "extrude2": 0, "visibility2": -1, "drawOrder2": null, "icon2": null, "OBJECTID": 516, "OID_": 0, "ZONE": 9, "DIVISION": 123, "LAT": 13.03554865, "LONG_": 80.25354291 }, "geometry": { "type": "Point", "coordinates": [ 80.2535429, 13.0355487 ] } },
{ "type": "Feature", "properties": { "id": null, "Name": "Eldams Road", "description": null, "timestamp": null, "begin": null, "end": null, "altitudeMode": null, "tessellate": -1, "extrude": 0, "visibility": -1, "drawOrder": null, "icon": null, "timestamp2": null, "begin2": null, "end2": null, "altitudeMode2": null, "tessellate2": -1, "extrude2": 0, "visibility2": -1, "drawOrder2": null, "icon2": null, "OBJECTID": 517, "OID_": 0, "ZONE": 9, "DIVISION": 123, "LAT": 13.03868075, "LONG_": 80.25211982 }, "geometry": { "type": "Point", "coordinates": [ 80.2521198, 13.0386808 ] } },
{ "type": "Feature", "properties": { "id": null, "Name": "Seethammal Road", "description": null, "timestamp": null, "begin": null, "end": null, "altitudeMode": null, "tessellate": -1, "extrude": 0, "visibility": -1, "drawOrder": null, "icon": null, "timestamp2": null, "begin2": null, "end2": null, "altitudeMode2": null, "tessellate2": -1, "extrude2": 0, "visibility2": -1, "drawOrder2": null, "icon2": null, "OBJECTID": 518, "OID_": 0, "ZONE": 9, "DIVISION": 123, "LAT": 13.03671259, "LONG_": 80.25394254 }, "geometry": { "type": "Point", "coordinates": [ 80.2539425, 13.0367126 ] } },
{ "type": "Feature", "properties": { "id": null, "Name": "Kutcheri Road", "description": null, "timestamp": null, "begin": null, "end": null, "altitudeMode": null, "tessellate": -1, "extrude": 0, "visibility": -1, "drawOrder": null, "icon": null, "timestamp2": null, "begin2": null, "end2": null, "altitudeMode2": null, "tessellate2": -1, "extrude2": 0, "visibility2": -1, "drawOrder2": null, "icon2": null, "OBJECTID": 519, "OID_": 0, "ZONE": 9, "DIVISION": 124, "LAT": 13.03605042, "LONG_": 80.26921326 }, "geometry": { "type": "Point", "coordinates": [ 80.2692133, 13.0360504 ] } },
{ "type": "Feature", "properties": { "id": null, "Name": "Sundharam Salai", "description": null, "timestamp": null, "begin": null, "end": null, "altitudeMode": null, "tessellate": -1, "extrude": 0, "visibility": -1, "drawOrder": null, "icon": null, "timestamp2": null, "begin2": null, "end2": null, "altitudeMode2": null, "tessellate2": -1, "extrude2": 0, "visibility2": -1, "drawOrder2": null, "icon2": null, "OBJECTID": 520, "OID_": 0, "ZONE": 9, "DIVISION": 124, "LAT": 13.02206013, "LONG_": 80.25121994 }, "geometry": { "type": "Point", "coordinates": [ 80.2512199, 13.0220601 ] } },
{ "type": "Feature", "properties": { "id": null, "Name": "V.C.Garden Street", "description": null, "timestamp": null, "begin": null, "end": null, "altitudeMode": null, "tessellate": -1, "extrude": 0, "visibility": -1, "drawOrder": null, "icon": null, "timestamp2": null, "begin2": null, "end2": null, "altitudeMode2": null, "tessellate2": -1, "extrude2": 0, "visibility2": -1, "drawOrder2": null, "icon2": null, "OBJECTID": 521, "OID_": 0, "ZONE": 9, "DIVISION": 124, "LAT": 13.03050347, "LONG_": 80.26394529 }, "geometry": { "type": "Point", "coordinates": [ 80.2639453, 13.0305035 ] } },
{ "type": "Feature", "properties": { "id": null, "Name": "Thiyagaraya Puram", "description": null, "timestamp": null, "begin": null, "end": null, "altitudeMode": null, "tessellate": -1, "extrude": 0, "visibility": -1, "drawOrder": null, "icon": null, "timestamp2": null, "begin2": null, "end2": null, "altitudeMode2": null, "tessellate2": -1, "extrude2": 0, "visibility2": -1, "drawOrder2": null, "icon2": null, "OBJECTID": 522, "OID_": 0, "ZONE": 9, "DIVISION": 124, "LAT": 13.03829527, "LONG_": 80.27344406 }, "geometry": { "type": "Point", "coordinates": [ 80.2734441, 13.0382953 ] } },
{ "type": "Feature", "properties": { "id": null, "Name": "R.K.Mutt Road", "description": null, "timestamp": null, "begin": null, "end": null, "altitudeMode": null, "tessellate": -1, "extrude": 0, "visibility": -1, "drawOrder": null, "icon": null, "timestamp2": null, "begin2": null, "end2": null, "altitudeMode2": null, "tessellate2": -1, "extrude2": 0, "visibility2": -1, "drawOrder2": null, "icon2": null, "OBJECTID": 523, "OID_": 0, "ZONE": 9, "DIVISION": 124, "LAT": 13.03299819, "LONG_": 80.26772069 }, "geometry": { "type": "Point", "coordinates": [ 80.2677207, 13.0329982 ] } },
{ "type": "Feature", "properties": { "id": null, "Name": "Papanasam Sivan Road", "description": null, "timestamp": null, "begin": null, "end": null, "altitudeMode": null, "tessellate": -1, "extrude": 0, "visibility": -1, "drawOrder": null, "icon": null, "timestamp2": null, "begin2": null, "end2": null, "altitudeMode2": null, "tessellate2": -1, "extrude2": 0, "visibility2": -1, "drawOrder2": null, "icon2": null, "OBJECTID": 524, "OID_": 0, "ZONE": 9, "DIVISION": 125, "LAT": 13.03580499, "LONG_": 80.2755362 }, "geometry": { "type": "Point", "coordinates": [ 80.2755362, 13.035805 ] } },
{ "type": "Feature", "properties": { "id": null, "Name": "Santhome High Road", "description": null, "timestamp": null, "begin": null, "end": null, "altitudeMode": null, "tessellate": -1, "extrude": 0, "visibility": -1, "drawOrder": null, "icon": null, "timestamp2": null, "begin2": null, "end2": null, "altitudeMode2": null, "tessellate2": -1, "extrude2": 0, "visibility2": -1, "drawOrder2": null, "icon2": null, "OBJECTID": 525, "OID_": 0, "ZONE": 9, "DIVISION": 125, "LAT": 13.02993283, "LONG_": 80.27675248 }, "geometry": { "type": "Point", "coordinates": [ 80.2767525, 13.0299328 ] } },
{ "type": "Feature", "properties": { "id": null, "Name": "R.K.Salai", "description": null, "timestamp": null, "begin": null, "end": null, "altitudeMode": null, "tessellate": -1, "extrude": 0, "visibility": -1, "drawOrder": null, "icon": null, "timestamp2": null, "begin2": null, "end2": null, "altitudeMode2": null, "tessellate2": -1, "extrude2": 0, "visibility2": -1, "drawOrder2": null, "icon2": null, "OBJECTID": 526, "OID_": 0, "ZONE": 9, "DIVISION": 125, "LAT": 13.04332516, "LONG_": 80.27734218000001 }, "geometry": { "type": "Point", "coordinates": [ 80.2773422, 13.0433252 ] } },
{ "type": "Feature", "properties": { "id": null, "Name": "M.G.R.Salai", "description": null, "timestamp": null, "begin": null, "end": null, "altitudeMode": null, "tessellate": -1, "extrude": 0, "visibility": -1, "drawOrder": null, "icon": null, "timestamp2": null, "begin2": null, "end2": null, "altitudeMode2": null, "tessellate2": -1, "extrude2": 0, "visibility2": -1, "drawOrder2": null, "icon2": null, "OBJECTID": 527, "OID_": 0, "ZONE": 9, "DIVISION": 125, "LAT": 13.03442178, "LONG_": 80.27302413 }, "geometry": { "type": "Point", "coordinates": [ 80.2730241, 13.0344218 ] } },
{ "type": "Feature", "properties": { "id": null, "Name": "Mandeveli bus depot", "description": null, "timestamp": null, "begin": null, "end": null, "altitudeMode": null, "tessellate": -1, "extrude": 0, "visibility": -1, "drawOrder": null, "icon": null, "timestamp2": null, "begin2": null, "end2": null, "altitudeMode2": null, "tessellate2": -1, "extrude2": 0, "visibility2": -1, "drawOrder2": null, "icon2": null, "OBJECTID": 528, "OID_": 0, "ZONE": 9, "DIVISION": 125, "LAT": 13.0263818, "LONG_": 80.26616827 }, "geometry": { "type": "Point", "coordinates": [ 80.2661683, 13.0263818 ] } },
{ "type": "Feature", "properties": { "id": null, "Name": "Sundershwarer Swamy Street", "description": null, "timestamp": null, "begin": null, "end": null, "altitudeMode": null, "tessellate": -1, "extrude": 0, "visibility": -1, "drawOrder": null, "icon": null, "timestamp2": null, "begin2": null, "end2": null, "altitudeMode2": null, "tessellate2": -1, "extrude2": 0, "visibility2": -1, "drawOrder2": null, "icon2": null, "OBJECTID": 529, "OID_": 0, "ZONE": 9, "DIVISION": 125, "LAT": 13.0324181, "LONG_": 80.2715835 }, "geometry": { "type": "Point", "coordinates": [ 80.2715835, 13.0324181 ] } },
{ "type": "Feature", "properties": { "id": null, "Name": "Pattinam pakkam Road", "description": null, "timestamp": null, "begin": null, "end": null, "altitudeMode": null, "tessellate": -1, "extrude": 0, "visibility": -1, "drawOrder": null, "icon": null, "timestamp2": null, "begin2": null, "end2": null, "altitudeMode2": null, "tessellate2": -1, "extrude2": 0, "visibility2": -1, "drawOrder2": null, "icon2": null, "OBJECTID": 530, "OID_": 0, "ZONE": 9, "DIVISION": 126, "LAT": 13.02538752, "LONG_": 80.27605521 }, "geometry": { "type": "Point", "coordinates": [ 80.2760552, 13.0253875 ] } },
{ "type": "Feature", "properties": { "id": null, "Name": "Venkata krishna Road", "description": null, "timestamp": null, "begin": null, "end": null, "altitudeMode": null, "tessellate": -1, "extrude": 0, "visibility": -1, "drawOrder": null, "icon": null, "timestamp2": null, "begin2": null, "end2": null, "altitudeMode2": null, "tessellate2": -1, "extrude2": 0, "visibility2": -1, "drawOrder2": null, "icon2": null, "OBJECTID": 531, "OID_": 0, "ZONE": 9, "DIVISION": 126, "LAT": 13.02666861, "LONG_": 80.26294107 }, "geometry": { "type": "Point", "coordinates": [ 80.2629411, 13.0266686 ] } },
{ "type": "Feature", "properties": { "id": null, "Name": "Devanathen street", "description": null, "timestamp": null, "begin": null, "end": null, "altitudeMode": null, "tessellate": -1, "extrude": 0, "visibility": -1, "drawOrder": null, "icon": null, "timestamp2": null, "begin2": null, "end2": null, "altitudeMode2": null, "tessellate2": -1, "extrude2": 0, "visibility2": -1, "drawOrder2": null, "icon2": null, "OBJECTID": 532, "OID_": 0, "ZONE": 9, "DIVISION": 126, "LAT": 13.0282986, "LONG_": 80.26376018000001 }, "geometry": { "type": "Point", "coordinates": [ 80.2637602, 13.0282986 ] } },
{ "type": "Feature", "properties": { "id": null, "Name": "Santhome High Road", "description": null, "timestamp": null, "begin": null, "end": null, "altitudeMode": null, "tessellate": -1, "extrude": 0, "visibility": -1, "drawOrder": null, "icon": null, "timestamp2": null, "begin2": null, "end2": null, "altitudeMode2": null, "tessellate2": -1, "extrude2": 0, "visibility2": -1, "drawOrder2": null, "icon2": null, "OBJECTID": 533, "OID_": 0, "ZONE": 9, "DIVISION": 126, "LAT": 13.02592884, "LONG_": 80.27518017 }, "geometry": { "type": "Point", "coordinates": [ 80.2751802, 13.0259288 ] } },
{ "type": "Feature", "properties": { "id": null, "Name": "KALIAMMAN KOIL STREET", "description": null, "timestamp": null, "begin": null, "end": null, "altitudeMode": null, "tessellate": -1, "extrude": 0, "visibility": -1, "drawOrder": null, "icon": null, "timestamp2": null, "begin2": null, "end2": null, "altitudeMode2": null, "tessellate2": -1, "extrude2": 0, "visibility2": -1, "drawOrder2": null, "icon2": null, "OBJECTID": 534, "OID_": 0, "ZONE": 10, "DIVISION": 127, "LAT": 13.06034458, "LONG_": 80.19579938 }, "geometry": { "type": "Point", "coordinates": [ 80.1957994, 13.0603446 ] } },
{ "type": "Feature", "properties": { "id": null, "Name": "JAI NAGAR", "description": null, "timestamp": null, "begin": null, "end": null, "altitudeMode": null, "tessellate": -1, "extrude": 0, "visibility": -1, "drawOrder": null, "icon": null, "timestamp2": null, "begin2": null, "end2": null, "altitudeMode2": null, "tessellate2": -1, "extrude2": 0, "visibility2": -1, "drawOrder2": null, "icon2": null, "OBJECTID": 535, "OID_": 0, "ZONE": 10, "DIVISION": 127, "LAT": 13.07008603, "LONG_": 80.20641609 }, "geometry": { "type": "Point", "coordinates": [ 80.2064161, 13.070086 ] } },
{ "type": "Feature", "properties": { "id": null, "Name": "RAGAVENDRA COLONY", "description": null, "timestamp": null, "begin": null, "end": null, "altitudeMode": null, "tessellate": -1, "extrude": 0, "visibility": -1, "drawOrder": null, "icon": null, "timestamp2": null, "begin2": null, "end2": null, "altitudeMode2": null, "tessellate2": -1, "extrude2": 0, "visibility2": -1, "drawOrder2": null, "icon2": null, "OBJECTID": 536, "OID_": 0, "ZONE": 10, "DIVISION": 127, "LAT": 13.05974407, "LONG_": 80.19466273 }, "geometry": { "type": "Point", "coordinates": [ 80.1946627, 13.0597441 ] } },
{ "type": "Feature", "properties": { "id": null, "Name": "SRINIVASA NAGAR", "description": null, "timestamp": null, "begin": null, "end": null, "altitudeMode": null, "tessellate": -1, "extrude": 0, "visibility": -1, "drawOrder": null, "icon": null, "timestamp2": null, "begin2": null, "end2": null, "altitudeMode2": null, "tessellate2": -1, "extrude2": 0, "visibility2": -1, "drawOrder2": null, "icon2": null, "OBJECTID": 537, "OID_": 0, "ZONE": 10, "DIVISION": 127, "LAT": 13.07112643, "LONG_": 80.19636501 }, "geometry": { "type": "Point", "coordinates": [ 80.196365, 13.0711264 ] } },
{ "type": "Feature", "properties": { "id": null, "Name": "NEW COLONY", "description": null, "timestamp": null, "begin": null, "end": null, "altitudeMode": null, "tessellate": -1, "extrude": 0, "visibility": -1, "drawOrder": null, "icon": null, "timestamp2": null, "begin2": null, "end2": null, "altitudeMode2": null, "tessellate2": -1, "extrude2": 0, "visibility2": -1, "drawOrder2": null, "icon2": null, "OBJECTID": 538, "OID_": 0, "ZONE": 10, "DIVISION": 127, "LAT": 13.048318, "LONG_": 80.1868668 }, "geometry": { "type": "Point", "coordinates": [ 80.1868668, 13.048318 ] } },
{ "type": "Feature", "properties": { "id": null, "Name": "SRI IYAPPA NAGAR", "description": null, "timestamp": null, "begin": null, "end": null, "altitudeMode": null, "tessellate": -1, "extrude": 0, "visibility": -1, "drawOrder": null, "icon": null, "timestamp2": null, "begin2": null, "end2": null, "altitudeMode2": null, "tessellate2": -1, "extrude2": 0, "visibility2": -1, "drawOrder2": null, "icon2": null, "OBJECTID": 539, "OID_": 0, "ZONE": 10, "DIVISION": 127, "LAT": 13.06368208, "LONG_": 80.19730727 }, "geometry": { "type": "Point", "coordinates": [ 80.1973073, 13.0636821 ] } },
{ "type": "Feature", "properties": { "id": null, "Name": "KULASEKARAPURAM", "description": null, "timestamp": null, "begin": null, "end": null, "altitudeMode": null, "tessellate": -1, "extrude": 0, "visibility": -1, "drawOrder": null, "icon": null, "timestamp2": null, "begin2": null, "end2": null, "altitudeMode2": null, "tessellate2": -1, "extrude2": 0, "visibility2": -1, "drawOrder2": null, "icon2": null, "OBJECTID": 540, "OID_": 0, "ZONE": 10, "DIVISION": 127, "LAT": 13.062329, "LONG_": 80.2033719 }, "geometry": { "type": "Point", "coordinates": [ 80.2033719, 13.062329 ] } },
{ "type": "Feature", "properties": { "id": null, "Name": "ARUNACHALAM ROAD", "description": null, "timestamp": null, "begin": null, "end": null, "altitudeMode": null, "tessellate": -1, "extrude": 0, "visibility": -1, "drawOrder": null, "icon": null, "timestamp2": null, "begin2": null, "end2": null, "altitudeMode2": null, "tessellate2": -1, "extrude2": 0, "visibility2": -1, "drawOrder2": null, "icon2": null, "OBJECTID": 541, "OID_": 0, "ZONE": 10, "DIVISION": 129, "LAT": 13.05373429, "LONG_": 80.20409624 }, "geometry": { "type": "Point", "coordinates": [ 80.2040962, 13.0537343 ] } },
{ "type": "Feature", "properties": { "id": null, "Name": "ABUSALI SALAI", "description": null, "timestamp": null, "begin": null, "end": null, "altitudeMode": null, "tessellate": -1, "extrude": 0, "visibility": -1, "drawOrder": null, "icon": null, "timestamp2": null, "begin2": null, "end2": null, "altitudeMode2": null, "tessellate2": -1, "extrude2": 0, "visibility2": -1, "drawOrder2": null, "icon2": null, "OBJECTID": 542, "OID_": 0, "ZONE": 10, "DIVISION": 129, "LAT": 13.0492, "LONG_": 80.199106 }, "geometry": { "type": "Point", "coordinates": [ 80.199106, 13.0492 ] } },
{ "type": "Feature", "properties": { "id": null, "Name": "BALAJI NAGAR", "description": null, "timestamp": null, "begin": null, "end": null, "altitudeMode": null, "tessellate": -1, "extrude": 0, "visibility": -1, "drawOrder": null, "icon": null, "timestamp2": null, "begin2": null, "end2": null, "altitudeMode2": null, "tessellate2": -1, "extrude2": 0, "visibility2": -1, "drawOrder2": null, "icon2": null, "OBJECTID": 543, "OID_": 0, "ZONE": 10, "DIVISION": 129, "LAT": 13.05662722, "LONG_": 80.19833973 }, "geometry": { "type": "Point", "coordinates": [ 80.1983397, 13.0566272 ] } },
{ "type": "Feature", "properties": { "id": null, "Name": "THIRUVALLUVAR STREET", "description": null, "timestamp": null, "begin": null, "end": null, "altitudeMode": null, "tessellate": -1, "extrude": 0, "visibility": -1, "drawOrder": null, "icon": null, "timestamp2": null, "begin2": null, "end2": null, "altitudeMode2": null, "tessellate2": -1, "extrude2": 0, "visibility2": -1, "drawOrder2": null, "icon2": null, "OBJECTID": 544, "OID_": 0, "ZONE": 10, "DIVISION": 129, "LAT": 13.05941874, "LONG_": 80.20806168 }, "geometry": { "type": "Point", "coordinates": [ 80.2080617, 13.0594187 ] } },
{ "type": "Feature", "properties": { "id": null, "Name": "Mathiazhaghan Nagar", "description": null, "timestamp": null, "begin": null, "end": null, "altitudeMode": null, "tessellate": -1, "extrude": 0, "visibility": -1, "drawOrder": null, "icon": null, "timestamp2": null, "begin2": null, "end2": null, "altitudeMode2": null, "tessellate2": -1, "extrude2": 0, "visibility2": -1, "drawOrder2": null, "icon2": null, "OBJECTID": 545, "OID_": 0, "ZONE": 10, "DIVISION": 129, "LAT": 13.05684719, "LONG_": 80.20109158 }, "geometry": { "type": "Point", "coordinates": [ 80.2010916, 13.0568472 ] } },
{ "type": "Feature", "properties": { "id": null, "Name": "PERIYAR NAGAR", "description": null, "timestamp": null, "begin": null, "end": null, "altitudeMode": null, "tessellate": -1, "extrude": 0, "visibility": -1, "drawOrder": null, "icon": null, "timestamp2": null, "begin2": null, "end2": null, "altitudeMode2": null, "tessellate2": -1, "extrude2": 0, "visibility2": -1, "drawOrder2": null, "icon2": null, "OBJECTID": 546, "OID_": 0, "ZONE": 10, "DIVISION": 128, "LAT": 13.03511669, "LONG_": 80.19005763 }, "geometry": { "type": "Point", "coordinates": [ 80.1900576, 13.0351167 ] } },
{ "type": "Feature", "properties": { "id": null, "Name": "KALIAMMAN KOIL STREET", "description": null, "timestamp": null, "begin": null, "end": null, "altitudeMode": null, "tessellate": -1, "extrude": 0, "visibility": -1, "drawOrder": null, "icon": null, "timestamp2": null, "begin2": null, "end2": null, "altitudeMode2": null, "tessellate2": -1, "extrude2": 0, "visibility2": -1, "drawOrder2": null, "icon2": null, "OBJECTID": 547, "OID_": 0, "ZONE": 10, "DIVISION": 128, "LAT": 13.05341146, "LONG_": 80.19235242000001 }, "geometry": { "type": "Point", "coordinates": [ 80.1923524, 13.0534115 ] } },
{ "type": "Feature", "properties": { "id": null, "Name": "ELANGO NAGAR", "description": null, "timestamp": null, "begin": null, "end": null, "altitudeMode": null, "tessellate": -1, "extrude": 0, "visibility": -1, "drawOrder": null, "icon": null, "timestamp2": null, "begin2": null, "end2": null, "altitudeMode2": null, "tessellate2": -1, "extrude2": 0, "visibility2": -1, "drawOrder2": null, "icon2": null, "OBJECTID": 548, "OID_": 0, "ZONE": 10, "DIVISION": 128, "LAT": 13.05421152, "LONG_": 80.19099039 }, "geometry": { "type": "Point", "coordinates": [ 80.1909904, 13.0542115 ] } },
{ "type": "Feature", "properties": { "id": null, "Name": "Saratha Nagar", "description": null, "timestamp": null, "begin": null, "end": null, "altitudeMode": null, "tessellate": -1, "extrude": 0, "visibility": -1, "drawOrder": null, "icon": null, "timestamp2": null, "begin2": null, "end2": null, "altitudeMode2": null, "tessellate2": -1, "extrude2": 0, "visibility2": -1, "drawOrder2": null, "icon2": null, "OBJECTID": 549, "OID_": 0, "ZONE": 10, "DIVISION": 128, "LAT": 13.0482825, "LONG_": 80.19483198 }, "geometry": { "type": "Point", "coordinates": [ 80.194832, 13.0482825 ] } },
{ "type": "Feature", "properties": { "id": null, "Name": "Tarachand Nagar", "description": null, "timestamp": null, "begin": null, "end": null, "altitudeMode": null, "tessellate": -1, "extrude": 0, "visibility": -1, "drawOrder": null, "icon": null, "timestamp2": null, "begin2": null, "end2": null, "altitudeMode2": null, "tessellate2": -1, "extrude2": 0, "visibility2": -1, "drawOrder2": null, "icon2": null, "OBJECTID": 550, "OID_": 0, "ZONE": 10, "DIVISION": 128, "LAT": 13.05482914, "LONG_": 80.19492252000001 }, "geometry": { "type": "Point", "coordinates": [ 80.1949225, 13.0548291 ] } },
{ "type": "Feature", "properties": { "id": null, "Name": "CRR PURAM", "description": null, "timestamp": null, "begin": null, "end": null, "altitudeMode": null, "tessellate": -1, "extrude": 0, "visibility": -1, "drawOrder": null, "icon": null, "timestamp2": null, "begin2": null, "end2": null, "altitudeMode2": null, "tessellate2": -1, "extrude2": 0, "visibility2": -1, "drawOrder2": null, "icon2": null, "OBJECTID": 551, "OID_": 0, "ZONE": 10, "DIVISION": 128, "LAT": 13.05363518, "LONG_": 80.19186566 }, "geometry": { "type": "Point", "coordinates": [ 80.1918657, 13.0536352 ] } },
{ "type": "Feature", "properties": { "id": null, "Name": "Sathya Moorthy Nagar Main Road", "description": null, "timestamp": null, "begin": null, "end": null, "altitudeMode": null, "tessellate": -1, "extrude": 0, "visibility": -1, "drawOrder": null, "icon": null, "timestamp2": null, "begin2": null, "end2": null, "altitudeMode2": null, "tessellate2": -1, "extrude2": 0, "visibility2": -1, "drawOrder2": null, "icon2": null, "OBJECTID": 216, "OID_": 0, "ZONE": 4, "DIVISION": 46, "LAT": 13.1151746, "LONG_": 80.26577 }, "geometry": { "type": "Point", "coordinates": [ 80.26577, 13.1151746 ] } },
{ "type": "Feature", "properties": { "id": null, "Name": "DBK Street", "description": null, "timestamp": null, "begin": null, "end": null, "altitudeMode": null, "tessellate": -1, "extrude": 0, "visibility": -1, "drawOrder": null, "icon": null, "timestamp2": null, "begin2": null, "end2": null, "altitudeMode2": null, "tessellate2": -1, "extrude2": 0, "visibility2": -1, "drawOrder2": null, "icon2": null, "OBJECTID": 217, "OID_": 0, "ZONE": 4, "DIVISION": 48, "LAT": 13.1124265, "LONG_": 80.2789235 }, "geometry": { "type": "Point", "coordinates": [ 80.2789235, 13.1124265 ] } },
{ "type": "Feature", "properties": { "id": null, "Name": "Partha Sarathy St", "description": null, "timestamp": null, "begin": null, "end": null, "altitudeMode": null, "tessellate": -1, "extrude": 0, "visibility": -1, "drawOrder": null, "icon": null, "timestamp2": null, "begin2": null, "end2": null, "altitudeMode2": null, "tessellate2": -1, "extrude2": 0, "visibility2": -1, "drawOrder2": null, "icon2": null, "OBJECTID": 218, "OID_": 0, "ZONE": 4, "DIVISION": 48, "LAT": 13.1130064, "LONG_": 80.2794009 }, "geometry": { "type": "Point", "coordinates": [ 80.2794009, 13.1130064 ] } },
{ "type": "Feature", "properties": { "id": null, "Name": "Renuka Devi Amman Street", "description": null, "timestamp": null, "begin": null, "end": null, "altitudeMode": null, "tessellate": -1, "extrude": 0, "visibility": -1, "drawOrder": null, "icon": null, "timestamp2": null, "begin2": null, "end2": null, "altitudeMode2": null, "tessellate2": -1, "extrude2": 0, "visibility2": -1, "drawOrder2": null, "icon2": null, "OBJECTID": 219, "OID_": 0, "ZONE": 4, "DIVISION": 45, "LAT": 13.11349232, "LONG_": 80.25977019 }, "geometry": { "type": "Point", "coordinates": [ 80.2597702, 13.1134923 ] } },
{ "type": "Feature", "properties": { "id": null, "Name": "Sathya Moorthy Nagar 24th Block", "description": null, "timestamp": null, "begin": null, "end": null, "altitudeMode": null, "tessellate": -1, "extrude": 0, "visibility": -1, "drawOrder": null, "icon": null, "timestamp2": null, "begin2": null, "end2": null, "altitudeMode2": null, "tessellate2": -1, "extrude2": 0, "visibility2": -1, "drawOrder2": null, "icon2": null, "OBJECTID": 220, "OID_": 0, "ZONE": 4, "DIVISION": 46, "LAT": 13.11836427, "LONG_": 80.26725716 }, "geometry": { "type": "Point", "coordinates": [ 80.2672572, 13.1183643 ] } },
{ "type": "Feature", "properties": { "id": null, "Name": "T.H.Road (Dr.Vijayaragavalu road)", "description": null, "timestamp": null, "begin": null, "end": null, "altitudeMode": null, "tessellate": -1, "extrude": 0, "visibility": -1, "drawOrder": null, "icon": null, "timestamp2": null, "begin2": null, "end2": null, "altitudeMode2": null, "tessellate2": -1, "extrude2": 0, "visibility2": -1, "drawOrder2": null, "icon2": null, "OBJECTID": 221, "OID_": 0, "ZONE": 5, "DIVISION": 53, "LAT": 13.109505, "LONG_": 80.280189 }, "geometry": { "type": "Point", "coordinates": [ 80.280189, 13.109505 ] } },
{ "type": "Feature", "properties": { "id": null, "Name": "North wall road", "description": null, "timestamp": null, "begin": null, "end": null, "altitudeMode": null, "tessellate": -1, "extrude": 0, "visibility": -1, "drawOrder": null, "icon": null, "timestamp2": null, "begin2": null, "end2": null, "altitudeMode2": null, "tessellate2": -1, "extrude2": 0, "visibility2": -1, "drawOrder2": null, "icon2": null, "OBJECTID": 222, "OID_": 0, "ZONE": 5, "DIVISION": 53, "LAT": 13.1049, "LONG_": 80.278287 }, "geometry": { "type": "Point", "coordinates": [ 80.278287, 13.1049 ] } },
{ "type": "Feature", "properties": { "id": null, "Name": "C.B.Road", "description": null, "timestamp": null, "begin": null, "end": null, "altitudeMode": null, "tessellate": -1, "extrude": 0, "visibility": -1, "drawOrder": null, "icon": null, "timestamp2": null, "begin2": null, "end2": null, "altitudeMode2": null, "tessellate2": -1, "extrude2": 0, "visibility2": -1, "drawOrder2": null, "icon2": null, "OBJECTID": 223, "OID_": 0, "ZONE": 5, "DIVISION": 53, "LAT": 13.108109, "LONG_": 80.272756 }, "geometry": { "type": "Point", "coordinates": [ 80.272756, 13.108109 ] } },
{ "type": "Feature", "properties": { "id": null, "Name": "Thirupali St", "description": null, "timestamp": null, "begin": null, "end": null, "altitudeMode": null, "tessellate": -1, "extrude": 0, "visibility": -1, "drawOrder": null, "icon": null, "timestamp2": null, "begin2": null, "end2": null, "altitudeMode2": null, "tessellate2": -1, "extrude2": 0, "visibility2": -1, "drawOrder2": null, "icon2": null, "OBJECTID": 224, "OID_": 0, "ZONE": 5, "DIVISION": 54, "LAT": 13.096947, "LONG_": 80.278098 }, "geometry": { "type": "Point", "coordinates": [ 80.278098, 13.096947 ] } },
{ "type": "Feature", "properties": { "id": null, "Name": "Amman Koil Street", "description": null, "timestamp": null, "begin": null, "end": null, "altitudeMode": null, "tessellate": -1, "extrude": 0, "visibility": -1, "drawOrder": null, "icon": null, "timestamp2": null, "begin2": null, "end2": null, "altitudeMode2": null, "tessellate2": -1, "extrude2": 0, "visibility2": -1, "drawOrder2": null, "icon2": null, "OBJECTID": 225, "OID_": 0, "ZONE": 5, "DIVISION": 54, "LAT": 13.099034, "LONG_": 80.278402 }, "geometry": { "type": "Point", "coordinates": [ 80.278402, 13.099034 ] } },
{ "type": "Feature", "properties": { "id": null, "Name": "Waltax road", "description": null, "timestamp": null, "begin": null, "end": null, "altitudeMode": null, "tessellate": -1, "extrude": 0, "visibility": -1, "drawOrder": null, "icon": null, "timestamp2": null, "begin2": null, "end2": null, "altitudeMode2": null, "tessellate2": -1, "extrude2": 0, "visibility2": -1, "drawOrder2": null, "icon2": null, "OBJECTID": 226, "OID_": 0, "ZONE": 5, "DIVISION": 54, "LAT": 13.097865, "LONG_": 80.275282 }, "geometry": { "type": "Point", "coordinates": [ 80.275282, 13.097865 ] } },
{ "type": "Feature", "properties": { "id": null, "Name": "chakarai chety st.", "description": null, "timestamp": null, "begin": null, "end": null, "altitudeMode": null, "tessellate": -1, "extrude": 0, "visibility": -1, "drawOrder": null, "icon": null, "timestamp2": null, "begin2": null, "end2": null, "altitudeMode2": null, "tessellate2": -1, "extrude2": 0, "visibility2": -1, "drawOrder2": null, "icon2": null, "OBJECTID": 227, "OID_": 0, "ZONE": 5, "DIVISION": 54, "LAT": 13.100457, "LONG_": 80.27627 }, "geometry": { "type": "Point", "coordinates": [ 80.27627, 13.100457 ] } },
{ "type": "Feature", "properties": { "id": null, "Name": "Kennte Lane", "description": null, "timestamp": null, "begin": null, "end": null, "altitudeMode": null, "tessellate": -1, "extrude": 0, "visibility": -1, "drawOrder": null, "icon": null, "timestamp2": null, "begin2": null, "end2": null, "altitudeMode2": null, "tessellate2": -1, "extrude2": 0, "visibility2": -1, "drawOrder2": null, "icon2": null, "OBJECTID": 228, "OID_": 0, "ZONE": 5, "DIVISION": 61, "LAT": 13.076115, "LONG_": 80.262524 }, "geometry": { "type": "Point", "coordinates": [ 80.262524, 13.076115 ] } },
{ "type": "Feature", "properties": { "id": null, "Name": "Santhosh Nagar", "description": null, "timestamp": null, "begin": null, "end": null, "altitudeMode": null, "tessellate": -1, "extrude": 0, "visibility": -1, "drawOrder": null, "icon": null, "timestamp2": null, "begin2": null, "end2": null, "altitudeMode2": null, "tessellate2": -1, "extrude2": 0, "visibility2": -1, "drawOrder2": null, "icon2": null, "OBJECTID": 229, "OID_": 0, "ZONE": 5, "DIVISION": 61, "LAT": 13.078419, "LONG_": 80.255893 }, "geometry": { "type": "Point", "coordinates": [ 80.255893, 13.078419 ] } },
{ "type": "Feature", "properties": { "id": null, "Name": "Ethiraj lane", "description": null, "timestamp": null, "begin": null, "end": null, "altitudeMode": null, "tessellate": -1, "extrude": 0, "visibility": -1, "drawOrder": null, "icon": null, "timestamp2": null, "begin2": null, "end2": null, "altitudeMode2": null, "tessellate2": -1, "extrude2": 0, "visibility2": -1, "drawOrder2": null, "icon2": null, "OBJECTID": 230, "OID_": 0, "ZONE": 5, "DIVISION": 61, "LAT": 13.066778, "LONG_": 80.257305 }, "geometry": { "type": "Point", "coordinates": [ 80.257305, 13.066778 ] } },
{ "type": "Feature", "properties": { "id": null, "Name": "Ambedkar Colony", "description": null, "timestamp": null, "begin": null, "end": null, "altitudeMode": null, "tessellate": -1, "extrude": 0, "visibility": -1, "drawOrder": null, "icon": null, "timestamp2": null, "begin2": null, "end2": null, "altitudeMode2": null, "tessellate2": -1, "extrude2": 0, "visibility2": -1, "drawOrder2": null, "icon2": null, "OBJECTID": 231, "OID_": 0, "ZONE": 10, "DIVISION": 138, "LAT": 13.03298001, "LONG_": 80.20897012 }, "geometry": { "type": "Point", "coordinates": [ 80.2089701, 13.03298 ] } },
{ "type": "Feature", "properties": { "id": null, "Name": "Bharathidasan Colony main raod", "description": null, "timestamp": null, "begin": null, "end": null, "altitudeMode": null, "tessellate": -1, "extrude": 0, "visibility": -1, "drawOrder": null, "icon": null, "timestamp2": null, "begin2": null, "end2": null, "altitudeMode2": null, "tessellate2": -1, "extrude2": 0, "visibility2": -1, "drawOrder2": null, "icon2": null, "OBJECTID": 232, "OID_": 0, "ZONE": 10, "DIVISION": 138, "LAT": 13.03268601, "LONG_": 80.20505386000001 }, "geometry": { "type": "Point", "coordinates": [ 80.2050539, 13.032686 ] } },
{ "type": "Feature", "properties": { "id": null, "Name": "GOVINDAN ROAD", "description": null, "timestamp": null, "begin": null, "end": null, "altitudeMode": null, "tessellate": -1, "extrude": 0, "visibility": -1, "drawOrder": null, "icon": null, "timestamp2": null, "begin2": null, "end2": null, "altitudeMode2": null, "tessellate2": -1, "extrude2": 0, "visibility2": -1, "drawOrder2": null, "icon2": null, "OBJECTID": 233, "OID_": 0, "ZONE": 10, "DIVISION": 140, "LAT": 13.03133411, "LONG_": 80.22267975 }, "geometry": { "type": "Point", "coordinates": [ 80.2226798, 13.0313341 ] } },
{ "type": "Feature", "properties": { "id": null, "Name": "K.R.KOIL STREET", "description": null, "timestamp": null, "begin": null, "end": null, "altitudeMode": null, "tessellate": -1, "extrude": 0, "visibility": -1, "drawOrder": null, "icon": null, "timestamp2": null, "begin2": null, "end2": null, "altitudeMode2": null, "tessellate2": -1, "extrude2": 0, "visibility2": -1, "drawOrder2": null, "icon2": null, "OBJECTID": 234, "OID_": 0, "ZONE": 10, "DIVISION": 140, "LAT": 13.03198027, "LONG_": 80.22557525000001 }, "geometry": { "type": "Point", "coordinates": [ 80.2255753, 13.0319803 ] } },
{ "type": "Feature", "properties": { "id": null, "Name": "Jothiramalingam Nagar", "description": null, "timestamp": null, "begin": null, "end": null, "altitudeMode": null, "tessellate": -1, "extrude": 0, "visibility": -1, "drawOrder": null, "icon": null, "timestamp2": null, "begin2": null, "end2": null, "altitudeMode2": null, "tessellate2": -1, "extrude2": 0, "visibility2": -1, "drawOrder2": null, "icon2": null, "OBJECTID": 235, "OID_": 0, "ZONE": 10, "DIVISION": 140, "LAT": 13.03263874, "LONG_": 80.22331122 }, "geometry": { "type": "Point", "coordinates": [ 80.2233112, 13.0326387 ] } },
{ "type": "Feature", "properties": { "id": null, "Name": "Ellaiamman Koil Street", "description": null, "timestamp": null, "begin": null, "end": null, "altitudeMode": null, "tessellate": -1, "extrude": 0, "visibility": -1, "drawOrder": null, "icon": null, "timestamp2": null, "begin2": null, "end2": null, "altitudeMode2": null, "tessellate2": -1, "extrude2": 0, "visibility2": -1, "drawOrder2": null, "icon2": null, "OBJECTID": 236, "OID_": 0, "ZONE": 10, "DIVISION": 140, "LAT": 13.03357182, "LONG_": 80.22476397 }, "geometry": { "type": "Point", "coordinates": [ 80.224764, 13.0335718 ] } },
{ "type": "Feature", "properties": { "id": null, "Name": "SOUTH WEST BOAG ROAD", "description": null, "timestamp": null, "begin": null, "end": null, "altitudeMode": null, "tessellate": -1, "extrude": 0, "visibility": -1, "drawOrder": null, "icon": null, "timestamp2": null, "begin2": null, "end2": null, "altitudeMode2": null, "tessellate2": -1, "extrude2": 0, "visibility2": -1, "drawOrder2": null, "icon2": null, "OBJECTID": 237, "OID_": 0, "ZONE": 10, "DIVISION": 141, "LAT": 13.03098071, "LONG_": 80.23202533 }, "geometry": { "type": "Point", "coordinates": [ 80.2320253, 13.0309807 ] } },
{ "type": "Feature", "properties": { "id": null, "Name": "JEENIS ROAD", "description": null, "timestamp": null, "begin": null, "end": null, "altitudeMode": null, "tessellate": -1, "extrude": 0, "visibility": -1, "drawOrder": null, "icon": null, "timestamp2": null, "begin2": null, "end2": null, "altitudeMode2": null, "tessellate2": -1, "extrude2": 0, "visibility2": -1, "drawOrder2": null, "icon2": null, "OBJECTID": 238, "OID_": 0, "ZONE": 10, "DIVISION": 142, "LAT": 13.02073201, "LONG_": 80.22440627 }, "geometry": { "type": "Point", "coordinates": [ 80.2244063, 13.020732 ] } },
{ "type": "Feature", "properties": { "id": null, "Name": "Diwan Bashyam Street", "description": null, "timestamp": null, "begin": null, "end": null, "altitudeMode": null, "tessellate": -1, "extrude": 0, "visibility": -1, "drawOrder": null, "icon": null, "timestamp2": null, "begin2": null, "end2": null, "altitudeMode2": null, "tessellate2": -1, "extrude2": 0, "visibility2": -1, "drawOrder2": null, "icon2": null, "OBJECTID": 239, "OID_": 0, "ZONE": 10, "DIVISION": 142, "LAT": 13.02334477, "LONG_": 80.2190414 }, "geometry": { "type": "Point", "coordinates": [ 80.2190414, 13.0233448 ] } },
{ "type": "Feature", "properties": { "id": null, "Name": "THIRUVALLUVAR STREET", "description": null, "timestamp": null, "begin": null, "end": null, "altitudeMode": null, "tessellate": -1, "extrude": 0, "visibility": -1, "drawOrder": null, "icon": null, "timestamp2": null, "begin2": null, "end2": null, "altitudeMode2": null, "tessellate2": -1, "extrude2": 0, "visibility2": -1, "drawOrder2": null, "icon2": null, "OBJECTID": 240, "OID_": 0, "ZONE": 10, "DIVISION": 142, "LAT": 13.02744429, "LONG_": 80.21825071000001 }, "geometry": { "type": "Point", "coordinates": [ 80.2182507, 13.0274443 ] } },
{ "type": "Feature", "properties": { "id": null, "Name": "POSTAL COLONY 1ST STREET", "description": null, "timestamp": null, "begin": null, "end": null, "altitudeMode": null, "tessellate": -1, "extrude": 0, "visibility": -1, "drawOrder": null, "icon": null, "timestamp2": null, "begin2": null, "end2": null, "altitudeMode2": null, "tessellate2": -1, "extrude2": 0, "visibility2": -1, "drawOrder2": null, "icon2": null, "OBJECTID": 241, "OID_": 0, "ZONE": 10, "DIVISION": 135, "LAT": 13.03702281, "LONG_": 80.21974167 }, "geometry": { "type": "Point", "coordinates": [ 80.2197417, 13.0370228 ] } },
{ "type": "Feature", "properties": { "id": null, "Name": "POSTAL COLONY 3RD STREET", "description": null, "timestamp": null, "begin": null, "end": null, "altitudeMode": null, "tessellate": -1, "extrude": 0, "visibility": -1, "drawOrder": null, "icon": null, "timestamp2": null, "begin2": null, "end2": null, "altitudeMode2": null, "tessellate2": -1, "extrude2": 0, "visibility2": -1, "drawOrder2": null, "icon2": null, "OBJECTID": 242, "OID_": 0, "ZONE": 10, "DIVISION": 135, "LAT": 13.03593486, "LONG_": 80.21967573000001 }, "geometry": { "type": "Point", "coordinates": [ 80.2196757, 13.0359349 ] } },
{ "type": "Feature", "properties": { "id": null, "Name": "G.N.Chetty road", "description": null, "timestamp": null, "begin": null, "end": null, "altitudeMode": null, "tessellate": -1, "extrude": 0, "visibility": -1, "drawOrder": null, "icon": null, "timestamp2": null, "begin2": null, "end2": null, "altitudeMode2": null, "tessellate2": -1, "extrude2": 0, "visibility2": -1, "drawOrder2": null, "icon2": null, "OBJECTID": 243, "OID_": 0, "ZONE": 10, "DIVISION": 136, "LAT": 13.04280607, "LONG_": 80.23622587 }, "geometry": { "type": "Point", "coordinates": [ 80.2362259, 13.0428061 ] } },
{ "type": "Feature", "properties": { "id": null, "Name": "ALAGIRI NAGAR 4TH street", "description": null, "timestamp": null, "begin": null, "end": null, "altitudeMode": null, "tessellate": -1, "extrude": 0, "visibility": -1, "drawOrder": null, "icon": null, "timestamp2": null, "begin2": null, "end2": null, "altitudeMode2": null, "tessellate2": -1, "extrude2": 0, "visibility2": -1, "drawOrder2": null, "icon2": null, "OBJECTID": 244, "OID_": 0, "ZONE": 10, "DIVISION": 130, "LAT": 13.05682077, "LONG_": 80.21354754 }, "geometry": { "type": "Point", "coordinates": [ 80.2135475, 13.0568208 ] } },
{ "type": "Feature", "properties": { "id": null, "Name": "ALAGIRI NAGAR 3RD street", "description": null, "timestamp": null, "begin": null, "end": null, "altitudeMode": null, "tessellate": -1, "extrude": 0, "visibility": -1, "drawOrder": null, "icon": null, "timestamp2": null, "begin2": null, "end2": null, "altitudeMode2": null, "tessellate2": -1, "extrude2": 0, "visibility2": -1, "drawOrder2": null, "icon2": null, "OBJECTID": 245, "OID_": 0, "ZONE": 10, "DIVISION": 130, "LAT": 13.05625564, "LONG_": 80.2137022 }, "geometry": { "type": "Point", "coordinates": [ 80.2137022, 13.0562556 ] } },
{ "type": "Feature", "properties": { "id": null, "Name": "ALAGIRI NAGAR  5TH street", "description": null, "timestamp": null, "begin": null, "end": null, "altitudeMode": null, "tessellate": -1, "extrude": 0, "visibility": -1, "drawOrder": null, "icon": null, "timestamp2": null, "begin2": null, "end2": null, "altitudeMode2": null, "tessellate2": -1, "extrude2": 0, "visibility2": -1, "drawOrder2": null, "icon2": null, "OBJECTID": 246, "OID_": 0, "ZONE": 10, "DIVISION": 130, "LAT": 13.05707358, "LONG_": 80.21370815 }, "geometry": { "type": "Point", "coordinates": [ 80.2137082, 13.0570736 ] } },
{ "type": "Feature", "properties": { "id": null, "Name": "Devaraj Nagar", "description": null, "timestamp": null, "begin": null, "end": null, "altitudeMode": null, "tessellate": -1, "extrude": 0, "visibility": -1, "drawOrder": null, "icon": null, "timestamp2": null, "begin2": null, "end2": null, "altitudeMode2": null, "tessellate2": -1, "extrude2": 0, "visibility2": -1, "drawOrder2": null, "icon2": null, "OBJECTID": 247, "OID_": 0, "ZONE": 10, "DIVISION": 129, "LAT": 13.05935536, "LONG_": 80.20288927 }, "geometry": { "type": "Point", "coordinates": [ 80.2028893, 13.0593554 ] } },
{ "type": "Feature", "properties": { "id": null, "Name": "K.K.ROAD", "description": null, "timestamp": null, "begin": null, "end": null, "altitudeMode": null, "tessellate": -1, "extrude": 0, "visibility": -1, "drawOrder": null, "icon": null, "timestamp2": null, "begin2": null, "end2": null, "altitudeMode2": null, "tessellate2": -1, "extrude2": 0, "visibility2": -1, "drawOrder2": null, "icon2": null, "OBJECTID": 248, "OID_": 0, "ZONE": 10, "DIVISION": 129, "LAT": 13.05749837, "LONG_": 80.20184833 }, "geometry": { "type": "Point", "coordinates": [ 80.2018483, 13.0574984 ] } },
{ "type": "Feature", "properties": { "id": null, "Name": "ALAGIRI NAGAR 2ND street", "description": null, "timestamp": null, "begin": null, "end": null, "altitudeMode": null, "tessellate": -1, "extrude": 0, "visibility": -1, "drawOrder": null, "icon": null, "timestamp2": null, "begin2": null, "end2": null, "altitudeMode2": null, "tessellate2": -1, "extrude2": 0, "visibility2": -1, "drawOrder2": null, "icon2": null, "OBJECTID": 249, "OID_": 0, "ZONE": 10, "DIVISION": 130, "LAT": 13.05657092, "LONG_": 80.21369923 }, "geometry": { "type": "Point", "coordinates": [ 80.2136992, 13.0565709 ] } },
{ "type": "Feature", "properties": { "id": null, "Name": "VGN NAGAR", "description": null, "timestamp": null, "begin": null, "end": null, "altitudeMode": null, "tessellate": -1, "extrude": 0, "visibility": -1, "drawOrder": null, "icon": null, "timestamp2": null, "begin2": null, "end2": null, "altitudeMode2": null, "tessellate2": -1, "extrude2": 0, "visibility2": -1, "drawOrder2": null, "icon2": null, "OBJECTID": 250, "OID_": 0, "ZONE": 11, "DIVISION": 143, "LAT": 13.0771905, "LONG_": 80.16458855 }, "geometry": { "type": "Point", "coordinates": [ 80.1645885, 13.0771905 ] } },
{ "type": "Feature", "properties": { "id": null, "Name": "Sriram Nagar Main Road", "description": null, "timestamp": null, "begin": null, "end": null, "altitudeMode": null, "tessellate": -1, "extrude": 0, "visibility": -1, "drawOrder": null, "icon": null, "timestamp2": null, "begin2": null, "end2": null, "altitudeMode2": null, "tessellate2": -1, "extrude2": 0, "visibility2": -1, "drawOrder2": null, "icon2": null, "OBJECTID": 251, "OID_": 0, "ZONE": 11, "DIVISION": 143, "LAT": 13.07336124, "LONG_": 80.16730821 }, "geometry": { "type": "Point", "coordinates": [ 80.1673082, 13.0733612 ] } },
{ "type": "Feature", "properties": { "id": null, "Name": "Poonamallee High Road", "description": null, "timestamp": null, "begin": null, "end": null, "altitudeMode": null, "tessellate": -1, "extrude": 0, "visibility": -1, "drawOrder": null, "icon": null, "timestamp2": null, "begin2": null, "end2": null, "altitudeMode2": null, "tessellate2": -1, "extrude2": 0, "visibility2": -1, "drawOrder2": null, "icon2": null, "OBJECTID": 252, "OID_": 0, "ZONE": 11, "DIVISION": 144, "LAT": 13.06748908, "LONG_": 80.1772957 }, "geometry": { "type": "Point", "coordinates": [ 80.1772957, 13.0674891 ] } },
{ "type": "Feature", "properties": { "id": null, "Name": "MMDA Colony 4th Block", "description": null, "timestamp": null, "begin": null, "end": null, "altitudeMode": null, "tessellate": -1, "extrude": 0, "visibility": -1, "drawOrder": null, "icon": null, "timestamp2": null, "begin2": null, "end2": null, "altitudeMode2": null, "tessellate2": -1, "extrude2": 0, "visibility2": -1, "drawOrder2": null, "icon2": null, "OBJECTID": 253, "OID_": 0, "ZONE": 11, "DIVISION": 144, "LAT": 13.06328477, "LONG_": 80.17546227 }, "geometry": { "type": "Point", "coordinates": [ 80.1754623, 13.0632848 ] } },
{ "type": "Feature", "properties": { "id": null, "Name": "MMDA Colony 5th Block", "description": null, "timestamp": null, "begin": null, "end": null, "altitudeMode": null, "tessellate": -1, "extrude": 0, "visibility": -1, "drawOrder": null, "icon": null, "timestamp2": null, "begin2": null, "end2": null, "altitudeMode2": null, "tessellate2": -1, "extrude2": 0, "visibility2": -1, "drawOrder2": null, "icon2": null, "OBJECTID": 254, "OID_": 0, "ZONE": 11, "DIVISION": 144, "LAT": 13.06396871, "LONG_": 80.17527297 }, "geometry": { "type": "Point", "coordinates": [ 80.175273, 13.0639687 ] } },
{ "type": "Feature", "properties": { "id": null, "Name": "Pallavan nagar", "description": null, "timestamp": null, "begin": null, "end": null, "altitudeMode": null, "tessellate": -1, "extrude": 0, "visibility": -1, "drawOrder": null, "icon": null, "timestamp2": null, "begin2": null, "end2": null, "altitudeMode2": null, "tessellate2": -1, "extrude2": 0, "visibility2": -1, "drawOrder2": null, "icon2": null, "OBJECTID": 255, "OID_": 0, "ZONE": 11, "DIVISION": 145, "LAT": 13.0696016, "LONG_": 80.1840192 }, "geometry": { "type": "Point", "coordinates": [ 80.1840192, 13.0696016 ] } },
{ "type": "Feature", "properties": { "id": null, "Name": "Azhagammal Nagar 8th Street", "description": null, "timestamp": null, "begin": null, "end": null, "altitudeMode": null, "tessellate": -1, "extrude": 0, "visibility": -1, "drawOrder": null, "icon": null, "timestamp2": null, "begin2": null, "end2": null, "altitudeMode2": null, "tessellate2": -1, "extrude2": 0, "visibility2": -1, "drawOrder2": null, "icon2": null, "OBJECTID": 256, "OID_": 0, "ZONE": 11, "DIVISION": 145, "LAT": 13.0631635, "LONG_": 80.18643315 }, "geometry": { "type": "Point", "coordinates": [ 80.1864332, 13.0631635 ] } },
{ "type": "Feature", "properties": { "id": null, "Name": "Azhagammal Nagar 7th Street", "description": null, "timestamp": null, "begin": null, "end": null, "altitudeMode": null, "tessellate": -1, "extrude": 0, "visibility": -1, "drawOrder": null, "icon": null, "timestamp2": null, "begin2": null, "end2": null, "altitudeMode2": null, "tessellate2": -1, "extrude2": 0, "visibility2": -1, "drawOrder2": null, "icon2": null, "OBJECTID": 257, "OID_": 0, "ZONE": 11, "DIVISION": 145, "LAT": 13.06160018, "LONG_": 80.18047303 }, "geometry": { "type": "Point", "coordinates": [ 80.180473, 13.0616002 ] } },
{ "type": "Feature", "properties": { "id": null, "Name": "Vembuliamman Koil Street", "description": null, "timestamp": null, "begin": null, "end": null, "altitudeMode": null, "tessellate": -1, "extrude": 0, "visibility": -1, "drawOrder": null, "icon": null, "timestamp2": null, "begin2": null, "end2": null, "altitudeMode2": null, "tessellate2": -1, "extrude2": 0, "visibility2": -1, "drawOrder2": null, "icon2": null, "OBJECTID": 258, "OID_": 0, "ZONE": 11, "DIVISION": 143, "LAT": 13.07644657, "LONG_": 80.16724229 }, "geometry": { "type": "Point", "coordinates": [ 80.1672423, 13.0764466 ] } },
{ "type": "Feature", "properties": { "id": null, "Name": "Muniappa Nagar 2nd Street", "description": null, "timestamp": null, "begin": null, "end": null, "altitudeMode": null, "tessellate": -1, "extrude": 0, "visibility": -1, "drawOrder": null, "icon": null, "timestamp2": null, "begin2": null, "end2": null, "altitudeMode2": null, "tessellate2": -1, "extrude2": 0, "visibility2": -1, "drawOrder2": null, "icon2": null, "OBJECTID": 259, "OID_": 0, "ZONE": 11, "DIVISION": 145, "LAT": 13.05951653, "LONG_": 80.18701884 }, "geometry": { "type": "Point", "coordinates": [ 80.1870188, 13.0595165 ] } },
{ "type": "Feature", "properties": { "id": null, "Name": "Krishna Nagar Main Road", "description": null, "timestamp": null, "begin": null, "end": null, "altitudeMode": null, "tessellate": -1, "extrude": 0, "visibility": -1, "drawOrder": null, "icon": null, "timestamp2": null, "begin2": null, "end2": null, "altitudeMode2": null, "tessellate2": -1, "extrude2": 0, "visibility2": -1, "drawOrder2": null, "icon2": null, "OBJECTID": 260, "OID_": 0, "ZONE": 11, "DIVISION": 145, "LAT": 13.06214314, "LONG_": 80.1837167 }, "geometry": { "type": "Point", "coordinates": [ 80.1837167, 13.0621431 ] } },
{ "type": "Feature", "properties": { "id": null, "Name": "NT Patel Road MGR Salai", "description": null, "timestamp": null, "begin": null, "end": null, "altitudeMode": null, "tessellate": -1, "extrude": 0, "visibility": -1, "drawOrder": null, "icon": null, "timestamp2": null, "begin2": null, "end2": null, "altitudeMode2": null, "tessellate2": -1, "extrude2": 0, "visibility2": -1, "drawOrder2": null, "icon2": null, "OBJECTID": 261, "OID_": 0, "ZONE": 11, "DIVISION": 145, "LAT": 13.06163083, "LONG_": 80.18265748 }, "geometry": { "type": "Point", "coordinates": [ 80.1826575, 13.0616308 ] } },
{ "type": "Feature", "properties": { "id": null, "Name": "MGR Street", "description": null, "timestamp": null, "begin": null, "end": null, "altitudeMode": null, "tessellate": -1, "extrude": 0, "visibility": -1, "drawOrder": null, "icon": null, "timestamp2": null, "begin2": null, "end2": null, "altitudeMode2": null, "tessellate2": -1, "extrude2": 0, "visibility2": -1, "drawOrder2": null, "icon2": null, "OBJECTID": 262, "OID_": 0, "ZONE": 11, "DIVISION": 146, "LAT": 13.05789524, "LONG_": 80.16239929 }, "geometry": { "type": "Point", "coordinates": [ 80.1623993, 13.0578952 ] } },
{ "type": "Feature", "properties": { "id": null, "Name": "Bharathidasan Nagar", "description": null, "timestamp": null, "begin": null, "end": null, "altitudeMode": null, "tessellate": -1, "extrude": 0, "visibility": -1, "drawOrder": null, "icon": null, "timestamp2": null, "begin2": null, "end2": null, "altitudeMode2": null, "tessellate2": -1, "extrude2": 0, "visibility2": -1, "drawOrder2": null, "icon2": null, "OBJECTID": 263, "OID_": 0, "ZONE": 11, "DIVISION": 146, "LAT": 13.04570294, "LONG_": 80.1634641 }, "geometry": { "type": "Point", "coordinates": [ 80.1634641, 13.0457029 ] } },
{ "type": "Feature", "properties": { "id": null, "Name": "Alapakkam Main Road Jn of HP Petrol Bunk", "description": null, "timestamp": null, "begin": null, "end": null, "altitudeMode": null, "tessellate": -1, "extrude": 0, "visibility": -1, "drawOrder": null, "icon": null, "timestamp2": null, "begin2": null, "end2": null, "altitudeMode2": null, "tessellate2": -1, "extrude2": 0, "visibility2": -1, "drawOrder2": null, "icon2": null, "OBJECTID": 264, "OID_": 0, "ZONE": 11, "DIVISION": 147, "LAT": 13.04882291, "LONG_": 80.16602724000001 }, "geometry": { "type": "Point", "coordinates": [ 80.1660272, 13.0488229 ] } },
{ "type": "Feature", "properties": { "id": null, "Name": "Alapakkam Main Road Jn of Meenakshmi School", "description": null, "timestamp": null, "begin": null, "end": null, "altitudeMode": null, "tessellate": -1, "extrude": 0, "visibility": -1, "drawOrder": null, "icon": null, "timestamp2": null, "begin2": null, "end2": null, "altitudeMode2": null, "tessellate2": -1, "extrude2": 0, "visibility2": -1, "drawOrder2": null, "icon2": null, "OBJECTID": 265, "OID_": 0, "ZONE": 11, "DIVISION": 147, "LAT": 13.05321818, "LONG_": 80.16643507000001 }, "geometry": { "type": "Point", "coordinates": [ 80.1664351, 13.0532182 ] } },
{ "type": "Feature", "properties": { "id": null, "Name": "Arcot Road Near Vasanth & Co", "description": null, "timestamp": null, "begin": null, "end": null, "altitudeMode": null, "tessellate": -1, "extrude": 0, "visibility": -1, "drawOrder": null, "icon": null, "timestamp2": null, "begin2": null, "end2": null, "altitudeMode2": null, "tessellate2": -1, "extrude2": 0, "visibility2": -1, "drawOrder2": null, "icon2": null, "OBJECTID": 266, "OID_": 0, "ZONE": 11, "DIVISION": 147, "LAT": 13.03825448, "LONG_": 80.16363823 }, "geometry": { "type": "Point", "coordinates": [ 80.1636382, 13.0382545 ] } },
{ "type": "Feature", "properties": { "id": null, "Name": "Astalakshmi Nagar 3rd Main Road", "description": null, "timestamp": null, "begin": null, "end": null, "altitudeMode": null, "tessellate": -1, "extrude": 0, "visibility": -1, "drawOrder": null, "icon": null, "timestamp2": null, "begin2": null, "end2": null, "altitudeMode2": null, "tessellate2": -1, "extrude2": 0, "visibility2": -1, "drawOrder2": null, "icon2": null, "OBJECTID": 267, "OID_": 0, "ZONE": 11, "DIVISION": 147, "LAT": 13.04675433, "LONG_": 80.16900875 }, "geometry": { "type": "Point", "coordinates": [ 80.1690088, 13.0467543 ] } },
{ "type": "Feature", "properties": { "id": null, "Name": "Astalakshmi Nagar 6th Street", "description": null, "timestamp": null, "begin": null, "end": null, "altitudeMode": null, "tessellate": -1, "extrude": 0, "visibility": -1, "drawOrder": null, "icon": null, "timestamp2": null, "begin2": null, "end2": null, "altitudeMode2": null, "tessellate2": -1, "extrude2": 0, "visibility2": -1, "drawOrder2": null, "icon2": null, "OBJECTID": 268, "OID_": 0, "ZONE": 11, "DIVISION": 147, "LAT": 13.046611, "LONG_": 80.17000504000001 }, "geometry": { "type": "Point", "coordinates": [ 80.170005, 13.046611 ] } },
{ "type": "Feature", "properties": { "id": null, "Name": "Chokanathan 1st Cross Street", "description": null, "timestamp": null, "begin": null, "end": null, "altitudeMode": null, "tessellate": -1, "extrude": 0, "visibility": -1, "drawOrder": null, "icon": null, "timestamp2": null, "begin2": null, "end2": null, "altitudeMode2": null, "tessellate2": -1, "extrude2": 0, "visibility2": -1, "drawOrder2": null, "icon2": null, "OBJECTID": 269, "OID_": 0, "ZONE": 11, "DIVISION": 147, "LAT": 13.06253369, "LONG_": 80.17441812 }, "geometry": { "type": "Point", "coordinates": [ 80.1744181, 13.0625337 ] } },
{ "type": "Feature", "properties": { "id": null, "Name": "Krishna Nagar 3rd Main Road", "description": null, "timestamp": null, "begin": null, "end": null, "altitudeMode": null, "tessellate": -1, "extrude": 0, "visibility": -1, "drawOrder": null, "icon": null, "timestamp2": null, "begin2": null, "end2": null, "altitudeMode2": null, "tessellate2": -1, "extrude2": 0, "visibility2": -1, "drawOrder2": null, "icon2": null, "OBJECTID": 270, "OID_": 0, "ZONE": 11, "DIVISION": 147, "LAT": 13.05058128, "LONG_": 80.16911676 }, "geometry": { "type": "Point", "coordinates": [ 80.1691168, 13.0505813 ] } },
{ "type": "Feature", "properties": { "id": null, "Name": "Astalakshmi Nagar 24th Street", "description": null, "timestamp": null, "begin": null, "end": null, "altitudeMode": null, "tessellate": -1, "extrude": 0, "visibility": -1, "drawOrder": null, "icon": null, "timestamp2": null, "begin2": null, "end2": null, "altitudeMode2": null, "tessellate2": -1, "extrude2": 0, "visibility2": -1, "drawOrder2": null, "icon2": null, "OBJECTID": 271, "OID_": 0, "ZONE": 11, "DIVISION": 147, "LAT": 13.0468611, "LONG_": 80.16658825 }, "geometry": { "type": "Point", "coordinates": [ 80.1665882, 13.0468611 ] } },
{ "type": "Feature", "properties": { "id": null, "Name": "Periyar Nagar", "description": null, "timestamp": null, "begin": null, "end": null, "altitudeMode": null, "tessellate": -1, "extrude": 0, "visibility": -1, "drawOrder": null, "icon": null, "timestamp2": null, "begin2": null, "end2": null, "altitudeMode2": null, "tessellate2": -1, "extrude2": 0, "visibility2": -1, "drawOrder2": null, "icon2": null, "OBJECTID": 272, "OID_": 0, "ZONE": 11, "DIVISION": 148, "LAT": 13.05433675, "LONG_": 80.18574955 }, "geometry": { "type": "Point", "coordinates": [ 80.1857496, 13.0543367 ] } },
{ "type": "Feature", "properties": { "id": null, "Name": "CDN Nagar", "description": null, "timestamp": null, "begin": null, "end": null, "altitudeMode": null, "tessellate": -1, "extrude": 0, "visibility": -1, "drawOrder": null, "icon": null, "timestamp2": null, "begin2": null, "end2": null, "altitudeMode2": null, "tessellate2": -1, "extrude2": 0, "visibility2": -1, "drawOrder2": null, "icon2": null, "OBJECTID": 273, "OID_": 0, "ZONE": 11, "DIVISION": 148, "LAT": 13.06193315, "LONG_": 80.17950008 }, "geometry": { "type": "Point", "coordinates": [ 80.1795001, 13.0619332 ] } },
{ "type": "Feature", "properties": { "id": null, "Name": "Balaji Nagar", "description": null, "timestamp": null, "begin": null, "end": null, "altitudeMode": null, "tessellate": -1, "extrude": 0, "visibility": -1, "drawOrder": null, "icon": null, "timestamp2": null, "begin2": null, "end2": null, "altitudeMode2": null, "tessellate2": -1, "extrude2": 0, "visibility2": -1, "drawOrder2": null, "icon2": null, "OBJECTID": 274, "OID_": 0, "ZONE": 11, "DIVISION": 148, "LAT": 13.05350103, "LONG_": 80.18227342 }, "geometry": { "type": "Point", "coordinates": [ 80.1822734, 13.053501 ] } },
{ "type": "Feature", "properties": { "id": null, "Name": "Anbu nagar", "description": null, "timestamp": null, "begin": null, "end": null, "altitudeMode": null, "tessellate": -1, "extrude": 0, "visibility": -1, "drawOrder": null, "icon": null, "timestamp2": null, "begin2": null, "end2": null, "altitudeMode2": null, "tessellate2": -1, "extrude2": 0, "visibility2": -1, "drawOrder2": null, "icon2": null, "OBJECTID": 275, "OID_": 0, "ZONE": 11, "DIVISION": 148, "LAT": 13.05340753, "LONG_": 80.17949217 }, "geometry": { "type": "Point", "coordinates": [ 80.1794922, 13.0534075 ] } },
{ "type": "Feature", "properties": { "id": null, "Name": "Saraswathi Nagar", "description": null, "timestamp": null, "begin": null, "end": null, "altitudeMode": null, "tessellate": -1, "extrude": 0, "visibility": -1, "drawOrder": null, "icon": null, "timestamp2": null, "begin2": null, "end2": null, "altitudeMode2": null, "tessellate2": -1, "extrude2": 0, "visibility2": -1, "drawOrder2": null, "icon2": null, "OBJECTID": 276, "OID_": 0, "ZONE": 11, "DIVISION": 148, "LAT": 13.05282223, "LONG_": 80.18367186 }, "geometry": { "type": "Point", "coordinates": [ 80.1836719, 13.0528222 ] } },
{ "type": "Feature", "properties": { "id": null, "Name": "Devikarumariyamman Nagar", "description": null, "timestamp": null, "begin": null, "end": null, "altitudeMode": null, "tessellate": -1, "extrude": 0, "visibility": -1, "drawOrder": null, "icon": null, "timestamp2": null, "begin2": null, "end2": null, "altitudeMode2": null, "tessellate2": -1, "extrude2": 0, "visibility2": -1, "drawOrder2": null, "icon2": null, "OBJECTID": 277, "OID_": 0, "ZONE": 11, "DIVISION": 149, "LAT": 13.04353849, "LONG_": 80.17756012 }, "geometry": { "type": "Point", "coordinates": [ 80.1775601, 13.0435385 ] } },
{ "type": "Feature", "properties": { "id": null, "Name": "Palaniyappa Nagar Main Road", "description": null, "timestamp": null, "begin": null, "end": null, "altitudeMode": null, "tessellate": -1, "extrude": 0, "visibility": -1, "drawOrder": null, "icon": null, "timestamp2": null, "begin2": null, "end2": null, "altitudeMode2": null, "tessellate2": -1, "extrude2": 0, "visibility2": -1, "drawOrder2": null, "icon2": null, "OBJECTID": 278, "OID_": 0, "ZONE": 11, "DIVISION": 149, "LAT": 13.04418743, "LONG_": 80.18305442 }, "geometry": { "type": "Point", "coordinates": [ 80.1830544, 13.0441874 ] } },
{ "type": "Feature", "properties": { "id": null, "Name": "Fathima Nagar Park", "description": null, "timestamp": null, "begin": null, "end": null, "altitudeMode": null, "tessellate": -1, "extrude": 0, "visibility": -1, "drawOrder": null, "icon": null, "timestamp2": null, "begin2": null, "end2": null, "altitudeMode2": null, "tessellate2": -1, "extrude2": 0, "visibility2": -1, "drawOrder2": null, "icon2": null, "OBJECTID": 279, "OID_": 0, "ZONE": 11, "DIVISION": 149, "LAT": 13.04327703, "LONG_": 80.18105584 }, "geometry": { "type": "Point", "coordinates": [ 80.1810558, 13.043277 ] } },
{ "type": "Feature", "properties": { "id": null, "Name": "Arcot Road BVR Nagar", "description": null, "timestamp": null, "begin": null, "end": null, "altitudeMode": null, "tessellate": -1, "extrude": 0, "visibility": -1, "drawOrder": null, "icon": null, "timestamp2": null, "begin2": null, "end2": null, "altitudeMode2": null, "tessellate2": -1, "extrude2": 0, "visibility2": -1, "drawOrder2": null, "icon2": null, "OBJECTID": 280, "OID_": 0, "ZONE": 11, "DIVISION": 149, "LAT": 13.05140746, "LONG_": 80.18311144 }, "geometry": { "type": "Point", "coordinates": [ 80.1831114, 13.0514075 ] } },
{ "type": "Feature", "properties": { "id": null, "Name": "Kamatchi Nagar", "description": null, "timestamp": null, "begin": null, "end": null, "altitudeMode": null, "tessellate": -1, "extrude": 0, "visibility": -1, "drawOrder": null, "icon": null, "timestamp2": null, "begin2": null, "end2": null, "altitudeMode2": null, "tessellate2": -1, "extrude2": 0, "visibility2": -1, "drawOrder2": null, "icon2": null, "OBJECTID": 281, "OID_": 0, "ZONE": 11, "DIVISION": 149, "LAT": 13.04472051, "LONG_": 80.17330184 }, "geometry": { "type": "Point", "coordinates": [ 80.1733018, 13.0447205 ] } },
{ "type": "Feature", "properties": { "id": null, "Name": "Velan Nagar", "description": null, "timestamp": null, "begin": null, "end": null, "altitudeMode": null, "tessellate": -1, "extrude": 0, "visibility": -1, "drawOrder": null, "icon": null, "timestamp2": null, "begin2": null, "end2": null, "altitudeMode2": null, "tessellate2": -1, "extrude2": 0, "visibility2": -1, "drawOrder2": null, "icon2": null, "OBJECTID": 282, "OID_": 0, "ZONE": 11, "DIVISION": 149, "LAT": 13.05123596, "LONG_": 80.17879321 }, "geometry": { "type": "Point", "coordinates": [ 80.1787932, 13.051236 ] } },
{ "type": "Feature", "properties": { "id": null, "Name": "Kanagathara Nagar Main Road", "description": null, "timestamp": null, "begin": null, "end": null, "altitudeMode": null, "tessellate": -1, "extrude": 0, "visibility": -1, "drawOrder": null, "icon": null, "timestamp2": null, "begin2": null, "end2": null, "altitudeMode2": null, "tessellate2": -1, "extrude2": 0, "visibility2": -1, "drawOrder2": null, "icon2": null, "OBJECTID": 283, "OID_": 0, "ZONE": 11, "DIVISION": 149, "LAT": 13.04651898, "LONG_": 80.17536159 }, "geometry": { "type": "Point", "coordinates": [ 80.1753616, 13.046519 ] } },
{ "type": "Feature", "properties": { "id": null, "Name": "Gandhi Road", "description": null, "timestamp": null, "begin": null, "end": null, "altitudeMode": null, "tessellate": -1, "extrude": 0, "visibility": -1, "drawOrder": null, "icon": null, "timestamp2": null, "begin2": null, "end2": null, "altitudeMode2": null, "tessellate2": -1, "extrude2": 0, "visibility2": -1, "drawOrder2": null, "icon2": null, "OBJECTID": 284, "OID_": 0, "ZONE": 11, "DIVISION": 149, "LAT": 13.04748035, "LONG_": 80.18541202 }, "geometry": { "type": "Point", "coordinates": [ 80.185412, 13.0474804 ] } },
{ "type": "Feature", "properties": { "id": null, "Name": "Bharathiyar Street", "description": null, "timestamp": null, "begin": null, "end": null, "altitudeMode": null, "tessellate": -1, "extrude": 0, "visibility": -1, "drawOrder": null, "icon": null, "timestamp2": null, "begin2": null, "end2": null, "altitudeMode2": null, "tessellate2": -1, "extrude2": 0, "visibility2": -1, "drawOrder2": null, "icon2": null, "OBJECTID": 285, "OID_": 0, "ZONE": 11, "DIVISION": 149, "LAT": 13.04954799, "LONG_": 80.18185422000001 }, "geometry": { "type": "Point", "coordinates": [ 80.1818542, 13.049548 ] } },
{ "type": "Feature", "properties": { "id": null, "Name": "Narayani Appartment", "description": null, "timestamp": null, "begin": null, "end": null, "altitudeMode": null, "tessellate": -1, "extrude": 0, "visibility": -1, "drawOrder": null, "icon": null, "timestamp2": null, "begin2": null, "end2": null, "altitudeMode2": null, "tessellate2": -1, "extrude2": 0, "visibility2": -1, "drawOrder2": null, "icon2": null, "OBJECTID": 286, "OID_": 0, "ZONE": 11, "DIVISION": 149, "LAT": 13.04725449, "LONG_": 80.18177949 }, "geometry": { "type": "Point", "coordinates": [ 80.1817795, 13.0472545 ] } },
{ "type": "Feature", "properties": { "id": null, "Name": "Arcot Road Rajeshwari Nagar", "description": null, "timestamp": null, "begin": null, "end": null, "altitudeMode": null, "tessellate": -1, "extrude": 0, "visibility": -1, "drawOrder": null, "icon": null, "timestamp2": null, "begin2": null, "end2": null, "altitudeMode2": null, "tessellate2": -1, "extrude2": 0, "visibility2": -1, "drawOrder2": null, "icon2": null, "OBJECTID": 287, "OID_": 0, "ZONE": 11, "DIVISION": 150, "LAT": 13.03840546, "LONG_": 80.15992451 }, "geometry": { "type": "Point", "coordinates": [ 80.1599245, 13.0384055 ] } },
{ "type": "Feature", "properties": { "id": null, "Name": "Arcot Road Thangam Store", "description": null, "timestamp": null, "begin": null, "end": null, "altitudeMode": null, "tessellate": -1, "extrude": 0, "visibility": -1, "drawOrder": null, "icon": null, "timestamp2": null, "begin2": null, "end2": null, "altitudeMode2": null, "tessellate2": -1, "extrude2": 0, "visibility2": -1, "drawOrder2": null, "icon2": null, "OBJECTID": 288, "OID_": 0, "ZONE": 11, "DIVISION": 150, "LAT": 13.03559141, "LONG_": 80.1565155 }, "geometry": { "type": "Point", "coordinates": [ 80.1565155, 13.0355914 ] } },
{ "type": "Feature", "properties": { "id": null, "Name": "Mullai Street", "description": null, "timestamp": null, "begin": null, "end": null, "altitudeMode": null, "tessellate": -1, "extrude": 0, "visibility": -1, "drawOrder": null, "icon": null, "timestamp2": null, "begin2": null, "end2": null, "altitudeMode2": null, "tessellate2": -1, "extrude2": 0, "visibility2": -1, "drawOrder2": null, "icon2": null, "OBJECTID": 289, "OID_": 0, "ZONE": 11, "DIVISION": 150, "LAT": 13.04009959, "LONG_": 80.1551426 }, "geometry": { "type": "Point", "coordinates": [ 80.1551426, 13.0400996 ] } },
{ "type": "Feature", "properties": { "id": null, "Name": "Arunachalam Nagar", "description": null, "timestamp": null, "begin": null, "end": null, "altitudeMode": null, "tessellate": -1, "extrude": 0, "visibility": -1, "drawOrder": null, "icon": null, "timestamp2": null, "begin2": null, "end2": null, "altitudeMode2": null, "tessellate2": -1, "extrude2": 0, "visibility2": -1, "drawOrder2": null, "icon2": null, "OBJECTID": 290, "OID_": 0, "ZONE": 11, "DIVISION": 150, "LAT": 13.0409585, "LONG_": 80.15488121 }, "geometry": { "type": "Point", "coordinates": [ 80.1548812, 13.0409585 ] } },
{ "type": "Feature", "properties": { "id": null, "Name": "Chinnaporur Gandhi Street", "description": null, "timestamp": null, "begin": null, "end": null, "altitudeMode": null, "tessellate": -1, "extrude": 0, "visibility": -1, "drawOrder": null, "icon": null, "timestamp2": null, "begin2": null, "end2": null, "altitudeMode2": null, "tessellate2": -1, "extrude2": 0, "visibility2": -1, "drawOrder2": null, "icon2": null, "OBJECTID": 291, "OID_": 0, "ZONE": 11, "DIVISION": 151, "LAT": 13.03445328, "LONG_": 80.16859034 }, "geometry": { "type": "Point", "coordinates": [ 80.1685903, 13.0344533 ] } },
{ "type": "Feature", "properties": { "id": null, "Name": "Arcot Road ETA", "description": null, "timestamp": null, "begin": null, "end": null, "altitudeMode": null, "tessellate": -1, "extrude": 0, "visibility": -1, "drawOrder": null, "icon": null, "timestamp2": null, "begin2": null, "end2": null, "altitudeMode2": null, "tessellate2": -1, "extrude2": 0, "visibility2": -1, "drawOrder2": null, "icon2": null, "OBJECTID": 292, "OID_": 0, "ZONE": 11, "DIVISION": 151, "LAT": 13.03750831, "LONG_": 80.16440163 }, "geometry": { "type": "Point", "coordinates": [ 80.1644016, 13.0375083 ] } },
{ "type": "Feature", "properties": { "id": null, "Name": "Arcot Road Kumar Sweeets", "description": null, "timestamp": null, "begin": null, "end": null, "altitudeMode": null, "tessellate": -1, "extrude": 0, "visibility": -1, "drawOrder": null, "icon": null, "timestamp2": null, "begin2": null, "end2": null, "altitudeMode2": null, "tessellate2": -1, "extrude2": 0, "visibility2": -1, "drawOrder2": null, "icon2": null, "OBJECTID": 293, "OID_": 0, "ZONE": 11, "DIVISION": 151, "LAT": 13.03646104, "LONG_": 80.15758502 }, "geometry": { "type": "Point", "coordinates": [ 80.157585, 13.036461 ] } },
{ "type": "Feature", "properties": { "id": null, "Name": "Kadumbadiamma Sannathi 1st st", "description": null, "timestamp": null, "begin": null, "end": null, "altitudeMode": null, "tessellate": -1, "extrude": 0, "visibility": -1, "drawOrder": null, "icon": null, "timestamp2": null, "begin2": null, "end2": null, "altitudeMode2": null, "tessellate2": -1, "extrude2": 0, "visibility2": -1, "drawOrder2": null, "icon2": null, "OBJECTID": 294, "OID_": 0, "ZONE": 11, "DIVISION": 152, "LAT": 13.0405696, "LONG_": 80.16971603 }, "geometry": { "type": "Point", "coordinates": [ 80.169716, 13.0405696 ] } },
{ "type": "Feature", "properties": { "id": null, "Name": "Om Sakthi 3rd Street", "description": null, "timestamp": null, "begin": null, "end": null, "altitudeMode": null, "tessellate": -1, "extrude": 0, "visibility": -1, "drawOrder": null, "icon": null, "timestamp2": null, "begin2": null, "end2": null, "altitudeMode2": null, "tessellate2": -1, "extrude2": 0, "visibility2": -1, "drawOrder2": null, "icon2": null, "OBJECTID": 295, "OID_": 0, "ZONE": 11, "DIVISION": 152, "LAT": 13.03780881, "LONG_": 80.18530406000001 }, "geometry": { "type": "Point", "coordinates": [ 80.1853041, 13.0378088 ] } },
{ "type": "Feature", "properties": { "id": null, "Name": "Kundrathur Main Road Jn of RE Nagar 1st Street", "description": null, "timestamp": null, "begin": null, "end": null, "altitudeMode": null, "tessellate": -1, "extrude": 0, "visibility": -1, "drawOrder": null, "icon": null, "timestamp2": null, "begin2": null, "end2": null, "altitudeMode2": null, "tessellate2": -1, "extrude2": 0, "visibility2": -1, "drawOrder2": null, "icon2": null, "OBJECTID": 296, "OID_": 0, "ZONE": 11, "DIVISION": 153, "LAT": 13.03026536, "LONG_": 80.15302958 }, "geometry": { "type": "Point", "coordinates": [ 80.1530296, 13.0302654 ] } },
{ "type": "Feature", "properties": { "id": null, "Name": "Suresh Nagar 3rd Street", "description": null, "timestamp": null, "begin": null, "end": null, "altitudeMode": null, "tessellate": -1, "extrude": 0, "visibility": -1, "drawOrder": null, "icon": null, "timestamp2": null, "begin2": null, "end2": null, "altitudeMode2": null, "tessellate2": -1, "extrude2": 0, "visibility2": -1, "drawOrder2": null, "icon2": null, "OBJECTID": 297, "OID_": 0, "ZONE": 11, "DIVISION": 153, "LAT": 13.02488406, "LONG_": 80.16379458 }, "geometry": { "type": "Point", "coordinates": [ 80.1637946, 13.0248841 ] } },
{ "type": "Feature", "properties": { "id": null, "Name": "Ramakrishna Nagar", "description": null, "timestamp": null, "begin": null, "end": null, "altitudeMode": null, "tessellate": -1, "extrude": 0, "visibility": -1, "drawOrder": null, "icon": null, "timestamp2": null, "begin2": null, "end2": null, "altitudeMode2": null, "tessellate2": -1, "extrude2": 0, "visibility2": -1, "drawOrder2": null, "icon2": null, "OBJECTID": 298, "OID_": 0, "ZONE": 11, "DIVISION": 153, "LAT": 13.02654424, "LONG_": 80.15814955 }, "geometry": { "type": "Point", "coordinates": [ 80.1581495, 13.0265442 ] } },
{ "type": "Feature", "properties": { "id": null, "Name": "Ganesh Avenue 1st to 8th Street", "description": null, "timestamp": null, "begin": null, "end": null, "altitudeMode": null, "tessellate": -1, "extrude": 0, "visibility": -1, "drawOrder": null, "icon": null, "timestamp2": null, "begin2": null, "end2": null, "altitudeMode2": null, "tessellate2": -1, "extrude2": 0, "visibility2": -1, "drawOrder2": null, "icon2": null, "OBJECTID": 299, "OID_": 0, "ZONE": 11, "DIVISION": 153, "LAT": 13.0265143, "LONG_": 80.16407755 }, "geometry": { "type": "Point", "coordinates": [ 80.1640776, 13.0265143 ] } },
{ "type": "Feature", "properties": { "id": null, "Name": "Ambal nagar Kumutham Street", "description": null, "timestamp": null, "begin": null, "end": null, "altitudeMode": null, "tessellate": -1, "extrude": 0, "visibility": -1, "drawOrder": null, "icon": null, "timestamp2": null, "begin2": null, "end2": null, "altitudeMode2": null, "tessellate2": -1, "extrude2": 0, "visibility2": -1, "drawOrder2": null, "icon2": null, "OBJECTID": 300, "OID_": 0, "ZONE": 11, "DIVISION": 153, "LAT": 13.03062451, "LONG_": 80.15896143000001 }, "geometry": { "type": "Point", "coordinates": [ 80.1589614, 13.0306245 ] } },
{ "type": "Feature", "properties": { "id": null, "Name": "Balambigai 5th Street", "description": null, "timestamp": null, "begin": null, "end": null, "altitudeMode": null, "tessellate": -1, "extrude": 0, "visibility": -1, "drawOrder": null, "icon": null, "timestamp2": null, "begin2": null, "end2": null, "altitudeMode2": null, "tessellate2": -1, "extrude2": 0, "visibility2": -1, "drawOrder2": null, "icon2": null, "OBJECTID": 301, "OID_": 0, "ZONE": 11, "DIVISION": 154, "LAT": 13.03492156, "LONG_": 80.17577391 }, "geometry": { "type": "Point", "coordinates": [ 80.1757739, 13.0349216 ] } },
{ "type": "Feature", "properties": { "id": null, "Name": "Venkateswara Nagar 14th Streetand 1st and 2nd lane", "description": null, "timestamp": null, "begin": null, "end": null, "altitudeMode": null, "tessellate": -1, "extrude": 0, "visibility": -1, "drawOrder": null, "icon": null, "timestamp2": null, "begin2": null, "end2": null, "altitudeMode2": null, "tessellate2": -1, "extrude2": 0, "visibility2": -1, "drawOrder2": null, "icon2": null, "OBJECTID": 302, "OID_": 0, "ZONE": 11, "DIVISION": 154, "LAT": 13.02877001, "LONG_": 80.17522934 }, "geometry": { "type": "Point", "coordinates": [ 80.1752293, 13.02877 ] } },
{ "type": "Feature", "properties": { "id": null, "Name": "Kanniappan Street", "description": null, "timestamp": null, "begin": null, "end": null, "altitudeMode": null, "tessellate": -1, "extrude": 0, "visibility": -1, "drawOrder": null, "icon": null, "timestamp2": null, "begin2": null, "end2": null, "altitudeMode2": null, "tessellate2": -1, "extrude2": 0, "visibility2": -1, "drawOrder2": null, "icon2": null, "OBJECTID": 303, "OID_": 0, "ZONE": 11, "DIVISION": 154, "LAT": 13.02714158, "LONG_": 80.17672681000001 }, "geometry": { "type": "Point", "coordinates": [ 80.1767268, 13.0271416 ] } },
{ "type": "Feature", "properties": { "id": null, "Name": "Thiruvalluvar Street", "description": null, "timestamp": null, "begin": null, "end": null, "altitudeMode": null, "tessellate": -1, "extrude": 0, "visibility": -1, "drawOrder": null, "icon": null, "timestamp2": null, "begin2": null, "end2": null, "altitudeMode2": null, "tessellate2": -1, "extrude2": 0, "visibility2": -1, "drawOrder2": null, "icon2": null, "OBJECTID": 304, "OID_": 0, "ZONE": 11, "DIVISION": 154, "LAT": 13.03313676, "LONG_": 80.17651675 }, "geometry": { "type": "Point", "coordinates": [ 80.1765167, 13.0331368 ] } },
{ "type": "Feature", "properties": { "id": null, "Name": "Kakkan Street", "description": null, "timestamp": null, "begin": null, "end": null, "altitudeMode": null, "tessellate": -1, "extrude": 0, "visibility": -1, "drawOrder": null, "icon": null, "timestamp2": null, "begin2": null, "end2": null, "altitudeMode2": null, "tessellate2": -1, "extrude2": 0, "visibility2": -1, "drawOrder2": null, "icon2": null, "OBJECTID": 305, "OID_": 0, "ZONE": 11, "DIVISION": 154, "LAT": 13.03417957, "LONG_": 80.17538575 }, "geometry": { "type": "Point", "coordinates": [ 80.1753858, 13.0341796 ] } },
{ "type": "Feature", "properties": { "id": null, "Name": "Kothari Nagar", "description": null, "timestamp": null, "begin": null, "end": null, "altitudeMode": null, "tessellate": -1, "extrude": 0, "visibility": -1, "drawOrder": null, "icon": null, "timestamp2": null, "begin2": null, "end2": null, "altitudeMode2": null, "tessellate2": -1, "extrude2": 0, "visibility2": -1, "drawOrder2": null, "icon2": null, "OBJECTID": 306, "OID_": 0, "ZONE": 11, "DIVISION": 155, "LAT": 13.03433366, "LONG_": 80.18502251 }, "geometry": { "type": "Point", "coordinates": [ 80.1850225, 13.0343337 ] } },
{ "type": "Feature", "properties": { "id": null, "Name": "Gangai Avenue", "description": null, "timestamp": null, "begin": null, "end": null, "altitudeMode": null, "tessellate": -1, "extrude": 0, "visibility": -1, "drawOrder": null, "icon": null, "timestamp2": null, "begin2": null, "end2": null, "altitudeMode2": null, "tessellate2": -1, "extrude2": 0, "visibility2": -1, "drawOrder2": null, "icon2": null, "OBJECTID": 307, "OID_": 0, "ZONE": 11, "DIVISION": 155, "LAT": 13.03238825, "LONG_": 80.18471238 }, "geometry": { "type": "Point", "coordinates": [ 80.1847124, 13.0323882 ] } },
{ "type": "Feature", "properties": { "id": null, "Name": "Royala Nagar 2nd Main Road Near Kovilpillai School", "description": null, "timestamp": null, "begin": null, "end": null, "altitudeMode": null, "tessellate": -1, "extrude": 0, "visibility": -1, "drawOrder": null, "icon": null, "timestamp2": null, "begin2": null, "end2": null, "altitudeMode2": null, "tessellate2": -1, "extrude2": 0, "visibility2": -1, "drawOrder2": null, "icon2": null, "OBJECTID": 308, "OID_": 0, "ZONE": 11, "DIVISION": 155, "LAT": 13.0297172, "LONG_": 80.18539503 }, "geometry": { "type": "Point", "coordinates": [ 80.185395, 13.0297172 ] } },
{ "type": "Feature", "properties": { "id": null, "Name": "Kothari Nagar 1st,  2nd Main Road and 1 to 8 Streets", "description": null, "timestamp": null, "begin": null, "end": null, "altitudeMode": null, "tessellate": -1, "extrude": 0, "visibility": -1, "drawOrder": null, "icon": null, "timestamp2": null, "begin2": null, "end2": null, "altitudeMode2": null, "tessellate2": -1, "extrude2": 0, "visibility2": -1, "drawOrder2": null, "icon2": null, "OBJECTID": 309, "OID_": 0, "ZONE": 11, "DIVISION": 155, "LAT": 13.03475344, "LONG_": 80.18617719 }, "geometry": { "type": "Point", "coordinates": [ 80.1861772, 13.0347534 ] } },
{ "type": "Feature", "properties": { "id": null, "Name": "Thirumalai Nagar Mahavishnu Street Sanjai Ram Street and Elumalai Street", "description": null, "timestamp": null, "begin": null, "end": null, "altitudeMode": null, "tessellate": -1, "extrude": 0, "visibility": -1, "drawOrder": null, "icon": null, "timestamp2": null, "begin2": null, "end2": null, "altitudeMode2": null, "tessellate2": -1, "extrude2": 0, "visibility2": -1, "drawOrder2": null, "icon2": null, "OBJECTID": 310, "OID_": 0, "ZONE": 11, "DIVISION": 155, "LAT": 13.03478029, "LONG_": 80.18187289 }, "geometry": { "type": "Point", "coordinates": [ 80.1818729, 13.0347803 ] } },
{ "type": "Feature", "properties": { "id": null, "Name": "KUMUDAM NAGAR", "description": null, "timestamp": null, "begin": null, "end": null, "altitudeMode": null, "tessellate": -1, "extrude": 0, "visibility": -1, "drawOrder": null, "icon": null, "timestamp2": null, "begin2": null, "end2": null, "altitudeMode2": null, "tessellate2": -1, "extrude2": 0, "visibility2": -1, "drawOrder2": null, "icon2": null, "OBJECTID": 311, "OID_": 0, "ZONE": 12, "DIVISION": 156, "LAT": 13.02058884, "LONG_": 80.16729271 }, "geometry": { "type": "Point", "coordinates": [ 80.1672927, 13.0205888 ] } },
{ "type": "Feature", "properties": { "id": null, "Name": "Mugalivakkam Main Road", "description": null, "timestamp": null, "begin": null, "end": null, "altitudeMode": null, "tessellate": -1, "extrude": 0, "visibility": -1, "drawOrder": null, "icon": null, "timestamp2": null, "begin2": null, "end2": null, "altitudeMode2": null, "tessellate2": -1, "extrude2": 0, "visibility2": -1, "drawOrder2": null, "icon2": null, "OBJECTID": 312, "OID_": 0, "ZONE": 12, "DIVISION": 156, "LAT": 13.02214699, "LONG_": 80.14890217 }, "geometry": { "type": "Point", "coordinates": [ 80.1489022, 13.022147 ] } },
{ "type": "Feature", "properties": { "id": null, "Name": "ICICI Bank", "description": null, "timestamp": null, "begin": null, "end": null, "altitudeMode": null, "tessellate": -1, "extrude": 0, "visibility": -1, "drawOrder": null, "icon": null, "timestamp2": null, "begin2": null, "end2": null, "altitudeMode2": null, "tessellate2": -1, "extrude2": 0, "visibility2": -1, "drawOrder2": null, "icon2": null, "OBJECTID": 313, "OID_": 0, "ZONE": 12, "DIVISION": 156, "LAT": 13.01892991, "LONG_": 80.14250329 }, "geometry": { "type": "Point", "coordinates": [ 80.1425033, 13.0189299 ] } },
{ "type": "Feature", "properties": { "id": null, "Name": "Madhanandhapuram Main Road", "description": null, "timestamp": null, "begin": null, "end": null, "altitudeMode": null, "tessellate": -1, "extrude": 0, "visibility": -1, "drawOrder": null, "icon": null, "timestamp2": null, "begin2": null, "end2": null, "altitudeMode2": null, "tessellate2": -1, "extrude2": 0, "visibility2": -1, "drawOrder2": null, "icon2": null, "OBJECTID": 314, "OID_": 0, "ZONE": 12, "DIVISION": 156, "LAT": 13.02370399, "LONG_": 80.14355627 }, "geometry": { "type": "Point", "coordinates": [ 80.1435563, 13.023704 ] } },
{ "type": "Feature", "properties": { "id": null, "Name": "CRR Puram", "description": null, "timestamp": null, "begin": null, "end": null, "altitudeMode": null, "tessellate": -1, "extrude": 0, "visibility": -1, "drawOrder": null, "icon": null, "timestamp2": null, "begin2": null, "end2": null, "altitudeMode2": null, "tessellate2": -1, "extrude2": 0, "visibility2": -1, "drawOrder2": null, "icon2": null, "OBJECTID": 315, "OID_": 0, "ZONE": 12, "DIVISION": 157, "LAT": 13.0161586, "LONG_": 80.17319979 }, "geometry": { "type": "Point", "coordinates": [ 80.1731998, 13.0161586 ] } },
{ "type": "Feature", "properties": { "id": null, "Name": "Krishna Nagar", "description": null, "timestamp": null, "begin": null, "end": null, "altitudeMode": null, "tessellate": -1, "extrude": 0, "visibility": -1, "drawOrder": null, "icon": null, "timestamp2": null, "begin2": null, "end2": null, "altitudeMode2": null, "tessellate2": -1, "extrude2": 0, "visibility2": -1, "drawOrder2": null, "icon2": null, "OBJECTID": 316, "OID_": 0, "ZONE": 12, "DIVISION": 157, "LAT": 13.01409229, "LONG_": 80.17252474 }, "geometry": { "type": "Point", "coordinates": [ 80.1725247, 13.0140923 ] } },
{ "type": "Feature", "properties": { "id": null, "Name": "Bharma Colony 4th Street and TPF", "description": null, "timestamp": null, "begin": null, "end": null, "altitudeMode": null, "tessellate": -1, "extrude": 0, "visibility": -1, "drawOrder": null, "icon": null, "timestamp2": null, "begin2": null, "end2": null, "altitudeMode2": null, "tessellate2": -1, "extrude2": 0, "visibility2": -1, "drawOrder2": null, "icon2": null, "OBJECTID": 317, "OID_": 0, "ZONE": 12, "DIVISION": 158, "LAT": 13.02771604, "LONG_": 80.19497969 }, "geometry": { "type": "Point", "coordinates": [ 80.1949797, 13.027716 ] } },
{ "type": "Feature", "properties": { "id": null, "Name": "MKB Nagar", "description": null, "timestamp": null, "begin": null, "end": null, "altitudeMode": null, "tessellate": -1, "extrude": 0, "visibility": -1, "drawOrder": null, "icon": null, "timestamp2": null, "begin2": null, "end2": null, "altitudeMode2": null, "tessellate2": -1, "extrude2": 0, "visibility2": -1, "drawOrder2": null, "icon2": null, "OBJECTID": 318, "OID_": 0, "ZONE": 7, "DIVISION": 85, "LAT": 13.10719402, "LONG_": 80.14913121 }, "geometry": { "type": "Point", "coordinates": [ 80.1491312, 13.107194 ] } },
{ "type": "Feature", "properties": { "id": null, "Name": "Dobhi colony", "description": null, "timestamp": null, "begin": null, "end": null, "altitudeMode": null, "tessellate": -1, "extrude": 0, "visibility": -1, "drawOrder": null, "icon": null, "timestamp2": null, "begin2": null, "end2": null, "altitudeMode2": null, "tessellate2": -1, "extrude2": 0, "visibility2": -1, "drawOrder2": null, "icon2": null, "OBJECTID": 319, "OID_": 0, "ZONE": 7, "DIVISION": 85, "LAT": 13.10804484, "LONG_": 80.15279356000001 }, "geometry": { "type": "Point", "coordinates": [ 80.1527936, 13.1080448 ] } },
{ "type": "Feature", "properties": { "id": null, "Name": "mangalapuram", "description": null, "timestamp": null, "begin": null, "end": null, "altitudeMode": null, "tessellate": -1, "extrude": 0, "visibility": -1, "drawOrder": null, "icon": null, "timestamp2": null, "begin2": null, "end2": null, "altitudeMode2": null, "tessellate2": -1, "extrude2": 0, "visibility2": -1, "drawOrder2": null, "icon2": null, "OBJECTID": 320, "OID_": 0, "ZONE": 7, "DIVISION": 85, "LAT": 13.10319883, "LONG_": 80.16587395000001 }, "geometry": { "type": "Point", "coordinates": [ 80.165874, 13.1031988 ] } },
{ "type": "Feature", "properties": { "id": null, "Name": "CTH ROAD", "description": null, "timestamp": null, "begin": null, "end": null, "altitudeMode": null, "tessellate": -1, "extrude": 0, "visibility": -1, "drawOrder": null, "icon": null, "timestamp2": null, "begin2": null, "end2": null, "altitudeMode2": null, "tessellate2": -1, "extrude2": 0, "visibility2": -1, "drawOrder2": null, "icon2": null, "OBJECTID": 321, "OID_": 0, "ZONE": 7, "DIVISION": 86, "LAT": 13.10141948, "LONG_": 80.16015262000001 }, "geometry": { "type": "Point", "coordinates": [ 80.1601526, 13.1014195 ] } },
{ "type": "Feature", "properties": { "id": null, "Name": "VGN SHANTHI COLONY", "description": null, "timestamp": null, "begin": null, "end": null, "altitudeMode": null, "tessellate": -1, "extrude": 0, "visibility": -1, "drawOrder": null, "icon": null, "timestamp2": null, "begin2": null, "end2": null, "altitudeMode2": null, "tessellate2": -1, "extrude2": 0, "visibility2": -1, "drawOrder2": null, "icon2": null, "OBJECTID": 322, "OID_": 0, "ZONE": 7, "DIVISION": 86, "LAT": 13.10023019, "LONG_": 80.15942838 }, "geometry": { "type": "Point", "coordinates": [ 80.1594284, 13.1002302 ] } },
{ "type": "Feature", "properties": { "id": null, "Name": "Thiruvalluvar Street", "description": null, "timestamp": null, "begin": null, "end": null, "altitudeMode": null, "tessellate": -1, "extrude": 0, "visibility": -1, "drawOrder": null, "icon": null, "timestamp2": null, "begin2": null, "end2": null, "altitudeMode2": null, "tessellate2": -1, "extrude2": 0, "visibility2": -1, "drawOrder2": null, "icon2": null, "OBJECTID": 323, "OID_": 0, "ZONE": 7, "DIVISION": 87, "LAT": 13.09548384, "LONG_": 80.18693225 }, "geometry": { "type": "Point", "coordinates": [ 80.1869322, 13.0954838 ] } },
{ "type": "Feature", "properties": { "id": null, "Name": "U.R. NAGAR", "description": null, "timestamp": null, "begin": null, "end": null, "altitudeMode": null, "tessellate": -1, "extrude": 0, "visibility": -1, "drawOrder": null, "icon": null, "timestamp2": null, "begin2": null, "end2": null, "altitudeMode2": null, "tessellate2": -1, "extrude2": 0, "visibility2": -1, "drawOrder2": null, "icon2": null, "OBJECTID": 324, "OID_": 0, "ZONE": 7, "DIVISION": 88, "LAT": 13.10101186, "LONG_": 80.19294648 }, "geometry": { "type": "Point", "coordinates": [ 80.1929465, 13.1010119 ] } },
{ "type": "Feature", "properties": { "id": null, "Name": "B Sector 6th Street", "description": null, "timestamp": null, "begin": null, "end": null, "altitudeMode": null, "tessellate": -1, "extrude": 0, "visibility": -1, "drawOrder": null, "icon": null, "timestamp2": null, "begin2": null, "end2": null, "altitudeMode2": null, "tessellate2": -1, "extrude2": 0, "visibility2": -1, "drawOrder2": null, "icon2": null, "OBJECTID": 325, "OID_": 0, "ZONE": 7, "DIVISION": 88, "LAT": 13.09774066, "LONG_": 80.19203956 }, "geometry": { "type": "Point", "coordinates": [ 80.1920396, 13.0977407 ] } },
{ "type": "Feature", "properties": { "id": null, "Name": "B Sector 8th Street", "description": null, "timestamp": null, "begin": null, "end": null, "altitudeMode": null, "tessellate": -1, "extrude": 0, "visibility": -1, "drawOrder": null, "icon": null, "timestamp2": null, "begin2": null, "end2": null, "altitudeMode2": null, "tessellate2": -1, "extrude2": 0, "visibility2": -1, "drawOrder2": null, "icon2": null, "OBJECTID": 326, "OID_": 0, "ZONE": 7, "DIVISION": 88, "LAT": 13.09811296, "LONG_": 80.19272122 }, "geometry": { "type": "Point", "coordinates": [ 80.1927212, 13.098113 ] } },
{ "type": "Feature", "properties": { "id": null, "Name": "C Sector 6th Street", "description": null, "timestamp": null, "begin": null, "end": null, "altitudeMode": null, "tessellate": -1, "extrude": 0, "visibility": -1, "drawOrder": null, "icon": null, "timestamp2": null, "begin2": null, "end2": null, "altitudeMode2": null, "tessellate2": -1, "extrude2": 0, "visibility2": -1, "drawOrder2": null, "icon2": null, "OBJECTID": 327, "OID_": 0, "ZONE": 7, "DIVISION": 88, "LAT": 13.09459524, "LONG_": 80.19412551000001 }, "geometry": { "type": "Point", "coordinates": [ 80.1941255, 13.0945952 ] } },
{ "type": "Feature", "properties": { "id": null, "Name": "D Sector 8th Street", "description": null, "timestamp": null, "begin": null, "end": null, "altitudeMode": null, "tessellate": -1, "extrude": 0, "visibility": -1, "drawOrder": null, "icon": null, "timestamp2": null, "begin2": null, "end2": null, "altitudeMode2": null, "tessellate2": -1, "extrude2": 0, "visibility2": -1, "drawOrder2": null, "icon2": null, "OBJECTID": 328, "OID_": 0, "ZONE": 7, "DIVISION": 88, "LAT": 13.09168169, "LONG_": 80.19371986 }, "geometry": { "type": "Point", "coordinates": [ 80.1937199, 13.0916817 ] } },
{ "type": "Feature", "properties": { "id": null, "Name": "Devar Nagar", "description": null, "timestamp": null, "begin": null, "end": null, "altitudeMode": null, "tessellate": -1, "extrude": 0, "visibility": -1, "drawOrder": null, "icon": null, "timestamp2": null, "begin2": null, "end2": null, "altitudeMode2": null, "tessellate2": -1, "extrude2": 0, "visibility2": -1, "drawOrder2": null, "icon2": null, "OBJECTID": 329, "OID_": 0, "ZONE": 7, "DIVISION": 88, "LAT": 13.09170441, "LONG_": 80.18815315000001 }, "geometry": { "type": "Point", "coordinates": [ 80.1881531, 13.0917044 ] } },
{ "type": "Feature", "properties": { "id": null, "Name": "Mathialagan Nagar", "description": null, "timestamp": null, "begin": null, "end": null, "altitudeMode": null, "tessellate": -1, "extrude": 0, "visibility": -1, "drawOrder": null, "icon": null, "timestamp2": null, "begin2": null, "end2": null, "altitudeMode2": null, "tessellate2": -1, "extrude2": 0, "visibility2": -1, "drawOrder2": null, "icon2": null, "OBJECTID": 330, "OID_": 0, "ZONE": 7, "DIVISION": 89, "LAT": 13.09285656, "LONG_": 80.17888676 }, "geometry": { "type": "Point", "coordinates": [ 80.1788868, 13.0928566 ] } },
{ "type": "Feature", "properties": { "id": null, "Name": "West End colony", "description": null, "timestamp": null, "begin": null, "end": null, "altitudeMode": null, "tessellate": -1, "extrude": 0, "visibility": -1, "drawOrder": null, "icon": null, "timestamp2": null, "begin2": null, "end2": null, "altitudeMode2": null, "tessellate2": -1, "extrude2": 0, "visibility2": -1, "drawOrder2": null, "icon2": null, "OBJECTID": 331, "OID_": 0, "ZONE": 7, "DIVISION": 89, "LAT": 13.08985454, "LONG_": 80.18089708 }, "geometry": { "type": "Point", "coordinates": [ 80.1808971, 13.0898545 ] } },
{ "type": "Feature", "properties": { "id": null, "Name": "Golden Colony", "description": null, "timestamp": null, "begin": null, "end": null, "altitudeMode": null, "tessellate": -1, "extrude": 0, "visibility": -1, "drawOrder": null, "icon": null, "timestamp2": null, "begin2": null, "end2": null, "altitudeMode2": null, "tessellate2": -1, "extrude2": 0, "visibility2": -1, "drawOrder2": null, "icon2": null, "OBJECTID": 332, "OID_": 0, "ZONE": 7, "DIVISION": 89, "LAT": 13.0893244, "LONG_": 80.1784392 }, "geometry": { "type": "Point", "coordinates": [ 80.1784392, 13.0893244 ] } },
{ "type": "Feature", "properties": { "id": null, "Name": "Gandhi Nagar", "description": null, "timestamp": null, "begin": null, "end": null, "altitudeMode": null, "tessellate": -1, "extrude": 0, "visibility": -1, "drawOrder": null, "icon": null, "timestamp2": null, "begin2": null, "end2": null, "altitudeMode2": null, "tessellate2": -1, "extrude2": 0, "visibility2": -1, "drawOrder2": null, "icon2": null, "OBJECTID": 333, "OID_": 0, "ZONE": 7, "DIVISION": 90, "LAT": 13.08592962, "LONG_": 80.19199784 }, "geometry": { "type": "Point", "coordinates": [ 80.1919978, 13.0859296 ] } },
{ "type": "Feature", "properties": { "id": null, "Name": "Kalaivanar Colony", "description": null, "timestamp": null, "begin": null, "end": null, "altitudeMode": null, "tessellate": -1, "extrude": 0, "visibility": -1, "drawOrder": null, "icon": null, "timestamp2": null, "begin2": null, "end2": null, "altitudeMode2": null, "tessellate2": -1, "extrude2": 0, "visibility2": -1, "drawOrder2": null, "icon2": null, "OBJECTID": 334, "OID_": 0, "ZONE": 7, "DIVISION": 90, "LAT": 13.08659072, "LONG_": 80.19050696 }, "geometry": { "type": "Point", "coordinates": [ 80.190507, 13.0865907 ] } },
{ "type": "Feature", "properties": { "id": null, "Name": "Paddikuppam Five Star Apartments", "description": null, "timestamp": null, "begin": null, "end": null, "altitudeMode": null, "tessellate": -1, "extrude": 0, "visibility": -1, "drawOrder": null, "icon": null, "timestamp2": null, "begin2": null, "end2": null, "altitudeMode2": null, "tessellate2": -1, "extrude2": 0, "visibility2": -1, "drawOrder2": null, "icon2": null, "OBJECTID": 335, "OID_": 0, "ZONE": 7, "DIVISION": 90, "LAT": 13.08704661, "LONG_": 80.19315008 }, "geometry": { "type": "Point", "coordinates": [ 80.1931501, 13.0870466 ] } },
{ "type": "Feature", "properties": { "id": null, "Name": "Thirumangalam Jn", "description": null, "timestamp": null, "begin": null, "end": null, "altitudeMode": null, "tessellate": -1, "extrude": 0, "visibility": -1, "drawOrder": null, "icon": null, "timestamp2": null, "begin2": null, "end2": null, "altitudeMode2": null, "tessellate2": -1, "extrude2": 0, "visibility2": -1, "drawOrder2": null, "icon2": null, "OBJECTID": 336, "OID_": 0, "ZONE": 7, "DIVISION": 90, "LAT": 13.08715541, "LONG_": 80.1982099 }, "geometry": { "type": "Point", "coordinates": [ 80.1982099, 13.0871554 ] } },
{ "type": "Feature", "properties": { "id": null, "Name": "Mogappair Eri Scheme VGN Ave", "description": null, "timestamp": null, "begin": null, "end": null, "altitudeMode": null, "tessellate": -1, "extrude": 0, "visibility": -1, "drawOrder": null, "icon": null, "timestamp2": null, "begin2": null, "end2": null, "altitudeMode2": null, "tessellate2": -1, "extrude2": 0, "visibility2": -1, "drawOrder2": null, "icon2": null, "OBJECTID": 337, "OID_": 0, "ZONE": 7, "DIVISION": 91, "LAT": 13.07662084, "LONG_": 80.17569781 }, "geometry": { "type": "Point", "coordinates": [ 80.1756978, 13.0766208 ] } },
{ "type": "Feature", "properties": { "id": null, "Name": "Mogappair Eri Scheme 7th main Rd", "description": null, "timestamp": null, "begin": null, "end": null, "altitudeMode": null, "tessellate": -1, "extrude": 0, "visibility": -1, "drawOrder": null, "icon": null, "timestamp2": null, "begin2": null, "end2": null, "altitudeMode2": null, "tessellate2": -1, "extrude2": 0, "visibility2": -1, "drawOrder2": null, "icon2": null, "OBJECTID": 338, "OID_": 0, "ZONE": 7, "DIVISION": 91, "LAT": 13.07743722, "LONG_": 80.17731889 }, "geometry": { "type": "Point", "coordinates": [ 80.1773189, 13.0774372 ] } },
{ "type": "Feature", "properties": { "id": null, "Name": "Dr. J J Nagar 10th Block", "description": null, "timestamp": null, "begin": null, "end": null, "altitudeMode": null, "tessellate": -1, "extrude": 0, "visibility": -1, "drawOrder": null, "icon": null, "timestamp2": null, "begin2": null, "end2": null, "altitudeMode2": null, "tessellate2": -1, "extrude2": 0, "visibility2": -1, "drawOrder2": null, "icon2": null, "OBJECTID": 339, "OID_": 0, "ZONE": 7, "DIVISION": 92, "LAT": 13.08124789, "LONG_": 80.18184736000001 }, "geometry": { "type": "Point", "coordinates": [ 80.1818474, 13.0812479 ] } },
{ "type": "Feature", "properties": { "id": null, "Name": "Panner Nagar Main RD", "description": null, "timestamp": null, "begin": null, "end": null, "altitudeMode": null, "tessellate": -1, "extrude": 0, "visibility": -1, "drawOrder": null, "icon": null, "timestamp2": null, "begin2": null, "end2": null, "altitudeMode2": null, "tessellate2": -1, "extrude2": 0, "visibility2": -1, "drawOrder2": null, "icon2": null, "OBJECTID": 340, "OID_": 0, "ZONE": 7, "DIVISION": 92, "LAT": 13.0783723, "LONG_": 80.18088081 }, "geometry": { "type": "Point", "coordinates": [ 80.1808808, 13.0783723 ] } },
{ "type": "Feature", "properties": { "id": null, "Name": "vellar street voilet Apartments", "description": null, "timestamp": null, "begin": null, "end": null, "altitudeMode": null, "tessellate": -1, "extrude": 0, "visibility": -1, "drawOrder": null, "icon": null, "timestamp2": null, "begin2": null, "end2": null, "altitudeMode2": null, "tessellate2": -1, "extrude2": 0, "visibility2": -1, "drawOrder2": null, "icon2": null, "OBJECTID": 341, "OID_": 0, "ZONE": 7, "DIVISION": 92, "LAT": 13.08348055, "LONG_": 80.17540289 }, "geometry": { "type": "Point", "coordinates": [ 80.1754029, 13.0834806 ] } },
{ "type": "Feature", "properties": { "id": null, "Name": "Nakeeran Salai", "description": null, "timestamp": null, "begin": null, "end": null, "altitudeMode": null, "tessellate": -1, "extrude": 0, "visibility": -1, "drawOrder": null, "icon": null, "timestamp2": null, "begin2": null, "end2": null, "altitudeMode2": null, "tessellate2": -1, "extrude2": 0, "visibility2": -1, "drawOrder2": null, "icon2": null, "OBJECTID": 342, "OID_": 0, "ZONE": 7, "DIVISION": 93, "LAT": 13.08478072, "LONG_": 80.18463285 }, "geometry": { "type": "Point", "coordinates": [ 80.1846328, 13.0847807 ] } },
{ "type": "Feature", "properties": { "id": null, "Name": "Nathamuni Street", "description": null, "timestamp": null, "begin": null, "end": null, "altitudeMode": null, "tessellate": -1, "extrude": 0, "visibility": -1, "drawOrder": null, "icon": null, "timestamp2": null, "begin2": null, "end2": null, "altitudeMode2": null, "tessellate2": -1, "extrude2": 0, "visibility2": -1, "drawOrder2": null, "icon2": null, "OBJECTID": 343, "OID_": 0, "ZONE": 7, "DIVISION": 79, "LAT": 13.13734809, "LONG_": 80.15546266 }, "geometry": { "type": "Point", "coordinates": [ 80.1554627, 13.1373481 ] } },
{ "type": "Feature", "properties": { "id": null, "Name": "Gangi Amman Koil Street", "description": null, "timestamp": null, "begin": null, "end": null, "altitudeMode": null, "tessellate": -1, "extrude": 0, "visibility": -1, "drawOrder": null, "icon": null, "timestamp2": null, "begin2": null, "end2": null, "altitudeMode2": null, "tessellate2": -1, "extrude2": 0, "visibility2": -1, "drawOrder2": null, "icon2": null, "OBJECTID": 344, "OID_": 0, "ZONE": 7, "DIVISION": 84, "LAT": 13.13305603, "LONG_": 80.17306407 }, "geometry": { "type": "Point", "coordinates": [ 80.1730641, 13.133056 ] } },
{ "type": "Feature", "properties": { "id": null, "Name": "Sastha Nagar", "description": null, "timestamp": null, "begin": null, "end": null, "altitudeMode": null, "tessellate": -1, "extrude": 0, "visibility": -1, "drawOrder": null, "icon": null, "timestamp2": null, "begin2": null, "end2": null, "altitudeMode2": null, "tessellate2": -1, "extrude2": 0, "visibility2": -1, "drawOrder2": null, "icon2": null, "OBJECTID": 345, "OID_": 0, "ZONE": 7, "DIVISION": 83, "LAT": 13.123037, "LONG_": 80.19804 }, "geometry": { "type": "Point", "coordinates": [ 80.19804, 13.123037 ] } },
{ "type": "Feature", "properties": { "id": null, "Name": "Mariamman Koil Strret", "description": null, "timestamp": null, "begin": null, "end": null, "altitudeMode": null, "tessellate": -1, "extrude": 0, "visibility": -1, "drawOrder": null, "icon": null, "timestamp2": null, "begin2": null, "end2": null, "altitudeMode2": null, "tessellate2": -1, "extrude2": 0, "visibility2": -1, "drawOrder2": null, "icon2": null, "OBJECTID": 346, "OID_": 0, "ZONE": 7, "DIVISION": 79, "LAT": 13.138609, "LONG_": 80.155877 }, "geometry": { "type": "Point", "coordinates": [ 80.155877, 13.138609 ] } },
{ "type": "Feature", "properties": { "id": null, "Name": "Krishnan cross st", "description": null, "timestamp": null, "begin": null, "end": null, "altitudeMode": null, "tessellate": -1, "extrude": 0, "visibility": -1, "drawOrder": null, "icon": null, "timestamp2": null, "begin2": null, "end2": null, "altitudeMode2": null, "tessellate2": -1, "extrude2": 0, "visibility2": -1, "drawOrder2": null, "icon2": null, "OBJECTID": 347, "OID_": 0, "ZONE": 7, "DIVISION": 79, "LAT": 13.135882, "LONG_": 80.155795 }, "geometry": { "type": "Point", "coordinates": [ 80.155795, 13.135882 ] } },
{ "type": "Feature", "properties": { "id": null, "Name": "Nagathamman kovil street", "description": null, "timestamp": null, "begin": null, "end": null, "altitudeMode": null, "tessellate": -1, "extrude": 0, "visibility": -1, "drawOrder": null, "icon": null, "timestamp2": null, "begin2": null, "end2": null, "altitudeMode2": null, "tessellate2": -1, "extrude2": 0, "visibility2": -1, "drawOrder2": null, "icon2": null, "OBJECTID": 348, "OID_": 0, "ZONE": 7, "DIVISION": 79, "LAT": 13.138647, "LONG_": 80.156689 }, "geometry": { "type": "Point", "coordinates": [ 80.156689, 13.138647 ] } },
{ "type": "Feature", "properties": { "id": null, "Name": "Arunagirinathar street", "description": null, "timestamp": null, "begin": null, "end": null, "altitudeMode": null, "tessellate": -1, "extrude": 0, "visibility": -1, "drawOrder": null, "icon": null, "timestamp2": null, "begin2": null, "end2": null, "altitudeMode2": null, "tessellate2": -1, "extrude2": 0, "visibility2": -1, "drawOrder2": null, "icon2": null, "OBJECTID": 349, "OID_": 0, "ZONE": 7, "DIVISION": 79, "LAT": 13.126965, "LONG_": 80.148761 }, "geometry": { "type": "Point", "coordinates": [ 80.148761, 13.126965 ] } },
{ "type": "Feature", "properties": { "id": null, "Name": "TVK Street", "description": null, "timestamp": null, "begin": null, "end": null, "altitudeMode": null, "tessellate": -1, "extrude": 0, "visibility": -1, "drawOrder": null, "icon": null, "timestamp2": null, "begin2": null, "end2": null, "altitudeMode2": null, "tessellate2": -1, "extrude2": 0, "visibility2": -1, "drawOrder2": null, "icon2": null, "OBJECTID": 350, "OID_": 0, "ZONE": 7, "DIVISION": 79, "LAT": 13.126289, "LONG_": 80.150086 }, "geometry": { "type": "Point", "coordinates": [ 80.150086, 13.126289 ] } },
{ "type": "Feature", "properties": { "id": null, "Name": "Sakthi Vinayagar Koil Street", "description": null, "timestamp": null, "begin": null, "end": null, "altitudeMode": null, "tessellate": -1, "extrude": 0, "visibility": -1, "drawOrder": null, "icon": null, "timestamp2": null, "begin2": null, "end2": null, "altitudeMode2": null, "tessellate2": -1, "extrude2": 0, "visibility2": -1, "drawOrder2": null, "icon2": null, "OBJECTID": 351, "OID_": 0, "ZONE": 7, "DIVISION": 79, "LAT": 13.126209, "LONG_": 80.150519 }, "geometry": { "type": "Point", "coordinates": [ 80.150519, 13.126209 ] } },
{ "type": "Feature", "properties": { "id": null, "Name": "Thirunavukarasu Street", "description": null, "timestamp": null, "begin": null, "end": null, "altitudeMode": null, "tessellate": -1, "extrude": 0, "visibility": -1, "drawOrder": null, "icon": null, "timestamp2": null, "begin2": null, "end2": null, "altitudeMode2": null, "tessellate2": -1, "extrude2": 0, "visibility2": -1, "drawOrder2": null, "icon2": null, "OBJECTID": 352, "OID_": 0, "ZONE": 7, "DIVISION": 82, "LAT": 13.116992, "LONG_": 80.165378 }, "geometry": { "type": "Point", "coordinates": [ 80.165378, 13.116992 ] } },
{ "type": "Feature", "properties": { "id": null, "Name": "TNEB Colony", "description": null, "timestamp": null, "begin": null, "end": null, "altitudeMode": null, "tessellate": -1, "extrude": 0, "visibility": -1, "drawOrder": null, "icon": null, "timestamp2": null, "begin2": null, "end2": null, "altitudeMode2": null, "tessellate2": -1, "extrude2": 0, "visibility2": -1, "drawOrder2": null, "icon2": null, "OBJECTID": 353, "OID_": 0, "ZONE": 7, "DIVISION": 82, "LAT": 13.119172, "LONG_": 80.16764 }, "geometry": { "type": "Point", "coordinates": [ 80.16764, 13.119172 ] } },
{ "type": "Feature", "properties": { "id": null, "Name": "TNEB 27th Street", "description": null, "timestamp": null, "begin": null, "end": null, "altitudeMode": null, "tessellate": -1, "extrude": 0, "visibility": -1, "drawOrder": null, "icon": null, "timestamp2": null, "begin2": null, "end2": null, "altitudeMode2": null, "tessellate2": -1, "extrude2": 0, "visibility2": -1, "drawOrder2": null, "icon2": null, "OBJECTID": 354, "OID_": 0, "ZONE": 7, "DIVISION": 83, "LAT": 13.10867717, "LONG_": 80.1851302 }, "geometry": { "type": "Point", "coordinates": [ 80.1851302, 13.1086772 ] } },
{ "type": "Feature", "properties": { "id": null, "Name": "TNEB 29th Street", "description": null, "timestamp": null, "begin": null, "end": null, "altitudeMode": null, "tessellate": -1, "extrude": 0, "visibility": -1, "drawOrder": null, "icon": null, "timestamp2": null, "begin2": null, "end2": null, "altitudeMode2": null, "tessellate2": -1, "extrude2": 0, "visibility2": -1, "drawOrder2": null, "icon2": null, "OBJECTID": 355, "OID_": 0, "ZONE": 7, "DIVISION": 83, "LAT": 13.10935189, "LONG_": 80.18522013 }, "geometry": { "type": "Point", "coordinates": [ 80.1852201, 13.1093519 ] } },
{ "type": "Feature", "properties": { "id": null, "Name": "TNEB 28th Street", "description": null, "timestamp": null, "begin": null, "end": null, "altitudeMode": null, "tessellate": -1, "extrude": 0, "visibility": -1, "drawOrder": null, "icon": null, "timestamp2": null, "begin2": null, "end2": null, "altitudeMode2": null, "tessellate2": -1, "extrude2": 0, "visibility2": -1, "drawOrder2": null, "icon2": null, "OBJECTID": 356, "OID_": 0, "ZONE": 7, "DIVISION": 83, "LAT": 13.10904106, "LONG_": 80.18483255 }, "geometry": { "type": "Point", "coordinates": [ 80.1848325, 13.1090411 ] } },
{ "type": "Feature", "properties": { "id": null, "Name": "TNEB 61st Street", "description": null, "timestamp": null, "begin": null, "end": null, "altitudeMode": null, "tessellate": -1, "extrude": 0, "visibility": -1, "drawOrder": null, "icon": null, "timestamp2": null, "begin2": null, "end2": null, "altitudeMode2": null, "tessellate2": -1, "extrude2": 0, "visibility2": -1, "drawOrder2": null, "icon2": null, "OBJECTID": 357, "OID_": 0, "ZONE": 7, "DIVISION": 83, "LAT": 13.111126, "LONG_": 80.186711 }, "geometry": { "type": "Point", "coordinates": [ 80.186711, 13.111126 ] } },
{ "type": "Feature", "properties": { "id": null, "Name": "CTH ROAD", "description": null, "timestamp": null, "begin": null, "end": null, "altitudeMode": null, "tessellate": -1, "extrude": 0, "visibility": -1, "drawOrder": null, "icon": null, "timestamp2": null, "begin2": null, "end2": null, "altitudeMode2": null, "tessellate2": -1, "extrude2": 0, "visibility2": -1, "drawOrder2": null, "icon2": null, "OBJECTID": 358, "OID_": 0, "ZONE": 7, "DIVISION": 88, "LAT": 13.10047897, "LONG_": 80.19000064 }, "geometry": { "type": "Point", "coordinates": [ 80.1900006, 13.100479 ] } },
{ "type": "Feature", "properties": { "id": null, "Name": "TNEB 26TH Street", "description": null, "timestamp": null, "begin": null, "end": null, "altitudeMode": null, "tessellate": -1, "extrude": 0, "visibility": -1, "drawOrder": null, "icon": null, "timestamp2": null, "begin2": null, "end2": null, "altitudeMode2": null, "tessellate2": -1, "extrude2": 0, "visibility2": -1, "drawOrder2": null, "icon2": null, "OBJECTID": 359, "OID_": 0, "ZONE": 7, "DIVISION": 83, "LAT": 13.10843669, "LONG_": 80.18472388000001 }, "geometry": { "type": "Point", "coordinates": [ 80.1847239, 13.1084367 ] } },
{ "type": "Feature", "properties": { "id": null, "Name": "M.T.H. Road", "description": null, "timestamp": null, "begin": null, "end": null, "altitudeMode": null, "tessellate": -1, "extrude": 0, "visibility": -1, "drawOrder": null, "icon": null, "timestamp2": null, "begin2": null, "end2": null, "altitudeMode2": null, "tessellate2": -1, "extrude2": 0, "visibility2": -1, "drawOrder2": null, "icon2": null, "OBJECTID": 360, "OID_": 0, "ZONE": 8, "DIVISION": 94, "LAT": 13.10336371, "LONG_": 80.20078883 }, "geometry": { "type": "Point", "coordinates": [ 80.2007888, 13.1033637 ] } },
{ "type": "Feature", "properties": { "id": null, "Name": "Annai Sathya Nagar", "description": null, "timestamp": null, "begin": null, "end": null, "altitudeMode": null, "tessellate": -1, "extrude": 0, "visibility": -1, "drawOrder": null, "icon": null, "timestamp2": null, "begin2": null, "end2": null, "altitudeMode2": null, "tessellate2": -1, "extrude2": 0, "visibility2": -1, "drawOrder2": null, "icon2": null, "OBJECTID": 361, "OID_": 0, "ZONE": 8, "DIVISION": 94, "LAT": 13.10267535, "LONG_": 80.19592339 }, "geometry": { "type": "Point", "coordinates": [ 80.1959234, 13.1026754 ] } },
{ "type": "Feature", "properties": { "id": null, "Name": "North Sivan Koil Street", "description": null, "timestamp": null, "begin": null, "end": null, "altitudeMode": null, "tessellate": -1, "extrude": 0, "visibility": -1, "drawOrder": null, "icon": null, "timestamp2": null, "begin2": null, "end2": null, "altitudeMode2": null, "tessellate2": -1, "extrude2": 0, "visibility2": -1, "drawOrder2": null, "icon2": null, "OBJECTID": 362, "OID_": 0, "ZONE": 8, "DIVISION": 94, "LAT": 13.10560604, "LONG_": 80.20695078 }, "geometry": { "type": "Point", "coordinates": [ 80.2069508, 13.105606 ] } },
{ "type": "Feature", "properties": { "id": null, "Name": "Baba Nagar 1st Main Road", "description": null, "timestamp": null, "begin": null, "end": null, "altitudeMode": null, "tessellate": -1, "extrude": 0, "visibility": -1, "drawOrder": null, "icon": null, "timestamp2": null, "begin2": null, "end2": null, "altitudeMode2": null, "tessellate2": -1, "extrude2": 0, "visibility2": -1, "drawOrder2": null, "icon2": null, "OBJECTID": 363, "OID_": 0, "ZONE": 8, "DIVISION": 94, "LAT": 13.11695043, "LONG_": 80.20517231 }, "geometry": { "type": "Point", "coordinates": [ 80.2051723, 13.1169504 ] } },
{ "type": "Feature", "properties": { "id": null, "Name": "North Jaganatha Nagar 2nd Street", "description": null, "timestamp": null, "begin": null, "end": null, "altitudeMode": null, "tessellate": -1, "extrude": 0, "visibility": -1, "drawOrder": null, "icon": null, "timestamp2": null, "begin2": null, "end2": null, "altitudeMode2": null, "tessellate2": -1, "extrude2": 0, "visibility2": -1, "drawOrder2": null, "icon2": null, "OBJECTID": 364, "OID_": 0, "ZONE": 8, "DIVISION": 94, "LAT": 13.1117673, "LONG_": 80.20371321 }, "geometry": { "type": "Point", "coordinates": [ 80.2037132, 13.1117673 ] } },
{ "type": "Feature", "properties": { "id": null, "Name": "North Jaganatha Nagar 8th Street", "description": null, "timestamp": null, "begin": null, "end": null, "altitudeMode": null, "tessellate": -1, "extrude": 0, "visibility": -1, "drawOrder": null, "icon": null, "timestamp2": null, "begin2": null, "end2": null, "altitudeMode2": null, "tessellate2": -1, "extrude2": 0, "visibility2": -1, "drawOrder2": null, "icon2": null, "OBJECTID": 365, "OID_": 0, "ZONE": 8, "DIVISION": 94, "LAT": 13.11240708, "LONG_": 80.20122383 }, "geometry": { "type": "Point", "coordinates": [ 80.2012238, 13.1124071 ] } },
{ "type": "Feature", "properties": { "id": null, "Name": "North Jaganatha Nagar 11th Street", "description": null, "timestamp": null, "begin": null, "end": null, "altitudeMode": null, "tessellate": -1, "extrude": 0, "visibility": -1, "drawOrder": null, "icon": null, "timestamp2": null, "begin2": null, "end2": null, "altitudeMode2": null, "tessellate2": -1, "extrude2": 0, "visibility2": -1, "drawOrder2": null, "icon2": null, "OBJECTID": 366, "OID_": 0, "ZONE": 8, "DIVISION": 94, "LAT": 13.11336512, "LONG_": 80.20034283 }, "geometry": { "type": "Point", "coordinates": [ 80.2003428, 13.1133651 ] } },
{ "type": "Feature", "properties": { "id": null, "Name": "Baba Nagar 1st Street", "description": null, "timestamp": null, "begin": null, "end": null, "altitudeMode": null, "tessellate": -1, "extrude": 0, "visibility": -1, "drawOrder": null, "icon": null, "timestamp2": null, "begin2": null, "end2": null, "altitudeMode2": null, "tessellate2": -1, "extrude2": 0, "visibility2": -1, "drawOrder2": null, "icon2": null, "OBJECTID": 367, "OID_": 0, "ZONE": 8, "DIVISION": 94, "LAT": 13.11685435, "LONG_": 80.20517426000001 }, "geometry": { "type": "Point", "coordinates": [ 80.2051743, 13.1168544 ] } },
{ "type": "Feature", "properties": { "id": null, "Name": "Valliammal Nagar", "description": null, "timestamp": null, "begin": null, "end": null, "altitudeMode": null, "tessellate": -1, "extrude": 0, "visibility": -1, "drawOrder": null, "icon": null, "timestamp2": null, "begin2": null, "end2": null, "altitudeMode2": null, "tessellate2": -1, "extrude2": 0, "visibility2": -1, "drawOrder2": null, "icon2": null, "OBJECTID": 368, "OID_": 0, "ZONE": 8, "DIVISION": 94, "LAT": 13.10768195, "LONG_": 80.19677755 }, "geometry": { "type": "Point", "coordinates": [ 80.1967775, 13.1076819 ] } },
{ "type": "Feature", "properties": { "id": null, "Name": "Bharathi Nagar", "description": null, "timestamp": null, "begin": null, "end": null, "altitudeMode": null, "tessellate": -1, "extrude": 0, "visibility": -1, "drawOrder": null, "icon": null, "timestamp2": null, "begin2": null, "end2": null, "altitudeMode2": null, "tessellate2": -1, "extrude2": 0, "visibility2": -1, "drawOrder2": null, "icon2": null, "OBJECTID": 369, "OID_": 0, "ZONE": 8, "DIVISION": 94, "LAT": 13.10509904, "LONG_": 80.20421442 }, "geometry": { "type": "Point", "coordinates": [ 80.2042144, 13.105099 ] } },
{ "type": "Feature", "properties": { "id": null, "Name": "Rajiv Gandhi Nagar 2nd Street", "description": null, "timestamp": null, "begin": null, "end": null, "altitudeMode": null, "tessellate": -1, "extrude": 0, "visibility": -1, "drawOrder": null, "icon": null, "timestamp2": null, "begin2": null, "end2": null, "altitudeMode2": null, "tessellate2": -1, "extrude2": 0, "visibility2": -1, "drawOrder2": null, "icon2": null, "OBJECTID": 370, "OID_": 0, "ZONE": 8, "DIVISION": 95, "LAT": 13.1048035, "LONG_": 80.21118076 }, "geometry": { "type": "Point", "coordinates": [ 80.2111808, 13.1048035 ] } },
{ "type": "Feature", "properties": { "id": null, "Name": "Thanthoni Amman Koil Street", "description": null, "timestamp": null, "begin": null, "end": null, "altitudeMode": null, "tessellate": -1, "extrude": 0, "visibility": -1, "drawOrder": null, "icon": null, "timestamp2": null, "begin2": null, "end2": null, "altitudeMode2": null, "tessellate2": -1, "extrude2": 0, "visibility2": -1, "drawOrder2": null, "icon2": null, "OBJECTID": 371, "OID_": 0, "ZONE": 8, "DIVISION": 95, "LAT": 13.10349571, "LONG_": 80.20940261 }, "geometry": { "type": "Point", "coordinates": [ 80.2094026, 13.1034957 ] } },
{ "type": "Feature", "properties": { "id": null, "Name": "Narayana Maistry 2nd Street", "description": null, "timestamp": null, "begin": null, "end": null, "altitudeMode": null, "tessellate": -1, "extrude": 0, "visibility": -1, "drawOrder": null, "icon": null, "timestamp2": null, "begin2": null, "end2": null, "altitudeMode2": null, "tessellate2": -1, "extrude2": 0, "visibility2": -1, "drawOrder2": null, "icon2": null, "OBJECTID": 372, "OID_": 0, "ZONE": 8, "DIVISION": 95, "LAT": 13.10604185, "LONG_": 80.21347747 }, "geometry": { "type": "Point", "coordinates": [ 80.2134775, 13.1060419 ] } },
{ "type": "Feature", "properties": { "id": null, "Name": "Bajanai Koil Street", "description": null, "timestamp": null, "begin": null, "end": null, "altitudeMode": null, "tessellate": -1, "extrude": 0, "visibility": -1, "drawOrder": null, "icon": null, "timestamp2": null, "begin2": null, "end2": null, "altitudeMode2": null, "tessellate2": -1, "extrude2": 0, "visibility2": -1, "drawOrder2": null, "icon2": null, "OBJECTID": 373, "OID_": 0, "ZONE": 8, "DIVISION": 95, "LAT": 13.10292196, "LONG_": 80.21208528 }, "geometry": { "type": "Point", "coordinates": [ 80.2120853, 13.102922 ] } },
{ "type": "Feature", "properties": { "id": null, "Name": "Vasantham Colony 1st Street", "description": null, "timestamp": null, "begin": null, "end": null, "altitudeMode": null, "tessellate": -1, "extrude": 0, "visibility": -1, "drawOrder": null, "icon": null, "timestamp2": null, "begin2": null, "end2": null, "altitudeMode2": null, "tessellate2": -1, "extrude2": 0, "visibility2": -1, "drawOrder2": null, "icon2": null, "OBJECTID": 374, "OID_": 0, "ZONE": 8, "DIVISION": 95, "LAT": 13.09499123, "LONG_": 80.20656829000001 }, "geometry": { "type": "Point", "coordinates": [ 80.2065683, 13.0949912 ] } },
{ "type": "Feature", "properties": { "id": null, "Name": "18th Main Road", "description": null, "timestamp": null, "begin": null, "end": null, "altitudeMode": null, "tessellate": -1, "extrude": 0, "visibility": -1, "drawOrder": null, "icon": null, "timestamp2": null, "begin2": null, "end2": null, "altitudeMode2": null, "tessellate2": -1, "extrude2": 0, "visibility2": -1, "drawOrder2": null, "icon2": null, "OBJECTID": 375, "OID_": 0, "ZONE": 8, "DIVISION": 95, "LAT": 13.09480179, "LONG_": 80.20149541000001 }, "geometry": { "type": "Point", "coordinates": [ 80.2014954, 13.0948018 ] } },
{ "type": "Feature", "properties": { "id": null, "Name": "THIRU NAGAR", "description": null, "timestamp": null, "begin": null, "end": null, "altitudeMode": null, "tessellate": -1, "extrude": 0, "visibility": -1, "drawOrder": null, "icon": null, "timestamp2": null, "begin2": null, "end2": null, "altitudeMode2": null, "tessellate2": -1, "extrude2": 0, "visibility2": -1, "drawOrder2": null, "icon2": null, "OBJECTID": 376, "OID_": 0, "ZONE": 8, "DIVISION": 95, "LAT": 13.10167578, "LONG_": 80.20355163000001 }, "geometry": { "type": "Point", "coordinates": [ 80.2035516, 13.1016758 ] } },
{ "type": "Feature", "properties": { "id": null, "Name": "North Main Road", "description": null, "timestamp": null, "begin": null, "end": null, "altitudeMode": null, "tessellate": -1, "extrude": 0, "visibility": -1, "drawOrder": null, "icon": null, "timestamp2": null, "begin2": null, "end2": null, "altitudeMode2": null, "tessellate2": -1, "extrude2": 0, "visibility2": -1, "drawOrder2": null, "icon2": null, "OBJECTID": 377, "OID_": 0, "ZONE": 8, "DIVISION": 95, "LAT": 13.09706041, "LONG_": 80.19701851000001 }, "geometry": { "type": "Point", "coordinates": [ 80.1970185, 13.0970604 ] } },
{ "type": "Feature", "properties": { "id": null, "Name": "MTH Road", "description": null, "timestamp": null, "begin": null, "end": null, "altitudeMode": null, "tessellate": -1, "extrude": 0, "visibility": -1, "drawOrder": null, "icon": null, "timestamp2": null, "begin2": null, "end2": null, "altitudeMode2": null, "tessellate2": -1, "extrude2": 0, "visibility2": -1, "drawOrder2": null, "icon2": null, "OBJECTID": 378, "OID_": 0, "ZONE": 8, "DIVISION": 95, "LAT": 13.10255467, "LONG_": 80.20919653 }, "geometry": { "type": "Point", "coordinates": [ 80.2091965, 13.1025547 ] } },
{ "type": "Feature", "properties": { "id": null, "Name": "New Avadi Road", "description": null, "timestamp": null, "begin": null, "end": null, "altitudeMode": null, "tessellate": -1, "extrude": 0, "visibility": -1, "drawOrder": null, "icon": null, "timestamp2": null, "begin2": null, "end2": null, "altitudeMode2": null, "tessellate2": -1, "extrude2": 0, "visibility2": -1, "drawOrder2": null, "icon2": null, "OBJECTID": 379, "OID_": 0, "ZONE": 8, "DIVISION": 95, "LAT": 13.10058226, "LONG_": 80.20916063 }, "geometry": { "type": "Point", "coordinates": [ 80.2091606, 13.1005823 ] } },
{ "type": "Feature", "properties": { "id": null, "Name": "Anna Nagar west - W Block", "description": null, "timestamp": null, "begin": null, "end": null, "altitudeMode": null, "tessellate": -1, "extrude": 0, "visibility": -1, "drawOrder": null, "icon": null, "timestamp2": null, "begin2": null, "end2": null, "altitudeMode2": null, "tessellate2": -1, "extrude2": 0, "visibility2": -1, "drawOrder2": null, "icon2": null, "OBJECTID": 380, "OID_": 0, "ZONE": 8, "DIVISION": 95, "LAT": 13.09504814, "LONG_": 80.19636363 }, "geometry": { "type": "Point", "coordinates": [ 80.1963636, 13.0950481 ] } },
{ "type": "Feature", "properties": { "id": null, "Name": "Konnur High Road", "description": null, "timestamp": null, "begin": null, "end": null, "altitudeMode": null, "tessellate": -1, "extrude": 0, "visibility": -1, "drawOrder": null, "icon": null, "timestamp2": null, "begin2": null, "end2": null, "altitudeMode2": null, "tessellate2": -1, "extrude2": 0, "visibility2": -1, "drawOrder2": null, "icon2": null, "OBJECTID": 381, "OID_": 0, "ZONE": 8, "DIVISION": 96, "LAT": 13.09876947, "LONG_": 80.22149429 }, "geometry": { "type": "Point", "coordinates": [ 80.2214943, 13.0987695 ] } },
{ "type": "Feature", "properties": { "id": null, "Name": "Kakkangi Nagar", "description": null, "timestamp": null, "begin": null, "end": null, "altitudeMode": null, "tessellate": -1, "extrude": 0, "visibility": -1, "drawOrder": null, "icon": null, "timestamp2": null, "begin2": null, "end2": null, "altitudeMode2": null, "tessellate2": -1, "extrude2": 0, "visibility2": -1, "drawOrder2": null, "icon2": null, "OBJECTID": 382, "OID_": 0, "ZONE": 8, "DIVISION": 96, "LAT": 13.09797489, "LONG_": 80.21631958 }, "geometry": { "type": "Point", "coordinates": [ 80.2163196, 13.0979749 ] } },
{ "type": "Feature", "properties": { "id": null, "Name": "Ayanavaram market road", "description": null, "timestamp": null, "begin": null, "end": null, "altitudeMode": null, "tessellate": -1, "extrude": 0, "visibility": -1, "drawOrder": null, "icon": null, "timestamp2": null, "begin2": null, "end2": null, "altitudeMode2": null, "tessellate2": -1, "extrude2": 0, "visibility2": -1, "drawOrder2": null, "icon2": null, "OBJECTID": 383, "OID_": 0, "ZONE": 8, "DIVISION": 96, "LAT": 13.09834894, "LONG_": 80.23067868 }, "geometry": { "type": "Point", "coordinates": [ 80.2306787, 13.0983489 ] } },
{ "type": "Feature", "properties": { "id": null, "Name": "NMK Street", "description": null, "timestamp": null, "begin": null, "end": null, "altitudeMode": null, "tessellate": -1, "extrude": 0, "visibility": -1, "drawOrder": null, "icon": null, "timestamp2": null, "begin2": null, "end2": null, "altitudeMode2": null, "tessellate2": -1, "extrude2": 0, "visibility2": -1, "drawOrder2": null, "icon2": null, "OBJECTID": 384, "OID_": 0, "ZONE": 8, "DIVISION": 96, "LAT": 13.09686073, "LONG_": 80.23402575 }, "geometry": { "type": "Point", "coordinates": [ 80.2340258, 13.0968607 ] } },
{ "type": "Feature", "properties": { "id": null, "Name": "Vellala Street", "description": null, "timestamp": null, "begin": null, "end": null, "altitudeMode": null, "tessellate": -1, "extrude": 0, "visibility": -1, "drawOrder": null, "icon": null, "timestamp2": null, "begin2": null, "end2": null, "altitudeMode2": null, "tessellate2": -1, "extrude2": 0, "visibility2": -1, "drawOrder2": null, "icon2": null, "OBJECTID": 385, "OID_": 0, "ZONE": 8, "DIVISION": 97, "LAT": 13.09600962, "LONG_": 80.22357979 }, "geometry": { "type": "Point", "coordinates": [ 80.2235798, 13.0960096 ] } },
{ "type": "Feature", "properties": { "id": null, "Name": "Kamaraj Street", "description": null, "timestamp": null, "begin": null, "end": null, "altitudeMode": null, "tessellate": -1, "extrude": 0, "visibility": -1, "drawOrder": null, "icon": null, "timestamp2": null, "begin2": null, "end2": null, "altitudeMode2": null, "tessellate2": -1, "extrude2": 0, "visibility2": -1, "drawOrder2": null, "icon2": null, "OBJECTID": 386, "OID_": 0, "ZONE": 8, "DIVISION": 97, "LAT": 13.09538755, "LONG_": 80.22446862 }, "geometry": { "type": "Point", "coordinates": [ 80.2244686, 13.0953875 ] } },
{ "type": "Feature", "properties": { "id": null, "Name": "CHAKRAVARTHY NAGAR", "description": null, "timestamp": null, "begin": null, "end": null, "altitudeMode": null, "tessellate": -1, "extrude": 0, "visibility": -1, "drawOrder": null, "icon": null, "timestamp2": null, "begin2": null, "end2": null, "altitudeMode2": null, "tessellate2": -1, "extrude2": 0, "visibility2": -1, "drawOrder2": null, "icon2": null, "OBJECTID": 387, "OID_": 0, "ZONE": 8, "DIVISION": 97, "LAT": 13.09544837, "LONG_": 80.22326838 }, "geometry": { "type": "Point", "coordinates": [ 80.2232684, 13.0954484 ] } },
{ "type": "Feature", "properties": { "id": null, "Name": "Police Manickam Street", "description": null, "timestamp": null, "begin": null, "end": null, "altitudeMode": null, "tessellate": -1, "extrude": 0, "visibility": -1, "drawOrder": null, "icon": null, "timestamp2": null, "begin2": null, "end2": null, "altitudeMode2": null, "tessellate2": -1, "extrude2": 0, "visibility2": -1, "drawOrder2": null, "icon2": null, "OBJECTID": 388, "OID_": 0, "ZONE": 8, "DIVISION": 98, "LAT": 13.09387484, "LONG_": 80.23564971 }, "geometry": { "type": "Point", "coordinates": [ 80.2356497, 13.0938748 ] } },
{ "type": "Feature", "properties": { "id": null, "Name": "Ayanavaram road", "description": null, "timestamp": null, "begin": null, "end": null, "altitudeMode": null, "tessellate": -1, "extrude": 0, "visibility": -1, "drawOrder": null, "icon": null, "timestamp2": null, "begin2": null, "end2": null, "altitudeMode2": null, "tessellate2": -1, "extrude2": 0, "visibility2": -1, "drawOrder2": null, "icon2": null, "OBJECTID": 389, "OID_": 0, "ZONE": 8, "DIVISION": 98, "LAT": 13.09285438, "LONG_": 80.23614621 }, "geometry": { "type": "Point", "coordinates": [ 80.2361462, 13.0928544 ] } },
{ "type": "Feature", "properties": { "id": null, "Name": "C.K.Street", "description": null, "timestamp": null, "begin": null, "end": null, "altitudeMode": null, "tessellate": -1, "extrude": 0, "visibility": -1, "drawOrder": null, "icon": null, "timestamp2": null, "begin2": null, "end2": null, "altitudeMode2": null, "tessellate2": -1, "extrude2": 0, "visibility2": -1, "drawOrder2": null, "icon2": null, "OBJECTID": 390, "OID_": 0, "ZONE": 8, "DIVISION": 98, "LAT": 13.09336073, "LONG_": 80.23475471 }, "geometry": { "type": "Point", "coordinates": [ 80.2347547, 13.0933607 ] } },
{ "type": "Feature", "properties": { "id": null, "Name": "Mettu street", "description": null, "timestamp": null, "begin": null, "end": null, "altitudeMode": null, "tessellate": -1, "extrude": 0, "visibility": -1, "drawOrder": null, "icon": null, "timestamp2": null, "begin2": null, "end2": null, "altitudeMode2": null, "tessellate2": -1, "extrude2": 0, "visibility2": -1, "drawOrder2": null, "icon2": null, "OBJECTID": 391, "OID_": 0, "ZONE": 8, "DIVISION": 98, "LAT": 13.09416301, "LONG_": 80.23283973 }, "geometry": { "type": "Point", "coordinates": [ 80.2328397, 13.094163 ] } },
{ "type": "Feature", "properties": { "id": null, "Name": "Raju street", "description": null, "timestamp": null, "begin": null, "end": null, "altitudeMode": null, "tessellate": -1, "extrude": 0, "visibility": -1, "drawOrder": null, "icon": null, "timestamp2": null, "begin2": null, "end2": null, "altitudeMode2": null, "tessellate2": -1, "extrude2": 0, "visibility2": -1, "drawOrder2": null, "icon2": null, "OBJECTID": 392, "OID_": 0, "ZONE": 8, "DIVISION": 98, "LAT": 13.09065238, "LONG_": 80.2317054 }, "geometry": { "type": "Point", "coordinates": [ 80.2317054, 13.0906524 ] } },
{ "type": "Feature", "properties": { "id": null, "Name": "VP Colony Extn.,", "description": null, "timestamp": null, "begin": null, "end": null, "altitudeMode": null, "tessellate": -1, "extrude": 0, "visibility": -1, "drawOrder": null, "icon": null, "timestamp2": null, "begin2": null, "end2": null, "altitudeMode2": null, "tessellate2": -1, "extrude2": 0, "visibility2": -1, "drawOrder2": null, "icon2": null, "OBJECTID": 393, "OID_": 0, "ZONE": 8, "DIVISION": 98, "LAT": 13.09364606, "LONG_": 80.23643029 }, "geometry": { "type": "Point", "coordinates": [ 80.2364303, 13.0936461 ] } },
{ "type": "Feature", "properties": { "id": null, "Name": "Aspiran Garden 1st Street", "description": null, "timestamp": null, "begin": null, "end": null, "altitudeMode": null, "tessellate": -1, "extrude": 0, "visibility": -1, "drawOrder": null, "icon": null, "timestamp2": null, "begin2": null, "end2": null, "altitudeMode2": null, "tessellate2": -1, "extrude2": 0, "visibility2": -1, "drawOrder2": null, "icon2": null, "OBJECTID": 394, "OID_": 0, "ZONE": 8, "DIVISION": 98, "LAT": 13.0863659, "LONG_": 80.23650262 }, "geometry": { "type": "Point", "coordinates": [ 80.2365026, 13.0863659 ] } },
{ "type": "Feature", "properties": { "id": null, "Name": "NVN Nagar", "description": null, "timestamp": null, "begin": null, "end": null, "altitudeMode": null, "tessellate": -1, "extrude": 0, "visibility": -1, "drawOrder": null, "icon": null, "timestamp2": null, "begin2": null, "end2": null, "altitudeMode2": null, "tessellate2": -1, "extrude2": 0, "visibility2": -1, "drawOrder2": null, "icon2": null, "OBJECTID": 395, "OID_": 0, "ZONE": 8, "DIVISION": 99, "LAT": 13.08576627, "LONG_": 80.19746658 }, "geometry": { "type": "Point", "coordinates": [ 80.1974666, 13.0857663 ] } },
{ "type": "Feature", "properties": { "id": null, "Name": "TV Nagar", "description": null, "timestamp": null, "begin": null, "end": null, "altitudeMode": null, "tessellate": -1, "extrude": 0, "visibility": -1, "drawOrder": null, "icon": null, "timestamp2": null, "begin2": null, "end2": null, "altitudeMode2": null, "tessellate2": -1, "extrude2": 0, "visibility2": -1, "drawOrder2": null, "icon2": null, "OBJECTID": 396, "OID_": 0, "ZONE": 8, "DIVISION": 99, "LAT": 13.0841148, "LONG_": 80.19727695 }, "geometry": { "type": "Point", "coordinates": [ 80.1972769, 13.0841148 ] } },
{ "type": "Feature", "properties": { "id": null, "Name": "H Block 4th Street", "description": null, "timestamp": null, "begin": null, "end": null, "altitudeMode": null, "tessellate": -1, "extrude": 0, "visibility": -1, "drawOrder": null, "icon": null, "timestamp2": null, "begin2": null, "end2": null, "altitudeMode2": null, "tessellate2": -1, "extrude2": 0, "visibility2": -1, "drawOrder2": null, "icon2": null, "OBJECTID": 397, "OID_": 0, "ZONE": 8, "DIVISION": 99, "LAT": 13.08650555, "LONG_": 80.20099049 }, "geometry": { "type": "Point", "coordinates": [ 80.2009905, 13.0865056 ] } },
{ "type": "Feature", "properties": { "id": null, "Name": "Mangalam Colony, PWD Quarters", "description": null, "timestamp": null, "begin": null, "end": null, "altitudeMode": null, "tessellate": -1, "extrude": 0, "visibility": -1, "drawOrder": null, "icon": null, "timestamp2": null, "begin2": null, "end2": null, "altitudeMode2": null, "tessellate2": -1, "extrude2": 0, "visibility2": -1, "drawOrder2": null, "icon2": null, "OBJECTID": 398, "OID_": 0, "ZONE": 8, "DIVISION": 99, "LAT": 13.08209486, "LONG_": 80.19885632 }, "geometry": { "type": "Point", "coordinates": [ 80.1988563, 13.0820949 ] } },
{ "type": "Feature", "properties": { "id": null, "Name": "H Block 5th Street", "description": null, "timestamp": null, "begin": null, "end": null, "altitudeMode": null, "tessellate": -1, "extrude": 0, "visibility": -1, "drawOrder": null, "icon": null, "timestamp2": null, "begin2": null, "end2": null, "altitudeMode2": null, "tessellate2": -1, "extrude2": 0, "visibility2": -1, "drawOrder2": null, "icon2": null, "OBJECTID": 399, "OID_": 0, "ZONE": 8, "DIVISION": 99, "LAT": 13.08626864, "LONG_": 80.20269466000001 }, "geometry": { "type": "Point", "coordinates": [ 80.2026947, 13.0862686 ] } },
{ "type": "Feature", "properties": { "id": null, "Name": "H Block 23rd Street", "description": null, "timestamp": null, "begin": null, "end": null, "altitudeMode": null, "tessellate": -1, "extrude": 0, "visibility": -1, "drawOrder": null, "icon": null, "timestamp2": null, "begin2": null, "end2": null, "altitudeMode2": null, "tessellate2": -1, "extrude2": 0, "visibility2": -1, "drawOrder2": null, "icon2": null, "OBJECTID": 400, "OID_": 0, "ZONE": 8, "DIVISION": 99, "LAT": 13.09154706, "LONG_": 80.20128382 }, "geometry": { "type": "Point", "coordinates": [ 80.2012838, 13.0915471 ] } },
{ "type": "Feature", "properties": { "id": null, "Name": "School Road", "description": null, "timestamp": null, "begin": null, "end": null, "altitudeMode": null, "tessellate": -1, "extrude": 0, "visibility": -1, "drawOrder": null, "icon": null, "timestamp2": null, "begin2": null, "end2": null, "altitudeMode2": null, "tessellate2": -1, "extrude2": 0, "visibility2": -1, "drawOrder2": null, "icon2": null, "OBJECTID": 401, "OID_": 0, "ZONE": 8, "DIVISION": 99, "LAT": 13.09303159, "LONG_": 80.19673987 }, "geometry": { "type": "Point", "coordinates": [ 80.1967399, 13.0930316 ] } },
{ "type": "Feature", "properties": { "id": null, "Name": "S Block 21st Street", "description": null, "timestamp": null, "begin": null, "end": null, "altitudeMode": null, "tessellate": -1, "extrude": 0, "visibility": -1, "drawOrder": null, "icon": null, "timestamp2": null, "begin2": null, "end2": null, "altitudeMode2": null, "tessellate2": -1, "extrude2": 0, "visibility2": -1, "drawOrder2": null, "icon2": null, "OBJECTID": 402, "OID_": 0, "ZONE": 8, "DIVISION": 100, "LAT": 13.09184701, "LONG_": 80.21179746 }, "geometry": { "type": "Point", "coordinates": [ 80.2117975, 13.091847 ] } },
{ "type": "Feature", "properties": { "id": null, "Name": "S Block 2nd Street", "description": null, "timestamp": null, "begin": null, "end": null, "altitudeMode": null, "tessellate": -1, "extrude": 0, "visibility": -1, "drawOrder": null, "icon": null, "timestamp2": null, "begin2": null, "end2": null, "altitudeMode2": null, "tessellate2": -1, "extrude2": 0, "visibility2": -1, "drawOrder2": null, "icon2": null, "OBJECTID": 403, "OID_": 0, "ZONE": 8, "DIVISION": 100, "LAT": 13.09110015, "LONG_": 80.21262748 }, "geometry": { "type": "Point", "coordinates": [ 80.2126275, 13.0911001 ] } },
{ "type": "Feature", "properties": { "id": null, "Name": "5th Main Road", "description": null, "timestamp": null, "begin": null, "end": null, "altitudeMode": null, "tessellate": -1, "extrude": 0, "visibility": -1, "drawOrder": null, "icon": null, "timestamp2": null, "begin2": null, "end2": null, "altitudeMode2": null, "tessellate2": -1, "extrude2": 0, "visibility2": -1, "drawOrder2": null, "icon2": null, "OBJECTID": 404, "OID_": 0, "ZONE": 8, "DIVISION": 100, "LAT": 13.08855927, "LONG_": 80.21321336 }, "geometry": { "type": "Point", "coordinates": [ 80.2132134, 13.0885593 ] } },
{ "type": "Feature", "properties": { "id": null, "Name": "2nd Avenue", "description": null, "timestamp": null, "begin": null, "end": null, "altitudeMode": null, "tessellate": -1, "extrude": 0, "visibility": -1, "drawOrder": null, "icon": null, "timestamp2": null, "begin2": null, "end2": null, "altitudeMode2": null, "tessellate2": -1, "extrude2": 0, "visibility2": -1, "drawOrder2": null, "icon2": null, "OBJECTID": 405, "OID_": 0, "ZONE": 8, "DIVISION": 100, "LAT": 13.08481899, "LONG_": 80.21232805 }, "geometry": { "type": "Point", "coordinates": [ 80.212328, 13.084819 ] } },
{ "type": "Feature", "properties": { "id": null, "Name": "5th Avenue", "description": null, "timestamp": null, "begin": null, "end": null, "altitudeMode": null, "tessellate": -1, "extrude": 0, "visibility": -1, "drawOrder": null, "icon": null, "timestamp2": null, "begin2": null, "end2": null, "altitudeMode2": null, "tessellate2": -1, "extrude2": 0, "visibility2": -1, "drawOrder2": null, "icon2": null, "OBJECTID": 406, "OID_": 0, "ZONE": 8, "DIVISION": 100, "LAT": 13.08528994, "LONG_": 80.21019054 }, "geometry": { "type": "Point", "coordinates": [ 80.2101905, 13.0852899 ] } },
{ "type": "Feature", "properties": { "id": null, "Name": "4th Avenue", "description": null, "timestamp": null, "begin": null, "end": null, "altitudeMode": null, "tessellate": -1, "extrude": 0, "visibility": -1, "drawOrder": null, "icon": null, "timestamp2": null, "begin2": null, "end2": null, "altitudeMode2": null, "tessellate2": -1, "extrude2": 0, "visibility2": -1, "drawOrder2": null, "icon2": null, "OBJECTID": 407, "OID_": 0, "ZONE": 8, "DIVISION": 100, "LAT": 13.08243197, "LONG_": 80.21031332 }, "geometry": { "type": "Point", "coordinates": [ 80.2103133, 13.082432 ] } },
{ "type": "Feature", "properties": { "id": null, "Name": "6th Avenue", "description": null, "timestamp": null, "begin": null, "end": null, "altitudeMode": null, "tessellate": -1, "extrude": 0, "visibility": -1, "drawOrder": null, "icon": null, "timestamp2": null, "begin2": null, "end2": null, "altitudeMode2": null, "tessellate2": -1, "extrude2": 0, "visibility2": -1, "drawOrder2": null, "icon2": null, "OBJECTID": 408, "OID_": 0, "ZONE": 8, "DIVISION": 100, "LAT": 13.09241678, "LONG_": 80.21366553 }, "geometry": { "type": "Point", "coordinates": [ 80.2136655, 13.0924168 ] } },
{ "type": "Feature", "properties": { "id": null, "Name": "A.H.Block", "description": null, "timestamp": null, "begin": null, "end": null, "altitudeMode": null, "tessellate": -1, "extrude": 0, "visibility": -1, "drawOrder": null, "icon": null, "timestamp2": null, "begin2": null, "end2": null, "altitudeMode2": null, "tessellate2": -1, "extrude2": 0, "visibility2": -1, "drawOrder2": null, "icon2": null, "OBJECTID": 409, "OID_": 0, "ZONE": 8, "DIVISION": 100, "LAT": 13.0805405, "LONG_": 80.21351141 }, "geometry": { "type": "Point", "coordinates": [ 80.2135114, 13.0805405 ] } },
{ "type": "Feature", "properties": { "id": null, "Name": "R Block", "description": null, "timestamp": null, "begin": null, "end": null, "altitudeMode": null, "tessellate": -1, "extrude": 0, "visibility": -1, "drawOrder": null, "icon": null, "timestamp2": null, "begin2": null, "end2": null, "altitudeMode2": null, "tessellate2": -1, "extrude2": 0, "visibility2": -1, "drawOrder2": null, "icon2": null, "OBJECTID": 410, "OID_": 0, "ZONE": 8, "DIVISION": 100, "LAT": 13.09177241, "LONG_": 80.21437528 }, "geometry": { "type": "Point", "coordinates": [ 80.2143753, 13.0917724 ] } },
{ "type": "Feature", "properties": { "id": null, "Name": "2nd Avenue", "description": null, "timestamp": null, "begin": null, "end": null, "altitudeMode": null, "tessellate": -1, "extrude": 0, "visibility": -1, "drawOrder": null, "icon": null, "timestamp2": null, "begin2": null, "end2": null, "altitudeMode2": null, "tessellate2": -1, "extrude2": 0, "visibility2": -1, "drawOrder2": null, "icon2": null, "OBJECTID": 411, "OID_": 0, "ZONE": 8, "DIVISION": 101, "LAT": 13.0844408, "LONG_": 80.22255273 }, "geometry": { "type": "Point", "coordinates": [ 80.2225527, 13.0844408 ] } },
{ "type": "Feature", "properties": { "id": null, "Name": "T Block 8th Street", "description": null, "timestamp": null, "begin": null, "end": null, "altitudeMode": null, "tessellate": -1, "extrude": 0, "visibility": -1, "drawOrder": null, "icon": null, "timestamp2": null, "begin2": null, "end2": null, "altitudeMode2": null, "tessellate2": -1, "extrude2": 0, "visibility2": -1, "drawOrder2": null, "icon2": null, "OBJECTID": 412, "OID_": 0, "ZONE": 8, "DIVISION": 101, "LAT": 13.08846986, "LONG_": 80.21612191 }, "geometry": { "type": "Point", "coordinates": [ 80.2161219, 13.0884699 ] } },
{ "type": "Feature", "properties": { "id": null, "Name": "P Block 20th Street", "description": null, "timestamp": null, "begin": null, "end": null, "altitudeMode": null, "tessellate": -1, "extrude": 0, "visibility": -1, "drawOrder": null, "icon": null, "timestamp2": null, "begin2": null, "end2": null, "altitudeMode2": null, "tessellate2": -1, "extrude2": 0, "visibility2": -1, "drawOrder2": null, "icon2": null, "OBJECTID": 413, "OID_": 0, "ZONE": 8, "DIVISION": 101, "LAT": 13.09306073, "LONG_": 80.21703453000001 }, "geometry": { "type": "Point", "coordinates": [ 80.2170345, 13.0930607 ] } },
{ "type": "Feature", "properties": { "id": null, "Name": "Periyakoodal st", "description": null, "timestamp": null, "begin": null, "end": null, "altitudeMode": null, "tessellate": -1, "extrude": 0, "visibility": -1, "drawOrder": null, "icon": null, "timestamp2": null, "begin2": null, "end2": null, "altitudeMode2": null, "tessellate2": -1, "extrude2": 0, "visibility2": -1, "drawOrder2": null, "icon2": null, "OBJECTID": 414, "OID_": 0, "ZONE": 8, "DIVISION": 101, "LAT": 13.08017382, "LONG_": 80.22214757 }, "geometry": { "type": "Point", "coordinates": [ 80.2221476, 13.0801738 ] } },
{ "type": "Feature", "properties": { "id": null, "Name": "Q Block", "description": null, "timestamp": null, "begin": null, "end": null, "altitudeMode": null, "tessellate": -1, "extrude": 0, "visibility": -1, "drawOrder": null, "icon": null, "timestamp2": null, "begin2": null, "end2": null, "altitudeMode2": null, "tessellate2": -1, "extrude2": 0, "visibility2": -1, "drawOrder2": null, "icon2": null, "OBJECTID": 415, "OID_": 0, "ZONE": 8, "DIVISION": 101, "LAT": 13.09116251, "LONG_": 80.21713994 }, "geometry": { "type": "Point", "coordinates": [ 80.2171399, 13.0911625 ] } },
{ "type": "Feature", "properties": { "id": null, "Name": "Pulla Avenue", "description": null, "timestamp": null, "begin": null, "end": null, "altitudeMode": null, "tessellate": -1, "extrude": 0, "visibility": -1, "drawOrder": null, "icon": null, "timestamp2": null, "begin2": null, "end2": null, "altitudeMode2": null, "tessellate2": -1, "extrude2": 0, "visibility2": -1, "drawOrder2": null, "icon2": null, "OBJECTID": 416, "OID_": 0, "ZONE": 8, "DIVISION": 102, "LAT": 13.07683573, "LONG_": 80.22504309 }, "geometry": { "type": "Point", "coordinates": [ 80.2250431, 13.0768357 ] } },
{ "type": "Feature", "properties": { "id": null, "Name": "1st Avenue", "description": null, "timestamp": null, "begin": null, "end": null, "altitudeMode": null, "tessellate": -1, "extrude": 0, "visibility": -1, "drawOrder": null, "icon": null, "timestamp2": null, "begin2": null, "end2": null, "altitudeMode2": null, "tessellate2": -1, "extrude2": 0, "visibility2": -1, "drawOrder2": null, "icon2": null, "OBJECTID": 417, "OID_": 0, "ZONE": 8, "DIVISION": 102, "LAT": 13.090787, "LONG_": 80.2236868 }, "geometry": { "type": "Point", "coordinates": [ 80.2236868, 13.090787 ] } },
{ "type": "Feature", "properties": { "id": null, "Name": "1st Main Road", "description": null, "timestamp": null, "begin": null, "end": null, "altitudeMode": null, "tessellate": -1, "extrude": 0, "visibility": -1, "drawOrder": null, "icon": null, "timestamp2": null, "begin2": null, "end2": null, "altitudeMode2": null, "tessellate2": -1, "extrude2": 0, "visibility2": -1, "drawOrder2": null, "icon2": null, "OBJECTID": 418, "OID_": 0, "ZONE": 8, "DIVISION": 102, "LAT": 13.07802972, "LONG_": 80.22674787 }, "geometry": { "type": "Point", "coordinates": [ 80.2267479, 13.0780297 ] } },
{ "type": "Feature", "properties": { "id": null, "Name": "Kilpauk Garden Road", "description": null, "timestamp": null, "begin": null, "end": null, "altitudeMode": null, "tessellate": -1, "extrude": 0, "visibility": -1, "drawOrder": null, "icon": null, "timestamp2": null, "begin2": null, "end2": null, "altitudeMode2": null, "tessellate2": -1, "extrude2": 0, "visibility2": -1, "drawOrder2": null, "icon2": null, "OBJECTID": 419, "OID_": 0, "ZONE": 8, "DIVISION": 102, "LAT": 13.08310235, "LONG_": 80.22976077 }, "geometry": { "type": "Point", "coordinates": [ 80.2297608, 13.0831023 ] } },
{ "type": "Feature", "properties": { "id": null, "Name": "Jothiammal Nagar", "description": null, "timestamp": null, "begin": null, "end": null, "altitudeMode": null, "tessellate": -1, "extrude": 0, "visibility": -1, "drawOrder": null, "icon": null, "timestamp2": null, "begin2": null, "end2": null, "altitudeMode2": null, "tessellate2": -1, "extrude2": 0, "visibility2": -1, "drawOrder2": null, "icon2": null, "OBJECTID": 420, "OID_": 0, "ZONE": 8, "DIVISION": 102, "LAT": 13.08107594, "LONG_": 80.23019055 }, "geometry": { "type": "Point", "coordinates": [ 80.2301905, 13.0810759 ] } },
{ "type": "Feature", "properties": { "id": null, "Name": "TP Chatram Main Road", "description": null, "timestamp": null, "begin": null, "end": null, "altitudeMode": null, "tessellate": -1, "extrude": 0, "visibility": -1, "drawOrder": null, "icon": null, "timestamp2": null, "begin2": null, "end2": null, "altitudeMode2": null, "tessellate2": -1, "extrude2": 0, "visibility2": -1, "drawOrder2": null, "icon2": null, "OBJECTID": 421, "OID_": 0, "ZONE": 8, "DIVISION": 102, "LAT": 13.08078899, "LONG_": 80.23043597 }, "geometry": { "type": "Point", "coordinates": [ 80.230436, 13.080789 ] } },
{ "type": "Feature", "properties": { "id": null, "Name": "R.V.Nagar Main Road", "description": null, "timestamp": null, "begin": null, "end": null, "altitudeMode": null, "tessellate": -1, "extrude": 0, "visibility": -1, "drawOrder": null, "icon": null, "timestamp2": null, "begin2": null, "end2": null, "altitudeMode2": null, "tessellate2": -1, "extrude2": 0, "visibility2": -1, "drawOrder2": null, "icon2": null, "OBJECTID": 422, "OID_": 0, "ZONE": 8, "DIVISION": 102, "LAT": 13.08482694, "LONG_": 80.2271915 }, "geometry": { "type": "Point", "coordinates": [ 80.2271915, 13.0848269 ] } },
{ "type": "Feature", "properties": { "id": null, "Name": "RV Nagar 3rd Street", "description": null, "timestamp": null, "begin": null, "end": null, "altitudeMode": null, "tessellate": -1, "extrude": 0, "visibility": -1, "drawOrder": null, "icon": null, "timestamp2": null, "begin2": null, "end2": null, "altitudeMode2": null, "tessellate2": -1, "extrude2": 0, "visibility2": -1, "drawOrder2": null, "icon2": null, "OBJECTID": 423, "OID_": 0, "ZONE": 8, "DIVISION": 102, "LAT": 13.08697425, "LONG_": 80.2282071 }, "geometry": { "type": "Point", "coordinates": [ 80.2282071, 13.0869743 ] } },
{ "type": "Feature", "properties": { "id": null, "Name": "RV Nagar 4th Street", "description": null, "timestamp": null, "begin": null, "end": null, "altitudeMode": null, "tessellate": -1, "extrude": 0, "visibility": -1, "drawOrder": null, "icon": null, "timestamp2": null, "begin2": null, "end2": null, "altitudeMode2": null, "tessellate2": -1, "extrude2": 0, "visibility2": -1, "drawOrder2": null, "icon2": null, "OBJECTID": 424, "OID_": 0, "ZONE": 8, "DIVISION": 102, "LAT": 13.08709382, "LONG_": 80.22914013 }, "geometry": { "type": "Point", "coordinates": [ 80.2291401, 13.0870938 ] } },
{ "type": "Feature", "properties": { "id": null, "Name": "RV Nagar 5th Street", "description": null, "timestamp": null, "begin": null, "end": null, "altitudeMode": null, "tessellate": -1, "extrude": 0, "visibility": -1, "drawOrder": null, "icon": null, "timestamp2": null, "begin2": null, "end2": null, "altitudeMode2": null, "tessellate2": -1, "extrude2": 0, "visibility2": -1, "drawOrder2": null, "icon2": null, "OBJECTID": 425, "OID_": 0, "ZONE": 8, "DIVISION": 102, "LAT": 13.08758063, "LONG_": 80.22812299 }, "geometry": { "type": "Point", "coordinates": [ 80.228123, 13.0875806 ] } },
{ "type": "Feature", "properties": { "id": null, "Name": "Kathiravan colony", "description": null, "timestamp": null, "begin": null, "end": null, "altitudeMode": null, "tessellate": -1, "extrude": 0, "visibility": -1, "drawOrder": null, "icon": null, "timestamp2": null, "begin2": null, "end2": null, "altitudeMode2": null, "tessellate2": -1, "extrude2": 0, "visibility2": -1, "drawOrder2": null, "icon2": null, "OBJECTID": 426, "OID_": 0, "ZONE": 8, "DIVISION": 102, "LAT": 13.07577836, "LONG_": 80.22293858 }, "geometry": { "type": "Point", "coordinates": [ 80.2229386, 13.0757784 ] } },
{ "type": "Feature", "properties": { "id": null, "Name": "VOC Colony", "description": null, "timestamp": null, "begin": null, "end": null, "altitudeMode": null, "tessellate": -1, "extrude": 0, "visibility": -1, "drawOrder": null, "icon": null, "timestamp2": null, "begin2": null, "end2": null, "altitudeMode2": null, "tessellate2": -1, "extrude2": 0, "visibility2": -1, "drawOrder2": null, "icon2": null, "OBJECTID": 427, "OID_": 0, "ZONE": 8, "DIVISION": 102, "LAT": 13.08874936, "LONG_": 80.22412321 }, "geometry": { "type": "Point", "coordinates": [ 80.2241232, 13.0887494 ] } },
{ "type": "Feature", "properties": { "id": null, "Name": "Kellys Road", "description": null, "timestamp": null, "begin": null, "end": null, "altitudeMode": null, "tessellate": -1, "extrude": 0, "visibility": -1, "drawOrder": null, "icon": null, "timestamp2": null, "begin2": null, "end2": null, "altitudeMode2": null, "tessellate2": -1, "extrude2": 0, "visibility2": -1, "drawOrder2": null, "icon2": null, "OBJECTID": 428, "OID_": 0, "ZONE": 8, "DIVISION": 103, "LAT": 13.08367374, "LONG_": 80.24642727 }, "geometry": { "type": "Point", "coordinates": [ 80.2464273, 13.0836737 ] } },
{ "type": "Feature", "properties": { "id": null, "Name": "Millers Road", "description": null, "timestamp": null, "begin": null, "end": null, "altitudeMode": null, "tessellate": -1, "extrude": 0, "visibility": -1, "drawOrder": null, "icon": null, "timestamp2": null, "begin2": null, "end2": null, "altitudeMode2": null, "tessellate2": -1, "extrude2": 0, "visibility2": -1, "drawOrder2": null, "icon2": null, "OBJECTID": 429, "OID_": 0, "ZONE": 8, "DIVISION": 103, "LAT": 13.08315381, "LONG_": 80.2499238 }, "geometry": { "type": "Point", "coordinates": [ 80.2499238, 13.0831538 ] } },
{ "type": "Feature", "properties": { "id": null, "Name": "Purasaiwalkam High Road (near Law College Hostel)", "description": null, "timestamp": null, "begin": null, "end": null, "altitudeMode": null, "tessellate": -1, "extrude": 0, "visibility": -1, "drawOrder": null, "icon": null, "timestamp2": null, "begin2": null, "end2": null, "altitudeMode2": null, "tessellate2": -1, "extrude2": 0, "visibility2": -1, "drawOrder2": null, "icon2": null, "OBJECTID": 430, "OID_": 0, "ZONE": 8, "DIVISION": 103, "LAT": 13.08576312, "LONG_": 80.24765625000001 }, "geometry": { "type": "Point", "coordinates": [ 80.2476562, 13.0857631 ] } },
{ "type": "Feature", "properties": { "id": null, "Name": "Sylvan garden 1st street", "description": null, "timestamp": null, "begin": null, "end": null, "altitudeMode": null, "tessellate": -1, "extrude": 0, "visibility": -1, "drawOrder": null, "icon": null, "timestamp2": null, "begin2": null, "end2": null, "altitudeMode2": null, "tessellate2": -1, "extrude2": 0, "visibility2": -1, "drawOrder2": null, "icon2": null, "OBJECTID": 431, "OID_": 0, "ZONE": 8, "DIVISION": 103, "LAT": 13.08224915, "LONG_": 80.24771118 }, "geometry": { "type": "Point", "coordinates": [ 80.2477112, 13.0822491 ] } },
{ "type": "Feature", "properties": { "id": null, "Name": "Balfour road", "description": null, "timestamp": null, "begin": null, "end": null, "altitudeMode": null, "tessellate": -1, "extrude": 0, "visibility": -1, "drawOrder": null, "icon": null, "timestamp2": null, "begin2": null, "end2": null, "altitudeMode2": null, "tessellate2": -1, "extrude2": 0, "visibility2": -1, "drawOrder2": null, "icon2": null, "OBJECTID": 432, "OID_": 0, "ZONE": 8, "DIVISION": 103, "LAT": 13.08408937, "LONG_": 80.24458737 }, "geometry": { "type": "Point", "coordinates": [ 80.2445874, 13.0840894 ] } },
{ "type": "Feature", "properties": { "id": null, "Name": "Harleys Road (near Bala Vihar School)", "description": null, "timestamp": null, "begin": null, "end": null, "altitudeMode": null, "tessellate": -1, "extrude": 0, "visibility": -1, "drawOrder": null, "icon": null, "timestamp2": null, "begin2": null, "end2": null, "altitudeMode2": null, "tessellate2": -1, "extrude2": 0, "visibility2": -1, "drawOrder2": null, "icon2": null, "OBJECTID": 433, "OID_": 0, "ZONE": 8, "DIVISION": 103, "LAT": 13.08318186, "LONG_": 80.24288747 }, "geometry": { "type": "Point", "coordinates": [ 80.2428875, 13.0831819 ] } },
{ "type": "Feature", "properties": { "id": null, "Name": "Sundaram Lane", "description": null, "timestamp": null, "begin": null, "end": null, "altitudeMode": null, "tessellate": -1, "extrude": 0, "visibility": -1, "drawOrder": null, "icon": null, "timestamp2": null, "begin2": null, "end2": null, "altitudeMode2": null, "tessellate2": -1, "extrude2": 0, "visibility2": -1, "drawOrder2": null, "icon2": null, "OBJECTID": 434, "OID_": 0, "ZONE": 8, "DIVISION": 104, "LAT": 13.08741757, "LONG_": 80.25232401 }, "geometry": { "type": "Point", "coordinates": [ 80.252324, 13.0874176 ] } },
{ "type": "Feature", "properties": { "id": null, "Name": "New Bhoopathy Nagar", "description": null, "timestamp": null, "begin": null, "end": null, "altitudeMode": null, "tessellate": -1, "extrude": 0, "visibility": -1, "drawOrder": null, "icon": null, "timestamp2": null, "begin2": null, "end2": null, "altitudeMode2": null, "tessellate2": -1, "extrude2": 0, "visibility2": -1, "drawOrder2": null, "icon2": null, "OBJECTID": 435, "OID_": 0, "ZONE": 8, "DIVISION": 104, "LAT": 13.0761461, "LONG_": 80.24397591 }, "geometry": { "type": "Point", "coordinates": [ 80.2439759, 13.0761461 ] } },
{ "type": "Feature", "properties": { "id": null, "Name": "Ozone kulam", "description": null, "timestamp": null, "begin": null, "end": null, "altitudeMode": null, "tessellate": -1, "extrude": 0, "visibility": -1, "drawOrder": null, "icon": null, "timestamp2": null, "begin2": null, "end2": null, "altitudeMode2": null, "tessellate2": -1, "extrude2": 0, "visibility2": -1, "drawOrder2": null, "icon2": null, "OBJECTID": 436, "OID_": 0, "ZONE": 8, "DIVISION": 104, "LAT": 13.07516849, "LONG_": 80.24498239 }, "geometry": { "type": "Point", "coordinates": [ 80.2449824, 13.0751685 ] } },
{ "type": "Feature", "properties": { "id": null, "Name": "Shanmugarayan street", "description": null, "timestamp": null, "begin": null, "end": null, "altitudeMode": null, "tessellate": -1, "extrude": 0, "visibility": -1, "drawOrder": null, "icon": null, "timestamp2": null, "begin2": null, "end2": null, "altitudeMode2": null, "tessellate2": -1, "extrude2": 0, "visibility2": -1, "drawOrder2": null, "icon2": null, "OBJECTID": 437, "OID_": 0, "ZONE": 8, "DIVISION": 104, "LAT": 13.08915432, "LONG_": 80.25196147 }, "geometry": { "type": "Point", "coordinates": [ 80.2519615, 13.0891543 ] } },
{ "type": "Feature", "properties": { "id": null, "Name": "Dr.Alagappa Road", "description": null, "timestamp": null, "begin": null, "end": null, "altitudeMode": null, "tessellate": -1, "extrude": 0, "visibility": -1, "drawOrder": null, "icon": null, "timestamp2": null, "begin2": null, "end2": null, "altitudeMode2": null, "tessellate2": -1, "extrude2": 0, "visibility2": -1, "drawOrder2": null, "icon2": null, "OBJECTID": 438, "OID_": 0, "ZONE": 8, "DIVISION": 104, "LAT": 13.08131841, "LONG_": 80.25115867 }, "geometry": { "type": "Point", "coordinates": [ 80.2511587, 13.0813184 ] } },
{ "type": "Feature", "properties": { "id": null, "Name": "Anna Street", "description": null, "timestamp": null, "begin": null, "end": null, "altitudeMode": null, "tessellate": -1, "extrude": 0, "visibility": -1, "drawOrder": null, "icon": null, "timestamp2": null, "begin2": null, "end2": null, "altitudeMode2": null, "tessellate2": -1, "extrude2": 0, "visibility2": -1, "drawOrder2": null, "icon2": null, "OBJECTID": 439, "OID_": 0, "ZONE": 8, "DIVISION": 105, "LAT": 13.07033908, "LONG_": 80.21176923 }, "geometry": { "type": "Point", "coordinates": [ 80.2117692, 13.0703391 ] } },
{ "type": "Feature", "properties": { "id": null, "Name": "Venkata Krishna Nagar", "description": null, "timestamp": null, "begin": null, "end": null, "altitudeMode": null, "tessellate": -1, "extrude": 0, "visibility": -1, "drawOrder": null, "icon": null, "timestamp2": null, "begin2": null, "end2": null, "altitudeMode2": null, "tessellate2": -1, "extrude2": 0, "visibility2": -1, "drawOrder2": null, "icon2": null, "OBJECTID": 440, "OID_": 0, "ZONE": 8, "DIVISION": 105, "LAT": 13.06963668, "LONG_": 80.21156633 }, "geometry": { "type": "Point", "coordinates": [ 80.2115663, 13.0696367 ] } },
{ "type": "Feature", "properties": { "id": null, "Name": "Water Tank Road", "description": null, "timestamp": null, "begin": null, "end": null, "altitudeMode": null, "tessellate": -1, "extrude": 0, "visibility": -1, "drawOrder": null, "icon": null, "timestamp2": null, "begin2": null, "end2": null, "altitudeMode2": null, "tessellate2": -1, "extrude2": 0, "visibility2": -1, "drawOrder2": null, "icon2": null, "OBJECTID": 441, "OID_": 0, "ZONE": 8, "DIVISION": 105, "LAT": 13.06873477, "LONG_": 80.21405373 }, "geometry": { "type": "Point", "coordinates": [ 80.2140537, 13.0687348 ] } },
{ "type": "Feature", "properties": { "id": null, "Name": "Annai Sathya Nagar", "description": null, "timestamp": null, "begin": null, "end": null, "altitudeMode": null, "tessellate": -1, "extrude": 0, "visibility": -1, "drawOrder": null, "icon": null, "timestamp2": null, "begin2": null, "end2": null, "altitudeMode2": null, "tessellate2": -1, "extrude2": 0, "visibility2": -1, "drawOrder2": null, "icon2": null, "OBJECTID": 442, "OID_": 0, "ZONE": 8, "DIVISION": 105, "LAT": 13.06263069, "LONG_": 80.20898741000001 }, "geometry": { "type": "Point", "coordinates": [ 80.2089874, 13.0626307 ] } },
{ "type": "Feature", "properties": { "id": null, "Name": "Kalki Nagar", "description": null, "timestamp": null, "begin": null, "end": null, "altitudeMode": null, "tessellate": -1, "extrude": 0, "visibility": -1, "drawOrder": null, "icon": null, "timestamp2": null, "begin2": null, "end2": null, "altitudeMode2": null, "tessellate2": -1, "extrude2": 0, "visibility2": -1, "drawOrder2": null, "icon2": null, "OBJECTID": 443, "OID_": 0, "ZONE": 8, "DIVISION": 105, "LAT": 13.07197749, "LONG_": 80.214399 }, "geometry": { "type": "Point", "coordinates": [ 80.214399, 13.0719775 ] } },
{ "type": "Feature", "properties": { "id": null, "Name": "Razak garden Main Road", "description": null, "timestamp": null, "begin": null, "end": null, "altitudeMode": null, "tessellate": -1, "extrude": 0, "visibility": -1, "drawOrder": null, "icon": null, "timestamp2": null, "begin2": null, "end2": null, "altitudeMode2": null, "tessellate2": -1, "extrude2": 0, "visibility2": -1, "drawOrder2": null, "icon2": null, "OBJECTID": 444, "OID_": 0, "ZONE": 8, "DIVISION": 105, "LAT": 13.07148983, "LONG_": 80.21554565 }, "geometry": { "type": "Point", "coordinates": [ 80.2155456, 13.0714898 ] } },
{ "type": "Feature", "properties": { "id": null, "Name": "Ashoka Street", "description": null, "timestamp": null, "begin": null, "end": null, "altitudeMode": null, "tessellate": -1, "extrude": 0, "visibility": -1, "drawOrder": null, "icon": null, "timestamp2": null, "begin2": null, "end2": null, "altitudeMode2": null, "tessellate2": -1, "extrude2": 0, "visibility2": -1, "drawOrder2": null, "icon2": null, "OBJECTID": 445, "OID_": 0, "ZONE": 8, "DIVISION": 105, "LAT": 13.06876021, "LONG_": 80.21242976000001 }, "geometry": { "type": "Point", "coordinates": [ 80.2124298, 13.0687602 ] } },
{ "type": "Feature", "properties": { "id": null, "Name": "Indira Gandhi Street", "description": null, "timestamp": null, "begin": null, "end": null, "altitudeMode": null, "tessellate": -1, "extrude": 0, "visibility": -1, "drawOrder": null, "icon": null, "timestamp2": null, "begin2": null, "end2": null, "altitudeMode2": null, "tessellate2": -1, "extrude2": 0, "visibility2": -1, "drawOrder2": null, "icon2": null, "OBJECTID": 446, "OID_": 0, "ZONE": 8, "DIVISION": 105, "LAT": 13.06993444, "LONG_": 80.21056665 }, "geometry": { "type": "Point", "coordinates": [ 80.2105666, 13.0699344 ] } },
{ "type": "Feature", "properties": { "id": null, "Name": "Collectorate colony", "description": null, "timestamp": null, "begin": null, "end": null, "altitudeMode": null, "tessellate": -1, "extrude": 0, "visibility": -1, "drawOrder": null, "icon": null, "timestamp2": null, "begin2": null, "end2": null, "altitudeMode2": null, "tessellate2": -1, "extrude2": 0, "visibility2": -1, "drawOrder2": null, "icon2": null, "OBJECTID": 447, "OID_": 0, "ZONE": 8, "DIVISION": 106, "LAT": 13.07068269, "LONG_": 80.22129819 }, "geometry": { "type": "Point", "coordinates": [ 80.2212982, 13.0706827 ] } },
{ "type": "Feature", "properties": { "id": null, "Name": "M.H.Colony", "description": null, "timestamp": null, "begin": null, "end": null, "altitudeMode": null, "tessellate": -1, "extrude": 0, "visibility": -1, "drawOrder": null, "icon": null, "timestamp2": null, "begin2": null, "end2": null, "altitudeMode2": null, "tessellate2": -1, "extrude2": 0, "visibility2": -1, "drawOrder2": null, "icon2": null, "OBJECTID": 448, "OID_": 0, "ZONE": 8, "DIVISION": 106, "LAT": 13.06820628, "LONG_": 80.22244631 }, "geometry": { "type": "Point", "coordinates": [ 80.2224463, 13.0682063 ] } },
{ "type": "Feature", "properties": { "id": null, "Name": "Kakkan nagar", "description": null, "timestamp": null, "begin": null, "end": null, "altitudeMode": null, "tessellate": -1, "extrude": 0, "visibility": -1, "drawOrder": null, "icon": null, "timestamp2": null, "begin2": null, "end2": null, "altitudeMode2": null, "tessellate2": -1, "extrude2": 0, "visibility2": -1, "drawOrder2": null, "icon2": null, "OBJECTID": 449, "OID_": 0, "ZONE": 8, "DIVISION": 106, "LAT": 13.07081679, "LONG_": 80.22643033 }, "geometry": { "type": "Point", "coordinates": [ 80.2264303, 13.0708168 ] } },
{ "type": "Feature", "properties": { "id": null, "Name": "Metha nagar", "description": null, "timestamp": null, "begin": null, "end": null, "altitudeMode": null, "tessellate": -1, "extrude": 0, "visibility": -1, "drawOrder": null, "icon": null, "timestamp2": null, "begin2": null, "end2": null, "altitudeMode2": null, "tessellate2": -1, "extrude2": 0, "visibility2": -1, "drawOrder2": null, "icon2": null, "OBJECTID": 450, "OID_": 0, "ZONE": 8, "DIVISION": 106, "LAT": 13.06794659, "LONG_": 80.22705304 }, "geometry": { "type": "Point", "coordinates": [ 80.227053, 13.0679466 ] } },
{ "type": "Feature", "properties": { "id": null, "Name": "Dr.Gurusamy Bridge", "description": null, "timestamp": null, "begin": null, "end": null, "altitudeMode": null, "tessellate": -1, "extrude": 0, "visibility": -1, "drawOrder": null, "icon": null, "timestamp2": null, "begin2": null, "end2": null, "altitudeMode2": null, "tessellate2": -1, "extrude2": 0, "visibility2": -1, "drawOrder2": null, "icon2": null, "OBJECTID": 451, "OID_": 0, "ZONE": 8, "DIVISION": 107, "LAT": 13.07256956, "LONG_": 80.24093388 }, "geometry": { "type": "Point", "coordinates": [ 80.2409339, 13.0725696 ] } },
{ "type": "Feature", "properties": { "id": null, "Name": "Periyar Pathai", "description": null, "timestamp": null, "begin": null, "end": null, "altitudeMode": null, "tessellate": -1, "extrude": 0, "visibility": -1, "drawOrder": null, "icon": null, "timestamp2": null, "begin2": null, "end2": null, "altitudeMode2": null, "tessellate2": -1, "extrude2": 0, "visibility2": -1, "drawOrder2": null, "icon2": null, "OBJECTID": 452, "OID_": 0, "ZONE": 8, "DIVISION": 108, "LAT": 13.05870977, "LONG_": 80.21788903 }, "geometry": { "type": "Point", "coordinates": [ 80.217889, 13.0587098 ] } },
{ "type": "Feature", "properties": { "id": null, "Name": "Iyyappa Nagar", "description": null, "timestamp": null, "begin": null, "end": null, "altitudeMode": null, "tessellate": -1, "extrude": 0, "visibility": -1, "drawOrder": null, "icon": null, "timestamp2": null, "begin2": null, "end2": null, "altitudeMode2": null, "tessellate2": -1, "extrude2": 0, "visibility2": -1, "drawOrder2": null, "icon2": null, "OBJECTID": 453, "OID_": 0, "ZONE": 8, "DIVISION": 108, "LAT": 13.05891042, "LONG_": 80.21653616 }, "geometry": { "type": "Point", "coordinates": [ 80.2165362, 13.0589104 ] } },
{ "type": "Feature", "properties": { "id": null, "Name": "Water Tank Road", "description": null, "timestamp": null, "begin": null, "end": null, "altitudeMode": null, "tessellate": -1, "extrude": 0, "visibility": -1, "drawOrder": null, "icon": null, "timestamp2": null, "begin2": null, "end2": null, "altitudeMode2": null, "tessellate2": -1, "extrude2": 0, "visibility2": -1, "drawOrder2": null, "icon2": null, "OBJECTID": 454, "OID_": 0, "ZONE": 8, "DIVISION": 108, "LAT": 13.06876871, "LONG_": 80.21592025 }, "geometry": { "type": "Point", "coordinates": [ 80.2159203, 13.0687687 ] } },
{ "type": "Feature", "properties": { "id": null, "Name": "Azad Nagar", "description": null, "timestamp": null, "begin": null, "end": null, "altitudeMode": null, "tessellate": -1, "extrude": 0, "visibility": -1, "drawOrder": null, "icon": null, "timestamp2": null, "begin2": null, "end2": null, "altitudeMode2": null, "tessellate2": -1, "extrude2": 0, "visibility2": -1, "drawOrder2": null, "icon2": null, "OBJECTID": 455, "OID_": 0, "ZONE": 8, "DIVISION": 108, "LAT": 13.06715862, "LONG_": 80.22061993 }, "geometry": { "type": "Point", "coordinates": [ 80.2206199, 13.0671586 ] } },
{ "type": "Feature", "properties": { "id": null, "Name": "D - Block - 8th St", "description": null, "timestamp": null, "begin": null, "end": null, "altitudeMode": null, "tessellate": -1, "extrude": 0, "visibility": -1, "drawOrder": null, "icon": null, "timestamp2": null, "begin2": null, "end2": null, "altitudeMode2": null, "tessellate2": -1, "extrude2": 0, "visibility2": -1, "drawOrder2": null, "icon2": null, "OBJECTID": 456, "OID_": 0, "ZONE": 8, "DIVISION": 101, "LAT": 13.08513669, "LONG_": 80.22656196 }, "geometry": { "type": "Point", "coordinates": [ 80.226562, 13.0851367 ] } },
{ "type": "Feature", "properties": { "id": null, "Name": "Anna Nedumpathai", "description": null, "timestamp": null, "begin": null, "end": null, "altitudeMode": null, "tessellate": -1, "extrude": 0, "visibility": -1, "drawOrder": null, "icon": null, "timestamp2": null, "begin2": null, "end2": null, "altitudeMode2": null, "tessellate2": -1, "extrude2": 0, "visibility2": -1, "drawOrder2": null, "icon2": null, "OBJECTID": 457, "OID_": 0, "ZONE": 9, "DIVISION": 109, "LAT": 13.0617349, "LONG_": 80.22182776 }, "geometry": { "type": "Point", "coordinates": [ 80.2218278, 13.0617349 ] } },
{ "type": "Feature", "properties": { "id": null, "Name": "Nelson manickam Road", "description": null, "timestamp": null, "begin": null, "end": null, "altitudeMode": null, "tessellate": -1, "extrude": 0, "visibility": -1, "drawOrder": null, "icon": null, "timestamp2": null, "begin2": null, "end2": null, "altitudeMode2": null, "tessellate2": -1, "extrude2": 0, "visibility2": -1, "drawOrder2": null, "icon2": null, "OBJECTID": 458, "OID_": 0, "ZONE": 9, "DIVISION": 109, "LAT": 13.0667179, "LONG_": 80.22968809 }, "geometry": { "type": "Point", "coordinates": [ 80.2296881, 13.0667179 ] } },
{ "type": "Feature", "properties": { "id": null, "Name": "Central school Road", "description": null, "timestamp": null, "begin": null, "end": null, "altitudeMode": null, "tessellate": -1, "extrude": 0, "visibility": -1, "drawOrder": null, "icon": null, "timestamp2": null, "begin2": null, "end2": null, "altitudeMode2": null, "tessellate2": -1, "extrude2": 0, "visibility2": -1, "drawOrder2": null, "icon2": null, "OBJECTID": 459, "OID_": 0, "ZONE": 9, "DIVISION": 109, "LAT": 13.06402301, "LONG_": 80.22432098 }, "geometry": { "type": "Point", "coordinates": [ 80.224321, 13.064023 ] } },
{ "type": "Feature", "properties": { "id": null, "Name": "School Road", "description": null, "timestamp": null, "begin": null, "end": null, "altitudeMode": null, "tessellate": -1, "extrude": 0, "visibility": -1, "drawOrder": null, "icon": null, "timestamp2": null, "begin2": null, "end2": null, "altitudeMode2": null, "tessellate2": -1, "extrude2": 0, "visibility2": -1, "drawOrder2": null, "icon2": null, "OBJECTID": 460, "OID_": 0, "ZONE": 9, "DIVISION": 110, "LAT": 13.05681223, "LONG_": 80.2408421 }, "geometry": { "type": "Point", "coordinates": [ 80.2408421, 13.0568122 ] } },
{ "type": "Feature", "properties": { "id": null, "Name": "ValluvarKottam High Road", "description": null, "timestamp": null, "begin": null, "end": null, "altitudeMode": null, "tessellate": -1, "extrude": 0, "visibility": -1, "drawOrder": null, "icon": null, "timestamp2": null, "begin2": null, "end2": null, "altitudeMode2": null, "tessellate2": -1, "extrude2": 0, "visibility2": -1, "drawOrder2": null, "icon2": null, "OBJECTID": 461, "OID_": 0, "ZONE": 9, "DIVISION": 110, "LAT": 13.06649153, "LONG_": 80.24334775 }, "geometry": { "type": "Point", "coordinates": [ 80.2433478, 13.0664915 ] } },
{ "type": "Feature", "properties": { "id": null, "Name": "Harinton Road", "description": null, "timestamp": null, "begin": null, "end": null, "altitudeMode": null, "tessellate": -1, "extrude": 0, "visibility": -1, "drawOrder": null, "icon": null, "timestamp2": null, "begin2": null, "end2": null, "altitudeMode2": null, "tessellate2": -1, "extrude2": 0, "visibility2": -1, "drawOrder2": null, "icon2": null, "OBJECTID": 462, "OID_": 0, "ZONE": 9, "DIVISION": 110, "LAT": 13.06927265, "LONG_": 80.23842959 }, "geometry": { "type": "Point", "coordinates": [ 80.2384296, 13.0692727 ] } },
{ "type": "Feature", "properties": { "id": null, "Name": "Strelling Road", "description": null, "timestamp": null, "begin": null, "end": null, "altitudeMode": null, "tessellate": -1, "extrude": 0, "visibility": -1, "drawOrder": null, "icon": null, "timestamp2": null, "begin2": null, "end2": null, "altitudeMode2": null, "tessellate2": -1, "extrude2": 0, "visibility2": -1, "drawOrder2": null, "icon2": null, "OBJECTID": 463, "OID_": 0, "ZONE": 9, "DIVISION": 110, "LAT": 13.06498672, "LONG_": 80.23898289 }, "geometry": { "type": "Point", "coordinates": [ 80.2389829, 13.0649867 ] } },
{ "type": "Feature", "properties": { "id": null, "Name": "Tank Bund Road", "description": null, "timestamp": null, "begin": null, "end": null, "altitudeMode": null, "tessellate": -1, "extrude": 0, "visibility": -1, "drawOrder": null, "icon": null, "timestamp2": null, "begin2": null, "end2": null, "altitudeMode2": null, "tessellate2": -1, "extrude2": 0, "visibility2": -1, "drawOrder2": null, "icon2": null, "OBJECTID": 464, "OID_": 0, "ZONE": 9, "DIVISION": 110, "LAT": 13.05858152, "LONG_": 80.24040036 }, "geometry": { "type": "Point", "coordinates": [ 80.2404004, 13.0585815 ] } },
{ "type": "Feature", "properties": { "id": null, "Name": "Lake Area 6th cross street", "description": null, "timestamp": null, "begin": null, "end": null, "altitudeMode": null, "tessellate": -1, "extrude": 0, "visibility": -1, "drawOrder": null, "icon": null, "timestamp2": null, "begin2": null, "end2": null, "altitudeMode2": null, "tessellate2": -1, "extrude2": 0, "visibility2": -1, "drawOrder2": null, "icon2": null, "OBJECTID": 465, "OID_": 0, "ZONE": 9, "DIVISION": 110, "LAT": 13.05394119, "LONG_": 80.24064461 }, "geometry": { "type": "Point", "coordinates": [ 80.2406446, 13.0539412 ] } },
{ "type": "Feature", "properties": { "id": null, "Name": "Greams Road", "description": null, "timestamp": null, "begin": null, "end": null, "altitudeMode": null, "tessellate": -1, "extrude": 0, "visibility": -1, "drawOrder": null, "icon": null, "timestamp2": null, "begin2": null, "end2": null, "altitudeMode2": null, "tessellate2": -1, "extrude2": 0, "visibility2": -1, "drawOrder2": null, "icon2": null, "OBJECTID": 466, "OID_": 0, "ZONE": 9, "DIVISION": 111, "LAT": 13.06048937, "LONG_": 80.25441647 }, "geometry": { "type": "Point", "coordinates": [ 80.2544165, 13.0604894 ] } },
{ "type": "Feature", "properties": { "id": null, "Name": "Gulam Ahabs Alikahan street", "description": null, "timestamp": null, "begin": null, "end": null, "altitudeMode": null, "tessellate": -1, "extrude": 0, "visibility": -1, "drawOrder": null, "icon": null, "timestamp2": null, "begin2": null, "end2": null, "altitudeMode2": null, "tessellate2": -1, "extrude2": 0, "visibility2": -1, "drawOrder2": null, "icon2": null, "OBJECTID": 467, "OID_": 0, "ZONE": 9, "DIVISION": 111, "LAT": 13.05936471, "LONG_": 80.25309462 }, "geometry": { "type": "Point", "coordinates": [ 80.2530946, 13.0593647 ] } },
{ "type": "Feature", "properties": { "id": null, "Name": "Gopolapuram", "description": null, "timestamp": null, "begin": null, "end": null, "altitudeMode": null, "tessellate": -1, "extrude": 0, "visibility": -1, "drawOrder": null, "icon": null, "timestamp2": null, "begin2": null, "end2": null, "altitudeMode2": null, "tessellate2": -1, "extrude2": 0, "visibility2": -1, "drawOrder2": null, "icon2": null, "OBJECTID": 468, "OID_": 0, "ZONE": 9, "DIVISION": 111, "LAT": 13.05035201, "LONG_": 80.25614793 }, "geometry": { "type": "Point", "coordinates": [ 80.2561479, 13.050352 ] } },
{ "type": "Feature", "properties": { "id": null, "Name": "College Road", "description": null, "timestamp": null, "begin": null, "end": null, "altitudeMode": null, "tessellate": -1, "extrude": 0, "visibility": -1, "drawOrder": null, "icon": null, "timestamp2": null, "begin2": null, "end2": null, "altitudeMode2": null, "tessellate2": -1, "extrude2": 0, "visibility2": -1, "drawOrder2": null, "icon2": null, "OBJECTID": 469, "OID_": 0, "ZONE": 9, "DIVISION": 111, "LAT": 13.06745764, "LONG_": 80.25036448 }, "geometry": { "type": "Point", "coordinates": [ 80.2503645, 13.0674576 ] } },
{ "type": "Feature", "properties": { "id": null, "Name": "Puliyur 2nd Lane", "description": null, "timestamp": null, "begin": null, "end": null, "altitudeMode": null, "tessellate": -1, "extrude": 0, "visibility": -1, "drawOrder": null, "icon": null, "timestamp2": null, "begin2": null, "end2": null, "altitudeMode2": null, "tessellate2": -1, "extrude2": 0, "visibility2": -1, "drawOrder2": null, "icon2": null, "OBJECTID": 470, "OID_": 0, "ZONE": 9, "DIVISION": 112, "LAT": 13.05590773, "LONG_": 80.22195405 }, "geometry": { "type": "Point", "coordinates": [ 80.2219541, 13.0559077 ] } },
{ "type": "Feature", "properties": { "id": null, "Name": "Puliyur 2nd Main Road", "description": null, "timestamp": null, "begin": null, "end": null, "altitudeMode": null, "tessellate": -1, "extrude": 0, "visibility": -1, "drawOrder": null, "icon": null, "timestamp2": null, "begin2": null, "end2": null, "altitudeMode2": null, "tessellate2": -1, "extrude2": 0, "visibility2": -1, "drawOrder2": null, "icon2": null, "OBJECTID": 471, "OID_": 0, "ZONE": 9, "DIVISION": 112, "LAT": 13.05605915, "LONG_": 80.22272462 }, "geometry": { "type": "Point", "coordinates": [ 80.2227246, 13.0560591 ] } },
{ "type": "Feature", "properties": { "id": null, "Name": "Varadharajapuram main Road", "description": null, "timestamp": null, "begin": null, "end": null, "altitudeMode": null, "tessellate": -1, "extrude": 0, "visibility": -1, "drawOrder": null, "icon": null, "timestamp2": null, "begin2": null, "end2": null, "altitudeMode2": null, "tessellate2": -1, "extrude2": 0, "visibility2": -1, "drawOrder2": null, "icon2": null, "OBJECTID": 472, "OID_": 0, "ZONE": 9, "DIVISION": 112, "LAT": 13.05650603, "LONG_": 80.22766135000001 }, "geometry": { "type": "Point", "coordinates": [ 80.2276614, 13.056506 ] } },
{ "type": "Feature", "properties": { "id": null, "Name": "Puliyur Main Road", "description": null, "timestamp": null, "begin": null, "end": null, "altitudeMode": null, "tessellate": -1, "extrude": 0, "visibility": -1, "drawOrder": null, "icon": null, "timestamp2": null, "begin2": null, "end2": null, "altitudeMode2": null, "tessellate2": -1, "extrude2": 0, "visibility2": -1, "drawOrder2": null, "icon2": null, "OBJECTID": 473, "OID_": 0, "ZONE": 9, "DIVISION": 112, "LAT": 13.05542429, "LONG_": 80.22400483 }, "geometry": { "type": "Point", "coordinates": [ 80.2240048, 13.0554243 ] } },
{ "type": "Feature", "properties": { "id": null, "Name": "Puliyur 1st Main Road", "description": null, "timestamp": null, "begin": null, "end": null, "altitudeMode": null, "tessellate": -1, "extrude": 0, "visibility": -1, "drawOrder": null, "icon": null, "timestamp2": null, "begin2": null, "end2": null, "altitudeMode2": null, "tessellate2": -1, "extrude2": 0, "visibility2": -1, "drawOrder2": null, "icon2": null, "OBJECTID": 474, "OID_": 0, "ZONE": 9, "DIVISION": 112, "LAT": 13.05608446, "LONG_": 80.22605787000001 }, "geometry": { "type": "Point", "coordinates": [ 80.2260579, 13.0560845 ] } },
{ "type": "Feature", "properties": { "id": null, "Name": "Kodampakkam High Road", "description": null, "timestamp": null, "begin": null, "end": null, "altitudeMode": null, "tessellate": -1, "extrude": 0, "visibility": -1, "drawOrder": null, "icon": null, "timestamp2": null, "begin2": null, "end2": null, "altitudeMode2": null, "tessellate2": -1, "extrude2": 0, "visibility2": -1, "drawOrder2": null, "icon2": null, "OBJECTID": 475, "OID_": 0, "ZONE": 9, "DIVISION": 113, "LAT": 13.05281132, "LONG_": 80.24569895 }, "geometry": { "type": "Point", "coordinates": [ 80.245699, 13.0528113 ] } },
{ "type": "Feature", "properties": { "id": null, "Name": "Nungambakkam 1st Street", "description": null, "timestamp": null, "begin": null, "end": null, "altitudeMode": null, "tessellate": -1, "extrude": 0, "visibility": -1, "drawOrder": null, "icon": null, "timestamp2": null, "begin2": null, "end2": null, "altitudeMode2": null, "tessellate2": -1, "extrude2": 0, "visibility2": -1, "drawOrder2": null, "icon2": null, "OBJECTID": 476, "OID_": 0, "ZONE": 9, "DIVISION": 113, "LAT": 13.05428519, "LONG_": 80.2368994 }, "geometry": { "type": "Point", "coordinates": [ 80.2368994, 13.0542852 ] } },
{ "type": "Feature", "properties": { "id": null, "Name": "Thirumalaipillai Road", "description": null, "timestamp": null, "begin": null, "end": null, "altitudeMode": null, "tessellate": -1, "extrude": 0, "visibility": -1, "drawOrder": null, "icon": null, "timestamp2": null, "begin2": null, "end2": null, "altitudeMode2": null, "tessellate2": -1, "extrude2": 0, "visibility2": -1, "drawOrder2": null, "icon2": null, "OBJECTID": 477, "OID_": 0, "ZONE": 9, "DIVISION": 113, "LAT": 13.05091944, "LONG_": 80.24049 }, "geometry": { "type": "Point", "coordinates": [ 80.24049, 13.0509194 ] } },
{ "type": "Feature", "properties": { "id": null, "Name": "Valluvar Kottam High Road", "description": null, "timestamp": null, "begin": null, "end": null, "altitudeMode": null, "tessellate": -1, "extrude": 0, "visibility": -1, "drawOrder": null, "icon": null, "timestamp2": null, "begin2": null, "end2": null, "altitudeMode2": null, "tessellate2": -1, "extrude2": 0, "visibility2": -1, "drawOrder2": null, "icon2": null, "OBJECTID": 478, "OID_": 0, "ZONE": 9, "DIVISION": 113, "LAT": 13.05825224, "LONG_": 80.24267824 }, "geometry": { "type": "Point", "coordinates": [ 80.2426782, 13.0582522 ] } },
{ "type": "Feature", "properties": { "id": null, "Name": "Habibullah Road", "description": null, "timestamp": null, "begin": null, "end": null, "altitudeMode": null, "tessellate": -1, "extrude": 0, "visibility": -1, "drawOrder": null, "icon": null, "timestamp2": null, "begin2": null, "end2": null, "altitudeMode2": null, "tessellate2": -1, "extrude2": 0, "visibility2": -1, "drawOrder2": null, "icon2": null, "OBJECTID": 479, "OID_": 0, "ZONE": 9, "DIVISION": 113, "LAT": 13.04937585, "LONG_": 80.24310911000001 }, "geometry": { "type": "Point", "coordinates": [ 80.2431091, 13.0493759 ] } },
{ "type": "Feature", "properties": { "id": null, "Name": "Uthmar Gandhi Salai", "description": null, "timestamp": null, "begin": null, "end": null, "altitudeMode": null, "tessellate": -1, "extrude": 0, "visibility": -1, "drawOrder": null, "icon": null, "timestamp2": null, "begin2": null, "end2": null, "altitudeMode2": null, "tessellate2": -1, "extrude2": 0, "visibility2": -1, "drawOrder2": null, "icon2": null, "OBJECTID": 480, "OID_": 0, "ZONE": 9, "DIVISION": 113, "LAT": 13.057381, "LONG_": 80.24860109 }, "geometry": { "type": "Point", "coordinates": [ 80.2486011, 13.057381 ] } },
{ "type": "Feature", "properties": { "id": null, "Name": "Marina Service Road", "description": null, "timestamp": null, "begin": null, "end": null, "altitudeMode": null, "tessellate": -1, "extrude": 0, "visibility": -1, "drawOrder": null, "icon": null, "timestamp2": null, "begin2": null, "end2": null, "altitudeMode2": null, "tessellate2": -1, "extrude2": 0, "visibility2": -1, "drawOrder2": null, "icon2": null, "OBJECTID": 481, "OID_": 0, "ZONE": 9, "DIVISION": 114, "LAT": 13.05951619, "LONG_": 80.28259444 }, "geometry": { "type": "Point", "coordinates": [ 80.2825944, 13.0595162 ] } },
{ "type": "Feature", "properties": { "id": null, "Name": "Kamarajar Salai", "description": null, "timestamp": null, "begin": null, "end": null, "altitudeMode": null, "tessellate": -1, "extrude": 0, "visibility": -1, "drawOrder": null, "icon": null, "timestamp2": null, "begin2": null, "end2": null, "altitudeMode2": null, "tessellate2": -1, "extrude2": 0, "visibility2": -1, "drawOrder2": null, "icon2": null, "OBJECTID": 482, "OID_": 0, "ZONE": 9, "DIVISION": 114, "LAT": 13.0589483, "LONG_": 80.282313 }, "geometry": { "type": "Point", "coordinates": [ 80.282313, 13.0589483 ] } },
{ "type": "Feature", "properties": { "id": null, "Name": "Sakir Saip Street", "description": null, "timestamp": null, "begin": null, "end": null, "altitudeMode": null, "tessellate": -1, "extrude": 0, "visibility": -1, "drawOrder": null, "icon": null, "timestamp2": null, "begin2": null, "end2": null, "altitudeMode2": null, "tessellate2": -1, "extrude2": 0, "visibility2": -1, "drawOrder2": null, "icon2": null, "OBJECTID": 483, "OID_": 0, "ZONE": 9, "DIVISION": 114, "LAT": 13.05901893, "LONG_": 80.27486187 }, "geometry": { "type": "Point", "coordinates": [ 80.2748619, 13.0590189 ] } },
{ "type": "Feature", "properties": { "id": null, "Name": "Sydoji Street", "description": null, "timestamp": null, "begin": null, "end": null, "altitudeMode": null, "tessellate": -1, "extrude": 0, "visibility": -1, "drawOrder": null, "icon": null, "timestamp2": null, "begin2": null, "end2": null, "altitudeMode2": null, "tessellate2": -1, "extrude2": 0, "visibility2": -1, "drawOrder2": null, "icon2": null, "OBJECTID": 484, "OID_": 0, "ZONE": 9, "DIVISION": 114, "LAT": 13.05975451, "LONG_": 80.27650473 }, "geometry": { "type": "Point", "coordinates": [ 80.2765047, 13.0597545 ] } },
{ "type": "Feature", "properties": { "id": null, "Name": "Lock nagar", "description": null, "timestamp": null, "begin": null, "end": null, "altitudeMode": null, "tessellate": -1, "extrude": 0, "visibility": -1, "drawOrder": null, "icon": null, "timestamp2": null, "begin2": null, "end2": null, "altitudeMode2": null, "tessellate2": -1, "extrude2": 0, "visibility2": -1, "drawOrder2": null, "icon2": null, "OBJECTID": 485, "OID_": 0, "ZONE": 9, "DIVISION": 114, "LAT": 13.06609089, "LONG_": 80.28141999 }, "geometry": { "type": "Point", "coordinates": [ 80.28142, 13.0660909 ] } },
{ "type": "Feature", "properties": { "id": null, "Name": "Peters Road", "description": null, "timestamp": null, "begin": null, "end": null, "altitudeMode": null, "tessellate": -1, "extrude": 0, "visibility": -1, "drawOrder": null, "icon": null, "timestamp2": null, "begin2": null, "end2": null, "altitudeMode2": null, "tessellate2": -1, "extrude2": 0, "visibility2": -1, "drawOrder2": null, "icon2": null, "OBJECTID": 486, "OID_": 0, "ZONE": 9, "DIVISION": 115, "LAT": 13.05411008, "LONG_": 80.26127136 }, "geometry": { "type": "Point", "coordinates": [ 80.2612714, 13.0541101 ] } },
{ "type": "Feature", "properties": { "id": null, "Name": "West Cott Road", "description": null, "timestamp": null, "begin": null, "end": null, "altitudeMode": null, "tessellate": -1, "extrude": 0, "visibility": -1, "drawOrder": null, "icon": null, "timestamp2": null, "begin2": null, "end2": null, "altitudeMode2": null, "tessellate2": -1, "extrude2": 0, "visibility2": -1, "drawOrder2": null, "icon2": null, "OBJECTID": 487, "OID_": 0, "ZONE": 9, "DIVISION": 115, "LAT": 13.05566337, "LONG_": 80.26451779 }, "geometry": { "type": "Point", "coordinates": [ 80.2645178, 13.0556634 ] } },
{ "type": "Feature", "properties": { "id": null, "Name": "Devaraj  Street", "description": null, "timestamp": null, "begin": null, "end": null, "altitudeMode": null, "tessellate": -1, "extrude": 0, "visibility": -1, "drawOrder": null, "icon": null, "timestamp2": null, "begin2": null, "end2": null, "altitudeMode2": null, "tessellate2": -1, "extrude2": 0, "visibility2": -1, "drawOrder2": null, "icon2": null, "OBJECTID": 488, "OID_": 0, "ZONE": 9, "DIVISION": 115, "LAT": 13.05775232, "LONG_": 80.27216348 }, "geometry": { "type": "Point", "coordinates": [ 80.2721635, 13.0577523 ] } },
{ "type": "Feature", "properties": { "id": null, "Name": "Surappan Street", "description": null, "timestamp": null, "begin": null, "end": null, "altitudeMode": null, "tessellate": -1, "extrude": 0, "visibility": -1, "drawOrder": null, "icon": null, "timestamp2": null, "begin2": null, "end2": null, "altitudeMode2": null, "tessellate2": -1, "extrude2": 0, "visibility2": -1, "drawOrder2": null, "icon2": null, "OBJECTID": 489, "OID_": 0, "ZONE": 9, "DIVISION": 115, "LAT": 13.05656138, "LONG_": 80.27278176 }, "geometry": { "type": "Point", "coordinates": [ 80.2727818, 13.0565614 ] } },
{ "type": "Feature", "properties": { "id": null, "Name": "Dr.Besant Road", "description": null, "timestamp": null, "begin": null, "end": null, "altitudeMode": null, "tessellate": -1, "extrude": 0, "visibility": -1, "drawOrder": null, "icon": null, "timestamp2": null, "begin2": null, "end2": null, "altitudeMode2": null, "tessellate2": -1, "extrude2": 0, "visibility2": -1, "drawOrder2": null, "icon2": null, "OBJECTID": 490, "OID_": 0, "ZONE": 9, "DIVISION": 115, "LAT": 13.05318688, "LONG_": 80.27159446 }, "geometry": { "type": "Point", "coordinates": [ 80.2715945, 13.0531869 ] } },
{ "type": "Feature", "properties": { "id": null, "Name": "H.M.A.V Street", "description": null, "timestamp": null, "begin": null, "end": null, "altitudeMode": null, "tessellate": -1, "extrude": 0, "visibility": -1, "drawOrder": null, "icon": null, "timestamp2": null, "begin2": null, "end2": null, "altitudeMode2": null, "tessellate2": -1, "extrude2": 0, "visibility2": -1, "drawOrder2": null, "icon2": null, "OBJECTID": 491, "OID_": 0, "ZONE": 9, "DIVISION": 115, "LAT": 13.05833074, "LONG_": 80.27113248000001 }, "geometry": { "type": "Point", "coordinates": [ 80.2711325, 13.0583307 ] } },
{ "type": "Feature", "properties": { "id": null, "Name": "Bharathi Salai jn of Bells Road", "description": null, "timestamp": null, "begin": null, "end": null, "altitudeMode": null, "tessellate": -1, "extrude": 0, "visibility": -1, "drawOrder": null, "icon": null, "timestamp2": null, "begin2": null, "end2": null, "altitudeMode2": null, "tessellate2": -1, "extrude2": 0, "visibility2": -1, "drawOrder2": null, "icon2": null, "OBJECTID": 492, "OID_": 0, "ZONE": 9, "DIVISION": 116, "LAT": 13.0581262, "LONG_": 80.27730685 }, "geometry": { "type": "Point", "coordinates": [ 80.2773068, 13.0581262 ] } },
{ "type": "Feature", "properties": { "id": null, "Name": "Dr.Besant Road", "description": null, "timestamp": null, "begin": null, "end": null, "altitudeMode": null, "tessellate": -1, "extrude": 0, "visibility": -1, "drawOrder": null, "icon": null, "timestamp2": null, "begin2": null, "end2": null, "altitudeMode2": null, "tessellate2": -1, "extrude2": 0, "visibility2": -1, "drawOrder2": null, "icon2": null, "OBJECTID": 493, "OID_": 0, "ZONE": 9, "DIVISION": 116, "LAT": 13.05092542, "LONG_": 80.27860663 }, "geometry": { "type": "Point", "coordinates": [ 80.2786066, 13.0509254 ] } },
{ "type": "Feature", "properties": { "id": null, "Name": "G.N.chetty Road", "description": null, "timestamp": null, "begin": null, "end": null, "altitudeMode": null, "tessellate": -1, "extrude": 0, "visibility": -1, "drawOrder": null, "icon": null, "timestamp2": null, "begin2": null, "end2": null, "altitudeMode2": null, "tessellate2": -1, "extrude2": 0, "visibility2": -1, "drawOrder2": null, "icon2": null, "OBJECTID": 494, "OID_": 0, "ZONE": 9, "DIVISION": 117, "LAT": 13.04782592, "LONG_": 80.24515188 }, "geometry": { "type": "Point", "coordinates": [ 80.2451519, 13.0478259 ] } },
{ "type": "Feature", "properties": { "id": null, "Name": "Thomas Road", "description": null, "timestamp": null, "begin": null, "end": null, "altitudeMode": null, "tessellate": -1, "extrude": 0, "visibility": -1, "drawOrder": null, "icon": null, "timestamp2": null, "begin2": null, "end2": null, "altitudeMode2": null, "tessellate2": -1, "extrude2": 0, "visibility2": -1, "drawOrder2": null, "icon2": null, "OBJECTID": 495, "OID_": 0, "ZONE": 9, "DIVISION": 117, "LAT": 13.03567555, "LONG_": 80.24357053 }, "geometry": { "type": "Point", "coordinates": [ 80.2435705, 13.0356755 ] } },
{ "type": "Feature", "properties": { "id": null, "Name": "Thirumalaipillai Road", "description": null, "timestamp": null, "begin": null, "end": null, "altitudeMode": null, "tessellate": -1, "extrude": 0, "visibility": -1, "drawOrder": null, "icon": null, "timestamp2": null, "begin2": null, "end2": null, "altitudeMode2": null, "tessellate2": -1, "extrude2": 0, "visibility2": -1, "drawOrder2": null, "icon2": null, "OBJECTID": 496, "OID_": 0, "ZONE": 9, "DIVISION": 117, "LAT": 13.04746814, "LONG_": 80.23980144 }, "geometry": { "type": "Point", "coordinates": [ 80.2398014, 13.0474681 ] } },
{ "type": "Feature", "properties": { "id": null, "Name": "Dr.Sadhasivam Road", "description": null, "timestamp": null, "begin": null, "end": null, "altitudeMode": null, "tessellate": -1, "extrude": 0, "visibility": -1, "drawOrder": null, "icon": null, "timestamp2": null, "begin2": null, "end2": null, "altitudeMode2": null, "tessellate2": -1, "extrude2": 0, "visibility2": -1, "drawOrder2": null, "icon2": null, "OBJECTID": 497, "OID_": 0, "ZONE": 9, "DIVISION": 117, "LAT": 13.04804146, "LONG_": 80.23598241000001 }, "geometry": { "type": "Point", "coordinates": [ 80.2359824, 13.0480415 ] } },
{ "type": "Feature", "properties": { "id": null, "Name": "Thirumoorthi Street", "description": null, "timestamp": null, "begin": null, "end": null, "altitudeMode": null, "tessellate": -1, "extrude": 0, "visibility": -1, "drawOrder": null, "icon": null, "timestamp2": null, "begin2": null, "end2": null, "altitudeMode2": null, "tessellate2": -1, "extrude2": 0, "visibility2": -1, "drawOrder2": null, "icon2": null, "OBJECTID": 498, "OID_": 0, "ZONE": 9, "DIVISION": 117, "LAT": 13.04741125, "LONG_": 80.23792587 }, "geometry": { "type": "Point", "coordinates": [ 80.2379259, 13.0474112 ] } },
{ "type": "Feature", "properties": { "id": null, "Name": "Bangirathi  Ammal Street", "description": null, "timestamp": null, "begin": null, "end": null, "altitudeMode": null, "tessellate": -1, "extrude": 0, "visibility": -1, "drawOrder": null, "icon": null, "timestamp2": null, "begin2": null, "end2": null, "altitudeMode2": null, "tessellate2": -1, "extrude2": 0, "visibility2": -1, "drawOrder2": null, "icon2": null, "OBJECTID": 499, "OID_": 0, "ZONE": 9, "DIVISION": 117, "LAT": 13.04802227, "LONG_": 80.23848475 }, "geometry": { "type": "Point", "coordinates": [ 80.2384847, 13.0480223 ] } },
{ "type": "Feature", "properties": { "id": null, "Name": "Arulambal Street", "description": null, "timestamp": null, "begin": null, "end": null, "altitudeMode": null, "tessellate": -1, "extrude": 0, "visibility": -1, "drawOrder": null, "icon": null, "timestamp2": null, "begin2": null, "end2": null, "altitudeMode2": null, "tessellate2": -1, "extrude2": 0, "visibility2": -1, "drawOrder2": null, "icon2": null, "OBJECTID": 500, "OID_": 0, "ZONE": 9, "DIVISION": 117, "LAT": 13.04879519, "LONG_": 80.23889174 }, "geometry": { "type": "Point", "coordinates": [ 80.2388917, 13.0487952 ] } },
{ "type": "Feature", "properties": { "id": null, "Name": "Sarangapani Street", "description": null, "timestamp": null, "begin": null, "end": null, "altitudeMode": null, "tessellate": -1, "extrude": 0, "visibility": -1, "drawOrder": null, "icon": null, "timestamp2": null, "begin2": null, "end2": null, "altitudeMode2": null, "tessellate2": -1, "extrude2": 0, "visibility2": -1, "drawOrder2": null, "icon2": null, "OBJECTID": 501, "OID_": 0, "ZONE": 9, "DIVISION": 117, "LAT": 13.04920095, "LONG_": 80.23767931 }, "geometry": { "type": "Point", "coordinates": [ 80.2376793, 13.0492009 ] } },
{ "type": "Feature", "properties": { "id": null, "Name": "P.S.sivasamy street", "description": null, "timestamp": null, "begin": null, "end": null, "altitudeMode": null, "tessellate": -1, "extrude": 0, "visibility": -1, "drawOrder": null, "icon": null, "timestamp2": null, "begin2": null, "end2": null, "altitudeMode2": null, "tessellate2": -1, "extrude2": 0, "visibility2": -1, "drawOrder2": null, "icon2": null, "OBJECTID": 502, "OID_": 0, "ZONE": 9, "DIVISION": 119, "LAT": 13.04543497, "LONG_": 80.2636775 }, "geometry": { "type": "Point", "coordinates": [ 80.2636775, 13.045435 ] } },
{ "type": "Feature", "properties": { "id": null, "Name": "C.I.T.colony 1st cross street", "description": null, "timestamp": null, "begin": null, "end": null, "altitudeMode": null, "tessellate": -1, "extrude": 0, "visibility": -1, "drawOrder": null, "icon": null, "timestamp2": null, "begin2": null, "end2": null, "altitudeMode2": null, "tessellate2": -1, "extrude2": 0, "visibility2": -1, "drawOrder2": null, "icon2": null, "OBJECTID": 503, "OID_": 0, "ZONE": 9, "DIVISION": 119, "LAT": 13.04264658, "LONG_": 80.26216803 }, "geometry": { "type": "Point", "coordinates": [ 80.262168, 13.0426466 ] } },
{ "type": "Feature", "properties": { "id": null, "Name": "Avvai shanmugam lane", "description": null, "timestamp": null, "begin": null, "end": null, "altitudeMode": null, "tessellate": -1, "extrude": 0, "visibility": -1, "drawOrder": null, "icon": null, "timestamp2": null, "begin2": null, "end2": null, "altitudeMode2": null, "tessellate2": -1, "extrude2": 0, "visibility2": -1, "drawOrder2": null, "icon2": null, "OBJECTID": 504, "OID_": 0, "ZONE": 9, "DIVISION": 119, "LAT": 13.04773823, "LONG_": 80.26538899000001 }, "geometry": { "type": "Point", "coordinates": [ 80.265389, 13.0477382 ] } },
{ "type": "Feature", "properties": { "id": null, "Name": "Royapet high Road", "description": null, "timestamp": null, "begin": null, "end": null, "altitudeMode": null, "tessellate": -1, "extrude": 0, "visibility": -1, "drawOrder": null, "icon": null, "timestamp2": null, "begin2": null, "end2": null, "altitudeMode2": null, "tessellate2": -1, "extrude2": 0, "visibility2": -1, "drawOrder2": null, "icon2": null, "OBJECTID": 505, "OID_": 0, "ZONE": 9, "DIVISION": 119, "LAT": 13.04879021, "LONG_": 80.2651837 }, "geometry": { "type": "Point", "coordinates": [ 80.2651837, 13.0487902 ] } },
{ "type": "Feature", "properties": { "id": null, "Name": "Dr Natesan Road", "description": null, "timestamp": null, "begin": null, "end": null, "altitudeMode": null, "tessellate": -1, "extrude": 0, "visibility": -1, "drawOrder": null, "icon": null, "timestamp2": null, "begin2": null, "end2": null, "altitudeMode2": null, "tessellate2": -1, "extrude2": 0, "visibility2": -1, "drawOrder2": null, "icon2": null, "OBJECTID": 506, "OID_": 0, "ZONE": 9, "DIVISION": 120, "LAT": 13.04944481, "LONG_": 80.2744791 }, "geometry": { "type": "Point", "coordinates": [ 80.2744791, 13.0494448 ] } },
{ "type": "Feature", "properties": { "id": null, "Name": "Muthaiah Street", "description": null, "timestamp": null, "begin": null, "end": null, "altitudeMode": null, "tessellate": -1, "extrude": 0, "visibility": -1, "drawOrder": null, "icon": null, "timestamp2": null, "begin2": null, "end2": null, "altitudeMode2": null, "tessellate2": -1, "extrude2": 0, "visibility2": -1, "drawOrder2": null, "icon2": null, "OBJECTID": 507, "OID_": 0, "ZONE": 9, "DIVISION": 120, "LAT": 13.0507202, "LONG_": 80.27293483 }, "geometry": { "type": "Point", "coordinates": [ 80.2729348, 13.0507202 ] } },
{ "type": "Feature", "properties": { "id": null, "Name": "Radha Krishnan Road", "description": null, "timestamp": null, "begin": null, "end": null, "altitudeMode": null, "tessellate": -1, "extrude": 0, "visibility": -1, "drawOrder": null, "icon": null, "timestamp2": null, "begin2": null, "end2": null, "altitudeMode2": null, "tessellate2": -1, "extrude2": 0, "visibility2": -1, "drawOrder2": null, "icon2": null, "OBJECTID": 508, "OID_": 0, "ZONE": 9, "DIVISION": 121, "LAT": 13.04414577, "LONG_": 80.27042016 }, "geometry": { "type": "Point", "coordinates": [ 80.2704202, 13.0441458 ] } },
{ "type": "Feature", "properties": { "id": null, "Name": "Nehru nagar main road", "description": null, "timestamp": null, "begin": null, "end": null, "altitudeMode": null, "tessellate": -1, "extrude": 0, "visibility": -1, "drawOrder": null, "icon": null, "timestamp2": null, "begin2": null, "end2": null, "altitudeMode2": null, "tessellate2": -1, "extrude2": 0, "visibility2": -1, "drawOrder2": null, "icon2": null, "OBJECTID": 721, "OID_": 0, "ZONE": 13, "DIVISION": 175, "LAT": 13.0037215, "LONG_": 80.2526808 }, "geometry": { "type": "Point", "coordinates": [ 80.2526808, 13.0037215 ] } },
{ "type": "Feature", "properties": { "id": null, "Name": "Kasthuribai nagar", "description": null, "timestamp": null, "begin": null, "end": null, "altitudeMode": null, "tessellate": -1, "extrude": 0, "visibility": -1, "drawOrder": null, "icon": null, "timestamp2": null, "begin2": null, "end2": null, "altitudeMode2": null, "tessellate2": -1, "extrude2": 0, "visibility2": -1, "drawOrder2": null, "icon2": null, "OBJECTID": 722, "OID_": 0, "ZONE": 13, "DIVISION": 175, "LAT": 13.0055195, "LONG_": 80.2525091 }, "geometry": { "type": "Point", "coordinates": [ 80.2525091, 13.0055195 ] } },
{ "type": "Feature", "properties": { "id": null, "Name": "Indra nagar", "description": null, "timestamp": null, "begin": null, "end": null, "altitudeMode": null, "tessellate": -1, "extrude": 0, "visibility": -1, "drawOrder": null, "icon": null, "timestamp2": null, "begin2": null, "end2": null, "altitudeMode2": null, "tessellate2": -1, "extrude2": 0, "visibility2": -1, "drawOrder2": null, "icon2": null, "OBJECTID": 723, "OID_": 0, "ZONE": 13, "DIVISION": 175, "LAT": 12.9958183, "LONG_": 80.2527237 }, "geometry": { "type": "Point", "coordinates": [ 80.2527237, 12.9958183 ] } },
{ "type": "Feature", "properties": { "id": null, "Name": "Kamaraj I avenue", "description": null, "timestamp": null, "begin": null, "end": null, "altitudeMode": null, "tessellate": -1, "extrude": 0, "visibility": -1, "drawOrder": null, "icon": null, "timestamp2": null, "begin2": null, "end2": null, "altitudeMode2": null, "tessellate2": -1, "extrude2": 0, "visibility2": -1, "drawOrder2": null, "icon2": null, "OBJECTID": 724, "OID_": 0, "ZONE": 13, "DIVISION": 175, "LAT": 13.001892, "LONG_": 80.2520585 }, "geometry": { "type": "Point", "coordinates": [ 80.2520585, 13.001892 ] } },
{ "type": "Feature", "properties": { "id": null, "Name": "Venkatarathinam nagar", "description": null, "timestamp": null, "begin": null, "end": null, "altitudeMode": null, "tessellate": -1, "extrude": 0, "visibility": -1, "drawOrder": null, "icon": null, "timestamp2": null, "begin2": null, "end2": null, "altitudeMode2": null, "tessellate2": -1, "extrude2": 0, "visibility2": -1, "drawOrder2": null, "icon2": null, "OBJECTID": 725, "OID_": 0, "ZONE": 13, "DIVISION": 175, "LAT": 13.0002194, "LONG_": 80.2541399 }, "geometry": { "type": "Point", "coordinates": [ 80.2541399, 13.0002194 ] } },
{ "type": "Feature", "properties": { "id": null, "Name": "L.B road", "description": null, "timestamp": null, "begin": null, "end": null, "altitudeMode": null, "tessellate": -1, "extrude": 0, "visibility": -1, "drawOrder": null, "icon": null, "timestamp2": null, "begin2": null, "end2": null, "altitudeMode2": null, "tessellate2": -1, "extrude2": 0, "visibility2": -1, "drawOrder2": null, "icon2": null, "OBJECTID": 726, "OID_": 0, "ZONE": 13, "DIVISION": 175, "LAT": 12.998965, "LONG_": 80.2560925 }, "geometry": { "type": "Point", "coordinates": [ 80.2560925, 12.998965 ] } },
{ "type": "Feature", "properties": { "id": null, "Name": "Anna avenue", "description": null, "timestamp": null, "begin": null, "end": null, "altitudeMode": null, "tessellate": -1, "extrude": 0, "visibility": -1, "drawOrder": null, "icon": null, "timestamp2": null, "begin2": null, "end2": null, "altitudeMode2": null, "tessellate2": -1, "extrude2": 0, "visibility2": -1, "drawOrder2": null, "icon2": null, "OBJECTID": 727, "OID_": 0, "ZONE": 13, "DIVISION": 175, "LAT": 13.0047146, "LONG_": 80.2558887 }, "geometry": { "type": "Point", "coordinates": [ 80.2558887, 13.0047146 ] } },
{ "type": "Feature", "properties": { "id": null, "Name": "Thiruvengadam street", "description": null, "timestamp": null, "begin": null, "end": null, "altitudeMode": null, "tessellate": -1, "extrude": 0, "visibility": -1, "drawOrder": null, "icon": null, "timestamp2": null, "begin2": null, "end2": null, "altitudeMode2": null, "tessellate2": -1, "extrude2": 0, "visibility2": -1, "drawOrder2": null, "icon2": null, "OBJECTID": 728, "OID_": 0, "ZONE": 13, "DIVISION": 175, "LAT": 13.0036796, "LONG_": 80.2552986 }, "geometry": { "type": "Point", "coordinates": [ 80.2552986, 13.0036796 ] } },
{ "type": "Feature", "properties": { "id": null, "Name": "Sastri nagar XV cross street", "description": null, "timestamp": null, "begin": null, "end": null, "altitudeMode": null, "tessellate": -1, "extrude": 0, "visibility": -1, "drawOrder": null, "icon": null, "timestamp2": null, "begin2": null, "end2": null, "altitudeMode2": null, "tessellate2": -1, "extrude2": 0, "visibility2": -1, "drawOrder2": null, "icon2": null, "OBJECTID": 729, "OID_": 0, "ZONE": 13, "DIVISION": 176, "LAT": 12.9999163, "LONG_": 80.2569938 }, "geometry": { "type": "Point", "coordinates": [ 80.2569938, 12.9999163 ] } },
{ "type": "Feature", "properties": { "id": null, "Name": "I street", "description": null, "timestamp": null, "begin": null, "end": null, "altitudeMode": null, "tessellate": -1, "extrude": 0, "visibility": -1, "drawOrder": null, "icon": null, "timestamp2": null, "begin2": null, "end2": null, "altitudeMode2": null, "tessellate2": -1, "extrude2": 0, "visibility2": -1, "drawOrder2": null, "icon2": null, "OBJECTID": 730, "OID_": 0, "ZONE": 13, "DIVISION": 176, "LAT": 12.9990381, "LONG_": 80.2596116 }, "geometry": { "type": "Point", "coordinates": [ 80.2596116, 12.9990381 ] } },
{ "type": "Feature", "properties": { "id": null, "Name": "Ambedkar colony", "description": null, "timestamp": null, "begin": null, "end": null, "altitudeMode": null, "tessellate": -1, "extrude": 0, "visibility": -1, "drawOrder": null, "icon": null, "timestamp2": null, "begin2": null, "end2": null, "altitudeMode2": null, "tessellate2": -1, "extrude2": 0, "visibility2": -1, "drawOrder2": null, "icon2": null, "OBJECTID": 731, "OID_": 0, "ZONE": 13, "DIVISION": 177, "LAT": 12.9891277, "LONG_": 80.2073193 }, "geometry": { "type": "Point", "coordinates": [ 80.2073193, 12.9891277 ] } },
{ "type": "Feature", "properties": { "id": null, "Name": "Mahalakshmi nagar", "description": null, "timestamp": null, "begin": null, "end": null, "altitudeMode": null, "tessellate": -1, "extrude": 0, "visibility": -1, "drawOrder": null, "icon": null, "timestamp2": null, "begin2": null, "end2": null, "altitudeMode2": null, "tessellate2": -1, "extrude2": 0, "visibility2": -1, "drawOrder2": null, "icon2": null, "OBJECTID": 732, "OID_": 0, "ZONE": 13, "DIVISION": 177, "LAT": 12.9839423, "LONG_": 80.2063751 }, "geometry": { "type": "Point", "coordinates": [ 80.2063751, 12.9839423 ] } },
{ "type": "Feature", "properties": { "id": null, "Name": "Nethaji colony", "description": null, "timestamp": null, "begin": null, "end": null, "altitudeMode": null, "tessellate": -1, "extrude": 0, "visibility": -1, "drawOrder": null, "icon": null, "timestamp2": null, "begin2": null, "end2": null, "altitudeMode2": null, "tessellate2": -1, "extrude2": 0, "visibility2": -1, "drawOrder2": null, "icon2": null, "OBJECTID": 733, "OID_": 0, "ZONE": 13, "DIVISION": 177, "LAT": 12.9823114, "LONG_": 80.2119541 }, "geometry": { "type": "Point", "coordinates": [ 80.2119541, 12.9823114 ] } },
{ "type": "Feature", "properties": { "id": null, "Name": "AGS colony", "description": null, "timestamp": null, "begin": null, "end": null, "altitudeMode": null, "tessellate": -1, "extrude": 0, "visibility": -1, "drawOrder": null, "icon": null, "timestamp2": null, "begin2": null, "end2": null, "altitudeMode2": null, "tessellate2": -1, "extrude2": 0, "visibility2": -1, "drawOrder2": null, "icon2": null, "OBJECTID": 734, "OID_": 0, "ZONE": 13, "DIVISION": 177, "LAT": 12.9770422, "LONG_": 80.208478 }, "geometry": { "type": "Point", "coordinates": [ 80.208478, 12.9770422 ] } },
{ "type": "Feature", "properties": { "id": null, "Name": "TNHB colony III main road", "description": null, "timestamp": null, "begin": null, "end": null, "altitudeMode": null, "tessellate": -1, "extrude": 0, "visibility": -1, "drawOrder": null, "icon": null, "timestamp2": null, "begin2": null, "end2": null, "altitudeMode2": null, "tessellate2": -1, "extrude2": 0, "visibility2": -1, "drawOrder2": null, "icon2": null, "OBJECTID": 735, "OID_": 0, "ZONE": 13, "DIVISION": 177, "LAT": 12.9919294, "LONG_": 80.2119541 }, "geometry": { "type": "Point", "coordinates": [ 80.2119541, 12.9919294 ] } },
{ "type": "Feature", "properties": { "id": null, "Name": "Devi Karumariamman koil street", "description": null, "timestamp": null, "begin": null, "end": null, "altitudeMode": null, "tessellate": -1, "extrude": 0, "visibility": -1, "drawOrder": null, "icon": null, "timestamp2": null, "begin2": null, "end2": null, "altitudeMode2": null, "tessellate2": -1, "extrude2": 0, "visibility2": -1, "drawOrder2": null, "icon2": null, "OBJECTID": 736, "OID_": 0, "ZONE": 13, "DIVISION": 178, "LAT": 12.9790704, "LONG_": 80.2142179 }, "geometry": { "type": "Point", "coordinates": [ 80.2142179, 12.9790704 ] } },
{ "type": "Feature", "properties": { "id": null, "Name": "Throwpathy amman koil street", "description": null, "timestamp": null, "begin": null, "end": null, "altitudeMode": null, "tessellate": -1, "extrude": 0, "visibility": -1, "drawOrder": null, "icon": null, "timestamp2": null, "begin2": null, "end2": null, "altitudeMode2": null, "tessellate2": -1, "extrude2": 0, "visibility2": -1, "drawOrder2": null, "icon2": null, "OBJECTID": 737, "OID_": 0, "ZONE": 13, "DIVISION": 178, "LAT": 12.987225, "LONG_": 80.2208376 }, "geometry": { "type": "Point", "coordinates": [ 80.2208376, 12.987225 ] } },
{ "type": "Feature", "properties": { "id": null, "Name": "AGS colony", "description": null, "timestamp": null, "begin": null, "end": null, "altitudeMode": null, "tessellate": -1, "extrude": 0, "visibility": -1, "drawOrder": null, "icon": null, "timestamp2": null, "begin2": null, "end2": null, "altitudeMode2": null, "tessellate2": -1, "extrude2": 0, "visibility2": -1, "drawOrder2": null, "icon2": null, "OBJECTID": 738, "OID_": 0, "ZONE": 13, "DIVISION": 178, "LAT": 12.9776904, "LONG_": 80.2114606 }, "geometry": { "type": "Point", "coordinates": [ 80.2114606, 12.9776904 ] } },
{ "type": "Feature", "properties": { "id": null, "Name": "Vijayanagar", "description": null, "timestamp": null, "begin": null, "end": null, "altitudeMode": null, "tessellate": -1, "extrude": 0, "visibility": -1, "drawOrder": null, "icon": null, "timestamp2": null, "begin2": null, "end2": null, "altitudeMode2": null, "tessellate2": -1, "extrude2": 0, "visibility2": -1, "drawOrder2": null, "icon2": null, "OBJECTID": 739, "OID_": 0, "ZONE": 13, "DIVISION": 178, "LAT": 12.9755367, "LONG_": 80.2208805 }, "geometry": { "type": "Point", "coordinates": [ 80.2208805, 12.9755367 ] } },
{ "type": "Feature", "properties": { "id": null, "Name": "Orandiamman koil street", "description": null, "timestamp": null, "begin": null, "end": null, "altitudeMode": null, "tessellate": -1, "extrude": 0, "visibility": -1, "drawOrder": null, "icon": null, "timestamp2": null, "begin2": null, "end2": null, "altitudeMode2": null, "tessellate2": -1, "extrude2": 0, "visibility2": -1, "drawOrder2": null, "icon2": null, "OBJECTID": 740, "OID_": 0, "ZONE": 13, "DIVISION": 178, "LAT": 12.9815691, "LONG_": 80.2193034 }, "geometry": { "type": "Point", "coordinates": [ 80.2193034, 12.9815691 ] } },
{ "type": "Feature", "properties": { "id": null, "Name": "Gandhi road", "description": null, "timestamp": null, "begin": null, "end": null, "altitudeMode": null, "tessellate": -1, "extrude": 0, "visibility": -1, "drawOrder": null, "icon": null, "timestamp2": null, "begin2": null, "end2": null, "altitudeMode2": null, "tessellate2": -1, "extrude2": 0, "visibility2": -1, "drawOrder2": null, "icon2": null, "OBJECTID": 741, "OID_": 0, "ZONE": 13, "DIVISION": 179, "LAT": 12.9862422, "LONG_": 80.2262878 }, "geometry": { "type": "Point", "coordinates": [ 80.2262878, 12.9862422 ] } },
{ "type": "Feature", "properties": { "id": null, "Name": "Tansi nagar III street", "description": null, "timestamp": null, "begin": null, "end": null, "altitudeMode": null, "tessellate": -1, "extrude": 0, "visibility": -1, "drawOrder": null, "icon": null, "timestamp2": null, "begin2": null, "end2": null, "altitudeMode2": null, "tessellate2": -1, "extrude2": 0, "visibility2": -1, "drawOrder2": null, "icon2": null, "OBJECTID": 742, "OID_": 0, "ZONE": 13, "DIVISION": 179, "LAT": 12.9787149, "LONG_": 80.2234769 }, "geometry": { "type": "Point", "coordinates": [ 80.2234769, 12.9787149 ] } },
{ "type": "Feature", "properties": { "id": null, "Name": "Dhandeeswaram VII street", "description": null, "timestamp": null, "begin": null, "end": null, "altitudeMode": null, "tessellate": -1, "extrude": 0, "visibility": -1, "drawOrder": null, "icon": null, "timestamp2": null, "begin2": null, "end2": null, "altitudeMode2": null, "tessellate2": -1, "extrude2": 0, "visibility2": -1, "drawOrder2": null, "icon2": null, "OBJECTID": 743, "OID_": 0, "ZONE": 13, "DIVISION": 179, "LAT": 12.9809313, "LONG_": 80.2253437 }, "geometry": { "type": "Point", "coordinates": [ 80.2253437, 12.9809313 ] } },
{ "type": "Feature", "properties": { "id": null, "Name": "Taramani Velachery road", "description": null, "timestamp": null, "begin": null, "end": null, "altitudeMode": null, "tessellate": -1, "extrude": 0, "visibility": -1, "drawOrder": null, "icon": null, "timestamp2": null, "begin2": null, "end2": null, "altitudeMode2": null, "tessellate2": -1, "extrude2": 0, "visibility2": -1, "drawOrder2": null, "icon2": null, "OBJECTID": 744, "OID_": 0, "ZONE": 13, "DIVISION": 179, "LAT": 12.9814332, "LONG_": 80.2403212 }, "geometry": { "type": "Point", "coordinates": [ 80.2403212, 12.9814332 ] } },
{ "type": "Feature", "properties": { "id": null, "Name": "Seetharam nagar", "description": null, "timestamp": null, "begin": null, "end": null, "altitudeMode": null, "tessellate": -1, "extrude": 0, "visibility": -1, "drawOrder": null, "icon": null, "timestamp2": null, "begin2": null, "end2": null, "altitudeMode2": null, "tessellate2": -1, "extrude2": 0, "visibility2": -1, "drawOrder2": null, "icon2": null, "OBJECTID": 745, "OID_": 0, "ZONE": 13, "DIVISION": 179, "LAT": 12.9812659, "LONG_": 80.2271032 }, "geometry": { "type": "Point", "coordinates": [ 80.2271032, 12.9812659 ] } },
{ "type": "Feature", "properties": { "id": null, "Name": "Bhuvaneshwari nagar", "description": null, "timestamp": null, "begin": null, "end": null, "altitudeMode": null, "tessellate": -1, "extrude": 0, "visibility": -1, "drawOrder": null, "icon": null, "timestamp2": null, "begin2": null, "end2": null, "altitudeMode2": null, "tessellate2": -1, "extrude2": 0, "visibility2": -1, "drawOrder2": null, "icon2": null, "OBJECTID": 746, "OID_": 0, "ZONE": 13, "DIVISION": 179, "LAT": 12.9689918, "LONG_": 80.2210737 }, "geometry": { "type": "Point", "coordinates": [ 80.2210737, 12.9689918 ] } },
{ "type": "Feature", "properties": { "id": null, "Name": "VGP Selva nagar", "description": null, "timestamp": null, "begin": null, "end": null, "altitudeMode": null, "tessellate": -1, "extrude": 0, "visibility": -1, "drawOrder": null, "icon": null, "timestamp2": null, "begin2": null, "end2": null, "altitudeMode2": null, "tessellate2": -1, "extrude2": 0, "visibility2": -1, "drawOrder2": null, "icon2": null, "OBJECTID": 747, "OID_": 0, "ZONE": 13, "DIVISION": 179, "LAT": 12.9722747, "LONG_": 80.2218676 }, "geometry": { "type": "Point", "coordinates": [ 80.2218676, 12.9722747 ] } },
{ "type": "Feature", "properties": { "id": null, "Name": "Velachery main Road", "description": null, "timestamp": null, "begin": null, "end": null, "altitudeMode": null, "tessellate": -1, "extrude": 0, "visibility": -1, "drawOrder": null, "icon": null, "timestamp2": null, "begin2": null, "end2": null, "altitudeMode2": null, "tessellate2": -1, "extrude2": 0, "visibility2": -1, "drawOrder2": null, "icon2": null, "OBJECTID": 748, "OID_": 0, "ZONE": 13, "DIVISION": 179, "LAT": 12.9819769, "LONG_": 80.2180051 }, "geometry": { "type": "Point", "coordinates": [ 80.2180051, 12.9819769 ] } },
{ "type": "Feature", "properties": { "id": null, "Name": "Anna avenue", "description": null, "timestamp": null, "begin": null, "end": null, "altitudeMode": null, "tessellate": -1, "extrude": 0, "visibility": -1, "drawOrder": null, "icon": null, "timestamp2": null, "begin2": null, "end2": null, "altitudeMode2": null, "tessellate2": -1, "extrude2": 0, "visibility2": -1, "drawOrder2": null, "icon2": null, "OBJECTID": 749, "OID_": 0, "ZONE": 13, "DIVISION": 179, "LAT": 12.9741984, "LONG_": 80.2270603 }, "geometry": { "type": "Point", "coordinates": [ 80.2270603, 12.9741984 ] } },
{ "type": "Feature", "properties": { "id": null, "Name": "LIC colony", "description": null, "timestamp": null, "begin": null, "end": null, "altitudeMode": null, "tessellate": -1, "extrude": 0, "visibility": -1, "drawOrder": null, "icon": null, "timestamp2": null, "begin2": null, "end2": null, "altitudeMode2": null, "tessellate2": -1, "extrude2": 0, "visibility2": -1, "drawOrder2": null, "icon2": null, "OBJECTID": 750, "OID_": 0, "ZONE": 13, "DIVISION": 179, "LAT": 12.9774185, "LONG_": 80.2224255 }, "geometry": { "type": "Point", "coordinates": [ 80.2224255, 12.9774185 ] } },
{ "type": "Feature", "properties": { "id": null, "Name": "LB road (Judges avenue)", "description": null, "timestamp": null, "begin": null, "end": null, "altitudeMode": null, "tessellate": -1, "extrude": 0, "visibility": -1, "drawOrder": null, "icon": null, "timestamp2": null, "begin2": null, "end2": null, "altitudeMode2": null, "tessellate2": -1, "extrude2": 0, "visibility2": -1, "drawOrder2": null, "icon2": null, "OBJECTID": 751, "OID_": 0, "ZONE": 13, "DIVISION": 180, "LAT": 12.9830641, "LONG_": 80.2548265 }, "geometry": { "type": "Point", "coordinates": [ 80.2548265, 12.9830641 ] } },
{ "type": "Feature", "properties": { "id": null, "Name": "Kanagam Periyar nagar", "description": null, "timestamp": null, "begin": null, "end": null, "altitudeMode": null, "tessellate": -1, "extrude": 0, "visibility": -1, "drawOrder": null, "icon": null, "timestamp2": null, "begin2": null, "end2": null, "altitudeMode2": null, "tessellate2": -1, "extrude2": 0, "visibility2": -1, "drawOrder2": null, "icon2": null, "OBJECTID": 752, "OID_": 0, "ZONE": 13, "DIVISION": 180, "LAT": 12.9879568, "LONG_": 80.2425528 }, "geometry": { "type": "Point", "coordinates": [ 80.2425528, 12.9879568 ] } },
{ "type": "Feature", "properties": { "id": null, "Name": "Thanthai Periyar nagar", "description": null, "timestamp": null, "begin": null, "end": null, "altitudeMode": null, "tessellate": -1, "extrude": 0, "visibility": -1, "drawOrder": null, "icon": null, "timestamp2": null, "begin2": null, "end2": null, "altitudeMode2": null, "tessellate2": -1, "extrude2": 0, "visibility2": -1, "drawOrder2": null, "icon2": null, "OBJECTID": 753, "OID_": 0, "ZONE": 13, "DIVISION": 180, "LAT": 12.9951388, "LONG_": 80.2420806 }, "geometry": { "type": "Point", "coordinates": [ 80.2420806, 12.9951388 ] } },
{ "type": "Feature", "properties": { "id": null, "Name": "Annai sathya Nagar", "description": null, "timestamp": null, "begin": null, "end": null, "altitudeMode": null, "tessellate": -1, "extrude": 0, "visibility": -1, "drawOrder": null, "icon": null, "timestamp2": null, "begin2": null, "end2": null, "altitudeMode2": null, "tessellate2": -1, "extrude2": 0, "visibility2": -1, "drawOrder2": null, "icon2": null, "OBJECTID": 552, "OID_": 0, "ZONE": 10, "DIVISION": 128, "LAT": 13.03566114, "LONG_": 80.18960836 }, "geometry": { "type": "Point", "coordinates": [ 80.1896084, 13.0356611 ] } },
{ "type": "Feature", "properties": { "id": null, "Name": "ALAGIRI NAGAR 1ST street", "description": null, "timestamp": null, "begin": null, "end": null, "altitudeMode": null, "tessellate": -1, "extrude": 0, "visibility": -1, "drawOrder": null, "icon": null, "timestamp2": null, "begin2": null, "end2": null, "altitudeMode2": null, "tessellate2": -1, "extrude2": 0, "visibility2": -1, "drawOrder2": null, "icon2": null, "OBJECTID": 553, "OID_": 0, "ZONE": 10, "DIVISION": 130, "LAT": 13.0568282, "LONG_": 80.21367097 }, "geometry": { "type": "Point", "coordinates": [ 80.213671, 13.0568282 ] } },
{ "type": "Feature", "properties": { "id": null, "Name": "Bajanai Koil Street", "description": null, "timestamp": null, "begin": null, "end": null, "altitudeMode": null, "tessellate": -1, "extrude": 0, "visibility": -1, "drawOrder": null, "icon": null, "timestamp2": null, "begin2": null, "end2": null, "altitudeMode2": null, "tessellate2": -1, "extrude2": 0, "visibility2": -1, "drawOrder2": null, "icon2": null, "OBJECTID": 554, "OID_": 0, "ZONE": 10, "DIVISION": 130, "LAT": 13.0530591, "LONG_": 80.2108028 }, "geometry": { "type": "Point", "coordinates": [ 80.2108028, 13.0530591 ] } },
{ "type": "Feature", "properties": { "id": null, "Name": "Thiru nagar 1 to 5", "description": null, "timestamp": null, "begin": null, "end": null, "altitudeMode": null, "tessellate": -1, "extrude": 0, "visibility": -1, "drawOrder": null, "icon": null, "timestamp2": null, "begin2": null, "end2": null, "altitudeMode2": null, "tessellate2": -1, "extrude2": 0, "visibility2": -1, "drawOrder2": null, "icon2": null, "OBJECTID": 555, "OID_": 0, "ZONE": 10, "DIVISION": 130, "LAT": 13.05515551, "LONG_": 80.21286507000001 }, "geometry": { "type": "Point", "coordinates": [ 80.2128651, 13.0551555 ] } },
{ "type": "Feature", "properties": { "id": null, "Name": "Gangai amman koil street", "description": null, "timestamp": null, "begin": null, "end": null, "altitudeMode": null, "tessellate": -1, "extrude": 0, "visibility": -1, "drawOrder": null, "icon": null, "timestamp2": null, "begin2": null, "end2": null, "altitudeMode2": null, "tessellate2": -1, "extrude2": 0, "visibility2": -1, "drawOrder2": null, "icon2": null, "OBJECTID": 556, "OID_": 0, "ZONE": 10, "DIVISION": 130, "LAT": 13.0551027, "LONG_": 80.2162112 }, "geometry": { "type": "Point", "coordinates": [ 80.2162112, 13.0551027 ] } },
{ "type": "Feature", "properties": { "id": null, "Name": "Andavar Nagar", "description": null, "timestamp": null, "begin": null, "end": null, "altitudeMode": null, "tessellate": -1, "extrude": 0, "visibility": -1, "drawOrder": null, "icon": null, "timestamp2": null, "begin2": null, "end2": null, "altitudeMode2": null, "tessellate2": -1, "extrude2": 0, "visibility2": -1, "drawOrder2": null, "icon2": null, "OBJECTID": 557, "OID_": 0, "ZONE": 10, "DIVISION": 130, "LAT": 13.05807181, "LONG_": 80.21382652 }, "geometry": { "type": "Point", "coordinates": [ 80.2138265, 13.0580718 ] } },
{ "type": "Feature", "properties": { "id": null, "Name": "100'Feet Road", "description": null, "timestamp": null, "begin": null, "end": null, "altitudeMode": null, "tessellate": -1, "extrude": 0, "visibility": -1, "drawOrder": null, "icon": null, "timestamp2": null, "begin2": null, "end2": null, "altitudeMode2": null, "tessellate2": -1, "extrude2": 0, "visibility2": -1, "drawOrder2": null, "icon2": null, "OBJECTID": 558, "OID_": 0, "ZONE": 10, "DIVISION": 130, "LAT": 13.05371242, "LONG_": 80.21158904000001 }, "geometry": { "type": "Point", "coordinates": [ 80.211589, 13.0537124 ] } },
{ "type": "Feature", "properties": { "id": null, "Name": "R.K.SHANMUGAM SALAI", "description": null, "timestamp": null, "begin": null, "end": null, "altitudeMode": null, "tessellate": -1, "extrude": 0, "visibility": -1, "drawOrder": null, "icon": null, "timestamp2": null, "begin2": null, "end2": null, "altitudeMode2": null, "tessellate2": -1, "extrude2": 0, "visibility2": -1, "drawOrder2": null, "icon2": null, "OBJECTID": 559, "OID_": 0, "ZONE": 10, "DIVISION": 131, "LAT": 13.03991337, "LONG_": 80.20194665 }, "geometry": { "type": "Point", "coordinates": [ 80.2019466, 13.0399134 ] } },
{ "type": "Feature", "properties": { "id": null, "Name": "LAKSHMANASAMY SALAI", "description": null, "timestamp": null, "begin": null, "end": null, "altitudeMode": null, "tessellate": -1, "extrude": 0, "visibility": -1, "drawOrder": null, "icon": null, "timestamp2": null, "begin2": null, "end2": null, "altitudeMode2": null, "tessellate2": -1, "extrude2": 0, "visibility2": -1, "drawOrder2": null, "icon2": null, "OBJECTID": 560, "OID_": 0, "ZONE": 10, "DIVISION": 131, "LAT": 13.03842705, "LONG_": 80.20282528 }, "geometry": { "type": "Point", "coordinates": [ 80.2028253, 13.0384271 ] } },
{ "type": "Feature", "properties": { "id": null, "Name": "P.T.RAJAN SALAI", "description": null, "timestamp": null, "begin": null, "end": null, "altitudeMode": null, "tessellate": -1, "extrude": 0, "visibility": -1, "drawOrder": null, "icon": null, "timestamp2": null, "begin2": null, "end2": null, "altitudeMode2": null, "tessellate2": -1, "extrude2": 0, "visibility2": -1, "drawOrder2": null, "icon2": null, "OBJECTID": 561, "OID_": 0, "ZONE": 10, "DIVISION": 132, "LAT": 13.04412871, "LONG_": 80.21063186000001 }, "geometry": { "type": "Point", "coordinates": [ 80.2106319, 13.0441287 ] } },
{ "type": "Feature", "properties": { "id": null, "Name": "RAJAMANNAR SALAI", "description": null, "timestamp": null, "begin": null, "end": null, "altitudeMode": null, "tessellate": -1, "extrude": 0, "visibility": -1, "drawOrder": null, "icon": null, "timestamp2": null, "begin2": null, "end2": null, "altitudeMode2": null, "tessellate2": -1, "extrude2": 0, "visibility2": -1, "drawOrder2": null, "icon2": null, "OBJECTID": 562, "OID_": 0, "ZONE": 10, "DIVISION": 132, "LAT": 13.04359275, "LONG_": 80.1994323 }, "geometry": { "type": "Point", "coordinates": [ 80.1994323, 13.0435928 ] } },
{ "type": "Feature", "properties": { "id": null, "Name": "4TH AVENUE", "description": null, "timestamp": null, "begin": null, "end": null, "altitudeMode": null, "tessellate": -1, "extrude": 0, "visibility": -1, "drawOrder": null, "icon": null, "timestamp2": null, "begin2": null, "end2": null, "altitudeMode2": null, "tessellate2": -1, "extrude2": 0, "visibility2": -1, "drawOrder2": null, "icon2": null, "OBJECTID": 563, "OID_": 0, "ZONE": 10, "DIVISION": 132, "LAT": 13.04044435, "LONG_": 80.21506283 }, "geometry": { "type": "Point", "coordinates": [ 80.2150628, 13.0404443 ] } },
{ "type": "Feature", "properties": { "id": null, "Name": "2ND AVENUE", "description": null, "timestamp": null, "begin": null, "end": null, "altitudeMode": null, "tessellate": -1, "extrude": 0, "visibility": -1, "drawOrder": null, "icon": null, "timestamp2": null, "begin2": null, "end2": null, "altitudeMode2": null, "tessellate2": -1, "extrude2": 0, "visibility2": -1, "drawOrder2": null, "icon2": null, "OBJECTID": 564, "OID_": 0, "ZONE": 10, "DIVISION": 132, "LAT": 13.04447771, "LONG_": 80.21477839000001 }, "geometry": { "type": "Point", "coordinates": [ 80.2147784, 13.0444777 ] } },
{ "type": "Feature", "properties": { "id": null, "Name": "7TH AVENUE", "description": null, "timestamp": null, "begin": null, "end": null, "altitudeMode": null, "tessellate": -1, "extrude": 0, "visibility": -1, "drawOrder": null, "icon": null, "timestamp2": null, "begin2": null, "end2": null, "altitudeMode2": null, "tessellate2": -1, "extrude2": 0, "visibility2": -1, "drawOrder2": null, "icon2": null, "OBJECTID": 565, "OID_": 0, "ZONE": 10, "DIVISION": 132, "LAT": 13.0365316, "LONG_": 80.2163032 }, "geometry": { "type": "Point", "coordinates": [ 80.2163032, 13.0365316 ] } },
{ "type": "Feature", "properties": { "id": null, "Name": "18TH AVENUE", "description": null, "timestamp": null, "begin": null, "end": null, "altitudeMode": null, "tessellate": -1, "extrude": 0, "visibility": -1, "drawOrder": null, "icon": null, "timestamp2": null, "begin2": null, "end2": null, "altitudeMode2": null, "tessellate2": -1, "extrude2": 0, "visibility2": -1, "drawOrder2": null, "icon2": null, "OBJECTID": 566, "OID_": 0, "ZONE": 10, "DIVISION": 132, "LAT": 13.04147289, "LONG_": 80.21088123 }, "geometry": { "type": "Point", "coordinates": [ 80.2108812, 13.0414729 ] } },
{ "type": "Feature", "properties": { "id": null, "Name": "19TH AVENUE", "description": null, "timestamp": null, "begin": null, "end": null, "altitudeMode": null, "tessellate": -1, "extrude": 0, "visibility": -1, "drawOrder": null, "icon": null, "timestamp2": null, "begin2": null, "end2": null, "altitudeMode2": null, "tessellate2": -1, "extrude2": 0, "visibility2": -1, "drawOrder2": null, "icon2": null, "OBJECTID": 567, "OID_": 0, "ZONE": 10, "DIVISION": 132, "LAT": 13.04158335, "LONG_": 80.21176423 }, "geometry": { "type": "Point", "coordinates": [ 80.2117642, 13.0415834 ] } },
{ "type": "Feature", "properties": { "id": null, "Name": "86TH STREET", "description": null, "timestamp": null, "begin": null, "end": null, "altitudeMode": null, "tessellate": -1, "extrude": 0, "visibility": -1, "drawOrder": null, "icon": null, "timestamp2": null, "begin2": null, "end2": null, "altitudeMode2": null, "tessellate2": -1, "extrude2": 0, "visibility2": -1, "drawOrder2": null, "icon2": null, "OBJECTID": 568, "OID_": 0, "ZONE": 10, "DIVISION": 132, "LAT": 13.04120816, "LONG_": 80.20791667 }, "geometry": { "type": "Point", "coordinates": [ 80.2079167, 13.0412082 ] } },
{ "type": "Feature", "properties": { "id": null, "Name": "12TH AVENUE", "description": null, "timestamp": null, "begin": null, "end": null, "altitudeMode": null, "tessellate": -1, "extrude": 0, "visibility": -1, "drawOrder": null, "icon": null, "timestamp2": null, "begin2": null, "end2": null, "altitudeMode2": null, "tessellate2": -1, "extrude2": 0, "visibility2": -1, "drawOrder2": null, "icon2": null, "OBJECTID": 569, "OID_": 0, "ZONE": 10, "DIVISION": 132, "LAT": 13.0314999, "LONG_": 80.2101601 }, "geometry": { "type": "Point", "coordinates": [ 80.2101601, 13.0314999 ] } },
{ "type": "Feature", "properties": { "id": null, "Name": "3RD AVENUE", "description": null, "timestamp": null, "begin": null, "end": null, "altitudeMode": null, "tessellate": -1, "extrude": 0, "visibility": -1, "drawOrder": null, "icon": null, "timestamp2": null, "begin2": null, "end2": null, "altitudeMode2": null, "tessellate2": -1, "extrude2": 0, "visibility2": -1, "drawOrder2": null, "icon2": null, "OBJECTID": 570, "OID_": 0, "ZONE": 10, "DIVISION": 132, "LAT": 13.04380991, "LONG_": 80.21395247 }, "geometry": { "type": "Point", "coordinates": [ 80.2139525, 13.0438099 ] } },
{ "type": "Feature", "properties": { "id": null, "Name": "11TH AVENUE", "description": null, "timestamp": null, "begin": null, "end": null, "altitudeMode": null, "tessellate": -1, "extrude": 0, "visibility": -1, "drawOrder": null, "icon": null, "timestamp2": null, "begin2": null, "end2": null, "altitudeMode2": null, "tessellate2": -1, "extrude2": 0, "visibility2": -1, "drawOrder2": null, "icon2": null, "OBJECTID": 571, "OID_": 0, "ZONE": 10, "DIVISION": 133, "LAT": 13.03132715, "LONG_": 80.21714768 }, "geometry": { "type": "Point", "coordinates": [ 80.2171477, 13.0313272 ] } },
{ "type": "Feature", "properties": { "id": null, "Name": "12TH AVENUE", "description": null, "timestamp": null, "begin": null, "end": null, "altitudeMode": null, "tessellate": -1, "extrude": 0, "visibility": -1, "drawOrder": null, "icon": null, "timestamp2": null, "begin2": null, "end2": null, "altitudeMode2": null, "tessellate2": -1, "extrude2": 0, "visibility2": -1, "drawOrder2": null, "icon2": null, "OBJECTID": 572, "OID_": 0, "ZONE": 10, "DIVISION": 133, "LAT": 13.03098155, "LONG_": 80.21698107 }, "geometry": { "type": "Point", "coordinates": [ 80.2169811, 13.0309815 ] } },
{ "type": "Feature", "properties": { "id": null, "Name": "4TH AVENUE", "description": null, "timestamp": null, "begin": null, "end": null, "altitudeMode": null, "tessellate": -1, "extrude": 0, "visibility": -1, "drawOrder": null, "icon": null, "timestamp2": null, "begin2": null, "end2": null, "altitudeMode2": null, "tessellate2": -1, "extrude2": 0, "visibility2": -1, "drawOrder2": null, "icon2": null, "OBJECTID": 573, "OID_": 0, "ZONE": 10, "DIVISION": 133, "LAT": 13.04488504, "LONG_": 80.21815672 }, "geometry": { "type": "Point", "coordinates": [ 80.2181567, 13.044885 ] } },
{ "type": "Feature", "properties": { "id": null, "Name": "2ND AVENUE", "description": null, "timestamp": null, "begin": null, "end": null, "altitudeMode": null, "tessellate": -1, "extrude": 0, "visibility": -1, "drawOrder": null, "icon": null, "timestamp2": null, "begin2": null, "end2": null, "altitudeMode2": null, "tessellate2": -1, "extrude2": 0, "visibility2": -1, "drawOrder2": null, "icon2": null, "OBJECTID": 574, "OID_": 0, "ZONE": 10, "DIVISION": 133, "LAT": 13.04342002, "LONG_": 80.21782479 }, "geometry": { "type": "Point", "coordinates": [ 80.2178248, 13.04342 ] } },
{ "type": "Feature", "properties": { "id": null, "Name": "ARCOT ROAD", "description": null, "timestamp": null, "begin": null, "end": null, "altitudeMode": null, "tessellate": -1, "extrude": 0, "visibility": -1, "drawOrder": null, "icon": null, "timestamp2": null, "begin2": null, "end2": null, "altitudeMode2": null, "tessellate2": -1, "extrude2": 0, "visibility2": -1, "drawOrder2": null, "icon2": null, "OBJECTID": 575, "OID_": 0, "ZONE": 10, "DIVISION": 133, "LAT": 13.05153546, "LONG_": 80.21774806000001 }, "geometry": { "type": "Point", "coordinates": [ 80.2177481, 13.0515355 ] } },
{ "type": "Feature", "properties": { "id": null, "Name": "DURAISAMY STREET", "description": null, "timestamp": null, "begin": null, "end": null, "altitudeMode": null, "tessellate": -1, "extrude": 0, "visibility": -1, "drawOrder": null, "icon": null, "timestamp2": null, "begin2": null, "end2": null, "altitudeMode2": null, "tessellate2": -1, "extrude2": 0, "visibility2": -1, "drawOrder2": null, "icon2": null, "OBJECTID": 576, "OID_": 0, "ZONE": 10, "DIVISION": 133, "LAT": 13.04879762, "LONG_": 80.21453652 }, "geometry": { "type": "Point", "coordinates": [ 80.2145365, 13.0487976 ] } },
{ "type": "Feature", "properties": { "id": null, "Name": "POSTAL COLONY 4TH STREET", "description": null, "timestamp": null, "begin": null, "end": null, "altitudeMode": null, "tessellate": -1, "extrude": 0, "visibility": -1, "drawOrder": null, "icon": null, "timestamp2": null, "begin2": null, "end2": null, "altitudeMode2": null, "tessellate2": -1, "extrude2": 0, "visibility2": -1, "drawOrder2": null, "icon2": null, "OBJECTID": 577, "OID_": 0, "ZONE": 10, "DIVISION": 133, "LAT": 13.03531315, "LONG_": 80.21769982000001 }, "geometry": { "type": "Point", "coordinates": [ 80.2176998, 13.0353131 ] } },
{ "type": "Feature", "properties": { "id": null, "Name": "Raja Gopal street", "description": null, "timestamp": null, "begin": null, "end": null, "altitudeMode": null, "tessellate": -1, "extrude": 0, "visibility": -1, "drawOrder": null, "icon": null, "timestamp2": null, "begin2": null, "end2": null, "altitudeMode2": null, "tessellate2": -1, "extrude2": 0, "visibility2": -1, "drawOrder2": null, "icon2": null, "OBJECTID": 578, "OID_": 0, "ZONE": 10, "DIVISION": 133, "LAT": 13.04122964, "LONG_": 80.2188863 }, "geometry": { "type": "Point", "coordinates": [ 80.2188863, 13.0412296 ] } },
{ "type": "Feature", "properties": { "id": null, "Name": "RATHINAMMAL STREET", "description": null, "timestamp": null, "begin": null, "end": null, "altitudeMode": null, "tessellate": -1, "extrude": 0, "visibility": -1, "drawOrder": null, "icon": null, "timestamp2": null, "begin2": null, "end2": null, "altitudeMode2": null, "tessellate2": -1, "extrude2": 0, "visibility2": -1, "drawOrder2": null, "icon2": null, "OBJECTID": 579, "OID_": 0, "ZONE": 10, "DIVISION": 134, "LAT": 13.04801124, "LONG_": 80.22018181 }, "geometry": { "type": "Point", "coordinates": [ 80.2201818, 13.0480112 ] } },
{ "type": "Feature", "properties": { "id": null, "Name": "RANGARAJA PURAM MAIN ROAD,Azeez Nagar", "description": null, "timestamp": null, "begin": null, "end": null, "altitudeMode": null, "tessellate": -1, "extrude": 0, "visibility": -1, "drawOrder": null, "icon": null, "timestamp2": null, "begin2": null, "end2": null, "altitudeMode2": null, "tessellate2": -1, "extrude2": 0, "visibility2": -1, "drawOrder2": null, "icon2": null, "OBJECTID": 580, "OID_": 0, "ZONE": 10, "DIVISION": 134, "LAT": 13.0474226, "LONG_": 80.22310975000001 }, "geometry": { "type": "Point", "coordinates": [ 80.2231097, 13.0474226 ] } },
{ "type": "Feature", "properties": { "id": null, "Name": "RAILWAY BORDER ROAD", "description": null, "timestamp": null, "begin": null, "end": null, "altitudeMode": null, "tessellate": -1, "extrude": 0, "visibility": -1, "drawOrder": null, "icon": null, "timestamp2": null, "begin2": null, "end2": null, "altitudeMode2": null, "tessellate2": -1, "extrude2": 0, "visibility2": -1, "drawOrder2": null, "icon2": null, "OBJECTID": 581, "OID_": 0, "ZONE": 10, "DIVISION": 134, "LAT": 13.0520989, "LONG_": 80.2303638 }, "geometry": { "type": "Point", "coordinates": [ 80.2303638, 13.0520989 ] } },
{ "type": "Feature", "properties": { "id": null, "Name": "Valliammal Garden", "description": null, "timestamp": null, "begin": null, "end": null, "altitudeMode": null, "tessellate": -1, "extrude": 0, "visibility": -1, "drawOrder": null, "icon": null, "timestamp2": null, "begin2": null, "end2": null, "altitudeMode2": null, "tessellate2": -1, "extrude2": 0, "visibility2": -1, "drawOrder2": null, "icon2": null, "OBJECTID": 582, "OID_": 0, "ZONE": 10, "DIVISION": 134, "LAT": 13.04597149, "LONG_": 80.2268147 }, "geometry": { "type": "Point", "coordinates": [ 80.2268147, 13.0459715 ] } },
{ "type": "Feature", "properties": { "id": null, "Name": "ARCOT ROAD", "description": null, "timestamp": null, "begin": null, "end": null, "altitudeMode": null, "tessellate": -1, "extrude": 0, "visibility": -1, "drawOrder": null, "icon": null, "timestamp2": null, "begin2": null, "end2": null, "altitudeMode2": null, "tessellate2": -1, "extrude2": 0, "visibility2": -1, "drawOrder2": null, "icon2": null, "OBJECTID": 583, "OID_": 0, "ZONE": 10, "DIVISION": 134, "LAT": 13.05352538, "LONG_": 80.22507134 }, "geometry": { "type": "Point", "coordinates": [ 80.2250713, 13.0535254 ] } },
{ "type": "Feature", "properties": { "id": null, "Name": "POSTAL COLONY 2ND STREET", "description": null, "timestamp": null, "begin": null, "end": null, "altitudeMode": null, "tessellate": -1, "extrude": 0, "visibility": -1, "drawOrder": null, "icon": null, "timestamp2": null, "begin2": null, "end2": null, "altitudeMode2": null, "tessellate2": -1, "extrude2": 0, "visibility2": -1, "drawOrder2": null, "icon2": null, "OBJECTID": 584, "OID_": 0, "ZONE": 10, "DIVISION": 135, "LAT": 13.03645999, "LONG_": 80.21962157 }, "geometry": { "type": "Point", "coordinates": [ 80.2196216, 13.03646 ] } },
{ "type": "Feature", "properties": { "id": null, "Name": "THAMBIAH ROAD", "description": null, "timestamp": null, "begin": null, "end": null, "altitudeMode": null, "tessellate": -1, "extrude": 0, "visibility": -1, "drawOrder": null, "icon": null, "timestamp2": null, "begin2": null, "end2": null, "altitudeMode2": null, "tessellate2": -1, "extrude2": 0, "visibility2": -1, "drawOrder2": null, "icon2": null, "OBJECTID": 585, "OID_": 0, "ZONE": 10, "DIVISION": 135, "LAT": 13.03953352, "LONG_": 80.22385147 }, "geometry": { "type": "Point", "coordinates": [ 80.2238515, 13.0395335 ] } },
{ "type": "Feature", "properties": { "id": null, "Name": "SRINIVASA PILLAI STREET", "description": null, "timestamp": null, "begin": null, "end": null, "altitudeMode": null, "tessellate": -1, "extrude": 0, "visibility": -1, "drawOrder": null, "icon": null, "timestamp2": null, "begin2": null, "end2": null, "altitudeMode2": null, "tessellate2": -1, "extrude2": 0, "visibility2": -1, "drawOrder2": null, "icon2": null, "OBJECTID": 586, "OID_": 0, "ZONE": 10, "DIVISION": 135, "LAT": 13.03948192, "LONG_": 80.22223249 }, "geometry": { "type": "Point", "coordinates": [ 80.2222325, 13.0394819 ] } },
{ "type": "Feature", "properties": { "id": null, "Name": "BRINDAVAN STREET", "description": null, "timestamp": null, "begin": null, "end": null, "altitudeMode": null, "tessellate": -1, "extrude": 0, "visibility": -1, "drawOrder": null, "icon": null, "timestamp2": null, "begin2": null, "end2": null, "altitudeMode2": null, "tessellate2": -1, "extrude2": 0, "visibility2": -1, "drawOrder2": null, "icon2": null, "OBJECTID": 587, "OID_": 0, "ZONE": 10, "DIVISION": 135, "LAT": 13.04222929, "LONG_": 80.22451478000001 }, "geometry": { "type": "Point", "coordinates": [ 80.2245148, 13.0422293 ] } },
{ "type": "Feature", "properties": { "id": null, "Name": "NORTH USMAN STREET", "description": null, "timestamp": null, "begin": null, "end": null, "altitudeMode": null, "tessellate": -1, "extrude": 0, "visibility": -1, "drawOrder": null, "icon": null, "timestamp2": null, "begin2": null, "end2": null, "altitudeMode2": null, "tessellate2": -1, "extrude2": 0, "visibility2": -1, "drawOrder2": null, "icon2": null, "OBJECTID": 588, "OID_": 0, "ZONE": 10, "DIVISION": 136, "LAT": 13.04589114, "LONG_": 80.23292064 }, "geometry": { "type": "Point", "coordinates": [ 80.2329206, 13.0458911 ] } },
{ "type": "Feature", "properties": { "id": null, "Name": "Ragaviah Road,", "description": null, "timestamp": null, "begin": null, "end": null, "altitudeMode": null, "tessellate": -1, "extrude": 0, "visibility": -1, "drawOrder": null, "icon": null, "timestamp2": null, "begin2": null, "end2": null, "altitudeMode2": null, "tessellate2": -1, "extrude2": 0, "visibility2": -1, "drawOrder2": null, "icon2": null, "OBJECTID": 589, "OID_": 0, "ZONE": 10, "DIVISION": 136, "LAT": 13.04319933, "LONG_": 80.23567248000001 }, "geometry": { "type": "Point", "coordinates": [ 80.2356725, 13.0431993 ] } },
{ "type": "Feature", "properties": { "id": null, "Name": "Ramasamy salai", "description": null, "timestamp": null, "begin": null, "end": null, "altitudeMode": null, "tessellate": -1, "extrude": 0, "visibility": -1, "drawOrder": null, "icon": null, "timestamp2": null, "begin2": null, "end2": null, "altitudeMode2": null, "tessellate2": -1, "extrude2": 0, "visibility2": -1, "drawOrder2": null, "icon2": null, "OBJECTID": 590, "OID_": 0, "ZONE": 10, "DIVISION": 137, "LAT": 13.04142492, "LONG_": 80.19617058 }, "geometry": { "type": "Point", "coordinates": [ 80.1961706, 13.0414249 ] } },
{ "type": "Feature", "properties": { "id": null, "Name": "LAKSHMANASAMY SALAI", "description": null, "timestamp": null, "begin": null, "end": null, "altitudeMode": null, "tessellate": -1, "extrude": 0, "visibility": -1, "drawOrder": null, "icon": null, "timestamp2": null, "begin2": null, "end2": null, "altitudeMode2": null, "tessellate2": -1, "extrude2": 0, "visibility2": -1, "drawOrder2": null, "icon2": null, "OBJECTID": 591, "OID_": 0, "ZONE": 10, "DIVISION": 137, "LAT": 13.03941265, "LONG_": 80.19625845 }, "geometry": { "type": "Point", "coordinates": [ 80.1962585, 13.0394127 ] } },
{ "type": "Feature", "properties": { "id": null, "Name": "RAJAMANNAR SALAI", "description": null, "timestamp": null, "begin": null, "end": null, "altitudeMode": null, "tessellate": -1, "extrude": 0, "visibility": -1, "drawOrder": null, "icon": null, "timestamp2": null, "begin2": null, "end2": null, "altitudeMode2": null, "tessellate2": -1, "extrude2": 0, "visibility2": -1, "drawOrder2": null, "icon2": null, "OBJECTID": 592, "OID_": 0, "ZONE": 10, "DIVISION": 137, "LAT": 13.0441499, "LONG_": 80.1954957 }, "geometry": { "type": "Point", "coordinates": [ 80.1954957, 13.0441499 ] } },
{ "type": "Feature", "properties": { "id": null, "Name": "Rajiv Gandhi Nagar", "description": null, "timestamp": null, "begin": null, "end": null, "altitudeMode": null, "tessellate": -1, "extrude": 0, "visibility": -1, "drawOrder": null, "icon": null, "timestamp2": null, "begin2": null, "end2": null, "altitudeMode2": null, "tessellate2": -1, "extrude2": 0, "visibility2": -1, "drawOrder2": null, "icon2": null, "OBJECTID": 593, "OID_": 0, "ZONE": 10, "DIVISION": 137, "LAT": 13.03226061, "LONG_": 80.18912102 }, "geometry": { "type": "Point", "coordinates": [ 80.189121, 13.0322606 ] } },
{ "type": "Feature", "properties": { "id": null, "Name": "E.S.I.", "description": null, "timestamp": null, "begin": null, "end": null, "altitudeMode": null, "tessellate": -1, "extrude": 0, "visibility": -1, "drawOrder": null, "icon": null, "timestamp2": null, "begin2": null, "end2": null, "altitudeMode2": null, "tessellate2": -1, "extrude2": 0, "visibility2": -1, "drawOrder2": null, "icon2": null, "OBJECTID": 594, "OID_": 0, "ZONE": 10, "DIVISION": 138, "LAT": 13.03452781, "LONG_": 80.20778382 }, "geometry": { "type": "Point", "coordinates": [ 80.2077838, 13.0345278 ] } },
{ "type": "Feature", "properties": { "id": null, "Name": "L.B road III street", "description": null, "timestamp": null, "begin": null, "end": null, "altitudeMode": null, "tessellate": -1, "extrude": 0, "visibility": -1, "drawOrder": null, "icon": null, "timestamp2": null, "begin2": null, "end2": null, "altitudeMode2": null, "tessellate2": -1, "extrude2": 0, "visibility2": -1, "drawOrder2": null, "icon2": null, "OBJECTID": 595, "OID_": 0, "ZONE": 13, "DIVISION": 180, "LAT": 12.9890127, "LONG_": 80.2553952 }, "geometry": { "type": "Point", "coordinates": [ 80.2553952, 12.9890127 ] } },
{ "type": "Feature", "properties": { "id": null, "Name": "Indra Gandhi nagar", "description": null, "timestamp": null, "begin": null, "end": null, "altitudeMode": null, "tessellate": -1, "extrude": 0, "visibility": -1, "drawOrder": null, "icon": null, "timestamp2": null, "begin2": null, "end2": null, "altitudeMode2": null, "tessellate2": -1, "extrude2": 0, "visibility2": -1, "drawOrder2": null, "icon2": null, "OBJECTID": 596, "OID_": 0, "ZONE": 13, "DIVISION": 180, "LAT": 12.9827243, "LONG_": 80.2372393 }, "geometry": { "type": "Point", "coordinates": [ 80.2372393, 12.9827243 ] } },
{ "type": "Feature", "properties": { "id": null, "Name": "VII avenue", "description": null, "timestamp": null, "begin": null, "end": null, "altitudeMode": null, "tessellate": -1, "extrude": 0, "visibility": -1, "drawOrder": null, "icon": null, "timestamp2": null, "begin2": null, "end2": null, "altitudeMode2": null, "tessellate2": -1, "extrude2": 0, "visibility2": -1, "drawOrder2": null, "icon2": null, "OBJECTID": 597, "OID_": 0, "ZONE": 13, "DIVISION": 181, "LAT": 12.9961947, "LONG_": 80.263238 }, "geometry": { "type": "Point", "coordinates": [ 80.263238, 12.9961947 ] } },
{ "type": "Feature", "properties": { "id": null, "Name": "R.K.Nagar main road", "description": null, "timestamp": null, "begin": null, "end": null, "altitudeMode": null, "tessellate": -1, "extrude": 0, "visibility": -1, "drawOrder": null, "icon": null, "timestamp2": null, "begin2": null, "end2": null, "altitudeMode2": null, "tessellate2": -1, "extrude2": 0, "visibility2": -1, "drawOrder2": null, "icon2": null, "OBJECTID": 598, "OID_": 0, "ZONE": 13, "DIVISION": 181, "LAT": 12.9937275, "LONG_": 80.2585173 }, "geometry": { "type": "Point", "coordinates": [ 80.2585173, 12.9937275 ] } },
{ "type": "Feature", "properties": { "id": null, "Name": "Valmigi street", "description": null, "timestamp": null, "begin": null, "end": null, "altitudeMode": null, "tessellate": -1, "extrude": 0, "visibility": -1, "drawOrder": null, "icon": null, "timestamp2": null, "begin2": null, "end2": null, "altitudeMode2": null, "tessellate2": -1, "extrude2": 0, "visibility2": -1, "drawOrder2": null, "icon2": null, "OBJECTID": 599, "OID_": 0, "ZONE": 13, "DIVISION": 181, "LAT": 12.9881868, "LONG_": 80.2599549 }, "geometry": { "type": "Point", "coordinates": [ 80.2599549, 12.9881868 ] } },
{ "type": "Feature", "properties": { "id": null, "Name": "Kalakshetra colony I streets", "description": null, "timestamp": null, "begin": null, "end": null, "altitudeMode": null, "tessellate": -1, "extrude": 0, "visibility": -1, "drawOrder": null, "icon": null, "timestamp2": null, "begin2": null, "end2": null, "altitudeMode2": null, "tessellate2": -1, "extrude2": 0, "visibility2": -1, "drawOrder2": null, "icon2": null, "OBJECTID": 600, "OID_": 0, "ZONE": 13, "DIVISION": 181, "LAT": 12.9897314, "LONG_": 80.2593648 }, "geometry": { "type": "Point", "coordinates": [ 80.2593648, 12.9897314 ] } },
{ "type": "Feature", "properties": { "id": null, "Name": "Thiruvalluvar nagar", "description": null, "timestamp": null, "begin": null, "end": null, "altitudeMode": null, "tessellate": -1, "extrude": 0, "visibility": -1, "drawOrder": null, "icon": null, "timestamp2": null, "begin2": null, "end2": null, "altitudeMode2": null, "tessellate2": -1, "extrude2": 0, "visibility2": -1, "drawOrder2": null, "icon2": null, "OBJECTID": 601, "OID_": 0, "ZONE": 13, "DIVISION": 181, "LAT": 12.9775858, "LONG_": 80.2637529 }, "geometry": { "type": "Point", "coordinates": [ 80.2637529, 12.9775858 ] } },
{ "type": "Feature", "properties": { "id": null, "Name": "Journalist olony", "description": null, "timestamp": null, "begin": null, "end": null, "altitudeMode": null, "tessellate": -1, "extrude": 0, "visibility": -1, "drawOrder": null, "icon": null, "timestamp2": null, "begin2": null, "end2": null, "altitudeMode2": null, "tessellate2": -1, "extrude2": 0, "visibility2": -1, "drawOrder2": null, "icon2": null, "OBJECTID": 602, "OID_": 0, "ZONE": 13, "DIVISION": 182, "LAT": 12.9743657, "LONG_": 80.2603626 }, "geometry": { "type": "Point", "coordinates": [ 80.2603626, 12.9743657 ] } },
{ "type": "Feature", "properties": { "id": null, "Name": "Bharathidasan street", "description": null, "timestamp": null, "begin": null, "end": null, "altitudeMode": null, "tessellate": -1, "extrude": 0, "visibility": -1, "drawOrder": null, "icon": null, "timestamp2": null, "begin2": null, "end2": null, "altitudeMode2": null, "tessellate2": -1, "extrude2": 0, "visibility2": -1, "drawOrder2": null, "icon2": null, "OBJECTID": 603, "OID_": 0, "ZONE": 13, "DIVISION": 182, "LAT": 12.9824473, "LONG_": 80.2602929 }, "geometry": { "type": "Point", "coordinates": [ 80.2602929, 12.9824473 ] } },
{ "type": "Feature", "properties": { "id": null, "Name": "Ganapathy colony", "description": null, "timestamp": null, "begin": null, "end": null, "altitudeMode": null, "tessellate": -1, "extrude": 0, "visibility": -1, "drawOrder": null, "icon": null, "timestamp2": null, "begin2": null, "end2": null, "altitudeMode2": null, "tessellate2": -1, "extrude2": 0, "visibility2": -1, "drawOrder2": null, "icon2": null, "OBJECTID": 604, "OID_": 0, "ZONE": 13, "DIVISION": 182, "LAT": 12.9767808, "LONG_": 80.2545798 }, "geometry": { "type": "Point", "coordinates": [ 80.2545798, 12.9767808 ] } },
{ "type": "Feature", "properties": { "id": null, "Name": "West Kamarajapuram", "description": null, "timestamp": null, "begin": null, "end": null, "altitudeMode": null, "tessellate": -1, "extrude": 0, "visibility": -1, "drawOrder": null, "icon": null, "timestamp2": null, "begin2": null, "end2": null, "altitudeMode2": null, "tessellate2": -1, "extrude2": 0, "visibility2": -1, "drawOrder2": null, "icon2": null, "OBJECTID": 605, "OID_": 0, "ZONE": 13, "DIVISION": 182, "LAT": 12.985615, "LONG_": 80.2549124 }, "geometry": { "type": "Point", "coordinates": [ 80.2549124, 12.985615 ] } },
{ "type": "Feature", "properties": { "id": null, "Name": "Kalakshetra colony II streets", "description": null, "timestamp": null, "begin": null, "end": null, "altitudeMode": null, "tessellate": -1, "extrude": 0, "visibility": -1, "drawOrder": null, "icon": null, "timestamp2": null, "begin2": null, "end2": null, "altitudeMode2": null, "tessellate2": -1, "extrude2": 0, "visibility2": -1, "drawOrder2": null, "icon2": null, "OBJECTID": 606, "OID_": 0, "ZONE": 13, "DIVISION": 181, "LAT": 12.9902541, "LONG_": 80.2602741 }, "geometry": { "type": "Point", "coordinates": [ 80.2602741, 12.9902541 ] } },
{ "type": "Feature", "properties": { "id": null, "Name": "Kalakshetra colony III streets", "description": null, "timestamp": null, "begin": null, "end": null, "altitudeMode": null, "tessellate": -1, "extrude": 0, "visibility": -1, "drawOrder": null, "icon": null, "timestamp2": null, "begin2": null, "end2": null, "altitudeMode2": null, "tessellate2": -1, "extrude2": 0, "visibility2": -1, "drawOrder2": null, "icon2": null, "OBJECTID": 607, "OID_": 0, "ZONE": 13, "DIVISION": 181, "LAT": 12.9901313, "LONG_": 80.2606523 }, "geometry": { "type": "Point", "coordinates": [ 80.2606523, 12.9901313 ] } },
{ "type": "Feature", "properties": { "id": null, "Name": "Kanagam - Housing board", "description": null, "timestamp": null, "begin": null, "end": null, "altitudeMode": null, "tessellate": -1, "extrude": 0, "visibility": -1, "drawOrder": null, "icon": null, "timestamp2": null, "begin2": null, "end2": null, "altitudeMode2": null, "tessellate2": -1, "extrude2": 0, "visibility2": -1, "drawOrder2": null, "icon2": null, "OBJECTID": 608, "OID_": 0, "ZONE": 13, "DIVISION": 180, "LAT": 12.9929748, "LONG_": 80.2418232 }, "geometry": { "type": "Point", "coordinates": [ 80.2418232, 12.9929748 ] } },
{ "type": "Feature", "properties": { "id": null, "Name": "I seaward road", "description": null, "timestamp": null, "begin": null, "end": null, "altitudeMode": null, "tessellate": -1, "extrude": 0, "visibility": -1, "drawOrder": null, "icon": null, "timestamp2": null, "begin2": null, "end2": null, "altitudeMode2": null, "tessellate2": -1, "extrude2": 0, "visibility2": -1, "drawOrder2": null, "icon2": null, "OBJECTID": 609, "OID_": 0, "ZONE": 13, "DIVISION": 182, "LAT": 12.9825623, "LONG_": 80.2644396 }, "geometry": { "type": "Point", "coordinates": [ 80.2644396, 12.9825623 ] } },
{ "type": "Feature", "properties": { "id": null, "Name": "Rajaji nagar", "description": null, "timestamp": null, "begin": null, "end": null, "altitudeMode": null, "tessellate": -1, "extrude": 0, "visibility": -1, "drawOrder": null, "icon": null, "timestamp2": null, "begin2": null, "end2": null, "altitudeMode2": null, "tessellate2": -1, "extrude2": 0, "visibility2": -1, "drawOrder2": null, "icon2": null, "OBJECTID": 610, "OID_": 0, "ZONE": 13, "DIVISION": 182, "LAT": 12.9790181, "LONG_": 80.2573264 }, "geometry": { "type": "Point", "coordinates": [ 80.2573264, 12.9790181 ] } },
{ "type": "Feature", "properties": { "id": null, "Name": "jeyachandran nagar 3rd main rd", "description": null, "timestamp": null, "begin": null, "end": null, "altitudeMode": null, "tessellate": -1, "extrude": 0, "visibility": -1, "drawOrder": null, "icon": null, "timestamp2": null, "begin2": null, "end2": null, "altitudeMode2": null, "tessellate2": -1, "extrude2": 0, "visibility2": -1, "drawOrder2": null, "icon2": null, "OBJECTID": 611, "OID_": 0, "ZONE": 14, "DIVISION": 191, "LAT": 12.92292086, "LONG_": 80.19853399 }, "geometry": { "type": "Point", "coordinates": [ 80.198534, 12.9229209 ] } },
{ "type": "Feature", "properties": { "id": null, "Name": "Medavakkam Main Road", "description": null, "timestamp": null, "begin": null, "end": null, "altitudeMode": null, "tessellate": -1, "extrude": 0, "visibility": -1, "drawOrder": null, "icon": null, "timestamp2": null, "begin2": null, "end2": null, "altitudeMode2": null, "tessellate2": -1, "extrude2": 0, "visibility2": -1, "drawOrder2": null, "icon2": null, "OBJECTID": 612, "OID_": 0, "ZONE": 14, "DIVISION": 168, "LAT": 12.97529698, "LONG_": 80.19252375000001 }, "geometry": { "type": "Point", "coordinates": [ 80.1925237, 12.975297 ] } },
{ "type": "Feature", "properties": { "id": null, "Name": "Ramakrishna Raj Nagar", "description": null, "timestamp": null, "begin": null, "end": null, "altitudeMode": null, "tessellate": -1, "extrude": 0, "visibility": -1, "drawOrder": null, "icon": null, "timestamp2": null, "begin2": null, "end2": null, "altitudeMode2": null, "tessellate2": -1, "extrude2": 0, "visibility2": -1, "drawOrder2": null, "icon2": null, "OBJECTID": 613, "OID_": 0, "ZONE": 14, "DIVISION": 169, "LAT": 12.96750747, "LONG_": 80.20720462 }, "geometry": { "type": "Point", "coordinates": [ 80.2072046, 12.9675075 ] } },
{ "type": "Feature", "properties": { "id": null, "Name": "Ram Nagar North", "description": null, "timestamp": null, "begin": null, "end": null, "altitudeMode": null, "tessellate": -1, "extrude": 0, "visibility": -1, "drawOrder": null, "icon": null, "timestamp2": null, "begin2": null, "end2": null, "altitudeMode2": null, "tessellate2": -1, "extrude2": 0, "visibility2": -1, "drawOrder2": null, "icon2": null, "OBJECTID": 614, "OID_": 0, "ZONE": 14, "DIVISION": 169, "LAT": 12.96897572, "LONG_": 80.2131342 }, "geometry": { "type": "Point", "coordinates": [ 80.2131342, 12.9689757 ] } },
{ "type": "Feature", "properties": { "id": null, "Name": "Ramalingam Nagar", "description": null, "timestamp": null, "begin": null, "end": null, "altitudeMode": null, "tessellate": -1, "extrude": 0, "visibility": -1, "drawOrder": null, "icon": null, "timestamp2": null, "begin2": null, "end2": null, "altitudeMode2": null, "tessellate2": -1, "extrude2": 0, "visibility2": -1, "drawOrder2": null, "icon2": null, "OBJECTID": 615, "OID_": 0, "ZONE": 14, "DIVISION": 169, "LAT": 12.96748712, "LONG_": 80.20830351 }, "geometry": { "type": "Point", "coordinates": [ 80.2083035, 12.9674871 ] } },
{ "type": "Feature", "properties": { "id": null, "Name": "Balaji Nagar, Madipakkam, Chennai, Tamil Nadu,", "description": null, "timestamp": null, "begin": null, "end": null, "altitudeMode": null, "tessellate": -1, "extrude": 0, "visibility": -1, "drawOrder": null, "icon": null, "timestamp2": null, "begin2": null, "end2": null, "altitudeMode2": null, "tessellate2": -1, "extrude2": 0, "visibility2": -1, "drawOrder2": null, "icon2": null, "OBJECTID": 616, "OID_": 0, "ZONE": 14, "DIVISION": 169, "LAT": 12.97599951, "LONG_": 80.2031459 }, "geometry": { "type": "Point", "coordinates": [ 80.2031459, 12.9759995 ] } },
{ "type": "Feature", "properties": { "id": null, "Name": "Hindu Colony", "description": null, "timestamp": null, "begin": null, "end": null, "altitudeMode": null, "tessellate": -1, "extrude": 0, "visibility": -1, "drawOrder": null, "icon": null, "timestamp2": null, "begin2": null, "end2": null, "altitudeMode2": null, "tessellate2": -1, "extrude2": 0, "visibility2": -1, "drawOrder2": null, "icon2": null, "OBJECTID": 617, "OID_": 0, "ZONE": 14, "DIVISION": 169, "LAT": 12.9745387, "LONG_": 80.1982628 }, "geometry": { "type": "Point", "coordinates": [ 80.1982628, 12.9745387 ] } },
{ "type": "Feature", "properties": { "id": null, "Name": "Sreenivasa Nagar", "description": null, "timestamp": null, "begin": null, "end": null, "altitudeMode": null, "tessellate": -1, "extrude": 0, "visibility": -1, "drawOrder": null, "icon": null, "timestamp2": null, "begin2": null, "end2": null, "altitudeMode2": null, "tessellate2": -1, "extrude2": 0, "visibility2": -1, "drawOrder2": null, "icon2": null, "OBJECTID": 618, "OID_": 0, "ZONE": 14, "DIVISION": 169, "LAT": 12.96623249, "LONG_": 80.21346518 }, "geometry": { "type": "Point", "coordinates": [ 80.2134652, 12.9662325 ] } },
{ "type": "Feature", "properties": { "id": null, "Name": "OMR Jayandra Colony", "description": null, "timestamp": null, "begin": null, "end": null, "altitudeMode": null, "tessellate": -1, "extrude": 0, "visibility": -1, "drawOrder": null, "icon": null, "timestamp2": null, "begin2": null, "end2": null, "altitudeMode2": null, "tessellate2": -1, "extrude2": 0, "visibility2": -1, "drawOrder2": null, "icon2": null, "OBJECTID": 619, "OID_": 0, "ZONE": 14, "DIVISION": 183, "LAT": 12.97079855, "LONG_": 80.25022281 }, "geometry": { "type": "Point", "coordinates": [ 80.2502228, 12.9707985 ] } },
{ "type": "Feature", "properties": { "id": null, "Name": "MGR salai EB Office", "description": null, "timestamp": null, "begin": null, "end": null, "altitudeMode": null, "tessellate": -1, "extrude": 0, "visibility": -1, "drawOrder": null, "icon": null, "timestamp2": null, "begin2": null, "end2": null, "altitudeMode2": null, "tessellate2": -1, "extrude2": 0, "visibility2": -1, "drawOrder2": null, "icon2": null, "OBJECTID": 620, "OID_": 0, "ZONE": 14, "DIVISION": 184, "LAT": 12.97611598, "LONG_": 80.24465721 }, "geometry": { "type": "Point", "coordinates": [ 80.2446572, 12.976116 ] } },
{ "type": "Feature", "properties": { "id": null, "Name": "kolavilliamman Nagar", "description": null, "timestamp": null, "begin": null, "end": null, "altitudeMode": null, "tessellate": -1, "extrude": 0, "visibility": -1, "drawOrder": null, "icon": null, "timestamp2": null, "begin2": null, "end2": null, "altitudeMode2": null, "tessellate2": -1, "extrude2": 0, "visibility2": -1, "drawOrder2": null, "icon2": null, "OBJECTID": 621, "OID_": 0, "ZONE": 14, "DIVISION": 185, "LAT": 12.96238161, "LONG_": 80.25273197 }, "geometry": { "type": "Point", "coordinates": [ 80.252732, 12.9623816 ] } },
{ "type": "Feature", "properties": { "id": null, "Name": "Kandasamy Nagar", "description": null, "timestamp": null, "begin": null, "end": null, "altitudeMode": null, "tessellate": -1, "extrude": 0, "visibility": -1, "drawOrder": null, "icon": null, "timestamp2": null, "begin2": null, "end2": null, "altitudeMode2": null, "tessellate2": -1, "extrude2": 0, "visibility2": -1, "drawOrder2": null, "icon2": null, "OBJECTID": 622, "OID_": 0, "ZONE": 14, "DIVISION": 185, "LAT": 12.96652053, "LONG_": 80.25496107 }, "geometry": { "type": "Point", "coordinates": [ 80.2549611, 12.9665205 ] } },
{ "type": "Feature", "properties": { "id": null, "Name": "Venkateswara Nagar", "description": null, "timestamp": null, "begin": null, "end": null, "altitudeMode": null, "tessellate": -1, "extrude": 0, "visibility": -1, "drawOrder": null, "icon": null, "timestamp2": null, "begin2": null, "end2": null, "altitudeMode2": null, "tessellate2": -1, "extrude2": 0, "visibility2": -1, "drawOrder2": null, "icon2": null, "OBJECTID": 623, "OID_": 0, "ZONE": 14, "DIVISION": 186, "LAT": 12.95165765, "LONG_": 80.24566518 }, "geometry": { "type": "Point", "coordinates": [ 80.2456652, 12.9516577 ] } },
{ "type": "Feature", "properties": { "id": null, "Name": "Rajiv nagar 2nd main raod", "description": null, "timestamp": null, "begin": null, "end": null, "altitudeMode": null, "tessellate": -1, "extrude": 0, "visibility": -1, "drawOrder": null, "icon": null, "timestamp2": null, "begin2": null, "end2": null, "altitudeMode2": null, "tessellate2": -1, "extrude2": 0, "visibility2": -1, "drawOrder2": null, "icon2": null, "OBJECTID": 624, "OID_": 0, "ZONE": 14, "DIVISION": 186, "LAT": 12.95782511, "LONG_": 80.23659042 }, "geometry": { "type": "Point", "coordinates": [ 80.2365904, 12.9578251 ] } },
{ "type": "Feature", "properties": { "id": null, "Name": "Elim nagar", "description": null, "timestamp": null, "begin": null, "end": null, "altitudeMode": null, "tessellate": -1, "extrude": 0, "visibility": -1, "drawOrder": null, "icon": null, "timestamp2": null, "begin2": null, "end2": null, "altitudeMode2": null, "tessellate2": -1, "extrude2": 0, "visibility2": -1, "drawOrder2": null, "icon2": null, "OBJECTID": 625, "OID_": 0, "ZONE": 14, "DIVISION": 186, "LAT": 12.96057885, "LONG_": 80.23835336 }, "geometry": { "type": "Point", "coordinates": [ 80.2383534, 12.9605789 ] } },
{ "type": "Feature", "properties": { "id": null, "Name": "L I C Nagar, madipakkam", "description": null, "timestamp": null, "begin": null, "end": null, "altitudeMode": null, "tessellate": -1, "extrude": 0, "visibility": -1, "drawOrder": null, "icon": null, "timestamp2": null, "begin2": null, "end2": null, "altitudeMode2": null, "tessellate2": -1, "extrude2": 0, "visibility2": -1, "drawOrder2": null, "icon2": null, "OBJECTID": 626, "OID_": 0, "ZONE": 14, "DIVISION": 188, "LAT": 12.9535858, "LONG_": 80.2021516 }, "geometry": { "type": "Point", "coordinates": [ 80.2021516, 12.9535858 ] } },
{ "type": "Feature", "properties": { "id": null, "Name": "Periyar nagar Extn. 3rd Street", "description": null, "timestamp": null, "begin": null, "end": null, "altitudeMode": null, "tessellate": -1, "extrude": 0, "visibility": -1, "drawOrder": null, "icon": null, "timestamp2": null, "begin2": null, "end2": null, "altitudeMode2": null, "tessellate2": -1, "extrude2": 0, "visibility2": -1, "drawOrder2": null, "icon2": null, "OBJECTID": 627, "OID_": 0, "ZONE": 14, "DIVISION": 188, "LAT": 12.95733765, "LONG_": 80.20164352 }, "geometry": { "type": "Point", "coordinates": [ 80.2016435, 12.9573376 ] } },
{ "type": "Feature", "properties": { "id": null, "Name": "Rajesh Nagar", "description": null, "timestamp": null, "begin": null, "end": null, "altitudeMode": null, "tessellate": -1, "extrude": 0, "visibility": -1, "drawOrder": null, "icon": null, "timestamp2": null, "begin2": null, "end2": null, "altitudeMode2": null, "tessellate2": -1, "extrude2": 0, "visibility2": -1, "drawOrder2": null, "icon2": null, "OBJECTID": 628, "OID_": 0, "ZONE": 14, "DIVISION": 188, "LAT": 12.94357713, "LONG_": 80.20661404000001 }, "geometry": { "type": "Point", "coordinates": [ 80.206614, 12.9435771 ] } },
{ "type": "Feature", "properties": { "id": null, "Name": "Velachery Tambaram Main Road", "description": null, "timestamp": null, "begin": null, "end": null, "altitudeMode": null, "tessellate": -1, "extrude": 0, "visibility": -1, "drawOrder": null, "icon": null, "timestamp2": null, "begin2": null, "end2": null, "altitudeMode2": null, "tessellate2": -1, "extrude2": 0, "visibility2": -1, "drawOrder2": null, "icon2": null, "OBJECTID": 629, "OID_": 0, "ZONE": 14, "DIVISION": 189, "LAT": 12.95323141, "LONG_": 80.21185969 }, "geometry": { "type": "Point", "coordinates": [ 80.2118597, 12.9532314 ] } },
{ "type": "Feature", "properties": { "id": null, "Name": "kamatachi nagar", "description": null, "timestamp": null, "begin": null, "end": null, "altitudeMode": null, "tessellate": -1, "extrude": 0, "visibility": -1, "drawOrder": null, "icon": null, "timestamp2": null, "begin2": null, "end2": null, "altitudeMode2": null, "tessellate2": -1, "extrude2": 0, "visibility2": -1, "drawOrder2": null, "icon2": null, "OBJECTID": 630, "OID_": 0, "ZONE": 14, "DIVISION": 189, "LAT": 12.9414412, "LONG_": 80.21595644 }, "geometry": { "type": "Point", "coordinates": [ 80.2159564, 12.9414412 ] } },
{ "type": "Feature", "properties": { "id": null, "Name": "perumal koil street", "description": null, "timestamp": null, "begin": null, "end": null, "altitudeMode": null, "tessellate": -1, "extrude": 0, "visibility": -1, "drawOrder": null, "icon": null, "timestamp2": null, "begin2": null, "end2": null, "altitudeMode2": null, "tessellate2": -1, "extrude2": 0, "visibility2": -1, "drawOrder2": null, "icon2": null, "OBJECTID": 631, "OID_": 0, "ZONE": 14, "DIVISION": 190, "LAT": 12.93423855, "LONG_": 80.20274714 }, "geometry": { "type": "Point", "coordinates": [ 80.2027471, 12.9342386 ] } },
{ "type": "Feature", "properties": { "id": null, "Name": "sai ganesh nagar", "description": null, "timestamp": null, "begin": null, "end": null, "altitudeMode": null, "tessellate": -1, "extrude": 0, "visibility": -1, "drawOrder": null, "icon": null, "timestamp2": null, "begin2": null, "end2": null, "altitudeMode2": null, "tessellate2": -1, "extrude2": 0, "visibility2": -1, "drawOrder2": null, "icon2": null, "OBJECTID": 632, "OID_": 0, "ZONE": 14, "DIVISION": 189, "LAT": 12.9248036, "LONG_": 80.21054167 }, "geometry": { "type": "Point", "coordinates": [ 80.2105417, 12.9248036 ] } },
{ "type": "Feature", "properties": { "id": null, "Name": "veeramani street", "description": null, "timestamp": null, "begin": null, "end": null, "altitudeMode": null, "tessellate": -1, "extrude": 0, "visibility": -1, "drawOrder": null, "icon": null, "timestamp2": null, "begin2": null, "end2": null, "altitudeMode2": null, "tessellate2": -1, "extrude2": 0, "visibility2": -1, "drawOrder2": null, "icon2": null, "OBJECTID": 633, "OID_": 0, "ZONE": 14, "DIVISION": 188, "LAT": 12.95595584, "LONG_": 80.19959155 }, "geometry": { "type": "Point", "coordinates": [ 80.1995915, 12.9559558 ] } },
{ "type": "Feature", "properties": { "id": null, "Name": "Burma Colony", "description": null, "timestamp": null, "begin": null, "end": null, "altitudeMode": null, "tessellate": -1, "extrude": 0, "visibility": -1, "drawOrder": null, "icon": null, "timestamp2": null, "begin2": null, "end2": null, "altitudeMode2": null, "tessellate2": -1, "extrude2": 0, "visibility2": -1, "drawOrder2": null, "icon2": null, "OBJECTID": 634, "OID_": 0, "ZONE": 14, "DIVISION": 185, "LAT": 12.95953637, "LONG_": 80.24685013 }, "geometry": { "type": "Point", "coordinates": [ 80.2468501, 12.9595364 ] } },
{ "type": "Feature", "properties": { "id": null, "Name": "Bethal Nagar", "description": null, "timestamp": null, "begin": null, "end": null, "altitudeMode": null, "tessellate": -1, "extrude": 0, "visibility": -1, "drawOrder": null, "icon": null, "timestamp2": null, "begin2": null, "end2": null, "altitudeMode2": null, "tessellate2": -1, "extrude2": 0, "visibility2": -1, "drawOrder2": null, "icon2": null, "OBJECTID": 635, "OID_": 0, "ZONE": 15, "DIVISION": 196, "LAT": 12.922495, "LONG_": 80.245375 }, "geometry": { "type": "Point", "coordinates": [ 80.245375, 12.922495 ] } },
{ "type": "Feature", "properties": { "id": null, "Name": "OMR, Thoraipakkam, MCN Nagar 5th street", "description": null, "timestamp": null, "begin": null, "end": null, "altitudeMode": null, "tessellate": -1, "extrude": 0, "visibility": -1, "drawOrder": null, "icon": null, "timestamp2": null, "begin2": null, "end2": null, "altitudeMode2": null, "tessellate2": -1, "extrude2": 0, "visibility2": -1, "drawOrder2": null, "icon2": null, "OBJECTID": 636, "OID_": 0, "ZONE": 15, "DIVISION": 193, "LAT": 12.94522, "LONG_": 80.23526 }, "geometry": { "type": "Point", "coordinates": [ 80.23526, 12.94522 ] } },
{ "type": "Feature", "properties": { "id": null, "Name": "Tsunami Nagar", "description": null, "timestamp": null, "begin": null, "end": null, "altitudeMode": null, "tessellate": -1, "extrude": 0, "visibility": -1, "drawOrder": null, "icon": null, "timestamp2": null, "begin2": null, "end2": null, "altitudeMode2": null, "tessellate2": -1, "extrude2": 0, "visibility2": -1, "drawOrder2": null, "icon2": null, "OBJECTID": 637, "OID_": 0, "ZONE": 15, "DIVISION": 200, "LAT": 12.875609, "LONG_": 80.210582 }, "geometry": { "type": "Point", "coordinates": [ 80.210582, 12.875609 ] } },
{ "type": "Feature", "properties": { "id": null, "Name": "Kazura Garden", "description": null, "timestamp": null, "begin": null, "end": null, "altitudeMode": null, "tessellate": -1, "extrude": 0, "visibility": -1, "drawOrder": null, "icon": null, "timestamp2": null, "begin2": null, "end2": null, "altitudeMode2": null, "tessellate2": -1, "extrude2": 0, "visibility2": -1, "drawOrder2": null, "icon2": null, "OBJECTID": 638, "OID_": 0, "ZONE": 15, "DIVISION": 192, "LAT": 12.95685, "LONG_": 80.251153 }, "geometry": { "type": "Point", "coordinates": [ 80.251153, 12.95685 ] } },
{ "type": "Feature", "properties": { "id": null, "Name": "Senganiamman Koil st", "description": null, "timestamp": null, "begin": null, "end": null, "altitudeMode": null, "tessellate": -1, "extrude": 0, "visibility": -1, "drawOrder": null, "icon": null, "timestamp2": null, "begin2": null, "end2": null, "altitudeMode2": null, "tessellate2": -1, "extrude2": 0, "visibility2": -1, "drawOrder2": null, "icon2": null, "OBJECTID": 639, "OID_": 0, "ZONE": 15, "DIVISION": 192, "LAT": 12.950851, "LONG_": 80.253312 }, "geometry": { "type": "Point", "coordinates": [ 80.253312, 12.950851 ] } },
{ "type": "Feature", "properties": { "id": null, "Name": "CLRI Nagar", "description": null, "timestamp": null, "begin": null, "end": null, "altitudeMode": null, "tessellate": -1, "extrude": 0, "visibility": -1, "drawOrder": null, "icon": null, "timestamp2": null, "begin2": null, "end2": null, "altitudeMode2": null, "tessellate2": -1, "extrude2": 0, "visibility2": -1, "drawOrder2": null, "icon2": null, "OBJECTID": 640, "OID_": 0, "ZONE": 15, "DIVISION": 192, "LAT": 12.946804, "LONG_": 80.250953 }, "geometry": { "type": "Point", "coordinates": [ 80.250953, 12.946804 ] } },
{ "type": "Feature", "properties": { "id": null, "Name": "Ruby Complex", "description": null, "timestamp": null, "begin": null, "end": null, "altitudeMode": null, "tessellate": -1, "extrude": 0, "visibility": -1, "drawOrder": null, "icon": null, "timestamp2": null, "begin2": null, "end2": null, "altitudeMode2": null, "tessellate2": -1, "extrude2": 0, "visibility2": -1, "drawOrder2": null, "icon2": null, "OBJECTID": 641, "OID_": 0, "ZONE": 15, "DIVISION": 192, "LAT": 12.946968, "LONG_": 80.25328 }, "geometry": { "type": "Point", "coordinates": [ 80.25328, 12.946968 ] } },
{ "type": "Feature", "properties": { "id": null, "Name": "Ellaiamman Koil St", "description": null, "timestamp": null, "begin": null, "end": null, "altitudeMode": null, "tessellate": -1, "extrude": 0, "visibility": -1, "drawOrder": null, "icon": null, "timestamp2": null, "begin2": null, "end2": null, "altitudeMode2": null, "tessellate2": -1, "extrude2": 0, "visibility2": -1, "drawOrder2": null, "icon2": null, "OBJECTID": 642, "OID_": 0, "ZONE": 15, "DIVISION": 192, "LAT": 12.948359, "LONG_": 80.250133 }, "geometry": { "type": "Point", "coordinates": [ 80.250133, 12.948359 ] } },
{ "type": "Feature", "properties": { "id": null, "Name": "Saraswathi Nagr", "description": null, "timestamp": null, "begin": null, "end": null, "altitudeMode": null, "tessellate": -1, "extrude": 0, "visibility": -1, "drawOrder": null, "icon": null, "timestamp2": null, "begin2": null, "end2": null, "altitudeMode2": null, "tessellate2": -1, "extrude2": 0, "visibility2": -1, "drawOrder2": null, "icon2": null, "OBJECTID": 643, "OID_": 0, "ZONE": 15, "DIVISION": 192, "LAT": 12.948982, "LONG_": 80.250253 }, "geometry": { "type": "Point", "coordinates": [ 80.250253, 12.948982 ] } },
{ "type": "Feature", "properties": { "id": null, "Name": "OMR,Mettukuppam Bus Stand (VPG Avenue)", "description": null, "timestamp": null, "begin": null, "end": null, "altitudeMode": null, "tessellate": -1, "extrude": 0, "visibility": -1, "drawOrder": null, "icon": null, "timestamp2": null, "begin2": null, "end2": null, "altitudeMode2": null, "tessellate2": -1, "extrude2": 0, "visibility2": -1, "drawOrder2": null, "icon2": null, "OBJECTID": 644, "OID_": 0, "ZONE": 15, "DIVISION": 194, "LAT": 12.940731, "LONG_": 80.236313 }, "geometry": { "type": "Point", "coordinates": [ 80.236313, 12.940731 ] } },
{ "type": "Feature", "properties": { "id": null, "Name": "OMR Near Anjappar Restaurant", "description": null, "timestamp": null, "begin": null, "end": null, "altitudeMode": null, "tessellate": -1, "extrude": 0, "visibility": -1, "drawOrder": null, "icon": null, "timestamp2": null, "begin2": null, "end2": null, "altitudeMode2": null, "tessellate2": -1, "extrude2": 0, "visibility2": -1, "drawOrder2": null, "icon2": null, "OBJECTID": 645, "OID_": 0, "ZONE": 15, "DIVISION": 195, "LAT": 12.926788, "LONG_": 80.231078 }, "geometry": { "type": "Point", "coordinates": [ 80.231078, 12.926788 ] } },
{ "type": "Feature", "properties": { "id": null, "Name": "MRG Nagar", "description": null, "timestamp": null, "begin": null, "end": null, "altitudeMode": null, "tessellate": -1, "extrude": 0, "visibility": -1, "drawOrder": null, "icon": null, "timestamp2": null, "begin2": null, "end2": null, "altitudeMode2": null, "tessellate2": -1, "extrude2": 0, "visibility2": -1, "drawOrder2": null, "icon2": null, "OBJECTID": 646, "OID_": 0, "ZONE": 15, "DIVISION": 195, "LAT": 12.933197, "LONG_": 80.234262 }, "geometry": { "type": "Point", "coordinates": [ 80.234262, 12.933197 ] } },
{ "type": "Feature", "properties": { "id": null, "Name": "Madhakoil Street", "description": null, "timestamp": null, "begin": null, "end": null, "altitudeMode": null, "tessellate": -1, "extrude": 0, "visibility": -1, "drawOrder": null, "icon": null, "timestamp2": null, "begin2": null, "end2": null, "altitudeMode2": null, "tessellate2": -1, "extrude2": 0, "visibility2": -1, "drawOrder2": null, "icon2": null, "OBJECTID": 647, "OID_": 0, "ZONE": 15, "DIVISION": 195, "LAT": 12.925807, "LONG_": 80.231693 }, "geometry": { "type": "Point", "coordinates": [ 80.231693, 12.925807 ] } },
{ "type": "Feature", "properties": { "id": null, "Name": "Kannagi Nagar II Main Road", "description": null, "timestamp": null, "begin": null, "end": null, "altitudeMode": null, "tessellate": -1, "extrude": 0, "visibility": -1, "drawOrder": null, "icon": null, "timestamp2": null, "begin2": null, "end2": null, "altitudeMode2": null, "tessellate2": -1, "extrude2": 0, "visibility2": -1, "drawOrder2": null, "icon2": null, "OBJECTID": 648, "OID_": 0, "ZONE": 15, "DIVISION": 195, "LAT": 12.929063, "LONG_": 80.238555 }, "geometry": { "type": "Point", "coordinates": [ 80.238555, 12.929063 ] } },
{ "type": "Feature", "properties": { "id": null, "Name": "Kannagi Nagr VIII & IX Main Road", "description": null, "timestamp": null, "begin": null, "end": null, "altitudeMode": null, "tessellate": -1, "extrude": 0, "visibility": -1, "drawOrder": null, "icon": null, "timestamp2": null, "begin2": null, "end2": null, "altitudeMode2": null, "tessellate2": -1, "extrude2": 0, "visibility2": -1, "drawOrder2": null, "icon2": null, "OBJECTID": 649, "OID_": 0, "ZONE": 15, "DIVISION": 195, "LAT": 12.927402, "LONG_": 80.240489 }, "geometry": { "type": "Point", "coordinates": [ 80.240489, 12.927402 ] } },
{ "type": "Feature", "properties": { "id": null, "Name": "ECR,VGP,Injambakkam", "description": null, "timestamp": null, "begin": null, "end": null, "altitudeMode": null, "tessellate": -1, "extrude": 0, "visibility": -1, "drawOrder": null, "icon": null, "timestamp2": null, "begin2": null, "end2": null, "altitudeMode2": null, "tessellate2": -1, "extrude2": 0, "visibility2": -1, "drawOrder2": null, "icon2": null, "OBJECTID": 650, "OID_": 0, "ZONE": 15, "DIVISION": 196, "LAT": 12.914269, "LONG_": 80.250349 }, "geometry": { "type": "Point", "coordinates": [ 80.250349, 12.914269 ] } },
{ "type": "Feature", "properties": { "id": null, "Name": "Hanuman Colony", "description": null, "timestamp": null, "begin": null, "end": null, "altitudeMode": null, "tessellate": -1, "extrude": 0, "visibility": -1, "drawOrder": null, "icon": null, "timestamp2": null, "begin2": null, "end2": null, "altitudeMode2": null, "tessellate2": -1, "extrude2": 0, "visibility2": -1, "drawOrder2": null, "icon2": null, "OBJECTID": 651, "OID_": 0, "ZONE": 15, "DIVISION": 196, "LAT": 12.931268, "LONG_": 80.247905 }, "geometry": { "type": "Point", "coordinates": [ 80.247905, 12.931268 ] } },
{ "type": "Feature", "properties": { "id": null, "Name": "Cholamandala Nagar", "description": null, "timestamp": null, "begin": null, "end": null, "altitudeMode": null, "tessellate": -1, "extrude": 0, "visibility": -1, "drawOrder": null, "icon": null, "timestamp2": null, "begin2": null, "end2": null, "altitudeMode2": null, "tessellate2": -1, "extrude2": 0, "visibility2": -1, "drawOrder2": null, "icon2": null, "OBJECTID": 652, "OID_": 0, "ZONE": 15, "DIVISION": 196, "LAT": 12.923057, "LONG_": 80.253754 }, "geometry": { "type": "Point", "coordinates": [ 80.253754, 12.923057 ] } },
{ "type": "Feature", "properties": { "id": null, "Name": "OMR, SANMAR, KARAPAKKAM", "description": null, "timestamp": null, "begin": null, "end": null, "altitudeMode": null, "tessellate": -1, "extrude": 0, "visibility": -1, "drawOrder": null, "icon": null, "timestamp2": null, "begin2": null, "end2": null, "altitudeMode2": null, "tessellate2": -1, "extrude2": 0, "visibility2": -1, "drawOrder2": null, "icon2": null, "OBJECTID": 653, "OID_": 0, "ZONE": 15, "DIVISION": 197, "LAT": 12.9215733, "LONG_": 80.2310988 }, "geometry": { "type": "Point", "coordinates": [ 80.2310988, 12.9215733 ] } },
{ "type": "Feature", "properties": { "id": null, "Name": "TCS, Karapakkam", "description": null, "timestamp": null, "begin": null, "end": null, "altitudeMode": null, "tessellate": -1, "extrude": 0, "visibility": -1, "drawOrder": null, "icon": null, "timestamp2": null, "begin2": null, "end2": null, "altitudeMode2": null, "tessellate2": -1, "extrude2": 0, "visibility2": -1, "drawOrder2": null, "icon2": null, "OBJECTID": 654, "OID_": 0, "ZONE": 15, "DIVISION": 197, "LAT": 12.91930449, "LONG_": 80.22922575 }, "geometry": { "type": "Point", "coordinates": [ 80.2292257, 12.9193045 ] } },
{ "type": "Feature", "properties": { "id": null, "Name": "OMR, Karapakkam", "description": null, "timestamp": null, "begin": null, "end": null, "altitudeMode": null, "tessellate": -1, "extrude": 0, "visibility": -1, "drawOrder": null, "icon": null, "timestamp2": null, "begin2": null, "end2": null, "altitudeMode2": null, "tessellate2": -1, "extrude2": 0, "visibility2": -1, "drawOrder2": null, "icon2": null, "OBJECTID": 655, "OID_": 0, "ZONE": 15, "DIVISION": 197, "LAT": 12.91825741, "LONG_": 80.22985087000001 }, "geometry": { "type": "Point", "coordinates": [ 80.2298509, 12.9182574 ] } },
{ "type": "Feature", "properties": { "id": null, "Name": "OMR, Shozhanganallur", "description": null, "timestamp": null, "begin": null, "end": null, "altitudeMode": null, "tessellate": -1, "extrude": 0, "visibility": -1, "drawOrder": null, "icon": null, "timestamp2": null, "begin2": null, "end2": null, "altitudeMode2": null, "tessellate2": -1, "extrude2": 0, "visibility2": -1, "drawOrder2": null, "icon2": null, "OBJECTID": 656, "OID_": 0, "ZONE": 15, "DIVISION": 197, "LAT": 12.90000901, "LONG_": 80.22788356 }, "geometry": { "type": "Point", "coordinates": [ 80.2278836, 12.900009 ] } },
{ "type": "Feature", "properties": { "id": null, "Name": "Lalbhadur Sastri Street, Karapakkam", "description": null, "timestamp": null, "begin": null, "end": null, "altitudeMode": null, "tessellate": -1, "extrude": 0, "visibility": -1, "drawOrder": null, "icon": null, "timestamp2": null, "begin2": null, "end2": null, "altitudeMode2": null, "tessellate2": -1, "extrude2": 0, "visibility2": -1, "drawOrder2": null, "icon2": null, "OBJECTID": 657, "OID_": 0, "ZONE": 15, "DIVISION": 197, "LAT": 12.90661292, "LONG_": 80.23064054 }, "geometry": { "type": "Point", "coordinates": [ 80.2306405, 12.9066129 ] } },
{ "type": "Feature", "properties": { "id": null, "Name": "OMR Natesan Avenue", "description": null, "timestamp": null, "begin": null, "end": null, "altitudeMode": null, "tessellate": -1, "extrude": 0, "visibility": -1, "drawOrder": null, "icon": null, "timestamp2": null, "begin2": null, "end2": null, "altitudeMode2": null, "tessellate2": -1, "extrude2": 0, "visibility2": -1, "drawOrder2": null, "icon2": null, "OBJECTID": 658, "OID_": 0, "ZONE": 15, "DIVISION": 197, "LAT": 12.91553741, "LONG_": 80.23104274000001 }, "geometry": { "type": "Point", "coordinates": [ 80.2310427, 12.9155374 ] } },
{ "type": "Feature", "properties": { "id": null, "Name": "OMR, Pathima Illam", "description": null, "timestamp": null, "begin": null, "end": null, "altitudeMode": null, "tessellate": -1, "extrude": 0, "visibility": -1, "drawOrder": null, "icon": null, "timestamp2": null, "begin2": null, "end2": null, "altitudeMode2": null, "tessellate2": -1, "extrude2": 0, "visibility2": -1, "drawOrder2": null, "icon2": null, "OBJECTID": 659, "OID_": 0, "ZONE": 15, "DIVISION": 197, "LAT": 12.9108014, "LONG_": 80.2291075 }, "geometry": { "type": "Point", "coordinates": [ 80.2291075, 12.9108014 ] } },
{ "type": "Feature", "properties": { "id": null, "Name": "Nainar kuppam, Rathna street", "description": null, "timestamp": null, "begin": null, "end": null, "altitudeMode": null, "tessellate": -1, "extrude": 0, "visibility": -1, "drawOrder": null, "icon": null, "timestamp2": null, "begin2": null, "end2": null, "altitudeMode2": null, "tessellate2": -1, "extrude2": 0, "visibility2": -1, "drawOrder2": null, "icon2": null, "OBJECTID": 660, "OID_": 0, "ZONE": 15, "DIVISION": 199, "LAT": 12.87524387, "LONG_": 80.24962976 }, "geometry": { "type": "Point", "coordinates": [ 80.2496298, 12.8752439 ] } },
{ "type": "Feature", "properties": { "id": null, "Name": "OMR Sathyabama College Main Road", "description": null, "timestamp": null, "begin": null, "end": null, "altitudeMode": null, "tessellate": -1, "extrude": 0, "visibility": -1, "drawOrder": null, "icon": null, "timestamp2": null, "begin2": null, "end2": null, "altitudeMode2": null, "tessellate2": -1, "extrude2": 0, "visibility2": -1, "drawOrder2": null, "icon2": null, "OBJECTID": 661, "OID_": 0, "ZONE": 15, "DIVISION": 200, "LAT": 12.87298927, "LONG_": 80.2262855 }, "geometry": { "type": "Point", "coordinates": [ 80.2262855, 12.8729893 ] } },
{ "type": "Feature", "properties": { "id": null, "Name": "Egambaradhabadar Street", "description": null, "timestamp": null, "begin": null, "end": null, "altitudeMode": null, "tessellate": -1, "extrude": 0, "visibility": -1, "drawOrder": null, "icon": null, "timestamp2": null, "begin2": null, "end2": null, "altitudeMode2": null, "tessellate2": -1, "extrude2": 0, "visibility2": -1, "drawOrder2": null, "icon2": null, "OBJECTID": 662, "OID_": 0, "ZONE": 12, "DIVISION": 160, "LAT": 13.00332337, "LONG_": 80.20375054 }, "geometry": { "type": "Point", "coordinates": [ 80.2037505, 13.0033234 ] } },
{ "type": "Feature", "properties": { "id": null, "Name": "MKN Road", "description": null, "timestamp": null, "begin": null, "end": null, "altitudeMode": null, "tessellate": -1, "extrude": 0, "visibility": -1, "drawOrder": null, "icon": null, "timestamp2": null, "begin2": null, "end2": null, "altitudeMode2": null, "tessellate2": -1, "extrude2": 0, "visibility2": -1, "drawOrder2": null, "icon2": null, "OBJECTID": 663, "OID_": 0, "ZONE": 12, "DIVISION": 160, "LAT": 13.00336513, "LONG_": 80.20758595 }, "geometry": { "type": "Point", "coordinates": [ 80.207586, 13.0033651 ] } },
{ "type": "Feature", "properties": { "id": null, "Name": "Amma Unavagam", "description": null, "timestamp": null, "begin": null, "end": null, "altitudeMode": null, "tessellate": -1, "extrude": 0, "visibility": -1, "drawOrder": null, "icon": null, "timestamp2": null, "begin2": null, "end2": null, "altitudeMode2": null, "tessellate2": -1, "extrude2": 0, "visibility2": -1, "drawOrder2": null, "icon2": null, "OBJECTID": 664, "OID_": 0, "ZONE": 12, "DIVISION": 160, "LAT": 13.00502522, "LONG_": 80.2029034 }, "geometry": { "type": "Point", "coordinates": [ 80.2029034, 13.0050252 ] } },
{ "type": "Feature", "properties": { "id": null, "Name": "Jeevan Nagar", "description": null, "timestamp": null, "begin": null, "end": null, "altitudeMode": null, "tessellate": -1, "extrude": 0, "visibility": -1, "drawOrder": null, "icon": null, "timestamp2": null, "begin2": null, "end2": null, "altitudeMode2": null, "tessellate2": -1, "extrude2": 0, "visibility2": -1, "drawOrder2": null, "icon2": null, "OBJECTID": 665, "OID_": 0, "ZONE": 12, "DIVISION": 161, "LAT": 12.99113434, "LONG_": 80.19704646 }, "geometry": { "type": "Point", "coordinates": [ 80.1970465, 12.9911343 ] } },
{ "type": "Feature", "properties": { "id": null, "Name": "Musthangori Street", "description": null, "timestamp": null, "begin": null, "end": null, "altitudeMode": null, "tessellate": -1, "extrude": 0, "visibility": -1, "drawOrder": null, "icon": null, "timestamp2": null, "begin2": null, "end2": null, "altitudeMode2": null, "tessellate2": -1, "extrude2": 0, "visibility2": -1, "drawOrder2": null, "icon2": null, "OBJECTID": 666, "OID_": 0, "ZONE": 12, "DIVISION": 161, "LAT": 12.99537107, "LONG_": 80.20300131 }, "geometry": { "type": "Point", "coordinates": [ 80.2030013, 12.9953711 ] } },
{ "type": "Feature", "properties": { "id": null, "Name": "Railway Station Service Road", "description": null, "timestamp": null, "begin": null, "end": null, "altitudeMode": null, "tessellate": -1, "extrude": 0, "visibility": -1, "drawOrder": null, "icon": null, "timestamp2": null, "begin2": null, "end2": null, "altitudeMode2": null, "tessellate2": -1, "extrude2": 0, "visibility2": -1, "drawOrder2": null, "icon2": null, "OBJECTID": 667, "OID_": 0, "ZONE": 12, "DIVISION": 161, "LAT": 12.99601329, "LONG_": 80.19992236 }, "geometry": { "type": "Point", "coordinates": [ 80.1999224, 12.9960133 ] } },
{ "type": "Feature", "properties": { "id": null, "Name": "Subway Road", "description": null, "timestamp": null, "begin": null, "end": null, "altitudeMode": null, "tessellate": -1, "extrude": 0, "visibility": -1, "drawOrder": null, "icon": null, "timestamp2": null, "begin2": null, "end2": null, "altitudeMode2": null, "tessellate2": -1, "extrude2": 0, "visibility2": -1, "drawOrder2": null, "icon2": null, "OBJECTID": 668, "OID_": 0, "ZONE": 12, "DIVISION": 161, "LAT": 12.99474195, "LONG_": 80.20124861 }, "geometry": { "type": "Point", "coordinates": [ 80.2012486, 12.994742 ] } },
{ "type": "Feature", "properties": { "id": null, "Name": "Raja Street", "description": null, "timestamp": null, "begin": null, "end": null, "altitudeMode": null, "tessellate": -1, "extrude": 0, "visibility": -1, "drawOrder": null, "icon": null, "timestamp2": null, "begin2": null, "end2": null, "altitudeMode2": null, "tessellate2": -1, "extrude2": 0, "visibility2": -1, "drawOrder2": null, "icon2": null, "OBJECTID": 669, "OID_": 0, "ZONE": 12, "DIVISION": 161, "LAT": 12.99819245, "LONG_": 80.19996781 }, "geometry": { "type": "Point", "coordinates": [ 80.1999678, 12.9981924 ] } },
{ "type": "Feature", "properties": { "id": null, "Name": "Thillai Ganga Nagar 27th Street", "description": null, "timestamp": null, "begin": null, "end": null, "altitudeMode": null, "tessellate": -1, "extrude": 0, "visibility": -1, "drawOrder": null, "icon": null, "timestamp2": null, "begin2": null, "end2": null, "altitudeMode2": null, "tessellate2": -1, "extrude2": 0, "visibility2": -1, "drawOrder2": null, "icon2": null, "OBJECTID": 670, "OID_": 0, "ZONE": 12, "DIVISION": 162, "LAT": 12.98819322, "LONG_": 80.19380058 }, "geometry": { "type": "Point", "coordinates": [ 80.1938006, 12.9881932 ] } },
{ "type": "Feature", "properties": { "id": null, "Name": "28th Street", "description": null, "timestamp": null, "begin": null, "end": null, "altitudeMode": null, "tessellate": -1, "extrude": 0, "visibility": -1, "drawOrder": null, "icon": null, "timestamp2": null, "begin2": null, "end2": null, "altitudeMode2": null, "tessellate2": -1, "extrude2": 0, "visibility2": -1, "drawOrder2": null, "icon2": null, "OBJECTID": 671, "OID_": 0, "ZONE": 12, "DIVISION": 162, "LAT": 12.98768776, "LONG_": 80.19399678000001 }, "geometry": { "type": "Point", "coordinates": [ 80.1939968, 12.9876878 ] } },
{ "type": "Feature", "properties": { "id": null, "Name": "29th Street", "description": null, "timestamp": null, "begin": null, "end": null, "altitudeMode": null, "tessellate": -1, "extrude": 0, "visibility": -1, "drawOrder": null, "icon": null, "timestamp2": null, "begin2": null, "end2": null, "altitudeMode2": null, "tessellate2": -1, "extrude2": 0, "visibility2": -1, "drawOrder2": null, "icon2": null, "OBJECTID": 672, "OID_": 0, "ZONE": 12, "DIVISION": 162, "LAT": 12.98726036, "LONG_": 80.19374814 }, "geometry": { "type": "Point", "coordinates": [ 80.1937481, 12.9872604 ] } },
{ "type": "Feature", "properties": { "id": null, "Name": "Kannan Colony", "description": null, "timestamp": null, "begin": null, "end": null, "altitudeMode": null, "tessellate": -1, "extrude": 0, "visibility": -1, "drawOrder": null, "icon": null, "timestamp2": null, "begin2": null, "end2": null, "altitudeMode2": null, "tessellate2": -1, "extrude2": 0, "visibility2": -1, "drawOrder2": null, "icon2": null, "OBJECTID": 673, "OID_": 0, "ZONE": 12, "DIVISION": 162, "LAT": 12.99288333, "LONG_": 80.18822635 }, "geometry": { "type": "Point", "coordinates": [ 80.1882264, 12.9928833 ] } },
{ "type": "Feature", "properties": { "id": null, "Name": "Shanthi Nagar", "description": null, "timestamp": null, "begin": null, "end": null, "altitudeMode": null, "tessellate": -1, "extrude": 0, "visibility": -1, "drawOrder": null, "icon": null, "timestamp2": null, "begin2": null, "end2": null, "altitudeMode2": null, "tessellate2": -1, "extrude2": 0, "visibility2": -1, "drawOrder2": null, "icon2": null, "OBJECTID": 674, "OID_": 0, "ZONE": 12, "DIVISION": 163, "LAT": 12.9872065, "LONG_": 80.19935745 }, "geometry": { "type": "Point", "coordinates": [ 80.1993574, 12.9872065 ] } },
{ "type": "Feature", "properties": { "id": null, "Name": "Gandhi Salai", "description": null, "timestamp": null, "begin": null, "end": null, "altitudeMode": null, "tessellate": -1, "extrude": 0, "visibility": -1, "drawOrder": null, "icon": null, "timestamp2": null, "begin2": null, "end2": null, "altitudeMode2": null, "tessellate2": -1, "extrude2": 0, "visibility2": -1, "drawOrder2": null, "icon2": null, "OBJECTID": 675, "OID_": 0, "ZONE": 12, "DIVISION": 164, "LAT": 12.98740885, "LONG_": 80.18466743 }, "geometry": { "type": "Point", "coordinates": [ 80.1846674, 12.9874089 ] } },
{ "type": "Feature", "properties": { "id": null, "Name": "Nilamangai Nagar", "description": null, "timestamp": null, "begin": null, "end": null, "altitudeMode": null, "tessellate": -1, "extrude": 0, "visibility": -1, "drawOrder": null, "icon": null, "timestamp2": null, "begin2": null, "end2": null, "altitudeMode2": null, "tessellate2": -1, "extrude2": 0, "visibility2": -1, "drawOrder2": null, "icon2": null, "OBJECTID": 676, "OID_": 0, "ZONE": 12, "DIVISION": 165, "LAT": 12.9831083, "LONG_": 80.2025285 }, "geometry": { "type": "Point", "coordinates": [ 80.2025285, 12.9831083 ] } },
{ "type": "Feature", "properties": { "id": null, "Name": "Tagore Street", "description": null, "timestamp": null, "begin": null, "end": null, "altitudeMode": null, "tessellate": -1, "extrude": 0, "visibility": -1, "drawOrder": null, "icon": null, "timestamp2": null, "begin2": null, "end2": null, "altitudeMode2": null, "tessellate2": -1, "extrude2": 0, "visibility2": -1, "drawOrder2": null, "icon2": null, "OBJECTID": 677, "OID_": 0, "ZONE": 12, "DIVISION": 165, "LAT": 12.98168407, "LONG_": 80.20209942 }, "geometry": { "type": "Point", "coordinates": [ 80.2020994, 12.9816841 ] } },
{ "type": "Feature", "properties": { "id": null, "Name": "Vallalar Street", "description": null, "timestamp": null, "begin": null, "end": null, "altitudeMode": null, "tessellate": -1, "extrude": 0, "visibility": -1, "drawOrder": null, "icon": null, "timestamp2": null, "begin2": null, "end2": null, "altitudeMode2": null, "tessellate2": -1, "extrude2": 0, "visibility2": -1, "drawOrder2": null, "icon2": null, "OBJECTID": 678, "OID_": 0, "ZONE": 12, "DIVISION": 165, "LAT": 12.98276602, "LONG_": 80.20126904 }, "geometry": { "type": "Point", "coordinates": [ 80.201269, 12.982766 ] } },
{ "type": "Feature", "properties": { "id": null, "Name": "Income tax colony 1st Street", "description": null, "timestamp": null, "begin": null, "end": null, "altitudeMode": null, "tessellate": -1, "extrude": 0, "visibility": -1, "drawOrder": null, "icon": null, "timestamp2": null, "begin2": null, "end2": null, "altitudeMode2": null, "tessellate2": -1, "extrude2": 0, "visibility2": -1, "drawOrder2": null, "icon2": null, "OBJECTID": 679, "OID_": 0, "ZONE": 12, "DIVISION": 165, "LAT": 12.98443939, "LONG_": 80.20323003 }, "geometry": { "type": "Point", "coordinates": [ 80.20323, 12.9844394 ] } },
{ "type": "Feature", "properties": { "id": null, "Name": "Tamarai Street", "description": null, "timestamp": null, "begin": null, "end": null, "altitudeMode": null, "tessellate": -1, "extrude": 0, "visibility": -1, "drawOrder": null, "icon": null, "timestamp2": null, "begin2": null, "end2": null, "altitudeMode2": null, "tessellate2": -1, "extrude2": 0, "visibility2": -1, "drawOrder2": null, "icon2": null, "OBJECTID": 680, "OID_": 0, "ZONE": 12, "DIVISION": 165, "LAT": 12.98045858, "LONG_": 80.20344716 }, "geometry": { "type": "Point", "coordinates": [ 80.2034472, 12.9804586 ] } },
{ "type": "Feature", "properties": { "id": null, "Name": "Mullai Street", "description": null, "timestamp": null, "begin": null, "end": null, "altitudeMode": null, "tessellate": -1, "extrude": 0, "visibility": -1, "drawOrder": null, "icon": null, "timestamp2": null, "begin2": null, "end2": null, "altitudeMode2": null, "tessellate2": -1, "extrude2": 0, "visibility2": -1, "drawOrder2": null, "icon2": null, "OBJECTID": 681, "OID_": 0, "ZONE": 12, "DIVISION": 165, "LAT": 12.98051695, "LONG_": 80.20385103 }, "geometry": { "type": "Point", "coordinates": [ 80.203851, 12.980517 ] } },
{ "type": "Feature", "properties": { "id": null, "Name": "Bhuvaneswari Nagar", "description": null, "timestamp": null, "begin": null, "end": null, "altitudeMode": null, "tessellate": -1, "extrude": 0, "visibility": -1, "drawOrder": null, "icon": null, "timestamp2": null, "begin2": null, "end2": null, "altitudeMode2": null, "tessellate2": -1, "extrude2": 0, "visibility2": -1, "drawOrder2": null, "icon2": null, "OBJECTID": 682, "OID_": 0, "ZONE": 12, "DIVISION": 165, "LAT": 12.97949383, "LONG_": 80.2058121 }, "geometry": { "type": "Point", "coordinates": [ 80.2058121, 12.9794938 ] } },
{ "type": "Feature", "properties": { "id": null, "Name": "Vel Nagar", "description": null, "timestamp": null, "begin": null, "end": null, "altitudeMode": null, "tessellate": -1, "extrude": 0, "visibility": -1, "drawOrder": null, "icon": null, "timestamp2": null, "begin2": null, "end2": null, "altitudeMode2": null, "tessellate2": -1, "extrude2": 0, "visibility2": -1, "drawOrder2": null, "icon2": null, "OBJECTID": 683, "OID_": 0, "ZONE": 12, "DIVISION": 165, "LAT": 12.98323777, "LONG_": 80.20058762 }, "geometry": { "type": "Point", "coordinates": [ 80.2005876, 12.9832378 ] } },
{ "type": "Feature", "properties": { "id": null, "Name": "Bharathidasan Nagar", "description": null, "timestamp": null, "begin": null, "end": null, "altitudeMode": null, "tessellate": -1, "extrude": 0, "visibility": -1, "drawOrder": null, "icon": null, "timestamp2": null, "begin2": null, "end2": null, "altitudeMode2": null, "tessellate2": -1, "extrude2": 0, "visibility2": -1, "drawOrder2": null, "icon2": null, "OBJECTID": 684, "OID_": 0, "ZONE": 12, "DIVISION": 165, "LAT": 12.9773675, "LONG_": 80.20380926 }, "geometry": { "type": "Point", "coordinates": [ 80.2038093, 12.9773675 ] } },
{ "type": "Feature", "properties": { "id": null, "Name": "Bharath Nagar", "description": null, "timestamp": null, "begin": null, "end": null, "altitudeMode": null, "tessellate": -1, "extrude": 0, "visibility": -1, "drawOrder": null, "icon": null, "timestamp2": null, "begin2": null, "end2": null, "altitudeMode2": null, "tessellate2": -1, "extrude2": 0, "visibility2": -1, "drawOrder2": null, "icon2": null, "OBJECTID": 685, "OID_": 0, "ZONE": 12, "DIVISION": 165, "LAT": 12.98520014, "LONG_": 80.20037347 }, "geometry": { "type": "Point", "coordinates": [ 80.2003735, 12.9852001 ] } },
{ "type": "Feature", "properties": { "id": null, "Name": "BV Nagar", "description": null, "timestamp": null, "begin": null, "end": null, "altitudeMode": null, "tessellate": -1, "extrude": 0, "visibility": -1, "drawOrder": null, "icon": null, "timestamp2": null, "begin2": null, "end2": null, "altitudeMode2": null, "tessellate2": -1, "extrude2": 0, "visibility2": -1, "drawOrder2": null, "icon2": null, "OBJECTID": 686, "OID_": 0, "ZONE": 12, "DIVISION": 166, "LAT": 12.98124083, "LONG_": 80.17797568 }, "geometry": { "type": "Point", "coordinates": [ 80.1779757, 12.9812408 ] } },
{ "type": "Feature", "properties": { "id": null, "Name": "Nanganallur 44th Street", "description": null, "timestamp": null, "begin": null, "end": null, "altitudeMode": null, "tessellate": -1, "extrude": 0, "visibility": -1, "drawOrder": null, "icon": null, "timestamp2": null, "begin2": null, "end2": null, "altitudeMode2": null, "tessellate2": -1, "extrude2": 0, "visibility2": -1, "drawOrder2": null, "icon2": null, "OBJECTID": 687, "OID_": 0, "ZONE": 12, "DIVISION": 167, "LAT": 12.98201842, "LONG_": 80.18704846 }, "geometry": { "type": "Point", "coordinates": [ 80.1870485, 12.9820184 ] } },
{ "type": "Feature", "properties": { "id": null, "Name": "TNGO Colony main Road", "description": null, "timestamp": null, "begin": null, "end": null, "altitudeMode": null, "tessellate": -1, "extrude": 0, "visibility": -1, "drawOrder": null, "icon": null, "timestamp2": null, "begin2": null, "end2": null, "altitudeMode2": null, "tessellate2": -1, "extrude2": 0, "visibility2": -1, "drawOrder2": null, "icon2": null, "OBJECTID": 688, "OID_": 0, "ZONE": 12, "DIVISION": 167, "LAT": 12.97982243, "LONG_": 80.1870634 }, "geometry": { "type": "Point", "coordinates": [ 80.1870634, 12.9798224 ] } },
{ "type": "Feature", "properties": { "id": null, "Name": "Nanganallur 46th Street,", "description": null, "timestamp": null, "begin": null, "end": null, "altitudeMode": null, "tessellate": -1, "extrude": 0, "visibility": -1, "drawOrder": null, "icon": null, "timestamp2": null, "begin2": null, "end2": null, "altitudeMode2": null, "tessellate2": -1, "extrude2": 0, "visibility2": -1, "drawOrder2": null, "icon2": null, "OBJECTID": 689, "OID_": 0, "ZONE": 12, "DIVISION": 167, "LAT": 12.98007515, "LONG_": 80.18791896 }, "geometry": { "type": "Point", "coordinates": [ 80.187919, 12.9800751 ] } },
{ "type": "Feature", "properties": { "id": null, "Name": "Lakshmi Nagar 1st Street", "description": null, "timestamp": null, "begin": null, "end": null, "altitudeMode": null, "tessellate": -1, "extrude": 0, "visibility": -1, "drawOrder": null, "icon": null, "timestamp2": null, "begin2": null, "end2": null, "altitudeMode2": null, "tessellate2": -1, "extrude2": 0, "visibility2": -1, "drawOrder2": null, "icon2": null, "OBJECTID": 690, "OID_": 0, "ZONE": 12, "DIVISION": 165, "LAT": 12.98000831, "LONG_": 80.18928891 }, "geometry": { "type": "Point", "coordinates": [ 80.1892889, 12.9800083 ] } },
{ "type": "Feature", "properties": { "id": null, "Name": "Lakshmi Nagar 2nd Street", "description": null, "timestamp": null, "begin": null, "end": null, "altitudeMode": null, "tessellate": -1, "extrude": 0, "visibility": -1, "drawOrder": null, "icon": null, "timestamp2": null, "begin2": null, "end2": null, "altitudeMode2": null, "tessellate2": -1, "extrude2": 0, "visibility2": -1, "drawOrder2": null, "icon2": null, "OBJECTID": 691, "OID_": 0, "ZONE": 12, "DIVISION": 165, "LAT": 12.97953575, "LONG_": 80.18920507 }, "geometry": { "type": "Point", "coordinates": [ 80.1892051, 12.9795358 ] } },
{ "type": "Feature", "properties": { "id": null, "Name": "Vel Nagar Extn", "description": null, "timestamp": null, "begin": null, "end": null, "altitudeMode": null, "tessellate": -1, "extrude": 0, "visibility": -1, "drawOrder": null, "icon": null, "timestamp2": null, "begin2": null, "end2": null, "altitudeMode2": null, "tessellate2": -1, "extrude2": 0, "visibility2": -1, "drawOrder2": null, "icon2": null, "OBJECTID": 692, "OID_": 0, "ZONE": 12, "DIVISION": 165, "LAT": 12.98184346, "LONG_": 80.20247916 }, "geometry": { "type": "Point", "coordinates": [ 80.2024792, 12.9818435 ] } },
{ "type": "Feature", "properties": { "id": null, "Name": "Indira Nagar", "description": null, "timestamp": null, "begin": null, "end": null, "altitudeMode": null, "tessellate": -1, "extrude": 0, "visibility": -1, "drawOrder": null, "icon": null, "timestamp2": null, "begin2": null, "end2": null, "altitudeMode2": null, "tessellate2": -1, "extrude2": 0, "visibility2": -1, "drawOrder2": null, "icon2": null, "OBJECTID": 693, "OID_": 0, "ZONE": 12, "DIVISION": 165, "LAT": 12.98419933, "LONG_": 80.19546138 }, "geometry": { "type": "Point", "coordinates": [ 80.1954614, 12.9841993 ] } },
{ "type": "Feature", "properties": { "id": null, "Name": "100' roa Near Olympia", "description": null, "timestamp": null, "begin": null, "end": null, "altitudeMode": null, "tessellate": -1, "extrude": 0, "visibility": -1, "drawOrder": null, "icon": null, "timestamp2": null, "begin2": null, "end2": null, "altitudeMode2": null, "tessellate2": -1, "extrude2": 0, "visibility2": -1, "drawOrder2": null, "icon2": null, "OBJECTID": 694, "OID_": 0, "ZONE": 13, "DIVISION": 170, "LAT": 13.0150426, "LONG_": 80.2046049 }, "geometry": { "type": "Point", "coordinates": [ 80.2046049, 13.0150426 ] } },
{ "type": "Feature", "properties": { "id": null, "Name": "Kalaimagal nagar", "description": null, "timestamp": null, "begin": null, "end": null, "altitudeMode": null, "tessellate": -1, "extrude": 0, "visibility": -1, "drawOrder": null, "icon": null, "timestamp2": null, "begin2": null, "end2": null, "altitudeMode2": null, "tessellate2": -1, "extrude2": 0, "visibility2": -1, "drawOrder2": null, "icon2": null, "OBJECTID": 695, "OID_": 0, "ZONE": 13, "DIVISION": 170, "LAT": 13.0263553, "LONG_": 80.206461 }, "geometry": { "type": "Point", "coordinates": [ 80.206461, 13.0263553 ] } },
{ "type": "Feature", "properties": { "id": null, "Name": "Balaji nagar", "description": null, "timestamp": null, "begin": null, "end": null, "altitudeMode": null, "tessellate": -1, "extrude": 0, "visibility": -1, "drawOrder": null, "icon": null, "timestamp2": null, "begin2": null, "end2": null, "altitudeMode2": null, "tessellate2": -1, "extrude2": 0, "visibility2": -1, "drawOrder2": null, "icon2": null, "OBJECTID": 696, "OID_": 0, "ZONE": 13, "DIVISION": 170, "LAT": 13.0233318, "LONG_": 80.2048302 }, "geometry": { "type": "Point", "coordinates": [ 80.2048302, 13.0233318 ] } },
{ "type": "Feature", "properties": { "id": null, "Name": "Nagi reddy garden", "description": null, "timestamp": null, "begin": null, "end": null, "altitudeMode": null, "tessellate": -1, "extrude": 0, "visibility": -1, "drawOrder": null, "icon": null, "timestamp2": null, "begin2": null, "end2": null, "altitudeMode2": null, "tessellate2": -1, "extrude2": 0, "visibility2": -1, "drawOrder2": null, "icon2": null, "OBJECTID": 697, "OID_": 0, "ZONE": 13, "DIVISION": 170, "LAT": 13.0183353, "LONG_": 80.2112031 }, "geometry": { "type": "Point", "coordinates": [ 80.2112031, 13.0183353 ] } },
{ "type": "Feature", "properties": { "id": null, "Name": "Gandhi mandapam road", "description": null, "timestamp": null, "begin": null, "end": null, "altitudeMode": null, "tessellate": -1, "extrude": 0, "visibility": -1, "drawOrder": null, "icon": null, "timestamp2": null, "begin2": null, "end2": null, "altitudeMode2": null, "tessellate2": -1, "extrude2": 0, "visibility2": -1, "drawOrder2": null, "icon2": null, "OBJECTID": 698, "OID_": 0, "ZONE": 13, "DIVISION": 171, "LAT": 13.0129833, "LONG_": 80.2404284 }, "geometry": { "type": "Point", "coordinates": [ 80.2404284, 13.0129833 ] } },
{ "type": "Feature", "properties": { "id": null, "Name": "Srinagar colony", "description": null, "timestamp": null, "begin": null, "end": null, "altitudeMode": null, "tessellate": -1, "extrude": 0, "visibility": -1, "drawOrder": null, "icon": null, "timestamp2": null, "begin2": null, "end2": null, "altitudeMode2": null, "tessellate2": -1, "extrude2": 0, "visibility2": -1, "drawOrder2": null, "icon2": null, "OBJECTID": 699, "OID_": 0, "ZONE": 13, "DIVISION": 171, "LAT": 13.0141958, "LONG_": 80.2306867 }, "geometry": { "type": "Point", "coordinates": [ 80.2306867, 13.0141958 ] } },
{ "type": "Feature", "properties": { "id": null, "Name": "West CIT nagar", "description": null, "timestamp": null, "begin": null, "end": null, "altitudeMode": null, "tessellate": -1, "extrude": 0, "visibility": -1, "drawOrder": null, "icon": null, "timestamp2": null, "begin2": null, "end2": null, "altitudeMode2": null, "tessellate2": -1, "extrude2": 0, "visibility2": -1, "drawOrder2": null, "icon2": null, "OBJECTID": 700, "OID_": 0, "ZONE": 13, "DIVISION": 171, "LAT": 13.028621, "LONG_": 80.2301663 }, "geometry": { "type": "Point", "coordinates": [ 80.2301663, 13.028621 ] } },
{ "type": "Feature", "properties": { "id": null, "Name": "Link road", "description": null, "timestamp": null, "begin": null, "end": null, "altitudeMode": null, "tessellate": -1, "extrude": 0, "visibility": -1, "drawOrder": null, "icon": null, "timestamp2": null, "begin2": null, "end2": null, "altitudeMode2": null, "tessellate2": -1, "extrude2": 0, "visibility2": -1, "drawOrder2": null, "icon2": null, "OBJECTID": 701, "OID_": 0, "ZONE": 13, "DIVISION": 171, "LAT": 13.0200391, "LONG_": 80.2322853 }, "geometry": { "type": "Point", "coordinates": [ 80.2322853, 13.0200391 ] } },
{ "type": "Feature", "properties": { "id": null, "Name": "Venkatapuram", "description": null, "timestamp": null, "begin": null, "end": null, "altitudeMode": null, "tessellate": -1, "extrude": 0, "visibility": -1, "drawOrder": null, "icon": null, "timestamp2": null, "begin2": null, "end2": null, "altitudeMode2": null, "tessellate2": -1, "extrude2": 0, "visibility2": -1, "drawOrder2": null, "icon2": null, "OBJECTID": 702, "OID_": 0, "ZONE": 13, "DIVISION": 171, "LAT": 13.013046, "LONG_": 80.2250004 }, "geometry": { "type": "Point", "coordinates": [ 80.2250004, 13.013046 ] } },
{ "type": "Feature", "properties": { "id": null, "Name": "River view road", "description": null, "timestamp": null, "begin": null, "end": null, "altitudeMode": null, "tessellate": -1, "extrude": 0, "visibility": -1, "drawOrder": null, "icon": null, "timestamp2": null, "begin2": null, "end2": null, "altitudeMode2": null, "tessellate2": -1, "extrude2": 0, "visibility2": -1, "drawOrder2": null, "icon2": null, "OBJECTID": 703, "OID_": 0, "ZONE": 13, "DIVISION": 172, "LAT": 13.0232691, "LONG_": 80.2450955 }, "geometry": { "type": "Point", "coordinates": [ 80.2450955, 13.0232691 ] } },
{ "type": "Feature", "properties": { "id": null, "Name": "Chitra nagar", "description": null, "timestamp": null, "begin": null, "end": null, "altitudeMode": null, "tessellate": -1, "extrude": 0, "visibility": -1, "drawOrder": null, "icon": null, "timestamp2": null, "begin2": null, "end2": null, "altitudeMode2": null, "tessellate2": -1, "extrude2": 0, "visibility2": -1, "drawOrder2": null, "icon2": null, "OBJECTID": 704, "OID_": 0, "ZONE": 13, "DIVISION": 172, "LAT": 13.0240426, "LONG_": 80.2399349 }, "geometry": { "type": "Point", "coordinates": [ 80.2399349, 13.0240426 ] } },
{ "type": "Feature", "properties": { "id": null, "Name": "Peeliamman koil street", "description": null, "timestamp": null, "begin": null, "end": null, "altitudeMode": null, "tessellate": -1, "extrude": 0, "visibility": -1, "drawOrder": null, "icon": null, "timestamp2": null, "begin2": null, "end2": null, "altitudeMode2": null, "tessellate2": -1, "extrude2": 0, "visibility2": -1, "drawOrder2": null, "icon2": null, "OBJECTID": 705, "OID_": 0, "ZONE": 13, "DIVISION": 172, "LAT": 13.0127533, "LONG_": 80.2460289 }, "geometry": { "type": "Point", "coordinates": [ 80.2460289, 13.0127533 ] } },
{ "type": "Feature", "properties": { "id": null, "Name": "Karpagam avenue", "description": null, "timestamp": null, "begin": null, "end": null, "altitudeMode": null, "tessellate": -1, "extrude": 0, "visibility": -1, "drawOrder": null, "icon": null, "timestamp2": null, "begin2": null, "end2": null, "altitudeMode2": null, "tessellate2": -1, "extrude2": 0, "visibility2": -1, "drawOrder2": null, "icon2": null, "OBJECTID": 706, "OID_": 0, "ZONE": 13, "DIVISION": 173, "LAT": 13.0216175, "LONG_": 80.2688813 }, "geometry": { "type": "Point", "coordinates": [ 80.2688813, 13.0216175 ] } },
{ "type": "Feature", "properties": { "id": null, "Name": "Dr.D.G.S.Dinakaran salai", "description": null, "timestamp": null, "begin": null, "end": null, "altitudeMode": null, "tessellate": -1, "extrude": 0, "visibility": -1, "drawOrder": null, "icon": null, "timestamp2": null, "begin2": null, "end2": null, "altitudeMode2": null, "tessellate2": -1, "extrude2": 0, "visibility2": -1, "drawOrder2": null, "icon2": null, "OBJECTID": 707, "OID_": 0, "ZONE": 13, "DIVISION": 173, "LAT": 13.0186489, "LONG_": 80.2658558 }, "geometry": { "type": "Point", "coordinates": [ 80.2658558, 13.0186489 ] } },
{ "type": "Feature", "properties": { "id": null, "Name": "MRC Nagar", "description": null, "timestamp": null, "begin": null, "end": null, "altitudeMode": null, "tessellate": -1, "extrude": 0, "visibility": -1, "drawOrder": null, "icon": null, "timestamp2": null, "begin2": null, "end2": null, "altitudeMode2": null, "tessellate2": -1, "extrude2": 0, "visibility2": -1, "drawOrder2": null, "icon2": null, "OBJECTID": 708, "OID_": 0, "ZONE": 13, "DIVISION": 173, "LAT": 13.0189207, "LONG_": 80.270555 }, "geometry": { "type": "Point", "coordinates": [ 80.270555, 13.0189207 ] } },
{ "type": "Feature", "properties": { "id": null, "Name": "May flower garden", "description": null, "timestamp": null, "begin": null, "end": null, "altitudeMode": null, "tessellate": -1, "extrude": 0, "visibility": -1, "drawOrder": null, "icon": null, "timestamp2": null, "begin2": null, "end2": null, "altitudeMode2": null, "tessellate2": -1, "extrude2": 0, "visibility2": -1, "drawOrder2": null, "icon2": null, "OBJECTID": 709, "OID_": 0, "ZONE": 13, "DIVISION": 173, "LAT": 13.0218371, "LONG_": 80.2605772 }, "geometry": { "type": "Point", "coordinates": [ 80.2605772, 13.0218371 ] } },
{ "type": "Feature", "properties": { "id": null, "Name": "R.K.Nagar IV cross street", "description": null, "timestamp": null, "begin": null, "end": null, "altitudeMode": null, "tessellate": -1, "extrude": 0, "visibility": -1, "drawOrder": null, "icon": null, "timestamp2": null, "begin2": null, "end2": null, "altitudeMode2": null, "tessellate2": -1, "extrude2": 0, "visibility2": -1, "drawOrder2": null, "icon2": null, "OBJECTID": 710, "OID_": 0, "ZONE": 13, "DIVISION": 173, "LAT": 13.0230182, "LONG_": 80.2607596 }, "geometry": { "type": "Point", "coordinates": [ 80.2607596, 13.0230182 ] } },
{ "type": "Feature", "properties": { "id": null, "Name": "P.S.K Salai", "description": null, "timestamp": null, "begin": null, "end": null, "altitudeMode": null, "tessellate": -1, "extrude": 0, "visibility": -1, "drawOrder": null, "icon": null, "timestamp2": null, "begin2": null, "end2": null, "altitudeMode2": null, "tessellate2": -1, "extrude2": 0, "visibility2": -1, "drawOrder2": null, "icon2": null, "OBJECTID": 711, "OID_": 0, "ZONE": 13, "DIVISION": 173, "LAT": 13.0203005, "LONG_": 80.2536034 }, "geometry": { "type": "Point", "coordinates": [ 80.2536034, 13.0203005 ] } },
{ "type": "Feature", "properties": { "id": null, "Name": "Nehru nagar", "description": null, "timestamp": null, "begin": null, "end": null, "altitudeMode": null, "tessellate": -1, "extrude": 0, "visibility": -1, "drawOrder": null, "icon": null, "timestamp2": null, "begin2": null, "end2": null, "altitudeMode2": null, "tessellate2": -1, "extrude2": 0, "visibility2": -1, "drawOrder2": null, "icon2": null, "OBJECTID": 712, "OID_": 0, "ZONE": 13, "DIVISION": 174, "LAT": 12.9944384, "LONG_": 80.2144432 }, "geometry": { "type": "Point", "coordinates": [ 80.2144432, 12.9944384 ] } },
{ "type": "Feature", "properties": { "id": null, "Name": "Veerapandiya kattabomman street", "description": null, "timestamp": null, "begin": null, "end": null, "altitudeMode": null, "tessellate": -1, "extrude": 0, "visibility": -1, "drawOrder": null, "icon": null, "timestamp2": null, "begin2": null, "end2": null, "altitudeMode2": null, "tessellate2": -1, "extrude2": 0, "visibility2": -1, "drawOrder2": null, "icon2": null, "OBJECTID": 713, "OID_": 0, "ZONE": 13, "DIVISION": 174, "LAT": 12.9932884, "LONG_": 80.2166855 }, "geometry": { "type": "Point", "coordinates": [ 80.2166855, 12.9932884 ] } },
{ "type": "Feature", "properties": { "id": null, "Name": "Manthoppu II lane", "description": null, "timestamp": null, "begin": null, "end": null, "altitudeMode": null, "tessellate": -1, "extrude": 0, "visibility": -1, "drawOrder": null, "icon": null, "timestamp2": null, "begin2": null, "end2": null, "altitudeMode2": null, "tessellate2": -1, "extrude2": 0, "visibility2": -1, "drawOrder2": null, "icon2": null, "OBJECTID": 714, "OID_": 0, "ZONE": 13, "DIVISION": 174, "LAT": 13.0010348, "LONG_": 80.212394 }, "geometry": { "type": "Point", "coordinates": [ 80.212394, 13.0010348 ] } },
{ "type": "Feature", "properties": { "id": null, "Name": "Five Furlong road", "description": null, "timestamp": null, "begin": null, "end": null, "altitudeMode": null, "tessellate": -1, "extrude": 0, "visibility": -1, "drawOrder": null, "icon": null, "timestamp2": null, "begin2": null, "end2": null, "altitudeMode2": null, "tessellate2": -1, "extrude2": 0, "visibility2": -1, "drawOrder2": null, "icon2": null, "OBJECTID": 715, "OID_": 0, "ZONE": 13, "DIVISION": 174, "LAT": 13.0006585, "LONG_": 80.2133703 }, "geometry": { "type": "Point", "coordinates": [ 80.2133703, 13.0006585 ] } },
{ "type": "Feature", "properties": { "id": null, "Name": "Pillaiyar koil lane", "description": null, "timestamp": null, "begin": null, "end": null, "altitudeMode": null, "tessellate": -1, "extrude": 0, "visibility": -1, "drawOrder": null, "icon": null, "timestamp2": null, "begin2": null, "end2": null, "altitudeMode2": null, "tessellate2": -1, "extrude2": 0, "visibility2": -1, "drawOrder2": null, "icon2": null, "OBJECTID": 716, "OID_": 0, "ZONE": 13, "DIVISION": 174, "LAT": 12.999749, "LONG_": 80.2107418 }, "geometry": { "type": "Point", "coordinates": [ 80.2107418, 12.999749 ] } },
{ "type": "Feature", "properties": { "id": null, "Name": "Vandikaran street", "description": null, "timestamp": null, "begin": null, "end": null, "altitudeMode": null, "tessellate": -1, "extrude": 0, "visibility": -1, "drawOrder": null, "icon": null, "timestamp2": null, "begin2": null, "end2": null, "altitudeMode2": null, "tessellate2": -1, "extrude2": 0, "visibility2": -1, "drawOrder2": null, "icon2": null, "OBJECTID": 717, "OID_": 0, "ZONE": 13, "DIVISION": 174, "LAT": 12.997146, "LONG_": 80.2110529 }, "geometry": { "type": "Point", "coordinates": [ 80.2110529, 12.997146 ] } },
{ "type": "Feature", "properties": { "id": null, "Name": "Race course road", "description": null, "timestamp": null, "begin": null, "end": null, "altitudeMode": null, "tessellate": -1, "extrude": 0, "visibility": -1, "drawOrder": null, "icon": null, "timestamp2": null, "begin2": null, "end2": null, "altitudeMode2": null, "tessellate2": -1, "extrude2": 0, "visibility2": -1, "drawOrder2": null, "icon2": null, "OBJECTID": 718, "OID_": 0, "ZONE": 13, "DIVISION": 174, "LAT": 13.0046727, "LONG_": 80.212394 }, "geometry": { "type": "Point", "coordinates": [ 80.212394, 13.0046727 ] } },
{ "type": "Feature", "properties": { "id": null, "Name": "City limit road", "description": null, "timestamp": null, "begin": null, "end": null, "altitudeMode": null, "tessellate": -1, "extrude": 0, "visibility": -1, "drawOrder": null, "icon": null, "timestamp2": null, "begin2": null, "end2": null, "altitudeMode2": null, "tessellate2": -1, "extrude2": 0, "visibility2": -1, "drawOrder2": null, "icon2": null, "OBJECTID": 719, "OID_": 0, "ZONE": 13, "DIVISION": 174, "LAT": 12.9966128, "LONG_": 80.207963 }, "geometry": { "type": "Point", "coordinates": [ 80.207963, 12.9966128 ] } },
{ "type": "Feature", "properties": { "id": null, "Name": "Velachery main", "description": null, "timestamp": null, "begin": null, "end": null, "altitudeMode": null, "tessellate": -1, "extrude": 0, "visibility": -1, "drawOrder": null, "icon": null, "timestamp2": null, "begin2": null, "end2": null, "altitudeMode2": null, "tessellate2": -1, "extrude2": 0, "visibility2": -1, "drawOrder2": null, "icon2": null, "OBJECTID": 720, "OID_": 0, "ZONE": 13, "DIVISION": 174, "LAT": 12.9935185, "LONG_": 80.2181125 }, "geometry": { "type": "Point", "coordinates": [ 80.2181125, 12.9935185 ] } }
]
}
