date,rainfall_mm,rainfall_3day,rainfall_7day
2000-01-01,0.04,,
2000-01-02,0.02,,
2000-01-03,0.01,0.07,
2000-01-04,0.0,0.03,
2000-01-05,0.21,0.22,
2000-01-06,0.37,0.58,
2000-01-07,0.01,0.59,0.66
2000-01-08,0.05,0.43,0.67
2000-01-09,0.14,0.2,0.79
2000-01-10,1.54,1.73,2.3200000000000003
2000-01-11,0.33,2.01,2.6500000000000004
2000-01-12,0.01,1.8800000000000001,2.45
2000-01-13,0.0,0.34,2.08
2000-01-14,0.0,0.01,2.0700000000000003
2000-01-15,0.0,0.0,2.02
2000-01-16,0.0,0.0,1.8800000000000003
2000-01-17,0.0,0.0,0.34000000000000025
2000-01-18,0.0,0.0,0.010000000000000222
2000-01-19,0.0,0.0,0.0
2000-01-20,0.0,0.0,0.0
2000-01-21,0.0,0.0,0.0
2000-01-22,0.0,0.0,0.0
2000-01-23,0.0,0.0,0.0
2000-01-24,0.0,0.0,0.0
2000-01-25,0.0,0.0,0.0
2000-01-26,0.0,0.0,0.0
2000-01-27,0.0,0.0,0.0
2000-01-28,0.0,0.0,0.0
2000-01-29,0.0,0.0,0.0
2000-01-30,0.0,0.0,0.0
2000-01-31,0.0,0.0,0.0
2000-02-01,0.0,0.0,0.0
2000-02-02,0.01,0.01,0.010000000000000222
2000-02-03,0.28,0.29000000000000004,0.29000000000000026
2000-02-04,0.21,0.5,0.5000000000000002
2000-02-05,0.04,0.53,0.5400000000000003
2000-02-06,0.01,0.26,0.5500000000000003
2000-02-07,0.47,0.52,1.0200000000000002
2000-02-08,1.17,1.65,2.1900000000000004
2000-02-09,0.09,1.73,2.2700000000000005
2000-02-10,0.03,1.29,2.02
2000-02-11,0.0,0.12,1.81
2000-02-12,0.0,0.03,1.77
2000-02-13,0.0,0.0,1.7600000000000002
2000-02-14,0.0,0.0,1.29
2000-02-15,0.0,0.0,0.12000000000000022
2000-02-16,0.0,0.0,0.03000000000000022
2000-02-17,0.0,0.0,0.0
2000-02-18,0.0,0.0,0.0
2000-02-19,0.0,0.0,0.0
2000-02-20,0.33,0.33,0.33000000000000024
2000-02-21,0.51,0.8400000000000001,0.8400000000000003
2000-02-22,0.35,1.19,1.1900000000000004
2000-02-23,11.66,12.52,12.850000000000001
2000-02-24,28.68,40.69,41.53
2000-02-25,22.28,62.62,63.81
2000-02-26,23.85,74.81,87.66
2000-02-27,18.26,64.39,105.59
2000-02-28,3.03,45.14,108.11
2000-02-29,0.01,21.3,107.77000000000001
2000-03-01,0.0,3.0399999999999996,96.11000000000001
2000-03-02,0.0,0.01,67.43
2000-03-03,0.0,0.0,45.150000000000006
2000-03-04,0.0,0.0,21.3
2000-03-05,0.0,0.0,3.0399999999999996
2000-03-06,0.0,0.0,0.01
2000-03-07,0.01,0.01,0.01
2000-03-08,0.01,0.02,0.02
2000-03-09,0.0,0.02,0.02
2000-03-10,0.0,0.01,0.02
2000-03-11,0.0,0.0,0.02
2000-03-12,0.0,0.0,0.02
2000-03-13,0.0,0.0,0.02
2000-03-14,0.0,0.0,0.01
2000-03-15,0.0,0.0,0.0
2000-03-16,0.0,0.0,0.0
2000-03-17,0.0,0.0,0.0
2000-03-18,0.0,0.0,0.0
2000-03-19,0.0,0.0,0.0
2000-03-20,0.0,0.0,0.0
2000-03-21,0.0,0.0,0.0
2000-03-22,0.0,0.0,0.0
2000-03-23,0.0,0.0,0.0
2000-03-24,0.02,0.02,0.02
2000-03-25,0.0,0.02,0.02
2000-03-26,0.33,0.35000000000000003,0.35000000000000003
2000-03-27,0.7,1.03,1.05
2000-03-28,0.96,1.99,2.01
2000-03-29,0.1,1.76,2.11
2000-03-30,0.0,1.06,2.11
2000-03-31,0.0,0.1,2.09
2000-04-01,12.01,12.01,14.1
2000-04-02,0.67,12.68,14.44
2000-04-03,0.51,13.19,14.25
2000-04-04,0.14,1.32,13.43
2000-04-05,0.11,0.76,13.44
2000-04-06,0.0,0.25,13.44
2000-04-07,0.0,0.11,13.44
2000-04-08,0.0,0.0,1.4300000000000002
2000-04-09,0.0,0.0,0.76
2000-04-10,0.04,0.04,0.29000000000000004
2000-04-11,0.01,0.05,0.16
2000-04-12,0.04,0.09,0.09
2000-04-13,0.14,0.19,0.23
2000-04-14,0.88,1.06,1.11
2000-04-15,0.25,1.27,1.3599999999999999
2000-04-16,0.04,1.17,1.4
2000-04-17,0.33,0.6199999999999999,1.69
2000-04-18,0.05,0.4199999999999999,1.73
2000-04-19,0.01,0.3899999999999999,1.7
2000-04-20,0.01,0.0699999999999999,1.57
2000-04-21,0.02,0.03999999999999989,0.71
2000-04-22,0.02,0.04999999999999989,0.48
2000-04-23,0.11,0.1499999999999999,0.55
2000-04-24,0.71,0.8399999999999999,0.9299999999999999
2000-04-25,0.03,0.8499999999999999,0.9099999999999999
2000-04-26,0.0,0.7399999999999999,0.8999999999999999
2000-04-27,0.02,0.04999999999999989,0.91
2000-04-28,0.0,0.01999999999999989,0.89
2000-04-29,0.0,0.01999999999999989,0.87
2000-04-30,0.01,0.00999999999999989,0.77
2000-05-01,0.58,0.5899999999999999,0.64
2000-05-02,0.44,1.0299999999999998,1.05
2000-05-03,2.51,3.5299999999999994,3.5599999999999996
2000-05-04,0.63,3.579999999999999,4.17
2000-05-05,0.84,3.9799999999999995,5.01
2000-05-06,1.87,3.34,6.88
2000-05-07,1.04,3.75,7.91
2000-05-08,4.77,7.68,12.1
2000-05-09,1.58,7.39,13.24
2000-05-10,1.22,7.569999999999999,11.950000000000001
2000-05-11,0.39,3.19,11.709999999999999
2000-05-12,0.02,1.63,10.89
2000-05-13,0.0,0.41000000000000003,9.020000000000001
2000-05-14,0.0,0.02,7.9799999999999995
2000-05-15,0.09,0.09,3.3000000000000003
2000-05-16,2.93,3.02,4.65
2000-05-17,0.78,3.8,4.210000000000001
2000-05-18,0.05,3.7600000000000002,3.8700000000000006
2000-05-19,0.47,1.3,4.32
2000-05-20,0.01,0.5299999999999999,4.33
2000-05-21,0.05,0.53,4.380000000000001
2000-05-22,0.0,0.060000000000000005,4.290000000000001
2000-05-23,0.09,0.14,1.45
2000-05-24,0.47,0.5599999999999999,1.14
2000-05-25,0.13,0.69,1.2199999999999998
2000-05-26,0.21,0.81,0.9599999999999999
2000-05-27,0.13,0.4700000000000001,1.08
2000-05-28,0.44,0.78,1.47
2000-05-29,0.04,0.6100000000000001,1.51
2000-05-30,1.65,2.13,3.07
2000-05-31,2.3,3.9899999999999998,4.9
2000-06-01,1.43,5.38,6.2
2000-06-02,0.69,4.42,6.68
2000-06-03,3.37,5.49,9.92
2000-06-04,2.64,6.700000000000001,12.120000000000001
2000-06-05,0.34,6.3500000000000005,12.42
2000-06-06,0.06,3.04,10.83
2000-06-07,0.01,0.41000000000000003,8.540000000000001
2000-06-08,0.0,0.06999999999999999,7.109999999999999
2000-06-09,0.0,0.01,6.42
2000-06-10,0.58,0.58,3.63
2000-06-11,1.54,2.12,2.5300000000000002
2000-06-12,5.5,7.62,7.69
2000-06-13,0.47,7.51,8.1
2000-06-14,0.22,6.19,8.31
2000-06-15,0.13,0.82,8.44
2000-06-16,0.69,1.04,9.13
2000-06-17,0.51,1.33,9.06
2000-06-18,1.27,2.4699999999999998,8.79
2000-06-19,15.54,17.32,18.83
2000-06-20,0.86,17.669999999999998,19.22
2000-06-21,1.33,17.729999999999997,20.33
2000-06-22,4.97,7.16,25.169999999999998
2000-06-23,3.16,9.46,27.639999999999997
2000-06-24,0.01,8.14,27.14
2000-06-25,0.12,3.290000000000001,25.99
2000-06-26,0.44,0.570000000000001,10.89
2000-06-27,2.78,3.3400000000000007,12.81
2000-06-28,4.55,7.7700000000000005,16.03
2000-06-29,2.0,9.330000000000002,13.059999999999999
2000-06-30,1.23,7.780000000000001,11.129999999999999
2000-07-01,1.75,4.98,12.87
2000-07-02,6.83,9.81,19.58
2000-07-03,6.1,14.68,25.240000000000002
2000-07-04,12.68,25.61,35.14
2000-07-05,4.79,23.57,35.379999999999995
2000-07-06,4.62,22.09,38.0
2000-07-07,0.66,10.07,37.43
2000-07-08,0.44,5.72,36.120000000000005
2000-07-09,0.24,1.34,29.53
2000-07-10,0.42,1.1,23.849999999999998
2000-07-11,1.2,1.8599999999999999,12.370000000000001
2000-07-12,0.46,2.08,8.040000000000001
2000-07-13,0.11,1.77,3.53
2000-07-14,0.03,0.5999999999999998,2.9
2000-07-15,0.48,0.6199999999999998,2.94
2000-07-16,0.63,1.1399999999999997,3.33
2000-07-17,2.15,3.26,5.0600000000000005
2000-07-18,0.03,2.809999999999999,3.8899999999999997
2000-07-19,0.46,2.6399999999999997,3.8899999999999997
2000-07-20,5.61,6.1,9.39
2000-07-21,8.26,14.330000000000002,17.619999999999997
2000-07-22,4.17,18.040000000000003,21.31
2000-07-23,2.65,15.080000000000002,23.33
2000-07-24,18.97,25.79,40.14999999999999
2000-07-25,1.79,23.409999999999997,41.91
2000-07-26,3.55,24.31,44.99999999999999
2000-07-27,1.04,6.38,40.42999999999999
2000-07-28,11.43,16.02,43.599999999999994
2000-07-29,9.86,22.33,49.28999999999999
2000-07-30,2.88,24.169999999999998,49.519999999999996
2000-07-31,2.68,15.42,33.23
2000-08-01,3.06,8.620000000000001,34.49999999999999
2000-08-02,0.21,5.95,31.159999999999997
2000-08-03,1.0,4.27,31.119999999999997
2000-08-04,0.87,2.08,20.559999999999995
2000-08-05,0.88,2.75,11.579999999999997
2000-08-06,6.08,7.83,14.779999999999996
2000-08-07,9.0,15.96,21.099999999999994
2000-08-08,4.06,19.14,22.099999999999998
2000-08-09,4.51,17.57,26.399999999999995
2000-08-10,2.07,10.639999999999999,27.469999999999995
2000-08-11,0.23,6.81,26.829999999999995
2000-08-12,0.18,2.48,26.129999999999995
2000-08-13,6.29,6.7,26.339999999999996
2000-08-14,4.27,10.739999999999998,21.609999999999996
2000-08-15,0.99,11.549999999999999,18.539999999999996
2000-08-16,0.66,5.92,14.689999999999996
2000-08-17,4.15,5.800000000000001,16.769999999999996
2000-08-18,2.89,7.700000000000001,19.429999999999996
2000-08-19,2.69,9.73,21.939999999999998
2000-08-20,7.99,13.57,23.639999999999997
2000-08-21,10.78,21.46,30.15
2000-08-22,14.67,33.44,43.83
2000-08-23,2.74,28.189999999999998,45.91
2000-08-24,0.44,17.849999999999998,42.199999999999996
2000-08-25,1.17,4.35,40.48
2000-08-26,0.83,2.44,38.62
2000-08-27,0.16,2.1599999999999997,30.79
2000-08-28,0.43,1.42,20.439999999999998
2000-08-29,2.03,2.6199999999999997,7.799999999999996
2000-08-30,1.54,3.9999999999999996,6.599999999999996
2000-08-31,0.83,4.3999999999999995,6.989999999999996
2000-09-01,2.69,5.0600000000000005,8.509999999999996
2000-09-02,1.12,4.640000000000001,8.799999999999997
2000-09-03,6.15,9.96,14.789999999999997
2000-09-04,1.12,8.39,15.479999999999997
2000-09-05,1.05,8.32,14.499999999999996
2000-09-06,2.04,4.21,14.999999999999996
2000-09-07,3.48,6.57,17.65
2000-09-08,11.03,16.55,25.989999999999995
2000-09-09,6.44,20.95,31.309999999999995
2000-09-10,1.1,18.57,26.259999999999998
2000-09-11,0.91,8.450000000000001,26.049999999999997
2000-09-12,3.9,5.91,28.899999999999995
2000-09-13,0.11,4.920000000000001,26.969999999999995
2000-09-14,0.3,4.3100000000000005,23.789999999999996
2000-09-15,0.67,1.08,13.429999999999996
2000-09-16,1.74,2.71,8.729999999999997
2000-09-17,1.49,3.9000000000000004,9.119999999999997
2000-09-18,7.1,10.33,15.309999999999997
2000-09-19,5.03,13.620000000000001,16.439999999999998
2000-09-20,8.11,20.240000000000002,24.439999999999998
2000-09-21,13.78,26.92,37.919999999999995
2000-09-22,5.9,27.79,43.14999999999999
2000-09-23,4.75,24.43,46.16
2000-09-24,5.34,15.99,50.01
2000-09-25,11.04,21.13,53.949999999999996
2000-09-26,10.71,27.09,59.629999999999995
2000-09-27,5.66,27.41,57.17999999999999
2000-09-28,3.24,19.61,46.63999999999999
2000-09-29,10.75,19.65,51.489999999999995
2000-09-30,3.84,17.83,50.58
2000-10-01,4.75,19.34,49.989999999999995
2000-10-02,1.53,10.12,40.480000000000004
2000-10-03,11.98,18.259999999999998,41.75
2000-10-04,18.56,32.07,54.65
2000-10-05,10.3,40.84,61.709999999999994
2000-10-06,42.33,71.19,93.28999999999999
2000-10-07,12.84,65.47,102.28999999999999
2000-10-08,11.2,66.37,108.73999999999998
2000-10-09,6.59,30.630000000000006,113.79999999999998
2000-10-10,5.24,23.03000000000001,107.06
2000-10-11,8.34,20.17000000000001,96.83999999999999
2000-10-12,11.23,24.81000000000001,97.77
2000-10-13,2.77,22.340000000000007,58.209999999999994
2000-10-14,0.09,14.090000000000007,45.45999999999999
2000-10-15,0.05,2.9100000000000072,34.309999999999995
2000-10-16,1.66,1.800000000000007,29.379999999999992
2000-10-17,0.1,1.810000000000007,24.239999999999995
2000-10-18,5.5,7.260000000000007,21.39999999999999
2000-10-19,14.28,19.880000000000006,24.449999999999992
2000-10-20,35.94,55.72,57.61999999999999
2000-10-21,15.35,65.57,72.87999999999998
2000-10-22,11.89,63.18,84.71999999999998
2000-10-23,2.61,29.85,85.66999999999999
2000-10-24,0.04,14.540000000000001,85.60999999999999
2000-10-25,0.0,2.65,80.10999999999999
2000-10-26,0.0,0.04,65.82999999999998
2000-10-27,0.0,0.0,29.889999999999993
2000-10-28,0.0,0.0,14.539999999999994
2000-10-29,0.0,0.0,2.649999999999993
2000-10-30,0.0,0.0,0.039999999999992895
2000-10-31,0.19,0.19,0.1899999999999929
2000-11-01,0.32,0.51,0.5099999999999929
2000-11-02,4.38,4.89,4.889999999999993
2000-11-03,3.67,8.37,8.559999999999992
2000-11-04,2.25,10.299999999999999,10.809999999999992
2000-11-05,0.11,6.03,10.919999999999993
2000-11-06,0.04,2.4,10.959999999999992
2000-11-07,0.2,0.35,10.969999999999994
2000-11-08,1.07,1.31,11.719999999999994
2000-11-09,2.95,4.220000000000001,10.289999999999992
2000-11-10,6.11,10.129999999999999,12.729999999999993
2000-11-11,6.53,15.59,17.009999999999994
2000-11-12,6.07,18.71,22.969999999999995
2000-11-13,1.31,13.91,24.239999999999995
2000-11-14,1.19,8.57,25.229999999999993
2000-11-15,0.48,2.979999999999999,24.639999999999993
2000-11-16,0.91,2.579999999999999,22.599999999999994
2000-11-17,0.98,2.369999999999999,17.46999999999999
2000-11-18,20.31,22.2,31.24999999999999
2000-11-19,7.65,28.939999999999998,32.82999999999999
2000-11-20,2.66,30.619999999999997,34.17999999999999
2000-11-21,8.7,19.009999999999998,41.68999999999999
2000-11-22,10.41,21.77,51.61999999999999
2000-11-23,7.31,26.419999999999998,58.01999999999999
2000-11-24,0.34,18.06,57.37999999999999
2000-11-25,0.0,7.6499999999999995,37.06999999999999
2000-11-26,0.0,0.34,29.419999999999995
2000-11-27,0.31,0.31,27.06999999999999
2000-11-28,10.42,10.73,28.789999999999992
2000-11-29,37.99,48.72,56.37
2000-11-30,16.45,64.86,65.50999999999999
2000-12-01,2.74,57.18,67.91
2000-12-02,5.27,24.460000000000008,73.17999999999999
2000-12-03,17.23,25.240000000000006,90.41
2000-12-04,12.25,34.75000000000001,102.35
2000-12-05,0.25,29.730000000000004,92.18
2000-12-06,0.06,12.560000000000008,54.24999999999999
2000-12-07,0.0,0.3100000000000071,37.8
2000-12-08,0.0,0.0600000000000071,35.059999999999995
2000-12-09,0.01,0.010000000000007106,29.79999999999999
2000-12-10,0.01,0.020000000000007106,12.579999999999993
2000-12-11,0.0,0.020000000000007106,0.3299999999999929
2000-12-12,0.0,0.010000000000007106,0.0799999999999929
2000-12-13,0.0,0.0,0.019999999999992895
2000-12-14,0.0,0.0,0.019999999999992895
2000-12-15,0.0,0.0,0.019999999999992895
2000-12-16,0.0,0.0,0.009999999999992895
2000-12-17,0.0,0.0,0.0
2000-12-18,0.0,0.0,0.0
2000-12-19,0.0,0.0,0.0
2000-12-20,0.04,0.040000000000007106,0.039999999999992895
2000-12-21,0.08,0.1200000000000071,0.11999999999999289
2000-12-22,0.01,0.1300000000000071,0.1299999999999929
2000-12-23,0.0,0.0900000000000071,0.1299999999999929
2000-12-24,0.01,0.02000000000000712,0.1399999999999929
2000-12-25,0.0,0.01000000000000712,0.1399999999999929
2000-12-26,0.23,0.24000000000000712,0.3699999999999929
2000-12-27,2.75,2.980000000000007,3.079999999999993
2000-12-28,11.41,14.390000000000008,14.409999999999993
2000-12-29,13.21,27.370000000000008,27.609999999999992
2000-12-30,2.4,27.020000000000007,30.009999999999994
2000-12-31,1.02,16.63000000000001,31.019999999999992
2001-01-01,0.01,3.430000000000007,31.029999999999994
2001-01-02,0.05,1.0800000000000072,30.849999999999994
2001-01-03,0.03,0.0900000000000071,28.129999999999995
2001-01-04,0.0,0.08000000000000712,16.71999999999999
2001-01-05,0.02,0.05000000000000711,3.5299999999999927
2001-01-06,0.24,0.2600000000000071,1.369999999999993
2001-01-07,0.1,0.3600000000000071,0.4499999999999929
2001-01-08,0.02,0.3600000000000071,0.4599999999999929
2001-01-09,0.0,0.12000000000000714,0.4099999999999929
2001-01-10,0.0,0.020000000000007134,0.3799999999999929
2001-01-11,0.0,0.0,0.3799999999999929
2001-01-12,0.0,0.0,0.35999999999999294
2001-01-13,0.0,0.0,0.1199999999999929
2001-01-14,0.0,0.0,0.019999999999992895
2001-01-15,0.0,0.0,0.0
2001-01-16,0.0,0.0,0.0
2001-01-17,0.0,0.0,0.0
2001-01-18,0.0,0.0,0.0
2001-01-19,0.0,0.0,0.0
2001-01-20,0.0,0.0,0.0
2001-01-21,0.0,0.0,0.0
2001-01-22,0.0,0.0,0.0
2001-01-23,0.0,0.0,0.0
2001-01-24,0.0,0.0,0.0
2001-01-25,0.0,0.0,0.0
2001-01-26,0.0,0.0,0.0
2001-01-27,0.0,0.0,0.0
2001-01-28,0.0,0.0,0.0
2001-01-29,0.0,0.0,0.0
2001-01-30,0.0,0.0,0.0
2001-01-31,0.02,0.020000000000007134,0.019999999999992895
2001-02-01,0.03,0.050000000000007136,0.0499999999999929
2001-02-02,0.0,0.050000000000007136,0.0499999999999929
2001-02-03,0.0,0.030000000000007132,0.0499999999999929
2001-02-04,0.0,0.0,0.0499999999999929
2001-02-05,0.0,0.0,0.0499999999999929
2001-02-06,0.0,0.0,0.0499999999999929
2001-02-07,0.0,0.0,0.029999999999992893
2001-02-08,0.0,0.0,0.0
2001-02-09,0.0,0.0,0.0
2001-02-10,0.0,0.0,0.0
2001-02-11,0.0,0.0,0.0
2001-02-12,0.0,0.0,0.0
2001-02-13,0.0,0.0,0.0
2001-02-14,0.0,0.0,0.0
2001-02-15,0.0,0.0,0.0
2001-02-16,0.0,0.0,0.0
2001-02-17,0.0,0.0,0.0
2001-02-18,0.0,0.0,0.0
2001-02-19,0.0,0.0,0.0
2001-02-20,0.0,0.0,0.0
2001-02-21,0.0,0.0,0.0
2001-02-22,0.0,0.0,0.0
2001-02-23,0.0,0.0,0.0
2001-02-24,0.0,0.0,0.0
2001-02-25,0.0,0.0,0.0
2001-02-26,0.0,0.0,0.0
2001-02-27,0.0,0.0,0.0
2001-02-28,0.0,0.0,0.0
2001-03-01,0.0,0.0,0.0
2001-03-02,0.0,0.0,0.0
2001-03-03,0.0,0.0,0.0
2001-03-04,0.0,0.0,0.0
2001-03-05,0.0,0.0,0.0
2001-03-06,0.0,0.0,0.0
2001-03-07,0.01,0.010000000000007133,0.009999999999992895
2001-03-08,0.0,0.010000000000007133,0.009999999999992895
2001-03-09,0.0,0.010000000000007133,0.009999999999992895
2001-03-10,0.0,0.0,0.009999999999992895
2001-03-11,0.0,0.0,0.009999999999992895
2001-03-12,0.01,0.010000000000007133,0.019999999999992895
2001-03-13,0.02,0.030000000000007132,0.039999999999992895
2001-03-14,0.0,0.030000000000007136,0.029999999999992893
2001-03-15,0.0,0.020000000000007137,0.029999999999992893
2001-03-16,0.0,0.0,0.029999999999992893
2001-03-17,0.0,0.0,0.029999999999992893
2001-03-18,0.0,0.0,0.029999999999992893
2001-03-19,0.0,0.0,0.019999999999992895
2001-03-20,0.0,0.0,0.0
2001-03-21,0.0,0.0,0.0
2001-03-22,0.04,0.040000000000007134,0.039999999999992895
2001-03-23,0.0,0.040000000000007134,0.039999999999992895
2001-03-24,0.0,0.040000000000007134,0.039999999999992895
2001-03-25,0.0,0.0,0.039999999999992895
2001-03-26,0.0,0.0,0.039999999999992895
2001-03-27,0.0,0.0,0.039999999999992895
2001-03-28,0.0,0.0,0.039999999999992895
2001-03-29,0.0,0.0,0.0
2001-03-30,0.0,0.0,0.0
2001-03-31,0.0,0.0,0.0
2001-04-01,0.0,0.0,0.0
2001-04-02,0.0,0.0,0.0
2001-04-03,0.0,0.0,0.0
2001-04-04,0.0,0.0,0.0
2001-04-05,0.0,0.0,0.0
2001-04-06,0.01,0.010000000000007133,0.009999999999992895
2001-04-07,0.01,0.020000000000007134,0.019999999999992895
2001-04-08,0.18,0.20000000000000712,0.19999999999999288
2001-04-09,0.69,0.880000000000007,0.8899999999999928
2001-04-10,5.66,6.530000000000007,6.549999999999993
2001-04-11,18.81,25.160000000000007,25.359999999999992
2001-04-12,15.45,39.92,40.80999999999999
2001-04-13,23.41,57.67000000000001,64.21
2001-04-14,17.27,56.13000000000001,81.46999999999998
2001-04-15,3.36,44.040000000000006,84.64999999999999
2001-04-16,1.47,22.100000000000005,85.42999999999999
2001-04-17,1.55,6.380000000000007,81.32
2001-04-18,2.1,5.120000000000007,64.60999999999999
2001-04-19,0.86,4.510000000000008,50.01999999999999
2001-04-20,0.19,3.150000000000007,26.799999999999994
2001-04-21,0.05,1.1000000000000072,9.579999999999993
2001-04-22,0.0,0.2400000000000071,6.2199999999999935
2001-04-23,0.0,0.05000000000000711,4.749999999999993
2001-04-24,0.0,0.0,3.199999999999993
2001-04-25,0.0,0.0,1.099999999999993
2001-04-26,0.0,0.0,0.23999999999999289
2001-04-27,0.01,0.010000000000007106,0.0599999999999929
2001-04-28,0.01,0.020000000000007106,0.019999999999992895
2001-04-29,0.02,0.040000000000007106,0.039999999999992895
2001-04-30,0.02,0.05000000000000711,0.05999999999999289
2001-05-01,0.02,0.06,0.0799999999999929
2001-05-02,0.01,0.05000000000000711,0.08999999999999289
2001-05-03,0.6,0.6300000000000071,0.6899999999999928
2001-05-04,0.49,1.1000000000000072,1.1699999999999928
2001-05-05,0.11,1.200000000000007,1.269999999999993
2001-05-06,1.01,1.610000000000007,2.2599999999999927
2001-05-07,0.38,1.500000000000007,2.619999999999993
2001-05-08,0.16,1.5500000000000071,2.7599999999999927
2001-05-09,0.09,0.6300000000000071,2.839999999999993
2001-05-10,0.02,0.2700000000000071,2.259999999999993
2001-05-11,0.24,0.3500000000000071,2.009999999999993
2001-05-12,5.0,5.260000000000007,6.899999999999993
2001-05-13,0.25,5.490000000000006,6.1399999999999935
2001-05-14,0.0,5.250000000000007,5.759999999999994
2001-05-15,0.47,0.7200000000000071,6.069999999999993
2001-05-16,0.01,0.4800000000000071,5.989999999999993
2001-05-17,0.13,0.6100000000000071,6.099999999999993
2001-05-18,1.44,1.5800000000000072,7.299999999999993
2001-05-19,0.46,2.0300000000000074,2.7599999999999927
2001-05-20,4.12,6.020000000000008,6.629999999999993
2001-05-21,1.55,6.130000000000007,8.179999999999993
2001-05-22,0.08,5.750000000000007,7.789999999999993
2001-05-23,0.39,2.020000000000007,8.169999999999993
2001-05-24,0.02,0.49000000000000715,8.059999999999993
2001-05-25,0.0,0.41000000000000714,6.619999999999993
2001-05-26,0.09,0.1100000000000071,6.249999999999993
2001-05-27,0.05,0.14000000000000712,2.179999999999993
2001-05-28,1.63,1.7700000000000071,2.2599999999999927
2001-05-29,0.15,1.830000000000007,2.329999999999993
2001-05-30,0.04,1.8200000000000072,1.9799999999999929
2001-05-31,0.05,0.24000000000000732,2.009999999999993
2001-06-01,0.26,0.3500000000000073,2.269999999999993
2001-06-02,2.62,2.9300000000000073,4.799999999999994
2001-06-03,13.12,16.000000000000007,17.869999999999994
2001-06-04,17.09,32.830000000000005,33.32999999999999
2001-06-05,5.11,35.32000000000001,38.28999999999999
2001-06-06,0.26,22.46000000000001,38.509999999999984
2001-06-07,0.02,5.390000000000008,38.47999999999999
2001-06-08,0.23,0.5100000000000071,38.44999999999999
2001-06-09,0.05,0.3000000000000071,35.87999999999999
2001-06-10,0.02,0.3000000000000071,22.77999999999999
2001-06-11,2.04,2.110000000000007,7.729999999999993
2001-06-12,0.94,3.000000000000007,3.559999999999993
2001-06-13,0.45,3.4300000000000073,3.749999999999993
2001-06-14,0.14,1.5300000000000071,3.869999999999993
2001-06-15,0.04,0.6300000000000071,3.6799999999999926
2001-06-16,0.0,0.18000000000000713,3.629999999999993
2001-06-17,0.0,0.040000000000007106,3.6099999999999928
2001-06-18,0.17,0.17000000000000712,1.7399999999999929
2001-06-19,0.36,0.5300000000000071,1.159999999999993
2001-06-20,2.61,3.140000000000007,3.319999999999993
2001-06-21,0.2,3.1700000000000075,3.379999999999993
2001-06-22,2.19,5.000000000000007,5.529999999999992
2001-06-23,0.11,2.500000000000007,5.639999999999993
2001-06-24,0.0,2.300000000000007,5.639999999999993
2001-06-25,0.03,0.14000000000000712,5.499999999999993
2001-06-26,1.01,1.0400000000000071,6.149999999999992
2001-06-27,0.44,1.480000000000007,3.979999999999993
2001-06-28,0.22,1.670000000000007,3.999999999999993
2001-06-29,1.34,2.000000000000007,3.149999999999993
2001-06-30,8.48,10.040000000000008,11.519999999999992
2001-07-01,0.72,10.540000000000008,12.239999999999993
2001-07-02,2.35,11.550000000000008,14.559999999999993
2001-07-03,4.27,7.340000000000007,17.819999999999993
2001-07-04,1.38,8.000000000000007,18.75999999999999
2001-07-05,0.23,5.880000000000007,18.769999999999992
2001-07-06,0.1,1.710000000000007,17.529999999999994
2001-07-07,0.03,0.3600000000000071,9.079999999999993
2001-07-08,0.33,0.4600000000000072,8.689999999999992
2001-07-09,0.22,0.5800000000000072,6.5599999999999925
2001-07-10,0.55,1.1000000000000072,2.8399999999999928
2001-07-11,0.93,1.7000000000000073,2.389999999999993
2001-07-12,8.08,9.560000000000008,10.239999999999993
2001-07-13,9.57,18.580000000000005,19.709999999999994
2001-07-14,6.86,24.51000000000001,26.539999999999992
2001-07-15,11.08,27.510000000000005,37.28999999999999
2001-07-16,21.14,39.080000000000005,58.209999999999994
2001-07-17,6.02,38.24000000000001,63.67999999999999
2001-07-18,0.15,27.310000000000006,62.89999999999999
2001-07-19,0.02,6.190000000000007,54.839999999999996
2001-07-20,0.16,0.33000000000000707,45.42999999999999
2001-07-21,1.47,1.650000000000007,40.03999999999999
2001-07-22,1.48,3.110000000000007,30.439999999999994
2001-07-23,0.64,3.590000000000007,9.939999999999992
2001-07-24,16.07,18.19000000000001,19.989999999999995
2001-07-25,4.4,21.110000000000007,24.239999999999995
2001-07-26,6.23,26.70000000000001,30.449999999999996
2001-07-27,2.21,12.840000000000007,32.5
2001-07-28,20.78,29.220000000000006,51.809999999999995
2001-07-29,2.73,25.720000000000006,53.059999999999995
2001-07-30,0.93,24.440000000000005,53.349999999999994
2001-07-31,5.76,9.420000000000003,43.03999999999999
2001-08-01,5.63,12.320000000000004,44.26999999999999
2001-08-02,2.49,13.880000000000003,40.529999999999994
2001-08-03,1.14,9.260000000000003,39.459999999999994
2001-08-04,0.61,4.240000000000004,19.289999999999992
2001-08-05,0.91,2.6600000000000037,17.46999999999999
2001-08-06,0.43,1.9500000000000035,16.96999999999999
2001-08-07,0.03,1.3700000000000034,11.239999999999993
2001-08-08,1.12,1.5800000000000036,6.729999999999993
2001-08-09,0.68,1.8300000000000036,4.919999999999993
2001-08-10,5.01,6.810000000000003,8.789999999999992
2001-08-11,2.47,8.160000000000004,10.649999999999993
2001-08-12,0.92,8.400000000000004,10.659999999999993
2001-08-13,1.52,4.910000000000004,11.749999999999993
2001-08-14,0.47,2.9100000000000037,12.189999999999992
2001-08-15,0.04,2.0300000000000034,11.109999999999994
2001-08-16,3.06,3.5700000000000034,13.489999999999991
2001-08-17,0.19,3.290000000000003,8.669999999999995
2001-08-18,0.74,3.9900000000000038,6.939999999999993
2001-08-19,0.67,1.6000000000000036,6.689999999999992
2001-08-20,0.48,1.8900000000000037,5.649999999999992
2001-08-21,0.4,1.5500000000000036,5.579999999999993
2001-08-22,0.14,1.0200000000000036,5.679999999999993
2001-08-23,4.1,4.640000000000003,6.719999999999992
2001-08-24,1.88,6.120000000000003,8.409999999999991
2001-08-25,3.66,9.640000000000004,11.329999999999991
2001-08-26,8.27,13.810000000000004,18.929999999999993
2001-08-27,1.53,13.460000000000003,19.97999999999999
2001-08-28,0.68,10.480000000000006,20.25999999999999
2001-08-29,0.13,2.340000000000005,20.249999999999993
2001-08-30,0.12,0.9300000000000054,16.26999999999999
2001-08-31,0.03,0.28000000000000536,14.419999999999991
2001-09-01,0.01,0.16000000000000533,10.76999999999999
2001-09-02,0.78,0.8200000000000054,3.2799999999999914
2001-09-03,0.55,1.3400000000000054,2.2999999999999914
2001-09-04,7.42,8.750000000000005,9.039999999999992
2001-09-05,0.4,8.370000000000005,9.309999999999992
2001-09-06,0.13,7.9500000000000055,9.319999999999991
2001-09-07,0.09,0.6200000000000053,9.379999999999992
2001-09-08,0.35,0.5700000000000053,9.719999999999992
2001-09-09,0.62,1.0600000000000054,9.559999999999992
2001-09-10,39.71,40.68000000000001,48.71999999999999
2001-09-11,17.81,58.14,59.109999999999985
2001-09-12,7.18,64.7,65.88999999999999
2001-09-13,2.83,27.820000000000007,68.58999999999999
2001-09-14,1.71,11.720000000000006,70.21
2001-09-15,0.42,4.960000000000007,70.27999999999999
2001-09-16,1.21,3.340000000000007,70.86999999999999
2001-09-17,0.92,2.550000000000007,32.07999999999999
2001-09-18,2.65,4.7800000000000065,16.91999999999999
2001-09-19,4.17,7.740000000000006,13.909999999999993
2001-09-20,1.61,8.430000000000007,12.689999999999992
2001-09-21,3.79,9.570000000000007,14.769999999999994
2001-09-22,1.09,6.490000000000006,15.439999999999992
2001-09-23,2.25,7.130000000000006,16.479999999999993
2001-09-24,5.4,8.740000000000006,20.959999999999994
2001-09-25,6.19,13.840000000000007,24.499999999999996
2001-09-26,10.59,22.180000000000007,30.919999999999995
2001-09-27,8.5,25.28000000000001,37.809999999999995
2001-09-28,8.77,27.860000000000007,42.78999999999999
2001-09-29,9.27,26.540000000000006,50.96999999999999
2001-09-30,2.71,20.750000000000007,51.42999999999999
2001-10-01,1.63,13.610000000000007,47.66
2001-10-02,2.51,6.850000000000007,43.98
2001-10-03,6.01,10.150000000000006,39.39999999999999
2001-10-04,29.51,38.03000000000001,60.41
2001-10-05,71.89,107.41000000000001,123.53
2001-10-06,58.45,159.85000000000002,172.70999999999998
2001-10-07,4.49,134.83,174.49
2001-10-08,3.7,66.64,176.56
2001-10-09,1.54,9.73,175.59
2001-10-10,0.44,5.680000000000001,170.02
2001-10-11,1.99,3.9699999999999998,142.5
2001-10-12,4.53,6.96,75.14
2001-10-13,6.86,13.379999999999999,23.55
2001-10-14,18.62,30.009999999999998,37.68000000000001
2001-10-15,30.36,55.84,64.34
2001-10-16,19.87,68.85,82.67
2001-10-17,2.66,52.89,84.89
2001-10-18,2.21,24.740000000000002,85.11
2001-10-19,0.33,5.2,80.91000000000001
2001-10-20,0.53,3.0700000000000003,74.58000000000001
2001-10-21,0.34,1.2000000000000002,56.300000000000004
2001-10-22,1.03,1.9000000000000001,26.970000000000002
2001-10-23,15.08,16.45,22.18
2001-10-24,36.51,52.62,56.03
2001-10-25,12.91,64.5,66.72999999999999
2001-10-26,11.71,61.129999999999995,78.11
2001-10-27,1.96,26.580000000000002,79.53999999999999
2001-10-28,0.37,14.040000000000001,79.57
2001-10-29,0.0,2.33,78.53999999999999
2001-10-30,0.0,0.37,63.459999999999994
2001-10-31,0.0,0.0,26.95
2001-11-01,0.46,0.46,14.5
2001-11-02,14.74,15.200000000000001,17.53
2001-11-03,8.18,23.380000000000003,23.75
2001-11-04,10.83,33.75,34.21
2001-11-05,11.46,30.47,45.67
2001-11-06,19.99,42.28,65.66
2001-11-07,17.91,49.36,83.57
2001-11-08,20.64,58.54,103.75
2001-11-09,14.21,52.76,103.22
2001-11-10,3.8,38.65,98.84
2001-11-11,1.25,19.26,89.25999999999999
2001-11-12,0.22,5.27,78.02
2001-11-13,0.06,1.53,58.09
2001-11-14,0.3,0.58,40.480000000000004
2001-11-15,7.86,8.22,27.700000000000003
2001-11-16,3.61,11.77,17.1
2001-11-17,13.14,24.61,26.439999999999998
2001-11-18,10.83,27.580000000000002,36.019999999999996
2001-11-19,1.32,25.29,37.12
2001-11-20,3.38,15.530000000000001,40.44
2001-11-21,26.1,30.800000000000004,66.24000000000001
2001-11-22,7.17,36.650000000000006,65.55
2001-11-23,0.67,33.940000000000005,62.61000000000001
2001-11-24,0.08,7.9200000000000035,49.550000000000004
2001-11-25,0.3,1.0500000000000036,39.019999999999996
2001-11-26,3.08,3.4600000000000035,40.78
2001-11-27,2.21,5.590000000000003,39.61
2001-11-28,0.24,5.530000000000004,13.75
2001-11-29,0.22,2.6700000000000035,6.8
2001-11-30,7.63,8.090000000000003,13.76
2001-12-01,7.32,15.170000000000003,21.0
2001-12-02,0.22,15.170000000000003,20.919999999999998
2001-12-03,0.02,7.560000000000004,17.86
2001-12-04,0.0,0.24000000000000354,15.65
2001-12-05,0.0,0.020000000000003553,15.41
2001-12-06,0.0,0.0,15.19
2001-12-07,0.0,0.0,7.5600000000000005
2001-12-08,0.0,0.0,0.24
2001-12-09,0.0,0.0,0.02
2001-12-10,0.0,0.0,0.0
2001-12-11,0.0,0.0,0.0
2001-12-12,0.0,0.0,0.0
2001-12-13,0.0,0.0,0.0
2001-12-14,0.02,0.020000000000003553,0.02
2001-12-15,0.03,0.050000000000003555,0.05
2001-12-16,0.07,0.12000000000000356,0.12000000000000001
2001-12-17,8.5,8.600000000000003,8.62
2001-12-18,11.17,19.740000000000002,19.79
2001-12-19,1.07,20.740000000000002,20.86
2001-12-20,32.76,45.0,53.62
2001-12-21,58.95,92.78,112.55
2001-12-22,30.07,121.78,142.59
2001-12-23,21.95,110.97,164.47
2001-12-24,8.71,60.730000000000004,164.68
2001-12-25,4.25,34.91,157.76
2001-12-26,2.29,15.25,158.98
2001-12-27,0.05,6.59,126.27000000000001
2001-12-28,0.01,2.35,67.33
2001-12-29,0.05,0.11000000000000001,37.31
2001-12-30,0.02,0.08,15.38
2001-12-31,0.0,0.07,6.67
2002-01-01,0.15,0.16999999999999998,2.57
2002-01-02,0.01,0.16,0.29
2002-01-03,0.23,0.39,0.47000000000000003
2002-01-04,6.35,6.59,6.81
2002-01-05,10.34,16.92,17.1
2002-01-06,12.24,28.93,29.32
2002-01-07,13.2,35.78,42.519999999999996
2002-01-08,20.11,45.55,62.480000000000004
2002-01-09,12.52,45.83,74.99
2002-01-10,2.3,34.92999999999999,77.05999999999999
2002-01-11,0.0,14.82,70.71
2002-01-12,0.0,2.3,60.37
2002-01-13,0.0,0.0,48.129999999999995
2002-01-14,0.0,0.0,34.92999999999999
2002-01-15,0.0,0.0,14.82
2002-01-16,0.0,0.0,2.3
2002-01-17,0.01,0.01,0.01
2002-01-18,0.05,0.060000000000000005,0.060000000000000005
2002-01-19,0.21,0.27,0.27
2002-01-20,2.55,2.8099999999999996,2.82
2002-01-21,1.48,4.24,4.3
2002-01-22,0.02,4.05,4.319999999999999
2002-01-23,0.0,1.5,4.319999999999999
2002-01-24,0.0,0.02,4.31
2002-01-25,0.0,0.0,4.26
2002-01-26,0.0,0.0,4.05
2002-01-27,0.0,0.0,1.5
2002-01-28,0.06,0.06,0.08
2002-01-29,0.0,0.06,0.06
2002-01-30,0.24,0.3,0.3
2002-01-31,5.51,5.75,5.81
2002-02-01,10.84,16.59,16.65
2002-02-02,7.32,23.67,23.97
2002-02-03,0.4,18.56,24.369999999999997
2002-02-04,0.08,7.800000000000001,24.39
2002-02-05,0.04,0.52,24.43
2002-02-06,0.0,0.12,24.189999999999998
2002-02-07,0.01,0.05,18.69
2002-02-08,0.01,0.02,7.86
2002-02-09,0.0,0.02,0.54
2002-02-10,0.0,0.01,0.14
2002-02-11,0.0,0.0,0.06
2002-02-12,0.02,0.02,0.04
2002-02-13,0.01,0.03,0.05
2002-02-14,0.01,0.04,0.05
2002-02-15,0.0,0.02,0.04000000000000001
2002-02-16,0.0,0.01,0.04000000000000001
2002-02-17,0.0,0.0,0.04000000000000001
2002-02-18,0.0,0.0,0.04000000000000001
2002-02-19,0.0,0.0,0.02
2002-02-20,0.0,0.0,0.01
2002-02-21,0.0,0.0,0.0
2002-02-22,0.0,0.0,0.0
2002-02-23,0.0,0.0,0.0
2002-02-24,0.0,0.0,0.0
2002-02-25,0.0,0.0,0.0
2002-02-26,0.0,0.0,0.0
2002-02-27,0.0,0.0,0.0
2002-02-28,0.0,0.0,0.0
2002-03-01,0.0,0.0,0.0
2002-03-02,0.0,0.0,0.0
2002-03-03,0.0,0.0,0.0
2002-03-04,0.0,0.0,0.0
2002-03-05,0.0,0.0,0.0
2002-03-06,0.0,0.0,0.0
2002-03-07,0.0,0.0,0.0
2002-03-08,0.0,0.0,0.0
2002-03-09,0.0,0.0,0.0
2002-03-10,0.0,0.0,0.0
2002-03-11,0.0,0.0,0.0
2002-03-12,0.0,0.0,0.0
2002-03-13,0.0,0.0,0.0
2002-03-14,0.0,0.0,0.0
2002-03-15,0.0,0.0,0.0
2002-03-16,0.0,0.0,0.0
2002-03-17,0.0,0.0,0.0
2002-03-18,0.0,0.0,0.0
2002-03-19,0.0,0.0,0.0
2002-03-20,0.0,0.0,0.0
2002-03-21,0.0,0.0,0.0
2002-03-22,0.0,0.0,0.0
2002-03-23,0.0,0.0,0.0
2002-03-24,0.0,0.0,0.0
2002-03-25,0.0,0.0,0.0
2002-03-26,0.0,0.0,0.0
2002-03-27,0.0,0.0,0.0
2002-03-28,0.0,0.0,0.0
2002-03-29,0.01,0.01,0.01
2002-03-30,0.01,0.02,0.02
2002-03-31,0.11,0.13,0.13
2002-04-01,0.03,0.15000000000000002,0.16
2002-04-02,0.04,0.18,0.2
2002-04-03,0.02,0.09,0.22
2002-04-04,0.11,0.16999999999999998,0.33
2002-04-05,0.08,0.21,0.4
2002-04-06,0.0,0.19,0.39
2002-04-07,0.0,0.08,0.28
2002-04-08,0.0,0.0,0.24999999999999997
2002-04-09,0.0,0.0,0.21
2002-04-10,0.0,0.0,0.19
2002-04-11,0.01,0.01,0.09
2002-04-12,0.02,0.03,0.03
2002-04-13,0.02,0.05,0.05
2002-04-14,0.01,0.05,0.06
2002-04-15,0.0,0.030000000000000006,0.06
2002-04-16,0.0,0.010000000000000004,0.06
2002-04-17,0.0,0.0,0.06
2002-04-18,0.0,0.0,0.049999999999999996
2002-04-19,0.01,0.010000000000000004,0.04
2002-04-20,0.02,0.030000000000000006,0.04
2002-04-21,0.01,0.04,0.04
2002-04-22,0.03,0.06,0.07
2002-04-23,0.01,0.05,0.08
2002-04-24,0.01,0.05,0.09
2002-04-25,0.02,0.04,0.11
2002-04-26,0.02,0.05,0.12000000000000001
2002-04-27,0.01,0.05,0.11
2002-04-28,0.02,0.05,0.12000000000000001
2002-04-29,0.0,0.030000000000000002,0.09
2002-04-30,0.0,0.020000000000000004,0.08
2002-05-01,0.01,0.01,0.08
2002-05-02,0.29,0.3,0.35
2002-05-03,0.7,1.0,1.0299999999999998
2002-05-04,0.73,1.72,1.75
2002-05-05,0.02,1.45,1.7499999999999998
2002-05-06,0.03,0.78,1.7799999999999998
2002-05-07,0.64,0.6900000000000001,2.42
2002-05-08,0.18,0.8500000000000001,2.5900000000000003
2002-05-09,0.1,0.92,2.4
2002-05-10,0.33,0.61,2.03
2002-05-11,5.38,5.81,6.68
2002-05-12,1.01,6.72,7.67
2002-05-13,0.06,6.45,7.7
2002-05-14,0.06,1.13,7.12
2002-05-15,0.28,0.4,7.22
2002-05-16,5.46,5.8,12.58
2002-05-17,2.02,7.76,14.27
2002-05-18,0.24,7.72,9.13
2002-05-19,0.03,2.29,8.149999999999999
2002-05-20,0.2,0.47,8.290000000000001
2002-05-21,0.02,0.25,8.25
2002-05-22,0.04,0.26,8.01
2002-05-23,0.1,0.16,2.65
2002-05-24,0.15,0.29000000000000004,0.78
2002-05-25,2.14,2.39,2.68
2002-05-26,0.34,2.63,2.99
2002-05-27,0.96,3.4400000000000004,3.75
2002-05-28,0.51,1.81,4.24
2002-05-29,5.82,7.29,10.02
2002-05-30,1.25,7.58,11.170000000000002
2002-05-31,0.24,7.3100000000000005,11.26
2002-06-01,1.14,2.63,10.26
2002-06-02,0.11,1.49,10.03
2002-06-03,0.05,1.2999999999999998,9.120000000000001
2002-06-04,0.12,0.28,8.729999999999999
2002-06-05,0.44,0.61,3.3499999999999996
2002-06-06,0.37,0.9299999999999999,2.4699999999999998
2002-06-07,3.55,4.359999999999999,5.779999999999999
2002-06-08,1.44,5.359999999999999,6.08
2002-06-09,1.27,6.26,7.239999999999999
2002-06-10,0.55,3.26,7.739999999999999
2002-06-11,1.39,3.21,9.01
2002-06-12,0.28,2.2199999999999998,8.85
2002-06-13,0.66,2.33,9.139999999999999
2002-06-14,1.12,2.0600000000000005,6.71
2002-06-15,0.76,2.54,6.029999999999999
2002-06-16,1.67,3.55,6.43
2002-06-17,0.54,2.9699999999999998,6.42
2002-06-18,12.01,14.219999999999999,17.04
2002-06-19,2.94,15.49,19.7
2002-06-20,1.25,16.2,20.29
2002-06-21,0.24,4.43,19.41
2002-06-22,0.14,1.63,18.79
2002-06-23,0.04,0.42,17.16
2002-06-24,0.29,0.47,16.909999999999997
2002-06-25,0.1,0.42999999999999994,5.0
2002-06-26,0.0,0.39,2.06
2002-06-27,0.0,0.1,0.8099999999999999
2002-06-28,0.16,0.16,0.73
2002-06-29,0.46,0.62,1.05
2002-06-30,0.01,0.63,1.02
2002-07-01,0.01,0.48000000000000004,0.74
2002-07-02,0.02,0.040000000000000056,0.66
2002-07-03,0.0,0.030000000000000054,0.66
2002-07-04,0.09,0.11000000000000006,0.75
2002-07-05,0.11,0.20000000000000007,0.7000000000000001
2002-07-06,0.02,0.22000000000000006,0.26
2002-07-07,0.05,0.18000000000000005,0.3
2002-07-08,3.06,3.13,3.35
2002-07-09,0.4,3.51,3.73
2002-07-10,0.39,3.85,4.12
2002-07-11,12.65,13.440000000000001,16.68
2002-07-12,2.23,15.27,18.8
2002-07-13,0.28,15.159999999999998,19.060000000000002
2002-07-14,0.11,2.62,19.12
2002-07-15,1.5,1.8900000000000001,17.560000000000002
2002-07-16,2.99,4.6000000000000005,20.150000000000002
2002-07-17,0.72,5.21,20.48
2002-07-18,0.48,4.19,8.310000000000002
2002-07-19,0.06,1.26,6.1400000000000015
2002-07-20,0.03,0.57,5.890000000000002
2002-07-21,0.46,0.55,6.240000000000002
2002-07-22,0.37,0.8600000000000001,5.110000000000002
2002-07-23,0.5,1.33,2.620000000000002
2002-07-24,2.04,2.91,3.940000000000002
2002-07-25,0.28,2.8200000000000003,3.740000000000002
2002-07-26,0.32,2.64,4.000000000000002
2002-07-27,1.14,1.74,5.110000000000002
2002-07-28,5.94,7.4,10.590000000000003
2002-07-29,4.34,11.42,14.560000000000002
2002-07-30,2.79,13.07,16.85
2002-07-31,1.48,8.61,16.290000000000003
2002-08-01,0.97,5.24,16.98
2002-08-02,0.73,3.1799999999999997,17.39
2002-08-03,23.95,25.65,40.2
2002-08-04,3.61,28.29,37.87
2002-08-05,0.68,28.24,34.21
2002-08-06,2.68,6.970000000000001,34.1
2002-08-07,0.67,4.03,33.29
2002-08-08,4.56,7.91,36.88
2002-08-09,1.1,6.33,37.25
2002-08-10,0.32,5.979999999999999,13.620000000000001
2002-08-11,0.42,1.8399999999999992,10.430000000000001
2002-08-12,0.14,0.8799999999999991,9.89
2002-08-13,1.17,1.729999999999999,8.379999999999999
2002-08-14,0.31,1.6199999999999992,8.02
2002-08-15,1.81,3.289999999999999,5.27
2002-08-16,7.99,10.11,12.16
2002-08-17,1.97,11.77,13.81
2002-08-18,1.91,11.870000000000001,15.3
2002-08-19,3.33,7.209999999999999,18.49
2002-08-20,2.18,7.42,19.5
2002-08-21,2.24,7.75,21.43
2002-08-22,0.65,5.069999999999999,20.27
2002-08-23,0.91,3.7999999999999994,13.190000000000001
2002-08-24,2.23,3.789999999999999,13.45
2002-08-25,3.44,6.579999999999999,14.98
2002-08-26,2.78,8.45,14.430000000000001
2002-08-27,5.52,11.739999999999998,17.77
2002-08-28,23.35,31.65,38.88
2002-08-29,15.03,43.9,53.260000000000005
2002-08-30,4.98,43.36,57.33
2002-08-31,6.56,26.57,61.660000000000004
2002-09-01,7.84,19.38,66.06
2002-09-02,30.09,44.489999999999995,93.37
2002-09-03,23.0,60.92999999999999,110.85000000000001
2002-09-04,2.41,55.5,89.91
2002-09-05,0.8,26.21,75.67999999999999
2002-09-06,1.9,5.11,72.6
2002-09-07,1.87,4.57,67.91000000000001
2002-09-08,0.04,3.81,60.11000000000001
2002-09-09,1.27,3.18,31.29
2002-09-10,0.01,1.32,8.3
2002-09-11,0.0,1.28,5.89
2002-09-12,0.55,0.56,5.640000000000001
2002-09-13,0.73,1.28,4.47
2002-09-14,0.55,1.83,3.15
2002-09-15,6.64,7.92,9.75
2002-09-16,1.46,8.649999999999999,9.940000000000001
2002-09-17,5.79,13.89,15.72
2002-09-18,8.25,15.5,23.97
2002-09-19,1.05,15.09,24.47
2002-09-20,1.73,11.03,25.47
2002-09-21,0.48,3.26,25.4
2002-09-22,0.14,2.35,18.9
2002-09-23,0.23,0.85,17.67
2002-09-24,0.0,0.37,11.88
2002-09-25,0.0,0.23,3.63
2002-09-26,0.1,0.1,2.68
2002-09-27,0.54,0.64,1.49
2002-09-28,0.07,0.71,1.08
2002-09-29,0.03,0.64,0.97
2002-09-30,0.01,0.11,0.75
2002-10-01,0.16,0.2,0.91
2002-10-02,0.06,0.22999999999999998,0.97
2002-10-03,0.3,0.52,1.17
2002-10-04,0.63,0.9899999999999999,1.2599999999999998
2002-10-05,1.68,2.61,2.87
2002-10-06,2.44,4.75,5.279999999999999
2002-10-07,5.46,9.579999999999998,10.73
2002-10-08,16.15,24.049999999999997,26.72
2002-10-09,20.44,42.05,47.1
2002-10-10,12.15,48.739999999999995,58.949999999999996
2002-10-11,23.65,56.239999999999995,81.97
2002-10-12,13.32,49.12,93.60999999999999
2002-10-13,5.16,42.129999999999995,96.33
2002-10-14,6.69,25.169999999999995,97.56
2002-10-15,5.28,17.129999999999995,86.69
2002-10-16,4.41,16.379999999999995,70.66
2002-10-17,26.86,36.55,85.37
2002-10-18,8.09,39.35999999999999,69.81
2002-10-19,2.2,37.15,58.69
2002-10-20,0.18,10.469999999999997,53.71
2002-10-21,0.27,2.649999999999997,47.29
2002-10-22,0.58,1.0299999999999965,42.589999999999996
2002-10-23,7.18,8.029999999999996,45.36
2002-10-24,7.03,14.789999999999996,25.53
2002-10-25,12.59,26.799999999999997,30.03
2002-10-26,36.35,55.97,64.18
2002-10-27,16.37,65.31,80.36999999999999
2002-10-28,12.37,65.08999999999999,92.47
2002-10-29,43.7,72.44,135.59
2002-10-30,35.82,91.89,164.23
2002-10-31,41.17,120.69000000000001,198.37
2002-11-01,58.8,135.79000000000002,244.57999999999998
2002-11-02,6.6,106.57,214.82999999999998
2002-11-03,2.05,67.45,200.51
2002-11-04,2.63,11.28,190.76999999999998
2002-11-05,6.37,11.05,153.44
2002-11-06,4.94,13.94,122.55999999999999
2002-11-07,18.84,30.15,100.22999999999999
2002-11-08,33.8,57.58,75.22999999999999
2002-11-09,26.71,79.35,95.34
2002-11-10,24.77,85.28,118.05999999999999
2002-11-11,1.45,52.93,116.88
2002-11-12,0.0,26.22,110.50999999999999
2002-11-13,0.53,1.98,106.09999999999998
2002-11-14,0.14,0.67,87.39999999999999
2002-11-15,0.03,0.7000000000000001,53.629999999999995
2002-11-16,0.08,0.25,26.999999999999993
2002-11-17,0.02,0.13,2.249999999999993
2002-11-18,0.45,0.55,1.249999999999993
2002-11-19,0.29,0.76,1.539999999999993
2002-11-20,1.46,2.2,2.4699999999999926
2002-11-21,0.09,1.84,2.419999999999993
2002-11-22,0.2,1.75,2.5899999999999928
2002-11-23,0.01,0.3,2.519999999999993
2002-11-24,0.0,0.21000000000000002,2.499999999999993
2002-11-25,0.0,0.01,2.0499999999999927
2002-11-26,0.0,0.0,1.759999999999993
2002-11-27,0.0,0.0,0.2999999999999929
2002-11-28,0.0,0.0,0.20999999999999291
2002-11-29,0.0,0.0,0.009999999999992895
2002-11-30,0.0,0.0,0.0
2002-12-01,0.0,0.0,0.0
2002-12-02,0.01,0.01,0.009999999999992895
2002-12-03,0.26,0.27,0.2699999999999929
2002-12-04,0.11,0.38,0.3799999999999929
2002-12-05,0.42,0.79,0.7999999999999929
2002-12-06,32.76,33.29,33.55999999999999
2002-12-07,12.64,45.82,46.19999999999999
2002-12-08,0.96,46.36,47.15999999999999
2002-12-09,0.05,13.65,47.19999999999999
2002-12-10,0.03,1.04,46.969999999999985
2002-12-11,0.01,0.09,46.86999999999998
2002-12-12,0.0,0.04,46.44999999999999
2002-12-13,0.0,0.01,13.689999999999994
2002-12-14,0.0,0.0,1.049999999999993
2002-12-15,0.0,0.0,0.08999999999999289
2002-12-16,0.02,0.02,0.05999999999999289
2002-12-17,0.0,0.02,0.029999999999992893
2002-12-18,0.0,0.02,0.01999999999999289
2002-12-19,0.0,0.0,0.01999999999999289
2002-12-20,0.0,0.0,0.01999999999999289
2002-12-21,0.0,0.0,0.01999999999999289
2002-12-22,0.0,0.0,0.01999999999999289
2002-12-23,0.0,0.0,0.0
2002-12-24,0.0,0.0,0.0
2002-12-25,0.0,0.0,0.0
2002-12-26,0.0,0.0,0.0
2002-12-27,0.0,0.0,0.0
2002-12-28,0.0,0.0,0.0
2002-12-29,0.0,0.0,0.0
2002-12-30,0.0,0.0,0.0
2002-12-31,0.0,0.0,0.0
2003-01-01,0.0,0.0,0.0
2003-01-02,0.0,0.0,0.0
2003-01-03,0.04,0.04,0.039999999999992895
2003-01-04,0.0,0.04,0.039999999999992895
2003-01-05,0.0,0.04,0.039999999999992895
2003-01-06,0.0,0.0,0.039999999999992895
2003-01-07,0.0,0.0,0.039999999999992895
2003-01-08,0.0,0.0,0.039999999999992895
2003-01-09,0.0,0.0,0.039999999999992895
2003-01-10,0.01,0.01,0.009999999999992895
2003-01-11,0.0,0.01,0.009999999999992895
2003-01-12,0.0,0.01,0.009999999999992895
2003-01-13,0.0,0.0,0.009999999999992895
2003-01-14,0.0,0.0,0.009999999999992895
2003-01-15,0.0,0.0,0.009999999999992895
2003-01-16,0.0,0.0,0.009999999999992895
2003-01-17,0.01,0.01,0.009999999999992895
2003-01-18,0.17,0.18000000000000002,0.17999999999999292
2003-01-19,0.3,0.48,0.4799999999999929
2003-01-20,0.07,0.54,0.5499999999999929
2003-01-21,0.0,0.37,0.5499999999999929
2003-01-22,0.0,0.07000000000000006,0.5499999999999929
2003-01-23,0.0,0.0,0.5499999999999929
2003-01-24,0.0,0.0,0.5399999999999929
2003-01-25,0.0,0.0,0.3699999999999929
2003-01-26,0.0,0.0,0.06999999999999296
2003-01-27,0.0,0.0,0.0
2003-01-28,0.0,0.0,0.0
2003-01-29,0.0,0.0,0.0
2003-01-30,0.0,0.0,0.0
2003-01-31,0.0,0.0,0.0
2003-02-01,0.0,0.0,0.0
2003-02-02,0.01,0.010000000000000056,0.00999999999999295
2003-02-03,0.0,0.010000000000000056,0.00999999999999295
2003-02-04,0.01,0.020000000000000056,0.01999999999999295
2003-02-05,0.02,0.030000000000000054,0.03999999999999295
2003-02-06,0.0,0.030000000000000058,0.03999999999999295
2003-02-07,0.0,0.02000000000000006,0.03999999999999295
2003-02-08,0.0,0.0,0.03999999999999295
2003-02-09,0.0,0.0,0.02999999999999295
2003-02-10,0.0,0.0,0.02999999999999295
2003-02-11,0.0,0.0,0.01999999999999295
2003-02-12,0.01,0.010000000000000056,0.00999999999999295
2003-02-13,0.0,0.010000000000000056,0.00999999999999295
2003-02-14,0.0,0.010000000000000056,0.00999999999999295
2003-02-15,0.0,0.0,0.00999999999999295
2003-02-16,0.0,0.0,0.00999999999999295
2003-02-17,0.0,0.0,0.00999999999999295
2003-02-18,0.0,0.0,0.00999999999999295
2003-02-19,0.0,0.0,0.0
2003-02-20,0.0,0.0,0.0
2003-02-21,0.0,0.0,0.0
2003-02-22,0.0,0.0,0.0
2003-02-23,0.0,0.0,0.0
2003-02-24,0.0,0.0,0.0
2003-02-25,0.16,0.16000000000000006,0.15999999999999295
2003-02-26,0.0,0.16000000000000006,0.15999999999999295
2003-02-27,0.0,0.16000000000000006,0.15999999999999295
2003-02-28,0.0,0.0,0.15999999999999295
2003-03-01,0.0,0.0,0.15999999999999295
2003-03-02,0.0,0.0,0.15999999999999295
2003-03-03,0.0,0.0,0.15999999999999295
2003-03-04,0.0,0.0,0.0
2003-03-05,0.0,0.0,0.0
2003-03-06,0.0,0.0,0.0
2003-03-07,0.0,0.0,0.0
2003-03-08,0.0,0.0,0.0
2003-03-09,0.0,0.0,0.0
2003-03-10,0.0,0.0,0.0
2003-03-11,0.0,0.0,0.0
2003-03-12,0.0,0.0,0.0
2003-03-13,0.02,0.020000000000000056,0.01999999999999295
2003-03-14,0.01,0.030000000000000054,0.02999999999999295
2003-03-15,0.01,0.040000000000000056,0.03999999999999295
2003-03-16,0.06,0.08000000000000006,0.09999999999999296
2003-03-17,10.02,10.09,10.119999999999992
2003-03-18,2.39,12.47,12.509999999999993
2003-03-19,0.13,12.54,12.639999999999992
2003-03-20,0.13,2.6500000000000004,12.749999999999993
2003-03-21,0.0,0.26,12.739999999999993
2003-03-22,0.0,0.13,12.729999999999993
2003-03-23,0.0,0.0,12.669999999999993
2003-03-24,0.0,0.0,2.6499999999999932
2003-03-25,0.0,0.0,0.2599999999999929
2003-03-26,0.0,0.0,0.1299999999999929
2003-03-27,0.01,0.01,0.009999999999992895
2003-03-28,0.04,0.05,0.0499999999999929
2003-03-29,0.41,0.45999999999999996,0.45999999999999286
2003-03-30,0.0,0.44999999999999996,0.45999999999999286
2003-03-31,0.0,0.41,0.45999999999999286
2003-04-01,0.08,0.08,0.5399999999999928
2003-04-02,0.13,0.21000000000000002,0.6699999999999928
2003-04-03,0.03,0.24000000000000002,0.6899999999999928
2003-04-04,0.04,0.20000000000000004,0.6899999999999928
2003-04-05,0.04,0.11000000000000003,0.3199999999999929
2003-04-06,0.0,0.08000000000000003,0.3199999999999929
2003-04-07,0.0,0.04000000000000003,0.3199999999999929
2003-04-08,0.0,0.0,0.23999999999999289
2003-04-09,0.0,0.0,0.1099999999999929
2003-04-10,0.0,0.0,0.0799999999999929
2003-04-11,0.44,0.44000000000000006,0.4799999999999929
2003-04-12,0.05,0.49,0.4899999999999929
2003-04-13,0.0,0.49,0.4899999999999929
2003-04-14,0.0,0.05,0.4899999999999929
2003-04-15,0.03,0.03,0.5199999999999929
2003-04-16,0.04,0.07,0.559999999999993
2003-04-17,0.0,0.07,0.559999999999993
2003-04-18,0.0,0.04,0.11999999999999289
2003-04-19,0.34,0.34,0.4099999999999929
2003-04-20,0.08,0.42000000000000004,0.48999999999999294
2003-04-21,0.08,0.5,0.569999999999993
2003-04-22,0.02,0.18,0.559999999999993
2003-04-23,0.0,0.1,0.519999999999993
2003-04-24,0.01,0.03,0.529999999999993
2003-04-25,0.0,0.01,0.529999999999993
2003-04-26,0.01,0.02,0.1999999999999929
2003-04-27,0.11,0.12,0.22999999999999288
2003-04-28,1.04,1.1600000000000001,1.1899999999999928
2003-04-29,0.45,1.6,1.6199999999999928
2003-04-30,0.2,1.6900000000000004,1.8199999999999927
2003-05-01,0.09,0.7400000000000002,1.8999999999999928
2003-05-02,0.02,0.3100000000000002,1.9199999999999928
2003-05-03,0.01,0.12000000000000022,1.9199999999999928
2003-05-04,0.01,0.04000000000000022,1.819999999999993
2003-05-05,0.1,0.12000000000000023,0.8799999999999929
2003-05-06,0.07,0.18000000000000024,0.4999999999999929
2003-05-07,0.02,0.19000000000000022,0.3199999999999929
2003-05-08,0.01,0.10000000000000023,0.2399999999999929
2003-05-09,0.09,0.12000000000000022,0.30999999999999295
2003-05-10,0.02,0.12000000000000022,0.3199999999999929
2003-05-11,0.06,0.1700000000000002,0.3699999999999929
2003-05-12,0.22,0.30000000000000027,0.48999999999999294
2003-05-13,2.97,3.2500000000000004,3.389999999999993
2003-05-14,6.6,9.79,9.969999999999992
2003-05-15,0.15,9.719999999999999,10.109999999999992
2003-05-16,0.14,6.890000000000001,10.159999999999993
2003-05-17,3.62,3.910000000000001,13.759999999999994
2003-05-18,1.07,4.830000000000001,14.769999999999992
2003-05-19,0.0,4.690000000000001,14.549999999999992
2003-05-20,0.0,1.070000000000001,11.579999999999991
2003-05-21,0.22,0.2200000000000009,5.199999999999993
2003-05-22,0.03,0.2500000000000009,5.079999999999993
2003-05-23,0.05,0.3000000000000009,4.989999999999993
2003-05-24,0.03,0.11000000000000089,1.399999999999993
2003-05-25,0.16,0.24000000000000088,0.4899999999999929
2003-05-26,0.27,0.4600000000000009,0.7599999999999929
2003-05-27,0.06,0.4900000000000009,0.819999999999993
2003-05-28,0.03,0.3600000000000009,0.6299999999999929
2003-05-29,2.55,2.6400000000000006,3.149999999999993
2003-05-30,0.01,2.5900000000000003,3.1099999999999928
2003-05-31,0.17,2.730000000000001,3.249999999999993
2003-06-01,0.14,0.32000000000000095,3.2299999999999924
2003-06-02,0.02,0.3300000000000009,2.979999999999993
2003-06-03,0.03,0.1900000000000009,2.949999999999993
2003-06-04,0.44,0.4900000000000009,3.3599999999999928
2003-06-05,0.12,0.5900000000000009,0.9299999999999929
2003-06-06,0.08,0.6400000000000008,0.9999999999999929
2003-06-07,0.68,0.8800000000000009,1.509999999999993
2003-06-08,0.09,0.8500000000000009,1.459999999999993
2003-06-09,0.01,0.7800000000000009,1.449999999999993
2003-06-10,0.0,0.10000000000000088,1.419999999999993
2003-06-11,0.02,0.030000000000000887,0.9999999999999929
2003-06-12,1.1,1.120000000000001,1.9799999999999929
2003-06-13,0.94,2.060000000000001,2.8399999999999928
2003-06-14,0.4,2.440000000000001,2.559999999999993
2003-06-15,0.13,1.4700000000000009,2.5999999999999925
2003-06-16,0.07,0.600000000000001,2.659999999999993
2003-06-17,0.1,0.30000000000000093,2.759999999999993
2003-06-18,1.75,1.9200000000000008,4.489999999999993
2003-06-19,0.18,2.0300000000000007,3.5699999999999927
2003-06-20,0.3,2.230000000000001,2.9299999999999926
2003-06-21,0.51,0.9900000000000009,3.039999999999993
2003-06-22,0.5,1.310000000000001,3.409999999999993
2003-06-23,4.01,5.0200000000000005,7.3499999999999925
2003-06-24,1.05,5.5600000000000005,8.299999999999994
2003-06-25,0.33,5.390000000000001,6.879999999999993
2003-06-26,0.07,1.450000000000001,6.7699999999999925
2003-06-27,1.65,2.0500000000000007,8.119999999999992
2003-06-28,30.73,32.45,38.33999999999999
2003-06-29,6.94,39.32,44.779999999999994
2003-06-30,4.16,41.83,44.92999999999999
2003-07-01,11.6,22.7,55.47999999999999
2003-07-02,0.53,16.29,55.67999999999999
2003-07-03,2.06,14.189999999999998,57.66999999999999
2003-07-04,1.57,4.16,57.58999999999999
2003-07-05,2.06,5.6899999999999995,28.91999999999999
2003-07-06,1.01,4.64,22.98999999999999
2003-07-07,0.46,3.53,19.289999999999992
2003-07-08,0.48,1.95,8.169999999999993
2003-07-09,22.61,23.55,30.249999999999993
2003-07-10,39.34,62.43000000000001,67.53
2003-07-11,7.71,69.66000000000001,73.66999999999999
2003-07-12,0.97,48.02000000000001,72.58000000000001
2003-07-13,2.6,11.280000000000008,74.17
2003-07-14,3.83,7.4000000000000075,77.54
2003-07-15,1.97,8.400000000000007,79.03
2003-07-16,7.55,13.350000000000007,63.970000000000006
2003-07-17,0.82,10.340000000000007,25.45
2003-07-18,2.24,10.610000000000007,19.98
2003-07-19,4.95,8.010000000000007,23.96
2003-07-20,4.52,11.710000000000006,25.88
2003-07-21,5.05,14.520000000000007,27.1
2003-07-22,10.16,19.730000000000008,35.29
2003-07-23,5.22,20.430000000000007,32.96
2003-07-24,1.41,16.790000000000006,33.550000000000004
2003-07-25,1.38,8.010000000000007,32.69
2003-07-26,0.66,3.450000000000007,28.4
2003-07-27,1.4,3.440000000000007,25.28
2003-07-28,0.16,2.220000000000007,20.39
2003-07-29,9.74,11.300000000000008,19.97
2003-07-30,4.76,14.660000000000007,19.509999999999998
2003-07-31,1.77,16.270000000000007,19.87
2003-08-01,2.32,8.850000000000007,20.810000000000002
2003-08-02,6.91,11.000000000000007,27.060000000000002
2003-08-03,19.44,28.67000000000001,45.099999999999994
2003-08-04,7.91,34.260000000000005,52.85
2003-08-05,1.33,28.680000000000007,44.44
2003-08-06,1.46,10.700000000000006,41.14
2003-08-07,0.58,3.370000000000007,39.949999999999996
2003-08-08,1.54,3.580000000000007,39.17
2003-08-09,1.17,3.290000000000007,33.43
2003-08-10,2.9,5.6100000000000065,16.889999999999997
2003-08-11,21.58,25.650000000000006,30.559999999999995
2003-08-12,12.39,36.870000000000005,41.62
2003-08-13,13.82,47.790000000000006,53.98
2003-08-14,6.28,32.49000000000001,59.68
2003-08-15,3.77,23.870000000000008,61.91
2003-08-16,10.43,20.480000000000008,71.17
2003-08-17,2.7,16.900000000000006,70.97
2003-08-18,1.35,14.480000000000008,50.739999999999995
2003-08-19,1.36,5.410000000000007,39.709999999999994
2003-08-20,2.07,4.780000000000007,27.959999999999997
2003-08-21,4.05,7.4800000000000075,25.729999999999997
2003-08-22,4.32,10.440000000000007,26.279999999999998
2003-08-23,0.11,8.480000000000008,15.959999999999997
2003-08-24,5.37,9.800000000000008,18.63
2003-08-25,2.27,7.750000000000007,19.549999999999997
2003-08-26,0.97,8.610000000000007,19.159999999999997
2003-08-27,1.75,4.990000000000007,18.839999999999996
2003-08-28,0.94,3.6600000000000072,15.729999999999997
2003-08-29,0.08,2.770000000000007,11.489999999999997
2003-08-30,0.51,1.530000000000007,11.889999999999997
2003-08-31,0.49,1.0800000000000072,7.009999999999996
2003-09-01,2.45,3.4500000000000073,7.189999999999997
2003-09-02,3.01,5.950000000000007,9.229999999999997
2003-09-03,3.57,9.030000000000006,11.049999999999995
2003-09-04,4.62,11.200000000000006,14.729999999999997
2003-09-05,0.38,8.570000000000007,15.029999999999998
2003-09-06,0.61,5.610000000000007,15.129999999999997
2003-09-07,1.29,2.2800000000000082,15.929999999999996
2003-09-08,0.18,2.080000000000008,13.659999999999998
2003-09-09,0.44,1.9100000000000081,11.089999999999998
2003-09-10,0.42,1.040000000000008,7.939999999999998
2003-09-11,0.01,0.870000000000008,3.3299999999999965
2003-09-12,0.01,0.440000000000008,2.9599999999999964
2003-09-13,0.31,0.330000000000008,2.659999999999996
2003-09-14,0.65,0.970000000000008,2.0199999999999965
2003-09-15,0.48,1.440000000000008,2.3199999999999967
2003-09-16,4.17,5.300000000000008,6.049999999999997
2003-09-17,4.25,8.900000000000007,9.879999999999997
2003-09-18,0.59,9.010000000000009,10.459999999999997
2003-09-19,0.65,5.490000000000008,11.099999999999998
2003-09-20,0.01,1.250000000000008,10.799999999999997
2003-09-21,0.34,1.000000000000008,10.489999999999997
2003-09-22,3.51,3.860000000000008,13.519999999999996
2003-09-23,3.08,6.930000000000009,12.429999999999998
2003-09-24,0.76,7.3500000000000085,8.939999999999996
2003-09-25,18.74,22.580000000000005,27.089999999999996
2003-09-26,26.57,46.07000000000001,53.00999999999999
2003-09-27,6.36,51.67,59.36
2003-09-28,1.52,34.45000000000001,60.53999999999999
2003-09-29,0.65,8.530000000000008,57.67999999999999
2003-09-30,0.3,2.4700000000000073,54.9
2003-10-01,0.55,1.500000000000007,54.68999999999999
2003-10-02,2.93,3.7800000000000074,38.879999999999995
2003-10-03,2.63,6.110000000000007,14.939999999999998
2003-10-04,3.75,9.310000000000008,12.329999999999998
2003-10-05,4.75,11.130000000000006,15.559999999999995
2003-10-06,2.64,11.140000000000008,17.549999999999997
2003-10-07,0.64,8.030000000000006,17.889999999999993
2003-10-08,0.54,3.8200000000000074,17.88
2003-10-09,0.21,1.3900000000000072,15.159999999999997
2003-10-10,0.24,0.9900000000000071,12.769999999999998
2003-10-11,6.4,6.850000000000008,15.419999999999996
2003-10-12,4.79,11.430000000000007,15.459999999999997
2003-10-13,21.34,32.53000000000001,34.16
2003-10-14,6.3,32.43000000000001,39.81999999999999
2003-10-15,2.6,30.240000000000002,41.879999999999995
2003-10-16,2.28,11.180000000000003,43.949999999999996
2003-10-17,5.75,10.630000000000003,49.459999999999994
2003-10-18,6.87,14.900000000000004,49.92999999999999
2003-10-19,21.16,33.78,66.3
2003-10-20,27.9,55.93000000000001,72.85999999999999
2003-10-21,38.26,87.32,104.82
2003-10-22,13.43,79.59,115.65
2003-10-23,34.16,85.85,147.53
2003-10-24,10.68,58.269999999999996,152.45999999999998
2003-10-25,3.3,48.13999999999999,148.89
2003-10-26,0.0,13.98,127.72999999999999
2003-10-27,0.05,3.3499999999999996,99.87999999999998
2003-10-28,0.01,0.060000000000000005,61.629999999999995
2003-10-29,0.27,0.33,48.47
2003-10-30,4.34,4.62,18.65
2003-10-31,1.19,5.800000000000001,9.16
2003-11-01,1.28,6.81,7.14
2003-11-02,5.17,7.64,12.309999999999999
2003-11-03,3.24,9.69,15.5
2003-11-04,2.75,11.16,18.24
2003-11-05,1.75,7.74,19.72
2003-11-06,8.39,12.89,23.77
2003-11-07,11.72,21.86,34.3
2003-11-08,27.05,47.160000000000004,60.07
2003-11-09,10.55,49.32000000000001,65.45
2003-11-10,0.86,38.46000000000001,63.07000000000001
2003-11-11,0.89,12.3,61.21000000000001
2003-11-12,2.12,3.87,61.580000000000005
2003-11-13,12.36,15.37,65.55000000000001
2003-11-14,3.13,17.61,56.96000000000001
2003-11-15,2.89,18.38,32.800000000000004
2003-11-16,0.07,6.09,22.32
2003-11-17,0.0,2.96,21.46
2003-11-18,0.0,0.07,20.57
2003-11-19,1.29,1.29,19.74
2003-11-20,1.88,3.17,9.26
2003-11-21,10.52,13.69,16.65
2003-11-22,3.01,15.409999999999998,16.769999999999996
2003-11-23,0.01,13.54,16.709999999999997
2003-11-24,0.04,3.0599999999999996,16.749999999999996
2003-11-25,0.0,0.05,16.749999999999996
2003-11-26,0.0,0.04,15.459999999999999
2003-11-27,1.35,1.35,14.929999999999998
2003-11-28,4.03,5.380000000000001,8.439999999999998
2003-11-29,18.98,24.36,24.409999999999997
2003-11-30,1.22,24.23,25.619999999999997
2003-12-01,0.18,20.380000000000003,25.759999999999998
2003-12-02,0.0,1.4,25.759999999999998
2003-12-03,0.0,0.18,25.759999999999998
2003-12-04,0.0,0.0,24.41
2003-12-05,0.01,0.01,20.39
2003-12-06,0.0,0.01,1.41
2003-12-07,0.0,0.01,0.19
2003-12-08,0.0,0.0,0.01
2003-12-09,0.0,0.0,0.01
2003-12-10,0.0,0.0,0.01
2003-12-11,0.08,0.08,0.09
2003-12-12,0.06,0.14,0.14
2003-12-13,0.06,0.2,0.2
2003-12-14,4.66,4.78,4.86
2003-12-15,9.77,14.49,14.629999999999999
2003-12-16,0.0,14.43,14.629999999999999
2003-12-17,0.01,9.78,14.639999999999999
2003-12-18,0.0,0.01,14.559999999999999
2003-12-19,0.0,0.01,14.499999999999998
2003-12-20,0.01,0.01,14.45
2003-12-21,0.0,0.01,9.79
2003-12-22,0.06,0.06999999999999999,0.08
2003-12-23,6.99,7.05,7.07
2003-12-24,11.8,18.85,18.86
2003-12-25,2.91,21.700000000000003,21.770000000000003
2003-12-26,1.85,16.560000000000002,23.62
2003-12-27,2.62,7.380000000000001,26.23
2003-12-28,0.33,4.8,26.56
2003-12-29,0.09,3.04,26.59
2003-12-30,0.98,1.4,20.580000000000002
2003-12-31,1.6,2.67,10.38
2004-01-01,0.22,2.8000000000000003,7.69
2004-01-02,0.0,1.82,5.84
2004-01-03,0.02,0.24,3.24
2004-01-04,0.09,0.11,3.0
2004-01-05,0.09,0.2,3.0
2004-01-06,0.04,0.22,2.06
2004-01-07,0.0,0.13,0.46
2004-01-08,0.0,0.04,0.24
2004-01-09,0.0,0.0,0.24
2004-01-10,0.0,0.0,0.22
2004-01-11,0.0,0.0,0.13
2004-01-12,0.0,0.0,0.04
2004-01-13,0.0,0.0,0.0
2004-01-14,0.0,0.0,0.0
2004-01-15,0.0,0.0,0.0
2004-01-16,0.0,0.0,0.0
2004-01-17,0.0,0.0,0.0
2004-01-18,0.0,0.0,0.0
2004-01-19,0.0,0.0,0.0
2004-01-20,0.0,0.0,0.0
2004-01-21,0.01,0.01,0.01
2004-01-22,0.05,0.060000000000000005,0.060000000000000005
2004-01-23,0.03,0.09,0.09
2004-01-24,0.0,0.08000000000000002,0.09
2004-01-25,0.17,0.2,0.26
2004-01-26,10.95,11.12,11.209999999999999
2004-01-27,1.0,12.12,12.209999999999999
2004-01-28,0.27,12.219999999999999,12.469999999999999
2004-01-29,1.04,2.31,13.459999999999999
2004-01-30,0.52,1.83,13.95
2004-01-31,0.07,1.6300000000000001,14.02
2004-02-01,0.0,0.5900000000000001,13.85
2004-02-02,0.0,0.07,2.9
2004-02-03,0.0,0.0,1.9000000000000001
2004-02-04,0.0,0.0,1.6300000000000001
2004-02-05,0.0,0.0,0.5900000000000001
2004-02-06,0.0,0.0,0.07
2004-02-07,0.01,0.01,0.01
2004-02-08,0.0,0.01,0.01
2004-02-09,0.0,0.01,0.01
2004-02-10,0.0,0.0,0.01
2004-02-11,0.01,0.01,0.02
2004-02-12,0.01,0.02,0.03
2004-02-13,0.0,0.02,0.03
2004-02-14,0.0,0.01,0.019999999999999997
2004-02-15,0.0,0.0,0.019999999999999997
2004-02-16,0.0,0.0,0.019999999999999997
2004-02-17,0.0,0.0,0.019999999999999997
2004-02-18,0.0,0.0,0.01
2004-02-19,0.0,0.0,0.0
2004-02-20,0.0,0.0,0.0
2004-02-21,0.0,0.0,0.0
2004-02-22,0.0,0.0,0.0
2004-02-23,0.0,0.0,0.0
2004-02-24,0.0,0.0,0.0
2004-02-25,0.0,0.0,0.0
2004-02-26,0.0,0.0,0.0
2004-02-27,0.0,0.0,0.0
2004-02-28,0.0,0.0,0.0
2004-02-29,0.0,0.0,0.0
2004-03-01,0.0,0.0,0.0
2004-03-02,0.0,0.0,0.0
2004-03-03,0.0,0.0,0.0
2004-03-04,0.0,0.0,0.0
2004-03-05,0.0,0.0,0.0
2004-03-06,0.0,0.0,0.0
2004-03-07,0.0,0.0,0.0
2004-03-08,0.0,0.0,0.0
2004-03-09,0.01,0.01,0.01
2004-03-10,0.0,0.01,0.01
2004-03-11,0.0,0.01,0.01
2004-03-12,0.0,0.0,0.01
2004-03-13,0.0,0.0,0.01
2004-03-14,0.0,0.0,0.01
2004-03-15,0.0,0.0,0.01
2004-03-16,0.0,0.0,0.0
2004-03-17,0.0,0.0,0.0
2004-03-18,0.0,0.0,0.0
2004-03-19,0.0,0.0,0.0
2004-03-20,0.0,0.0,0.0
2004-03-21,0.0,0.0,0.0
2004-03-22,0.0,0.0,0.0
2004-03-23,0.0,0.0,0.0
2004-03-24,0.0,0.0,0.0
2004-03-25,0.0,0.0,0.0
2004-03-26,0.0,0.0,0.0
2004-03-27,0.02,0.02,0.02
2004-03-28,1.93,1.95,1.95
2004-03-29,0.43,2.38,2.38
2004-03-30,0.36,2.7199999999999998,2.7399999999999998
2004-03-31,0.29,1.08,3.03
2004-04-01,0.17,0.8200000000000001,3.1999999999999997
2004-04-02,0.13,0.59,3.33
2004-04-03,0.03,0.33,3.34
2004-04-04,0.08,0.24,1.49
2004-04-05,0.14,0.25,1.2000000000000002
2004-04-06,1.61,1.83,2.45
2004-04-07,0.34,2.09,2.5
2004-04-08,0.36,2.31,2.69
2004-04-09,0.25,0.95,2.81
2004-04-10,0.06,0.6699999999999999,2.84
2004-04-11,0.0,0.31,2.7600000000000002
2004-04-12,0.0,0.06,2.62
2004-04-13,0.0,0.0,1.0099999999999998
2004-04-14,0.0,0.0,0.6699999999999997
2004-04-15,0.0,0.0,0.3099999999999998
2004-04-16,0.0,0.0,0.059999999999999776
2004-04-17,0.0,0.0,0.0
2004-04-18,0.0,0.0,0.0
2004-04-19,0.0,0.0,0.0
2004-04-20,0.03,0.03,0.029999999999999777
2004-04-21,0.63,0.66,0.6599999999999998
2004-04-22,1.25,1.9100000000000001,1.9099999999999997
2004-04-23,0.55,2.43,2.46
2004-04-24,0.76,2.5600000000000005,3.2199999999999998
2004-04-25,7.68,8.99,10.899999999999999
2004-04-26,1.31,9.75,12.209999999999999
2004-04-27,0.03,9.02,12.21
2004-04-28,0.01,1.35,11.59
2004-04-29,0.0,0.04,10.34
2004-04-30,0.03,0.04,9.819999999999999
2004-05-01,2.97,3.0,12.03
2004-05-02,34.42,37.42,38.77
2004-05-03,60.77,98.16,98.23
2004-05-04,55.21,150.4,153.41
2004-05-05,29.26,145.24,182.66000000000003
2004-05-06,8.34,92.81,191.0
2004-05-07,5.55,43.15,196.52
2004-05-08,2.17,16.06,195.72000000000003
2004-05-09,0.88,8.6,162.18
2004-05-10,10.24,13.29,111.65
2004-05-11,0.73,11.850000000000001,57.17
2004-05-12,0.29,11.26,28.2
2004-05-13,0.61,1.63,20.47
2004-05-14,0.47,1.3699999999999999,15.389999999999999
2004-05-15,6.25,7.33,19.47
2004-05-16,19.22,25.939999999999998,37.81
2004-05-17,8.4,33.87,35.97
2004-05-18,0.94,28.56,36.18
2004-05-19,0.06,9.4,35.95
2004-05-20,0.35,1.3499999999999999,35.690000000000005
2004-05-21,0.01,0.42,35.23
2004-05-22,0.35,0.71,29.33
2004-05-23,6.58,6.94,16.69
2004-05-24,2.81,9.74,11.1
2004-05-25,1.33,10.72,11.49
2004-05-26,0.97,5.11,12.4
2004-05-27,0.91,3.21,12.96
2004-05-28,0.21,2.09,13.16
2004-05-29,0.42,1.54,13.23
2004-05-30,0.07,0.7,6.72
2004-05-31,13.21,13.700000000000001,17.12
2004-06-01,6.0,19.28,21.79
2004-06-02,3.57,22.78,24.39
2004-06-03,1.01,10.58,24.490000000000002
2004-06-04,9.72,14.3,34.0
2004-06-05,1.77,12.5,35.35
2004-06-06,1.02,12.510000000000002,36.3
2004-06-07,1.15,3.94,24.24
2004-06-08,7.56,9.73,25.800000000000004
2004-06-09,2.31,11.02,24.540000000000003
2004-06-10,1.97,11.84,25.5
2004-06-11,0.74,5.02,16.52
2004-06-12,1.96,4.67,16.71
2004-06-13,0.78,3.4800000000000004,16.470000000000002
2004-06-14,0.13,2.87,15.450000000000001
2004-06-15,0.0,0.91,7.89
2004-06-16,0.12,0.25,5.7
2004-06-17,0.01,0.13,3.7399999999999998
2004-06-18,0.04,0.16999999999999998,3.04
2004-06-19,0.0,0.05,1.08
2004-06-20,0.0,0.04,0.3
2004-06-21,0.0,0.0,0.16999999999999998
2004-06-22,0.0,0.0,0.16999999999999998
2004-06-23,0.0,0.0,0.05
2004-06-24,0.07,0.07,0.11000000000000001
2004-06-25,0.0,0.07,0.07
2004-06-26,0.1,0.17,0.17
2004-06-27,2.33,2.43,2.5
2004-06-28,10.91,13.34,13.41
2004-06-29,3.48,16.72,16.89
2004-06-30,1.19,15.58,18.08
2004-07-01,1.14,5.81,19.15
2004-07-02,0.74,3.07,19.89
2004-07-03,8.02,9.899999999999999,27.81
2004-07-04,0.12,8.879999999999997,25.6
2004-07-05,0.63,8.769999999999998,15.32
2004-07-06,1.94,2.689999999999998,13.78
2004-07-07,1.67,4.239999999999998,14.26
2004-07-08,3.26,6.869999999999997,16.38
2004-07-09,2.76,7.689999999999998,18.400000000000002
2004-07-10,2.66,8.679999999999998,13.040000000000001
2004-07-11,7.16,12.579999999999998,20.080000000000002
2004-07-12,6.55,16.369999999999997,26.000000000000004
2004-07-13,1.06,14.769999999999998,25.12
2004-07-14,0.56,8.169999999999998,24.009999999999998
2004-07-15,0.26,1.8799999999999983,21.01
2004-07-16,0.57,1.3899999999999983,18.82
2004-07-17,0.06,0.8899999999999981,16.22
2004-07-18,2.56,3.189999999999998,11.620000000000001
2004-07-19,0.44,3.0599999999999983,5.5100000000000025
2004-07-20,0.24,3.2399999999999984,4.690000000000002
2004-07-21,2.9,3.5799999999999983,7.030000000000002
2004-07-22,0.3,3.439999999999998,7.070000000000002
2004-07-23,2.54,5.739999999999998,9.040000000000003
2004-07-24,1.37,4.209999999999998,10.350000000000001
2004-07-25,0.55,4.459999999999998,8.340000000000002
2004-07-26,0.71,2.629999999999998,8.610000000000001
2004-07-27,0.28,1.5399999999999983,8.650000000000002
2004-07-28,1.56,2.549999999999998,7.310000000000002
2004-07-29,4.69,6.5299999999999985,11.700000000000003
2004-07-30,2.26,8.509999999999998,11.420000000000002
2004-07-31,2.06,9.009999999999998,12.110000000000001
2004-08-01,0.55,4.869999999999998,12.110000000000001
2004-08-02,0.58,3.189999999999998,11.980000000000002
2004-08-03,1.5,2.629999999999998,13.200000000000003
2004-08-04,1.26,3.339999999999998,12.900000000000002
2004-08-05,2.02,4.7799999999999985,10.23
2004-08-06,2.2,5.479999999999999,10.170000000000002
2004-08-07,0.85,5.0699999999999985,8.96
2004-08-08,1.89,4.939999999999998,10.3
2004-08-09,0.25,2.989999999999998,9.97
2004-08-10,0.03,2.1699999999999977,8.500000000000002
2004-08-11,0.05,0.32999999999999824,7.29
2004-08-12,0.09,0.1699999999999982,5.360000000000001
2004-08-13,0.48,0.6199999999999982,3.6400000000000006
2004-08-14,0.03,0.5999999999999982,2.8200000000000007
2004-08-15,0.52,1.0299999999999983,1.4500000000000008
2004-08-16,0.59,1.1399999999999983,1.790000000000001
2004-08-17,0.18,1.2899999999999983,1.9400000000000008
2004-08-18,0.24,1.0099999999999982,2.130000000000001
2004-08-19,0.17,0.5899999999999982,2.210000000000001
2004-08-20,0.66,1.0699999999999983,2.390000000000001
2004-08-21,0.29,1.119999999999998,2.650000000000001
2004-08-22,1.47,2.419999999999998,3.6000000000000005
2004-08-23,1.37,3.129999999999998,4.380000000000001
2004-08-24,0.4,3.239999999999998,4.600000000000001
2004-08-25,0.7,2.469999999999998,5.0600000000000005
2004-08-26,1.59,2.689999999999998,6.48
2004-08-27,13.35,15.639999999999997,19.17
2004-08-28,7.71,22.65,26.59
2004-08-29,2.49,23.55,27.61
2004-08-30,2.33,12.529999999999998,28.57
2004-08-31,2.08,6.899999999999999,30.25
2004-09-01,0.0,4.409999999999998,29.55
2004-09-02,0.3,2.379999999999998,28.26
2004-09-03,4.03,4.329999999999998,18.94
2004-09-04,9.02,13.349999999999998,20.25
2004-09-05,15.54,28.589999999999996,33.3
2004-09-06,12.51,37.06999999999999,43.48
2004-09-07,0.69,28.74,42.09
2004-09-08,1.49,14.689999999999998,43.58
2004-09-09,16.02,18.199999999999996,59.3
2004-09-10,8.21,25.72,63.480000000000004
2004-09-11,5.54,29.77,60.0
2004-09-12,1.43,15.180000000000001,45.89
2004-09-13,0.36,7.33,33.74
2004-09-14,5.41,7.2,38.46
2004-09-15,17.47,23.24,54.440000000000005
2004-09-16,2.53,25.41,40.95
2004-09-17,1.11,21.11,33.85
2004-09-18,0.57,4.21,28.880000000000003
2004-09-19,37.17,38.85,64.62
2004-09-20,22.3,60.040000000000006,86.56
2004-09-21,8.58,68.05,89.73
2004-09-22,8.18,39.06,80.44
2004-09-23,7.97,24.73,85.88000000000001
2004-09-24,8.28,24.429999999999996,93.05000000000001
2004-09-25,6.0,22.25,98.48
2004-09-26,9.83,24.11,71.14
2004-09-27,15.45,31.28,64.29
2004-09-28,17.89,43.17,73.6
2004-09-29,5.64,38.980000000000004,71.06
2004-09-30,1.25,24.78,64.33999999999999
2004-10-01,1.38,8.27,57.44
2004-10-02,4.12,6.75,55.559999999999995
2004-10-03,1.19,6.6899999999999995,46.919999999999995
2004-10-04,0.97,6.28,32.44
2004-10-05,0.09,2.25,14.639999999999999
2004-10-06,0.02,1.08,9.020000000000001
2004-10-07,0.0,0.11,7.77
2004-10-08,0.07,0.09000000000000001,6.46
2004-10-09,0.66,0.73,3.0
2004-10-10,2.44,3.17,4.25
2004-10-11,2.1,5.2,5.380000000000001
2004-10-12,8.88,13.420000000000002,14.170000000000002
2004-10-13,14.33,25.310000000000002,28.480000000000004
2004-10-14,2.16,25.369999999999997,30.64
2004-10-15,4.38,20.87,34.95
2004-10-16,2.85,9.39,37.14
2004-10-17,11.14,18.37,45.84
2004-10-18,17.87,31.860000000000003,61.61
2004-10-19,16.58,45.59,69.31
2004-10-20,8.47,42.92,63.449999999999996
2004-10-21,7.02,32.07,68.31
2004-10-22,11.1,26.59,75.03
2004-10-23,17.68,35.8,89.86
2004-10-24,11.45,40.230000000000004,90.17
2004-10-25,10.92,40.05,83.22
2004-10-26,8.27,30.64,74.91
2004-10-27,22.13,41.31999999999999,88.57
2004-10-28,42.49,72.89,124.04
2004-10-29,40.3,104.92,153.24
2004-10-30,45.34,128.13,180.89999999999998
2004-10-31,44.61,130.25,214.06
2004-11-01,7.12,97.07000000000001,210.26000000000002
2004-11-02,6.95,58.68,208.94
2004-11-03,0.26,14.33,187.07000000000002
2004-11-04,0.72,7.93,145.3
2004-11-05,55.75,56.73,160.75
2004-11-06,71.07,127.53999999999999,186.48
2004-11-07,17.83,144.64999999999998,159.7
2004-11-08,8.15,97.05,160.73
2004-11-09,5.9,31.88,159.67999999999998
2004-11-10,5.47,19.52,164.89
2004-11-11,5.52,16.89,169.69
2004-11-12,44.29,55.28,158.23
2004-11-13,2.43,52.24,89.59
2004-11-14,2.12,48.839999999999996,73.88
2004-11-15,0.63,5.180000000000001,66.36
2004-11-16,0.27,3.02,60.730000000000004
2004-11-17,0.08,0.98,55.339999999999996
2004-11-18,0.0,0.35000000000000003,49.82
2004-11-19,0.0,0.08,5.53
2004-11-20,0.0,0.0,3.1
2004-11-21,0.01,0.01,0.99
2004-11-22,0.4,0.41000000000000003,0.76
2004-11-23,0.85,1.26,1.34
2004-11-24,1.88,3.13,3.1399999999999997
2004-11-25,3.95,6.68,7.09
2004-11-26,13.03,18.86,20.119999999999997
2004-11-27,1.26,18.240000000000002,21.38
2004-11-28,0.0,14.29,21.369999999999997
2004-11-29,0.0,1.26,20.97
2004-11-30,0.0,0.0,20.119999999999997
2004-12-01,0.0,0.0,18.24
2004-12-02,6.9,6.9,21.189999999999998
2004-12-03,0.69,7.59,8.85
2004-12-04,0.0,7.59,7.59
2004-12-05,0.0,0.69,7.59
2004-12-06,0.0,0.0,7.59
2004-12-07,0.21,0.21,7.800000000000001
2004-12-08,2.69,2.9,10.49
2004-12-09,0.83,3.73,4.42
2004-12-10,0.0,3.52,3.73
2004-12-11,0.16,0.99,3.8899999999999997
2004-12-12,0.62,0.78,4.51
2004-12-13,2.72,3.5,7.23
2004-12-14,0.95,4.29,7.97
2004-12-15,0.0,3.67,5.279999999999999
2004-12-16,0.01,0.9600000000000004,4.46
2004-12-17,0.0,0.010000000000000444,4.46
2004-12-18,0.0,0.010000000000000444,4.3
2004-12-19,0.0,0.0,3.68
2004-12-20,0.0,0.0,0.96
2004-12-21,0.0,0.0,0.01
2004-12-22,0.0,0.0,0.01
2004-12-23,0.02,0.020000000000000445,0.02
2004-12-24,0.05,0.07000000000000045,0.07
2004-12-25,0.0,0.07000000000000045,0.07
2004-12-26,0.01,0.06000000000000045,0.08
2004-12-27,0.03,0.040000000000000445,0.11000000000000001
2004-12-28,0.0,0.040000000000000445,0.11000000000000001
2004-12-29,0.16,0.19000000000000045,0.27
2004-12-30,0.06,0.22000000000000045,0.31
2004-12-31,0.13,0.3500000000000004,0.39
2005-01-01,0.0,0.19000000000000045,0.39
2005-01-02,0.02,0.15000000000000044,0.4
2005-01-03,0.01,0.030000000000000443,0.38000000000000006
2005-01-04,0.02,0.05000000000000045,0.4
2005-01-05,0.0,0.030000000000000446,0.24
2005-01-06,0.01,0.03000000000000045,0.19
2005-01-07,0.0,0.010000000000000444,0.060000000000000005
2005-01-08,0.0,0.010000000000000444,0.060000000000000005
2005-01-09,0.0,0.0,0.04000000000000001
2005-01-10,0.0,0.0,0.030000000000000006
2005-01-11,0.0,0.0,0.01
2005-01-12,0.0,0.0,0.01
2005-01-13,0.0,0.0,0.0
2005-01-14,0.01,0.010000000000000444,0.01
2005-01-15,0.0,0.010000000000000444,0.01
2005-01-16,0.01,0.020000000000000445,0.02
2005-01-17,0.01,0.020000000000000445,0.03
2005-01-18,0.0,0.020000000000000445,0.03
2005-01-19,0.0,0.010000000000000444,0.03
2005-01-20,0.0,0.0,0.03
2005-01-21,0.42,0.42000000000000043,0.44
2005-01-22,0.21,0.6300000000000004,0.65
2005-01-23,0.03,0.6600000000000004,0.6699999999999999
2005-01-24,0.05,0.2900000000000004,0.71
2005-01-25,0.0,0.08000000000000045,0.71
2005-01-26,0.0,0.05000000000000045,0.71
2005-01-27,0.01,0.010000000000000444,0.72
2005-01-28,0.03,0.040000000000000445,0.33
2005-01-29,0.01,0.05000000000000045,0.13
2005-01-30,0.04,0.08000000000000045,0.14
2005-01-31,0.37,0.42000000000000043,0.46
2005-02-01,2.48,2.8900000000000006,2.94
2005-02-02,0.7,3.5500000000000007,3.6399999999999997
2005-02-03,1.95,5.130000000000001,5.58
2005-02-04,0.24,2.8900000000000006,5.79
2005-02-05,0.0,2.1900000000000004,5.78
2005-02-06,0.0,0.24000000000000044,5.74
2005-02-07,0.0,0.0,5.37
2005-02-08,0.0,0.0,2.8899999999999997
2005-02-09,0.0,0.0,2.1899999999999995
2005-02-10,0.0,0.0,0.24
2005-02-11,0.0,0.0,0.0
2005-02-12,0.0,0.0,0.0
2005-02-13,0.0,0.0,0.0
2005-02-14,0.0,0.0,0.0
2005-02-15,0.0,0.0,0.0
2005-02-16,0.0,0.0,0.0
2005-02-17,0.0,0.0,0.0
2005-02-18,0.0,0.0,0.0
2005-02-19,0.0,0.0,0.0
2005-02-20,0.0,0.0,0.0
2005-02-21,0.0,0.0,0.0
2005-02-22,0.05,0.05000000000000045,0.05
2005-02-23,0.02,0.07000000000000045,0.07
2005-02-24,0.0,0.07000000000000045,0.07
2005-02-25,0.0,0.020000000000000445,0.07
2005-02-26,0.0,0.0,0.07
2005-02-27,0.0,0.0,0.07
2005-02-28,0.0,0.0,0.07
2005-03-01,0.0,0.0,0.02
2005-03-02,0.0,0.0,0.0
2005-03-03,0.0,0.0,0.0
2005-03-04,0.0,0.0,0.0
2005-03-05,0.04,0.040000000000000445,0.04
2005-03-06,0.01,0.05000000000000045,0.05
2005-03-07,0.01,0.06000000000000044,0.06
2005-03-08,0.46,0.4800000000000005,0.52
2005-03-09,0.71,1.1800000000000004,1.23
2005-03-10,0.09,1.2600000000000005,1.32
2005-03-11,0.72,1.5200000000000005,2.04
2005-03-12,0.16,0.9700000000000004,2.1599999999999997
2005-03-13,0.2,1.0800000000000005,2.35
2005-03-14,0.05,0.4100000000000005,2.3899999999999997
2005-03-15,0.0,0.25000000000000044,1.93
2005-03-16,0.0,0.05000000000000045,1.22
2005-03-17,0.0,0.0,1.13
2005-03-18,0.0,0.0,0.41000000000000003
2005-03-19,0.0,0.0,0.25
2005-03-20,0.0,0.0,0.05
2005-03-21,0.0,0.0,0.0
2005-03-22,0.0,0.0,0.0
2005-03-23,0.0,0.0,0.0
2005-03-24,0.4,0.40000000000000047,0.4
2005-03-25,0.11,0.5100000000000005,0.51
2005-03-26,0.01,0.5200000000000005,0.52
2005-03-27,0.04,0.16000000000000045,0.56
2005-03-28,0.0,0.05000000000000045,0.56
2005-03-29,0.0,0.040000000000000445,0.56
2005-03-30,0.01,0.010000000000000444,0.5700000000000001
2005-03-31,0.04,0.05000000000000045,0.21000000000000002
2005-04-01,0.07,0.12000000000000045,0.17
2005-04-02,2.64,2.7500000000000004,2.8000000000000003
2005-04-03,17.55,20.26,20.310000000000002
2005-04-04,26.63,46.82,46.94
2005-04-05,74.07,118.25,121.00999999999999
2005-04-06,24.12,124.82000000000001,145.11999999999998
2005-04-07,3.29,101.47999999999999,148.37
2005-04-08,0.84,28.25,149.14000000000001
2005-04-09,0.81,4.94,147.30999999999997
2005-04-10,0.41,2.06,130.17000000000002
2005-04-11,0.25,1.4700000000000002,103.78999999999999
2005-04-12,0.06,0.72,29.78
2005-04-13,0.03,0.33999999999999997,5.69
2005-04-14,0.01,0.09999999999999999,2.41
2005-04-15,0.02,0.06,1.59
2005-04-16,0.01,0.04,0.7899999999999999
2005-04-17,0.01,0.039999999999999994,0.39
2005-04-18,0.21,0.22999999999999998,0.35
2005-04-19,1.33,1.55,1.62
2005-04-20,1.59,3.13,3.18
2005-04-21,0.06,2.98,3.2300000000000004
2005-04-22,0.02,1.6700000000000002,3.2300000000000004
2005-04-23,0.03,0.11,3.25
2005-04-24,0.02,0.07,3.2600000000000002
2005-04-25,0.08,0.13,3.1300000000000003
2005-04-26,0.83,0.9299999999999999,2.63
2005-04-27,0.05,0.96,1.0899999999999999
2005-04-28,0.27,1.15,1.2999999999999998
2005-04-29,0.2,0.52,1.48
2005-04-30,0.29,0.76,1.7399999999999998
2005-05-01,17.75,18.24,19.47
2005-05-02,11.58,29.619999999999997,30.97
2005-05-03,10.75,40.08,40.89
2005-05-04,14.58,36.91,55.42
2005-05-05,2.2,27.53,57.35
2005-05-06,1.17,17.950000000000003,58.31999999999999
2005-05-07,0.07,3.44,58.099999999999994
2005-05-08,0.08,1.3199999999999998,40.43
2005-05-09,0.09,0.24,28.939999999999998
2005-05-10,0.02,0.19,18.209999999999997
2005-05-11,0.06,0.16999999999999998,3.69
2005-05-12,0.0,0.08,1.49
2005-05-13,0.0,0.06,0.32
2005-05-14,0.0,0.0,0.25
2005-05-15,0.02,0.02,0.18999999999999997
2005-05-16,0.0,0.02,0.1
2005-05-17,0.0,0.02,0.08
2005-05-18,0.0,0.0,0.02
2005-05-19,0.0,0.0,0.02
2005-05-20,0.0,0.0,0.02
2005-05-21,0.16,0.16,0.18
2005-05-22,0.25,0.41000000000000003,0.41000000000000003
2005-05-23,0.35,0.76,0.76
2005-05-24,0.25,0.85,1.01
2005-05-25,0.16,0.76,1.17
2005-05-26,0.42,0.83,1.5899999999999999
2005-05-27,1.48,2.06,3.07
2005-05-28,0.24,2.14,3.1499999999999995
2005-05-29,0.72,2.4400000000000004,3.6199999999999997
2005-05-30,0.32,1.2800000000000002,3.5899999999999994
2005-05-31,1.26,2.3000000000000003,4.6
2005-06-01,0.43,2.0100000000000002,4.87
2005-06-02,0.48,2.1700000000000004,4.93
2005-06-03,0.67,1.5800000000000003,4.12
2005-06-04,0.38,1.5300000000000002,4.26
2005-06-05,0.42,1.4700000000000004,3.96
2005-06-06,0.17,0.9700000000000002,3.8100000000000005
2005-06-07,0.52,1.1100000000000003,3.0700000000000003
2005-06-08,1.76,2.45,4.4
2005-06-09,1.29,3.5700000000000003,5.21
2005-06-10,0.32,3.37,4.86
2005-06-11,0.04,1.6500000000000001,4.5200000000000005
2005-06-12,0.02,0.38,4.12
2005-06-13,0.05,0.11,4.0
2005-06-14,0.02,0.09000000000000001,3.5000000000000004
2005-06-15,0.01,0.08,1.75
2005-06-16,0.01,0.04,0.47000000000000003
2005-06-17,0.01,0.03,0.16
2005-06-18,0.0,0.019999999999999997,0.12
2005-06-19,0.01,0.02,0.11
2005-06-20,1.11,1.12,1.1700000000000002
2005-06-21,1.78,2.9000000000000004,2.93
2005-06-22,1.58,4.470000000000001,4.5
2005-06-23,0.26,3.62,4.750000000000001
2005-06-24,1.82,3.66,6.5600000000000005
2005-06-25,0.93,3.0100000000000002,7.49
2005-06-26,0.09,2.84,7.57
2005-06-27,0.09,1.11,6.55
2005-06-28,0.03,0.21,4.8
2005-06-29,0.01,0.13,3.23
2005-06-30,0.16,0.2,3.13
2005-07-01,0.33,0.5,1.6400000000000001
2005-07-02,0.56,1.05,1.27
2005-07-03,0.14,1.03,1.32
2005-07-04,0.5,1.2000000000000002,1.7300000000000002
2005-07-05,1.06,1.7000000000000002,2.7600000000000002
2005-07-06,0.17,1.73,2.92
2005-07-07,0.18,1.4100000000000001,2.9400000000000004
2005-07-08,0.56,0.91,3.1700000000000004
2005-07-09,0.7,1.44,3.31
2005-07-10,1.59,2.85,4.76
2005-07-11,0.19,2.48,4.45
2005-07-12,0.17,1.9500000000000002,3.56
2005-07-13,0.49,0.85,3.8800000000000003
2005-07-14,1.61,2.27,5.3100000000000005
2005-07-15,1.16,3.26,5.91
2005-07-16,1.01,3.78,6.220000000000001
2005-07-17,0.51,2.6799999999999997,5.140000000000001
2005-07-18,0.05,1.57,5.0
2005-07-19,0.28,0.8400000000000001,5.11
2005-07-20,15.78,16.11,20.4
2005-07-21,4.35,20.409999999999997,23.14
2005-07-22,7.81,27.94,29.79
2005-07-23,23.32,35.480000000000004,52.099999999999994
2005-07-24,5.69,36.82,57.28
2005-07-25,2.12,31.130000000000003,59.35
2005-07-26,0.62,8.43,59.690000000000005
2005-07-27,0.34,3.08,44.25
2005-07-28,1.61,2.5700000000000003,41.51
2005-07-29,0.67,2.62,34.370000000000005
2005-07-30,0.14,2.42,11.190000000000001
2005-07-31,0.11,0.92,5.61
2005-08-01,0.05,0.30000000000000004,3.54
2005-08-02,0.02,0.18,2.94
2005-08-03,0.01,0.08,2.6100000000000003
2005-08-04,0.43,0.45999999999999996,1.4300000000000002
2005-08-05,0.63,1.07,1.3900000000000001
2005-08-06,0.06,1.12,1.3099999999999998
2005-08-07,0.09,0.7800000000000001,1.29
2005-08-08,0.45,0.6,1.69
2005-08-09,0.6,1.1400000000000001,2.27
2005-08-10,3.48,4.53,5.74
2005-08-11,0.82,4.8999999999999995,6.130000000000001
2005-08-12,1.67,5.97,7.17
2005-08-13,1.02,3.51,8.129999999999999
2005-08-14,14.67,17.36,22.71
2005-08-15,13.74,29.43,36.0
2005-08-16,2.84,31.25,38.24
2005-08-17,0.74,17.319999999999997,35.5
2005-08-18,0.18,3.76,34.86000000000001
2005-08-19,3.41,4.33,36.6
2005-08-20,0.43,4.02,36.01
2005-08-21,0.05,3.89,21.39
2005-08-22,0.91,1.3900000000000001,8.56
2005-08-23,3.25,4.21,8.97
2005-08-24,6.58,10.74,14.81
2005-08-25,9.55,19.380000000000003,24.18
2005-08-26,3.69,19.82,24.46
2005-08-27,3.31,16.55,27.340000000000003
2005-08-28,1.78,8.78,29.07
2005-08-29,0.77,5.86,28.93
2005-08-30,1.79,4.34,27.470000000000002
2005-08-31,1.91,4.47,22.799999999999997
2005-09-01,1.12,4.82,14.370000000000001
2005-09-02,1.16,4.19,11.84
2005-09-03,1.73,4.01,10.26
2005-09-04,5.39,8.28,13.870000000000001
2005-09-05,1.68,8.799999999999999,14.78
2005-09-06,6.98,14.05,19.97
2005-09-07,10.12,18.779999999999998,28.18
2005-09-08,18.46,35.56,45.519999999999996
2005-09-09,21.53,50.11,65.89
2005-09-10,9.47,49.46,73.63
2005-09-11,7.3,38.300000000000004,75.54
2005-09-12,2.92,19.69,76.78
2005-09-13,0.37,10.59,70.17
2005-09-14,0.1,3.39,60.15
2005-09-15,1.02,1.49,42.71
2005-09-16,0.27,1.3900000000000001,21.45
2005-09-17,0.09,1.3800000000000001,12.07
2005-09-18,0.02,0.38,4.79
2005-09-19,0.26,0.37,2.13
2005-09-20,0.29,0.5700000000000001,2.05
2005-09-21,0.03,0.58,1.98
2005-09-22,0.08,0.39999999999999997,1.04
2005-09-23,1.04,1.15,1.81
2005-09-24,11.07,12.19,12.790000000000001
2005-09-25,5.01,17.119999999999997,17.78
2005-09-26,1.37,17.45,18.89
2005-09-27,5.44,11.82,24.04
2005-09-28,9.71,16.520000000000003,33.72
2005-09-29,9.46,24.61,43.1
2005-09-30,2.32,21.490000000000002,44.38
2005-10-01,9.88,21.660000000000004,43.190000000000005
2005-10-02,4.4,16.6,42.580000000000005
2005-10-03,5.05,19.330000000000002,46.260000000000005
2005-10-04,3.67,13.120000000000001,44.49
2005-10-05,0.51,9.23,35.290000000000006
2005-10-06,5.3,9.48,31.130000000000003
2005-10-07,1.03,6.84,29.840000000000003
2005-10-08,4.1,10.43,24.06
2005-10-09,1.13,6.26,20.79
2005-10-10,17.01,22.240000000000002,32.75
2005-10-11,39.64,57.78,68.72
2005-10-12,58.96,115.61000000000001,127.16999999999999
2005-10-13,30.17,128.77,152.04
2005-10-14,4.37,93.5,155.38
2005-10-15,1.61,36.15,152.89000000000001
2005-10-16,1.8,7.78,153.56
2005-10-17,3.84,7.25,140.39000000000001
2005-10-18,17.39,23.03,118.14
2005-10-19,27.72,48.95,86.9
2005-10-20,9.44,54.550000000000004,66.17
2005-10-21,11.07,48.23,72.87
2005-10-22,26.53,47.040000000000006,97.79
2005-10-23,20.9,58.5,116.89000000000001
2005-10-24,17.86,65.29,130.91
2005-10-25,31.47,70.23,144.99
2005-10-26,20.14,69.47,137.41
2005-10-27,168.33,219.94,296.3
2005-10-28,3.33,191.80000000000004,288.56
2005-10-29,0.86,172.52,262.89
2005-10-30,1.3,5.490000000000029,243.29000000000002
2005-10-31,0.38,2.5400000000000285,225.81
2005-11-01,2.14,3.8200000000000287,196.48
2005-11-02,8.94,11.460000000000027,185.28
2005-11-03,15.36,26.440000000000026,32.31
2005-11-04,28.6,52.90000000000003,57.58
2005-11-05,40.58,84.54000000000002,97.3
2005-11-06,76.21,145.39000000000004,172.20999999999998
2005-11-07,80.25,197.04000000000002,252.07999999999998
2005-11-08,17.33,173.79000000000002,267.27
2005-11-09,11.01,108.59000000000005,269.34
2005-11-10,4.42,32.76000000000004,258.4
2005-11-11,11.61,27.040000000000042,241.40999999999997
2005-11-12,1.13,17.160000000000043,201.95999999999998
2005-11-13,0.22,12.960000000000042,125.97
2005-11-14,0.14,1.4900000000000426,45.86
2005-11-15,0.0,0.3600000000000426,28.529999999999998
2005-11-16,0.0,0.14000000000004265,17.519999999999996
2005-11-17,0.0,0.0,13.1
2005-11-18,0.0,0.0,1.49
2005-11-19,0.09,0.09000000000004263,0.45
2005-11-20,2.93,3.0200000000000427,3.16
2005-11-21,59.03,62.05000000000005,62.050000000000004
2005-11-22,43.58,105.54000000000005,105.63
2005-11-23,52.94,155.55000000000004,158.57
2005-11-24,29.51,126.03000000000004,188.08
2005-11-25,30.39,112.84000000000005,218.47
2005-11-26,4.93,64.83000000000004,223.31
2005-11-27,1.94,37.26000000000004,222.32
2005-11-28,0.26,7.1300000000000425,163.54999999999998
2005-11-29,0.08,2.2800000000000424,120.05000000000001
2005-11-30,0.11,0.45000000000004264,67.22000000000001
2005-12-01,1.23,1.4200000000000426,38.940000000000005
2005-12-02,70.91,72.25000000000004,79.46
2005-12-03,109.33,181.47000000000003,183.86
2005-12-04,8.23,188.47000000000006,190.15
2005-12-05,3.36,120.92000000000004,193.24999999999997
2005-12-06,0.35,11.940000000000042,193.52
2005-12-07,0.0,3.7100000000000426,193.41
2005-12-08,0.01,0.3600000000000426,192.19
2005-12-09,5.96,5.970000000000042,127.24
2005-12-10,6.54,12.510000000000042,24.45
2005-12-11,5.62,18.120000000000044,21.84
2005-12-12,13.37,25.53000000000004,31.85
2005-12-13,8.31,27.30000000000004,39.81
2005-12-14,0.32,22.00000000000004,40.129999999999995
2005-12-15,0.08,8.710000000000043,40.2
2005-12-16,0.16,0.5600000000000427,34.4
2005-12-17,19.43,19.67000000000004,47.29
2005-12-18,22.78,42.37000000000005,64.45
2005-12-19,8.01,50.22000000000004,59.089999999999996
2005-12-20,3.44,34.23000000000005,54.220000000000006
2005-12-21,0.77,12.220000000000041,54.67
2005-12-22,0.32,4.530000000000043,54.91
2005-12-23,0.0,1.0900000000000427,54.75
2005-12-24,0.0,0.32000000000004264,35.32
2005-12-25,0.0,0.0,12.54
2005-12-26,0.0,0.0,4.53
2005-12-27,0.1,0.10000000000004264,1.19
2005-12-28,0.32,0.4200000000000427,0.74
2005-12-29,0.0,0.4200000000000426,0.42
2005-12-30,0.05,0.3700000000000426,0.47
2005-12-31,0.17,0.22000000000004266,0.64
2006-01-01,0.06,0.28000000000004266,0.7
2006-01-02,0.06,0.29000000000004267,0.76
2006-01-03,0.06,0.18,0.72
2006-01-04,0.46,0.5800000000000427,0.86
2006-01-05,0.77,1.2900000000000427,1.63
2006-01-06,0.02,1.2500000000000426,1.5999999999999999
2006-01-07,0.5,1.2900000000000427,1.9300000000000002
2006-01-08,1.0,1.5200000000000427,2.87
2006-01-09,0.09,1.5900000000000427,2.9
2006-01-10,0.01,1.1000000000000427,2.85
2006-01-11,0.01,0.11000000000004263,2.4
2006-01-12,0.02,0.04000000000004263,1.65
2006-01-13,0.01,0.04000000000004263,1.64
2006-01-14,0.06,0.09000000000004263,1.2
2006-01-15,0.03,0.10000000000004262,0.22999999999999987
2006-01-16,0.01,0.10000000000004262,0.14999999999999988
2006-01-17,0.0,0.04000000000004263,0.13999999999999987
2006-01-18,0.0,0.010000000000042633,0.1299999999999999
2006-01-19,0.0,0.0,0.10999999999999988
2006-01-20,0.0,0.0,0.09999999999999988
2006-01-21,0.0,0.0,0.03999999999999989
2006-01-22,0.0,0.0,0.00999999999999989
2006-01-23,0.0,0.0,0.0
2006-01-24,0.0,0.0,0.0
2006-01-25,0.0,0.0,0.0
2006-01-26,0.45,0.45000000000004264,0.4499999999999999
2006-01-27,0.16,0.6100000000000426,0.6099999999999999
2006-01-28,0.0,0.6100000000000426,0.6099999999999999
2006-01-29,0.0,0.16000000000004264,0.6099999999999999
2006-01-30,0.0,0.0,0.6099999999999999
2006-01-31,0.0,0.0,0.6099999999999999
2006-02-01,0.01,0.010000000000042633,0.6199999999999999
2006-02-02,0.0,0.010000000000042633,0.1699999999999999
2006-02-03,0.0,0.010000000000042633,0.00999999999999989
2006-02-04,0.0,0.0,0.00999999999999989
2006-02-05,0.0,0.0,0.00999999999999989
2006-02-06,0.0,0.0,0.00999999999999989
2006-02-07,0.0,0.0,0.00999999999999989
2006-02-08,0.0,0.0,0.0
2006-02-09,0.0,0.0,0.0
2006-02-10,0.0,0.0,0.0
2006-02-11,0.0,0.0,0.0
2006-02-12,0.0,0.0,0.0
2006-02-13,0.0,0.0,0.0
2006-02-14,0.0,0.0,0.0
2006-02-15,0.0,0.0,0.0
2006-02-16,0.0,0.0,0.0
2006-02-17,0.0,0.0,0.0
2006-02-18,0.0,0.0,0.0
2006-02-19,0.0,0.0,0.0
2006-02-20,0.0,0.0,0.0
2006-02-21,0.0,0.0,0.0
2006-02-22,0.0,0.0,0.0
2006-02-23,0.0,0.0,0.0
2006-02-24,0.0,0.0,0.0
2006-02-25,0.0,0.0,0.0
2006-02-26,0.0,0.0,0.0
2006-02-27,0.0,0.0,0.0
2006-02-28,0.0,0.0,0.0
2006-03-01,0.0,0.0,0.0
2006-03-02,5.97,5.970000000000042,5.97
2006-03-03,14.15,20.120000000000044,20.12
2006-03-04,0.48,20.60000000000004,20.599999999999998
2006-03-05,4.45,19.08000000000004,25.049999999999997
2006-03-06,0.94,5.87000000000004,25.99
2006-03-07,0.08,5.47000000000004,26.07
2006-03-08,0.02,1.040000000000041,26.09
2006-03-09,1.12,1.220000000000041,21.240000000000002
2006-03-10,1.83,2.970000000000041,8.919999999999998
2006-03-11,2.3,5.250000000000041,10.739999999999998
2006-03-12,1.54,5.670000000000041,7.829999999999998
2006-03-13,0.01,3.8500000000000405,6.899999999999999
2006-03-14,0.01,1.560000000000041,6.829999999999998
2006-03-15,0.0,0.020000000000040857,6.809999999999998
2006-03-16,0.0,0.010000000000040856,5.689999999999998
2006-03-17,0.01,0.010000000000040856,3.869999999999998
2006-03-18,0.0,0.010000000000040856,1.5699999999999983
2006-03-19,0.09,0.10000000000004085,0.11999999999999822
2006-03-20,0.0,0.09000000000004085,0.10999999999999822
2006-03-21,0.0,0.09000000000004085,0.09999999999999822
2006-03-22,0.0,0.0,0.09999999999999822
2006-03-23,0.0,0.0,0.09999999999999822
2006-03-24,0.0,0.0,0.08999999999999822
2006-03-25,0.0,0.0,0.08999999999999822
2006-03-26,0.0,0.0,0.0
2006-03-27,0.0,0.0,0.0
2006-03-28,0.0,0.0,0.0
2006-03-29,0.02,0.020000000000040857,0.019999999999998224
2006-03-30,0.02,0.04000000000004086,0.039999999999998224
2006-03-31,0.0,0.04000000000004086,0.039999999999998224
2006-04-01,0.0,0.020000000000040857,0.039999999999998224
2006-04-02,0.0,0.0,0.039999999999998224
2006-04-03,0.0,0.0,0.039999999999998224
2006-04-04,0.01,0.010000000000040856,0.049999999999998226
2006-04-05,0.0,0.010000000000040856,0.029999999999998223
2006-04-06,0.0,0.010000000000040856,0.009999999999998224
2006-04-07,0.0,0.0,0.009999999999998224
2006-04-08,0.0,0.0,0.009999999999998224
2006-04-09,0.0,0.0,0.009999999999998224
2006-04-10,0.0,0.0,0.009999999999998224
2006-04-11,0.0,0.0,0.0
2006-04-12,0.0,0.0,0.0
2006-04-13,0.01,0.010000000000040856,0.009999999999998224
2006-04-14,0.14,0.15000000000004088,0.14999999999999825
2006-04-15,0.51,0.6600000000000409,0.6599999999999983
2006-04-16,2.88,3.5300000000000407,3.5399999999999983
2006-04-17,12.18,15.57000000000004,15.719999999999999
2006-04-18,2.3,17.36000000000004,18.02
2006-04-19,0.5,14.98000000000004,18.52
2006-04-20,0.26,3.0600000000000405,18.769999999999996
2006-04-21,0.0,0.7600000000000409,18.63
2006-04-22,0.0,0.26000000000004087,18.119999999999997
2006-04-23,0.0,0.0,15.24
2006-04-24,0.0,0.0,3.0599999999999996
2006-04-25,0.0,0.0,0.76
2006-04-26,0.03,0.030000000000040855,0.29000000000000004
2006-04-27,0.02,0.05000000000004086,0.05
2006-04-28,0.02,0.07000000000004086,0.07
2006-04-29,0.01,0.05000000000004086,0.08
2006-04-30,0.01,0.04000000000004086,0.09
2006-05-01,0.09,0.11000000000004086,0.18
2006-05-02,0.35,0.4500000000000408,0.53
2006-05-03,0.75,1.1900000000000408,1.25
2006-05-04,0.2,1.3000000000000407,1.43
2006-05-05,0.09,1.040000000000041,1.5
2006-05-06,0.05,0.3400000000000409,1.54
2006-05-07,0.03,0.17000000000004084,1.56
2006-05-08,0.23,0.3100000000000409,1.7000000000000002
2006-05-09,0.35,0.610000000000041,1.7
2006-05-10,0.43,1.0100000000000409,1.38
2006-05-11,0.41,1.1900000000000408,1.59
2006-05-12,0.6,1.4400000000000408,2.0999999999999996
2006-05-13,0.3,1.310000000000041,2.35
2006-05-14,0.02,0.9200000000000409,2.34
2006-05-15,0.03,0.35000000000004095,2.1399999999999997
2006-05-16,0.89,0.940000000000041,2.6799999999999997
2006-05-17,0.28,1.200000000000041,2.53
2006-05-18,2.28,3.450000000000041,4.4
2006-05-19,0.21,2.7700000000000404,4.01
2006-05-20,0.07,2.5600000000000405,3.78
2006-05-21,0.2,0.48000000000004084,3.96
2006-05-22,0.03,0.3000000000000409,3.96
2006-05-23,0.54,0.7700000000000409,3.6100000000000003
2006-05-24,0.99,1.560000000000041,4.32
2006-05-25,10.82,12.35000000000004,12.860000000000001
2006-05-26,4.22,16.03000000000004,16.87
2006-05-27,0.24,15.28000000000004,17.04
2006-05-28,0.38,4.840000000000041,17.22
2006-05-29,0.12,0.7400000000000408,17.31
2006-05-30,0.12,0.6200000000000409,16.89
2006-05-31,0.31,0.5500000000000409,16.21
2006-06-01,0.43,0.8600000000000408,5.820000000000001
2006-06-02,0.42,1.1600000000000408,2.020000000000002
2006-06-03,9.36,10.21000000000004,11.14
2006-06-04,3.35,13.13000000000004,14.11
2006-06-05,1.5,14.21000000000004,15.49
2006-06-06,1.17,6.02000000000004,16.540000000000003
2006-06-07,0.51,3.1800000000000406,16.74
2006-06-08,0.15,1.8300000000000407,16.46
2006-06-09,0.06,0.7200000000000408,16.1
2006-06-10,0.69,0.9000000000000408,7.4300000000000015
2006-06-11,0.01,0.7600000000000408,4.090000000000002
2006-06-12,2.65,3.3500000000000405,5.240000000000002
2006-06-13,7.79,10.450000000000042,11.860000000000001
2006-06-14,1.63,12.070000000000043,12.98
2006-06-15,1.56,10.980000000000041,14.39
2006-06-16,0.61,3.8000000000000425,14.940000000000001
2006-06-17,0.3,2.470000000000043,14.55
2006-06-18,0.21,1.1200000000000425,14.750000000000002
2006-06-19,2.52,3.0300000000000424,14.620000000000001
2006-06-20,2.02,4.750000000000043,8.850000000000001
2006-06-21,2.94,7.480000000000043,10.160000000000002
2006-06-22,15.1,20.060000000000045,23.700000000000003
2006-06-23,5.6,23.640000000000043,28.69
2006-06-24,0.07,20.770000000000042,28.46
2006-06-25,2.91,8.580000000000043,31.16
2006-06-26,1.99,4.970000000000042,30.63
2006-06-27,2.77,7.670000000000043,31.380000000000003
2006-06-28,2.86,7.620000000000042,31.300000000000004
2006-06-29,0.38,6.010000000000043,16.580000000000002
2006-06-30,0.36,3.6000000000000423,11.340000000000002
2006-07-01,0.01,0.7500000000000426,11.280000000000001
2006-07-02,0.58,0.9500000000000426,8.950000000000001
2006-07-03,0.0,0.5900000000000426,6.960000000000002
2006-07-04,0.05,0.6300000000000426,4.240000000000002
2006-07-05,0.0,0.050000000000042635,1.3800000000000017
2006-07-06,0.0,0.050000000000042635,1.0000000000000018
2006-07-07,0.01,0.010000000000042633,0.6500000000000018
2006-07-08,0.02,0.03000000000004263,0.6600000000000017
2006-07-09,0.6,0.6300000000000426,0.6800000000000017
2006-07-10,0.97,1.5900000000000425,1.6500000000000017
2006-07-11,8.68,10.250000000000043,10.280000000000001
2006-07-12,26.47,36.12000000000004,36.75
2006-07-13,2.92,38.07000000000004,39.67
2006-07-14,5.78,35.170000000000044,45.440000000000005
2006-07-15,4.73,13.430000000000042,50.15
2006-07-16,0.62,11.130000000000043,50.169999999999995
2006-07-17,2.05,7.400000000000043,51.25
2006-07-18,6.19,8.860000000000042,48.76
2006-07-19,6.99,15.230000000000043,29.28
2006-07-20,11.49,24.670000000000044,37.85
2006-07-21,1.09,19.570000000000043,33.16
2006-07-22,0.99,13.570000000000045,29.42
2006-07-23,0.94,3.0200000000000427,29.740000000000002
2006-07-24,2.38,4.310000000000042,30.07
2006-07-25,1.3,4.620000000000042,25.180000000000003
2006-07-26,7.35,11.030000000000042,25.54
2006-07-27,6.93,15.580000000000041,20.98
2006-07-28,1.9,16.180000000000042,21.79
2006-07-29,0.01,8.840000000000042,20.81
2006-07-30,0.22,2.1300000000000425,20.09
2006-07-31,1.23,1.4600000000000426,18.94
2006-08-01,0.14,1.5900000000000425,17.78
2006-08-02,0.07,1.4400000000000426,10.499999999999998
2006-08-03,2.13,2.3400000000000425,5.699999999999999
2006-08-04,0.08,2.2800000000000424,3.88
2006-08-05,0.13,2.3400000000000425,4.0
2006-08-06,1.27,1.4800000000000426,5.05
2006-08-07,0.65,2.0500000000000425,4.47
2006-08-08,2.13,4.0500000000000425,6.46
2006-08-09,6.3,9.080000000000043,12.69
2006-08-10,2.59,11.020000000000042,13.149999999999999
2006-08-11,2.9,11.790000000000042,15.97
2006-08-12,1.82,7.310000000000041,17.66
2006-08-13,8.34,13.060000000000041,24.73
2006-08-14,3.89,14.050000000000042,27.97
2006-08-15,4.39,16.62000000000004,30.229999999999997
2006-08-16,6.32,14.60000000000004,30.25
2006-08-17,0.68,11.39000000000004,28.34
2006-08-18,0.26,7.2600000000000415,25.7
2006-08-19,0.76,1.700000000000041,24.64
2006-08-20,1.08,2.100000000000041,17.38
2006-08-21,1.41,3.250000000000041,14.899999999999999
2006-08-22,0.84,3.330000000000041,11.35
2006-08-23,0.85,3.1000000000000405,5.88
2006-08-24,5.75,7.44000000000004,10.95
2006-08-25,5.15,11.75000000000004,15.84
2006-08-26,26.79,37.69000000000004,41.87
2006-08-27,0.29,32.23000000000004,41.08
2006-08-28,1.12,28.200000000000042,40.78999999999999
2006-08-29,0.77,2.180000000000043,40.72
2006-08-30,0.07,1.9600000000000428,39.94
2006-08-31,0.17,1.0100000000000426,34.36
2006-09-01,3.23,3.4700000000000424,32.44
2006-09-02,4.48,7.880000000000043,10.129999999999997
2006-09-03,22.74,30.450000000000042,32.58
2006-09-04,7.6,34.82000000000004,39.059999999999995
2006-09-05,1.69,32.030000000000044,39.97999999999999
2006-09-06,3.07,12.360000000000042,42.97999999999999
2006-09-07,1.5,6.260000000000042,44.309999999999995
2006-09-08,0.95,5.520000000000043,42.029999999999994
2006-09-09,0.9,3.3500000000000427,38.449999999999996
2006-09-10,0.39,2.240000000000043,16.09999999999999
2006-09-11,0.79,2.0800000000000427,9.289999999999992
2006-09-12,0.93,2.110000000000043,8.529999999999994
2006-09-13,1.68,3.4000000000000425,7.1399999999999935
2006-09-14,7.89,10.500000000000043,13.529999999999992
2006-09-15,3.44,13.010000000000042,16.019999999999992
2006-09-16,1.92,13.250000000000043,17.039999999999992
2006-09-17,1.02,6.380000000000042,17.66999999999999
2006-09-18,0.99,3.9300000000000415,17.869999999999994
2006-09-19,5.74,7.750000000000042,22.679999999999993
2006-09-20,3.52,10.25000000000004,24.519999999999992
2006-09-21,0.9,10.160000000000041,17.529999999999994
2006-09-22,0.05,4.4700000000000415,14.139999999999993
2006-09-23,0.36,1.3100000000000418,12.579999999999993
2006-09-24,15.75,16.160000000000043,27.30999999999999
2006-09-25,8.36,24.47000000000004,34.67999999999999
2006-09-26,3.54,27.65000000000004,32.47999999999999
2006-09-27,3.8,15.70000000000004,32.75999999999999
2006-09-28,1.29,8.630000000000042,33.14999999999999
2006-09-29,1.11,6.200000000000041,34.20999999999999
2006-09-30,2.51,4.910000000000041,36.359999999999985
2006-10-01,0.92,4.540000000000041,21.529999999999994
2006-10-02,21.29,24.72000000000004,34.459999999999994
2006-10-03,8.23,30.440000000000044,39.14999999999999
2006-10-04,4.17,33.69000000000004,39.519999999999996
2006-10-05,1.17,13.570000000000043,39.39999999999999
2006-10-06,1.07,6.410000000000043,39.35999999999999
2006-10-07,1.43,3.6700000000000426,38.279999999999994
2006-10-08,4.67,7.170000000000043,42.029999999999994
2006-10-09,0.7,6.8000000000000425,21.439999999999994
2006-10-10,0.53,5.900000000000043,13.739999999999993
2006-10-11,2.52,3.7500000000000426,12.089999999999993
2006-10-12,0.79,3.8400000000000425,11.709999999999994
2006-10-13,0.0,3.3100000000000427,10.639999999999993
2006-10-14,0.04,0.8300000000000427,9.249999999999993
2006-10-15,1.28,1.3200000000000427,5.859999999999993
2006-10-16,1.09,2.4100000000000428,6.249999999999993
2006-10-17,0.9,3.2700000000000427,6.619999999999994
2006-10-18,16.21,18.200000000000042,20.309999999999995
2006-10-19,9.53,26.640000000000043,29.049999999999997
2006-10-20,11.23,36.97000000000004,40.279999999999994
2006-10-21,7.88,28.640000000000043,48.12
2006-10-22,3.81,22.92000000000004,50.65
2006-10-23,25.12,36.810000000000045,74.67999999999999
2006-10-24,17.58,46.51000000000004,91.36
2006-10-25,74.95,117.65000000000003,150.1
2006-10-26,38.28,130.81000000000006,178.85
2006-10-27,95.98,209.21000000000004,263.6
2006-10-28,66.76,201.02000000000007,322.48
2006-10-29,38.48,201.22000000000006,357.15000000000003
2006-10-30,13.05,118.29000000000005,345.08
2006-10-31,6.23,57.76000000000004,333.73
2006-11-01,17.15,36.43000000000004,275.92999999999995
2006-11-02,18.28,41.66000000000004,255.93
2006-11-03,23.5,58.930000000000035,183.45
2006-11-04,7.56,49.340000000000046,124.25
2006-11-05,11.53,42.590000000000046,97.30000000000001
2006-11-06,11.82,30.910000000000043,96.07
2006-11-07,18.43,41.780000000000044,108.27000000000001
2006-11-08,16.79,47.04000000000004,107.91
2006-11-09,6.09,41.310000000000045,95.72
2006-11-10,7.56,30.44000000000004,79.78
2006-11-11,8.0,21.65000000000004,80.22
2006-11-12,9.47,25.030000000000044,78.16
2006-11-13,7.18,24.65000000000004,73.52000000000001
2006-11-14,5.86,22.510000000000044,60.949999999999996
2006-11-15,8.38,21.420000000000044,52.54
2006-11-16,6.55,20.790000000000042,53.0
2006-11-17,20.3,35.23000000000005,65.74000000000001
2006-11-18,35.74,62.59000000000004,93.48
2006-11-19,16.55,72.59000000000005,100.56
2006-11-20,6.66,58.95000000000004,100.03999999999999
2006-11-21,0.52,23.730000000000036,94.7
2006-11-22,0.35,7.530000000000036,86.67
2006-11-23,0.13,1.0000000000000355,80.25
2006-11-24,0.01,0.4900000000000355,59.96
2006-11-25,0.3,0.44000000000003553,24.52
2006-11-26,0.98,1.2900000000000356,8.95
2006-11-27,0.44,1.7200000000000355,2.73
2006-11-28,0.54,1.9600000000000355,2.75
2006-11-29,0.29,1.2700000000000355,2.69
2006-11-30,0.15,0.9800000000000355,2.71
2006-12-01,0.21,0.6500000000000354,2.91
2006-12-02,0.01,0.3700000000000355,2.62
2006-12-03,0.11,0.3300000000000355,1.75
2006-12-04,0.02,0.1400000000000355,1.33
2006-12-05,0.0,0.1300000000000355,0.7899999999999999
2006-12-06,0.0,0.020000000000035528,0.5
2006-12-07,0.0,0.0,0.35
2006-12-08,0.08,0.08000000000003553,0.22
2006-12-09,1.6,1.6800000000000357,1.81
2006-12-10,17.67,19.350000000000037,19.37
2006-12-11,13.03,32.30000000000004,32.38
2006-12-12,1.77,32.470000000000034,34.15
2006-12-13,0.0,14.800000000000034,34.15
2006-12-14,0.0,1.7700000000000355,34.15
2006-12-15,0.0,0.0,34.07
2006-12-16,0.0,0.0,32.47
2006-12-17,0.01,0.010000000000035527,14.809999999999999
2006-12-18,0.0,0.010000000000035527,1.78
2006-12-19,0.12,0.13000000000003553,0.13
2006-12-20,0.31,0.4300000000000355,0.44
2006-12-21,1.15,1.5800000000000354,1.5899999999999999
2006-12-22,0.32,1.7800000000000356,1.91
2006-12-23,0.06,1.5300000000000353,1.9699999999999998
2006-12-24,0.09,0.4700000000000355,2.05
2006-12-25,0.04,0.19000000000003553,2.09
2006-12-26,0.04,0.1700000000000355,2.01
2006-12-27,0.01,0.09000000000003552,1.71
2006-12-28,0.0,0.05000000000003553,0.56
2006-12-29,0.0,0.010000000000035527,0.24
2006-12-30,0.0,0.0,0.18
2006-12-31,0.0,0.0,0.09
2007-01-01,0.0,0.0,0.05
2007-01-02,0.0,0.0,0.01
2007-01-03,0.0,0.0,0.0
2007-01-04,0.0,0.0,0.0
2007-01-05,0.0,0.0,0.0
2007-01-06,0.01,0.010000000000035527,0.01
2007-01-07,0.01,0.020000000000035528,0.02
2007-01-08,0.03,0.05000000000003553,0.05
2007-01-09,0.01,0.05000000000003552,0.06
2007-01-10,0.0,0.04000000000003552,0.06
2007-01-11,0.0,0.010000000000035527,0.06
2007-01-12,0.0,0.0,0.06
2007-01-13,0.0,0.0,0.049999999999999996
2007-01-14,0.0,0.0,0.039999999999999994
2007-01-15,0.0,0.0,0.01
2007-01-16,0.0,0.0,0.0
2007-01-17,0.0,0.0,0.0
2007-01-18,0.0,0.0,0.0
2007-01-19,0.0,0.0,0.0
2007-01-20,0.0,0.0,0.0
2007-01-21,0.0,0.0,0.0
2007-01-22,0.0,0.0,0.0
2007-01-23,0.0,0.0,0.0
2007-01-24,0.0,0.0,0.0
2007-01-25,0.0,0.0,0.0
2007-01-26,0.01,0.010000000000035527,0.01
2007-01-27,0.01,0.020000000000035528,0.02
2007-01-28,0.01,0.03,0.03
2007-01-29,0.0,0.020000000000035524,0.03
2007-01-30,0.0,0.010000000000035527,0.03
2007-01-31,0.0,0.0,0.03
2007-02-01,0.0,0.0,0.03
2007-02-02,0.0,0.0,0.019999999999999997
2007-02-03,0.0,0.0,0.01
2007-02-04,0.0,0.0,0.0
2007-02-05,0.0,0.0,0.0
2007-02-06,0.0,0.0,0.0
2007-02-07,0.0,0.0,0.0
2007-02-08,0.0,0.0,0.0
2007-02-09,0.0,0.0,0.0
2007-02-10,0.25,0.2500000000000355,0.25
2007-02-11,0.18,0.4300000000000355,0.43
2007-02-12,0.05,0.4800000000000355,0.48
2007-02-13,2.57,2.8000000000000353,3.05
2007-02-14,1.05,3.6700000000000355,4.1
2007-02-15,0.9,4.520000000000035,5.0
2007-02-16,1.52,3.4700000000000357,6.52
2007-02-17,11.13,13.550000000000036,17.4
2007-02-18,1.81,14.460000000000036,19.03
2007-02-19,0.09,13.030000000000037,19.07
2007-02-20,0.0,1.9000000000000357,16.5
2007-02-21,0.0,0.09000000000003552,15.450000000000001
2007-02-22,0.0,0.0,14.55
2007-02-23,0.0,0.0,13.030000000000001
2007-02-24,0.0,0.0,1.9000000000000001
2007-02-25,0.0,0.0,0.09
2007-02-26,0.0,0.0,0.0
2007-02-27,0.0,0.0,0.0
2007-02-28,0.0,0.0,0.0
2007-03-01,0.0,0.0,0.0
2007-03-02,0.0,0.0,0.0
2007-03-03,0.0,0.0,0.0
2007-03-04,0.0,0.0,0.0
2007-03-05,0.0,0.0,0.0
2007-03-06,0.0,0.0,0.0
2007-03-07,0.0,0.0,0.0
2007-03-08,0.0,0.0,0.0
2007-03-09,0.0,0.0,0.0
2007-03-10,0.0,0.0,0.0
2007-03-11,0.0,0.0,0.0
2007-03-12,0.0,0.0,0.0
2007-03-13,0.0,0.0,0.0
2007-03-14,0.0,0.0,0.0
2007-03-15,0.0,0.0,0.0
2007-03-16,0.01,0.010000000000035527,0.01
2007-03-17,0.0,0.010000000000035527,0.01
2007-03-18,0.0,0.010000000000035527,0.01
2007-03-19,0.0,0.0,0.01
2007-03-20,0.0,0.0,0.01
2007-03-21,0.0,0.0,0.01
2007-03-22,0.0,0.0,0.01
2007-03-23,0.0,0.0,0.0
2007-03-24,0.0,0.0,0.0
2007-03-25,0.0,0.0,0.0
2007-03-26,0.0,0.0,0.0
2007-03-27,0.0,0.0,0.0
2007-03-28,0.0,0.0,0.0
2007-03-29,0.0,0.0,0.0
2007-03-30,0.0,0.0,0.0
2007-03-31,0.02,0.020000000000035528,0.02
2007-04-01,0.01,0.030000000000035526,0.03
2007-04-02,0.0,0.030000000000035526,0.03
2007-04-03,0.0,0.010000000000035527,0.03
2007-04-04,0.0,0.0,0.03
2007-04-05,0.0,0.0,0.03
2007-04-06,0.0,0.0,0.03
2007-04-07,0.01,0.010000000000035527,0.02
2007-04-08,0.01,0.020000000000035528,0.02
2007-04-09,0.04,0.060000000000035525,0.06
2007-04-10,0.06,0.11000000000003553,0.12
2007-04-11,0.46,0.5600000000000356,0.5800000000000001
2007-04-12,0.76,1.2800000000000356,1.34
2007-04-13,5.4,6.620000000000036,6.74
2007-04-14,1.73,7.890000000000036,8.46
2007-04-15,0.87,8.000000000000036,9.32
2007-04-16,0.29,2.8900000000000357,9.57
2007-04-17,0.11,1.2700000000000355,9.620000000000001
2007-04-18,1.47,1.8700000000000356,10.63
2007-04-19,1.17,2.7500000000000355,11.040000000000001
2007-04-20,0.53,3.1700000000000355,6.17
2007-04-21,1.47,3.1700000000000355,5.909999999999999
2007-04-22,0.11,2.1100000000000354,5.15
2007-04-23,0.1,1.6800000000000355,4.96
2007-04-24,0.06,0.27000000000003554,4.91
2007-04-25,0.01,0.17000000000003554,3.45
2007-04-26,0.02,0.09000000000003552,2.3000000000000003
2007-04-27,0.01,0.04000000000003553,1.78
2007-04-28,0.01,0.04000000000003552,0.32
2007-04-29,0.01,0.03,0.22000000000000003
2007-04-30,0.0,0.020000000000035524,0.12
2007-05-01,0.17,0.18000000000003555,0.23
2007-05-02,2.91,3.0800000000000356,3.1300000000000003
2007-05-03,2.95,6.030000000000036,6.0600000000000005
2007-05-04,0.83,6.690000000000036,6.880000000000001
2007-05-05,0.34,4.120000000000036,7.210000000000001
2007-05-06,0.69,1.8600000000000354,7.890000000000001
2007-05-07,0.1,1.1300000000000354,7.99
2007-05-08,0.45,1.2400000000000355,8.27
2007-05-09,0.1,0.6500000000000355,5.46
2007-05-10,0.01,0.5600000000000356,2.52
2007-05-11,0.0,0.11000000000003553,1.69
2007-05-12,0.18,0.19000000000003553,1.53
2007-05-13,0.03,0.21000000000003552,0.8700000000000001
2007-05-14,1.31,1.5200000000000355,2.08
2007-05-15,0.09,1.4300000000000357,1.72
2007-05-16,0.01,1.4100000000000357,1.6300000000000001
2007-05-17,0.0,0.10000000000003552,1.62
2007-05-18,0.0,0.010000000000035527,1.62
2007-05-19,0.01,0.010000000000035527,1.4500000000000002
2007-05-20,0.0,0.010000000000035527,1.4200000000000002
2007-05-21,0.05,0.06000000000003553,0.16
2007-05-22,0.13,0.18000000000003552,0.2
2007-05-23,0.56,0.7400000000000355,0.75
2007-05-24,0.44,1.1300000000000354,1.19
2007-05-25,0.66,1.6600000000000357,1.85
2007-05-26,0.46,1.5600000000000356,2.3000000000000003
2007-05-27,0.27,1.3900000000000357,2.5700000000000003
2007-05-28,0.06,0.7900000000000356,2.58
2007-05-29,0.04,0.3700000000000355,2.4899999999999998
2007-05-30,0.01,0.11000000000003553,1.9400000000000002
2007-05-31,0.0,0.05000000000003553,1.5000000000000002
2007-06-01,0.0,0.010000000000035527,0.8400000000000001
2007-06-02,0.11,0.11000000000003553,0.49
2007-06-03,0.29,0.4000000000000355,0.51
2007-06-04,0.11,0.5100000000000355,0.56
2007-06-05,0.99,1.3900000000000357,1.51
2007-06-06,4.46,5.560000000000036,5.96
2007-06-07,2.64,8.090000000000035,8.6
2007-06-08,1.16,8.260000000000035,9.76
2007-06-09,0.45,4.2500000000000355,10.100000000000001
2007-06-10,1.01,2.6200000000000356,10.82
2007-06-11,0.57,2.0300000000000353,11.28
2007-06-12,0.15,1.7300000000000355,10.44
2007-06-13,0.16,0.8800000000000354,6.14
2007-06-14,2.09,2.4000000000000354,5.59
2007-06-15,2.06,4.310000000000036,6.49
2007-06-16,7.87,12.020000000000035,13.91
2007-06-17,2.31,12.240000000000036,15.209999999999999
2007-06-18,8.62,18.800000000000033,23.259999999999998
2007-06-19,2.9,13.830000000000036,26.009999999999998
2007-06-20,3.87,15.390000000000034,29.72
2007-06-21,14.92,21.690000000000033,42.55
2007-06-22,6.96,25.750000000000036,47.449999999999996
2007-06-23,2.14,24.020000000000035,41.72
2007-06-24,0.52,9.620000000000037,39.93
2007-06-25,1.12,3.7800000000000358,32.43
2007-06-26,2.51,4.150000000000036,32.04
2007-06-27,6.14,9.770000000000035,34.309999999999995
2007-06-28,5.41,14.060000000000034,24.799999999999997
2007-06-29,8.65,20.20000000000004,26.49
2007-06-30,0.36,14.420000000000035,24.709999999999997
2007-07-01,0.07,9.080000000000036,24.259999999999998
2007-07-02,0.01,0.44000000000003553,23.150000000000002
2007-07-03,0.0,0.08000000000003553,20.64
2007-07-04,0.02,0.030000000000035526,14.52
2007-07-05,0.88,0.9000000000000355,9.989999999999998
2007-07-06,0.13,1.0300000000000356,1.47
2007-07-07,0.13,1.1400000000000357,1.2399999999999998
2007-07-08,1.42,1.6800000000000357,2.59
2007-07-09,1.26,2.810000000000036,3.84
2007-07-10,2.66,5.340000000000036,6.5
2007-07-11,8.53,12.450000000000035,15.01
2007-07-12,22.06,33.250000000000036,36.19
2007-07-13,8.75,39.34000000000003,44.809999999999995
2007-07-14,1.94,32.750000000000036,46.62
2007-07-15,1.03,11.72000000000004,46.23
2007-07-16,4.48,7.450000000000039,49.45
2007-07-17,0.92,6.430000000000039,47.709999999999994
2007-07-18,3.43,8.83000000000004,42.60999999999999
2007-07-19,4.31,8.66000000000004,24.86
2007-07-20,1.17,8.91000000000004,17.28
2007-07-21,3.34,8.82000000000004,18.68
2007-07-22,1.69,6.200000000000038,19.34
2007-07-23,3.4,8.430000000000039,18.259999999999998
2007-07-24,1.43,6.520000000000039,18.77
2007-07-25,3.73,8.56000000000004,19.07
2007-07-26,8.16,13.32000000000004,22.92
2007-07-27,23.7,35.59000000000004,45.449999999999996
2007-07-28,17.67,49.530000000000044,59.78
2007-07-29,27.83,69.20000000000005,85.91999999999999
2007-07-30,12.76,58.26000000000004,95.28
2007-07-31,13.58,54.17000000000004,107.42999999999999
2007-08-01,18.76,45.10000000000004,122.46
2007-08-02,6.87,39.21000000000004,121.17
2007-08-03,1.95,27.58000000000004,99.41999999999999
2007-08-04,1.34,10.16000000000004,83.09
2007-08-05,2.49,5.780000000000039,57.75
2007-08-06,0.37,4.200000000000039,45.36000000000001
2007-08-07,0.0,2.8600000000000394,31.78
2007-08-08,0.06,0.4300000000000391,13.08
2007-08-09,1.14,1.200000000000039,7.35
2007-08-10,0.3,1.500000000000039,5.7
2007-08-11,4.16,5.600000000000039,8.52
2007-08-12,4.91,9.37000000000004,10.940000000000001
2007-08-13,0.2,9.270000000000039,10.770000000000001
2007-08-14,0.12,5.2300000000000395,10.89
2007-08-15,0.01,0.3300000000000391,10.84
2007-08-16,12.03,12.16000000000004,21.729999999999997
2007-08-17,16.79,28.83000000000004,38.22
2007-08-18,18.12,46.94000000000004,52.18
2007-08-19,4.83,39.74000000000004,52.099999999999994
2007-08-20,12.04,34.99000000000004,63.94
2007-08-21,9.2,26.070000000000036,73.02
2007-08-22,12.83,34.070000000000036,85.83999999999999
2007-08-23,8.27,30.30000000000004,82.08
2007-08-24,2.8,23.900000000000038,68.08999999999999
2007-08-25,1.48,12.550000000000038,51.44999999999999
2007-08-26,7.9,12.180000000000039,54.519999999999996
2007-08-27,3.51,12.890000000000038,45.989999999999995
2007-08-28,3.05,14.46000000000004,39.839999999999996
2007-08-29,16.01,22.570000000000043,43.019999999999996
2007-08-30,11.68,30.74000000000004,46.43
2007-08-31,5.27,32.960000000000036,48.89999999999999
2007-09-01,5.82,22.77000000000004,53.239999999999995
2007-09-02,2.68,13.770000000000039,48.019999999999996
2007-09-03,0.93,9.430000000000039,45.44
2007-09-04,0.42,4.030000000000039,42.809999999999995
2007-09-05,24.91,26.26000000000004,51.709999999999994
2007-09-06,7.28,32.61000000000004,47.309999999999995
2007-09-07,1.31,33.50000000000004,43.349999999999994
2007-09-08,0.54,9.13000000000004,38.07
2007-09-09,0.54,2.390000000000039,35.92999999999999
2007-09-10,0.12,1.2000000000000393,35.12
2007-09-11,0.05,0.7100000000000392,34.75
2007-09-12,1.47,1.6400000000000392,11.309999999999997
2007-09-13,10.19,11.710000000000038,14.219999999999995
2007-09-14,8.78,20.440000000000037,21.689999999999998
2007-09-15,8.09,27.060000000000038,29.239999999999995
2007-09-16,2.7,19.57000000000004,31.4
2007-09-17,9.98,20.77000000000004,41.26
2007-09-18,8.47,21.15000000000004,49.68
2007-09-19,0.47,18.92000000000004,48.67999999999999
2007-09-20,0.62,9.56000000000004,39.11
2007-09-21,0.18,1.270000000000039,30.51
2007-09-22,0.15,0.950000000000039,22.57
2007-09-23,0.12,0.45000000000003904,19.990000000000002
2007-09-24,0.08,0.35000000000003906,10.09
2007-09-25,0.51,0.710000000000039,2.13
2007-09-26,2.78,3.3700000000000387,4.4399999999999995
2007-09-27,14.4,17.69000000000004,18.22
2007-09-28,1.33,18.510000000000037,19.37
2007-09-29,12.19,27.920000000000037,31.410000000000004
2007-09-30,3.52,17.04000000000004,34.81
2007-10-01,2.63,18.34000000000004,37.36
2007-10-02,0.39,6.540000000000039,37.239999999999995
2007-10-03,0.05,3.070000000000039,34.510000000000005
2007-10-04,0.04,0.4800000000000391,20.15
2007-10-05,0.03,0.12000000000003908,18.849999999999998
2007-10-06,0.04,0.11000000000003908,6.7
2007-10-07,0.02,0.09000000000003909,3.1999999999999997
2007-10-08,0.0,0.06000000000003908,0.5700000000000001
2007-10-09,0.0,0.02000000000003908,0.18
2007-10-10,0.02,0.02000000000003908,0.15000000000000002
2007-10-11,0.06,0.08000000000003908,0.17
2007-10-12,0.01,0.09000000000003908,0.15
2007-10-13,0.05,0.12000000000003908,0.16
2007-10-14,0.0,0.060000000000039085,0.14
2007-10-15,0.0,0.05000000000003908,0.14
2007-10-16,0.03,0.03000000000003908,0.17
2007-10-17,1.85,1.8800000000000392,2.0
2007-10-18,3.44,5.320000000000039,5.38
2007-10-19,4.26,9.55000000000004,9.629999999999999
2007-10-20,8.95,16.65000000000004,18.529999999999998
2007-10-21,8.44,21.650000000000038,26.97
2007-10-22,8.36,25.75000000000004,35.33
2007-10-23,18.91,35.710000000000036,54.209999999999994
2007-10-24,30.27,57.54000000000004,82.63
2007-10-25,18.52,67.70000000000005,97.71
2007-10-26,22.04,70.83000000000004,115.48999999999998
2007-10-27,25.81,66.37000000000003,132.35
2007-10-28,86.6,134.45000000000002,210.51
2007-10-29,67.5,179.91000000000003,269.65
2007-10-30,22.85,176.95000000000002,273.59
2007-10-31,15.66,106.01000000000003,258.98
2007-11-01,10.2,48.71000000000003,250.66
2007-11-02,5.12,30.98000000000003,233.74
2007-11-03,10.43,25.75000000000003,218.35999999999999
2007-11-04,14.0,29.55000000000003,145.76
2007-11-05,3.26,27.690000000000026,81.52
2007-11-06,2.34,19.60000000000003,61.01
2007-11-07,0.03,5.630000000000028,45.379999999999995
2007-11-08,0.01,2.3800000000000283,35.19
2007-11-09,0.02,0.06000000000002842,30.09
2007-11-10,0.19,0.22000000000002842,19.85
2007-11-11,0.11,0.32000000000002843,5.96
2007-11-12,0.01,0.3100000000000285,2.71
2007-11-13,0.0,0.12000000000002842,0.37
2007-11-14,0.0,0.010000000000028422,0.33999999999999997
2007-11-15,0.0,0.0,0.33
2007-11-16,0.0,0.0,0.31
2007-11-17,0.0,0.0,0.12
2007-11-18,2.68,2.6800000000000286,2.69
2007-11-19,18.16,20.84000000000003,20.84
2007-11-20,26.96,47.800000000000026,47.8
2007-11-21,0.37,45.49000000000003,48.17
2007-11-22,0.0,27.33000000000003,48.17
2007-11-23,0.0,0.3700000000000284,48.17
2007-11-24,0.0,0.0,48.17
2007-11-25,0.0,0.0,45.49
2007-11-26,0.02,0.020000000000028422,27.35
2007-11-27,1.3,1.3200000000000285,1.69
2007-11-28,0.22,1.5400000000000285,1.5399999999999998
2007-11-29,0.0,1.5200000000000284,1.54
2007-11-30,0.03,0.2500000000000284,1.57
2007-12-01,0.02,0.050000000000028424,1.5899999999999999
2007-12-02,4.18,4.230000000000028,5.77
2007-12-03,5.23,9.430000000000028,10.98
2007-12-04,2.21,11.62000000000003,11.89
2007-12-05,6.7,14.140000000000029,18.37
2007-12-06,10.24,19.150000000000027,28.61
2007-12-07,1.96,18.900000000000027,30.54
2007-12-08,0.36,12.560000000000029,30.88
2007-12-09,0.1,2.4200000000000284,26.8
2007-12-10,0.02,0.4800000000000284,21.59
2007-12-11,0.07,0.19000000000002842,19.45
2007-12-12,0.08,0.17000000000002843,12.83
2007-12-13,8.26,8.410000000000029,10.85
2007-12-14,3.05,11.390000000000029,11.940000000000001
2007-12-15,1.14,12.450000000000028,12.719999999999999
2007-12-16,0.22,4.410000000000029,12.84
2007-12-17,12.17,13.53000000000003,24.990000000000002
2007-12-18,52.48,64.87000000000003,77.4
2007-12-19,58.06,122.71000000000004,135.38
2007-12-20,9.17,119.71000000000002,136.29
2007-12-21,0.39,67.62000000000002,133.63000000000002
2007-12-22,0.0,9.560000000000029,132.49
2007-12-23,0.0,0.39000000000002844,132.27
2007-12-24,0.0,0.0,120.1
2007-12-25,0.0,0.0,67.62
2007-12-26,0.0,0.0,9.56
2007-12-27,0.0,0.0,0.39
2007-12-28,0.0,0.0,0.0
2007-12-29,0.0,0.0,0.0
2007-12-30,0.0,0.0,0.0
2007-12-31,0.0,0.0,0.0
2008-01-01,0.0,0.0,0.0
2008-01-02,0.14,0.14000000000002844,0.14
2008-01-03,6.11,6.250000000000028,6.25
2008-01-04,53.24,59.49000000000003,59.49
2008-01-05,1.96,61.31000000000003,61.45
2008-01-06,0.03,55.23000000000003,61.480000000000004
2008-01-07,0.0,1.9900000000000284,61.480000000000004
2008-01-08,0.0,0.03000000000002842,61.480000000000004
2008-01-09,0.01,0.010000000000028422,61.35
2008-01-10,0.0,0.010000000000028422,55.24
2008-01-11,0.0,0.010000000000028422,2.0
2008-01-12,0.0,0.0,0.04
2008-01-13,0.0,0.0,0.01
2008-01-14,0.0,0.0,0.01
2008-01-15,0.0,0.0,0.01
2008-01-16,0.0,0.0,0.0
2008-01-17,0.0,0.0,0.0
2008-01-18,0.0,0.0,0.0
2008-01-19,0.0,0.0,0.0
2008-01-20,0.0,0.0,0.0
2008-01-21,0.01,0.010000000000028422,0.01
2008-01-22,0.0,0.010000000000028422,0.01
2008-01-23,0.0,0.010000000000028422,0.01
2008-01-24,0.0,0.0,0.01
2008-01-25,0.0,0.0,0.01
2008-01-26,0.0,0.0,0.01
2008-01-27,0.0,0.0,0.01
2008-01-28,0.03,0.03000000000002842,0.03
2008-01-29,0.01,0.04000000000002842,0.04
2008-01-30,0.0,0.04000000000002842,0.04
2008-01-31,0.0,0.010000000000028422,0.04
2008-02-01,0.0,0.0,0.04
2008-02-02,0.0,0.0,0.04
2008-02-03,0.0,0.0,0.04
2008-02-04,0.09,0.09000000000002842,0.1
2008-02-05,0.04,0.13000000000002843,0.13
2008-02-06,0.02,0.15000000000002842,0.15000000000000002
2008-02-07,0.0,0.06000000000002842,0.15000000000000002
2008-02-08,0.54,0.5600000000000285,0.6900000000000001
2008-02-09,2.34,2.8800000000000283,3.03
2008-02-10,1.71,4.590000000000028,4.74
2008-02-11,0.53,4.5800000000000285,5.18
2008-02-12,1.13,3.3700000000000285,6.27
2008-02-13,0.16,1.8200000000000283,6.409999999999999
2008-02-14,1.18,2.470000000000028,7.589999999999999
2008-02-15,3.54,4.880000000000028,10.59
2008-02-16,0.2,4.920000000000028,8.45
2008-02-17,0.0,3.7400000000000286,6.74
2008-02-18,0.0,0.20000000000002843,6.21
2008-02-19,0.0,0.0,5.08
2008-02-20,0.0,0.0,4.92
2008-02-21,0.0,0.0,3.74
2008-02-22,0.0,0.0,0.2
2008-02-23,0.0,0.0,0.0
2008-02-24,0.0,0.0,0.0
2008-02-25,0.0,0.0,0.0
2008-02-26,0.0,0.0,0.0
2008-02-27,0.0,0.0,0.0
2008-02-28,0.0,0.0,0.0
2008-02-29,0.0,0.0,0.0
2008-03-01,0.7,0.7000000000000284,0.7
2008-03-02,0.16,0.8600000000000284,0.86
2008-03-03,0.0,0.8600000000000284,0.86
2008-03-04,0.0,0.16000000000002843,0.86
2008-03-05,0.0,0.0,0.86
2008-03-06,0.0,0.0,0.86
2008-03-07,0.0,0.0,0.86
2008-03-08,0.0,0.0,0.16
2008-03-09,0.0,0.0,0.0
2008-03-10,0.0,0.0,0.0
2008-03-11,4.49,4.490000000000029,4.49
2008-03-12,8.85,13.340000000000028,13.34
2008-03-13,8.68,22.020000000000028,22.02
2008-03-14,10.82,28.35000000000003,32.84
2008-03-15,2.1,21.60000000000003,34.94
2008-03-16,0.21,13.13000000000003,35.15
2008-03-17,0.33,2.6400000000000285,35.48
2008-03-18,0.74,1.2800000000000284,31.729999999999997
2008-03-19,1.37,2.440000000000029,24.25
2008-03-20,12.26,14.37000000000003,27.83
2008-03-21,41.15,54.78000000000003,58.16
2008-03-22,13.68,67.09000000000003,69.74
2008-03-23,3.81,58.64000000000003,73.34
2008-03-24,19.9,37.39000000000003,92.91
2008-03-25,7.17,30.88000000000003,99.33999999999999
2008-03-26,1.96,29.030000000000033,99.92999999999999
2008-03-27,0.51,9.640000000000036,88.17999999999999
2008-03-28,0.18,2.6500000000000354,47.209999999999994
2008-03-29,0.37,1.0600000000000356,33.9
2008-03-30,0.92,1.4700000000000355,31.009999999999998
2008-03-31,10.47,11.760000000000037,21.58
2008-04-01,2.87,14.260000000000037,17.28
2008-04-02,0.11,13.450000000000035,15.43
2008-04-03,0.02,3.0000000000000355,14.94
2008-04-04,0.03,0.16000000000003553,14.79
2008-04-05,0.03,0.08000000000003553,14.450000000000001
2008-04-06,0.03,0.09,13.56
2008-04-07,0.03,0.09,3.12
2008-04-08,0.07,0.13000000000003553,0.32
2008-04-09,0.0,0.10000000000003553,0.21000000000000002
2008-04-10,0.01,0.08000000000003553,0.2
2008-04-11,0.0,0.010000000000035527,0.17
2008-04-12,0.01,0.020000000000035528,0.15
2008-04-13,0.02,0.030000000000035526,0.14
2008-04-14,0.0,0.03000000000003553,0.11000000000000001
2008-04-15,0.0,0.02000000000003553,0.04
2008-04-16,0.01,0.010000000000035527,0.05
2008-04-17,0.0,0.010000000000035527,0.04
2008-04-18,0.0,0.010000000000035527,0.04
2008-04-19,0.01,0.010000000000035527,0.04
2008-04-20,0.0,0.010000000000035527,0.02
2008-04-21,0.0,0.010000000000035527,0.02
2008-04-22,0.01,0.010000000000035527,0.03
2008-04-23,0.07,0.08000000000003553,0.09
2008-04-24,0.0,0.08000000000003553,0.09
2008-04-25,0.28,0.35000000000003556,0.37
2008-04-26,0.13,0.41000000000003556,0.49
2008-04-27,0.01,0.42000000000003557,0.5
2008-04-28,0.01,0.15000000000003552,0.51
2008-04-29,0.06,0.08000000000003553,0.5599999999999999
2008-04-30,0.41,0.4800000000000355,0.8999999999999999
2008-05-01,0.07,0.5400000000000356,0.97
2008-05-02,0.01,0.4900000000000355,0.7
2008-05-03,0.13,0.21000000000003555,0.7
2008-05-04,0.0,0.14000000000003554,0.69
2008-05-05,0.0,0.13000000000003553,0.6799999999999999
2008-05-06,0.01,0.010000000000035527,0.63
2008-05-07,0.06,0.07000000000003552,0.27999999999999997
2008-05-08,0.03,0.10000000000003553,0.23999999999999996
2008-05-09,0.01,0.10000000000003553,0.23999999999999994
2008-05-10,0.02,0.060000000000035525,0.12999999999999995
2008-05-11,0.01,0.04000000000003553,0.13999999999999993
2008-05-12,3.0,3.0300000000000353,3.14
2008-05-13,0.51,3.520000000000035,3.6400000000000006
2008-05-14,1.46,4.970000000000035,5.04
2008-05-15,0.01,1.9800000000000355,5.02
2008-05-16,0.11,1.5800000000000356,5.12
2008-05-17,0.01,0.13000000000003553,5.109999999999999
2008-05-18,0.0,0.12000000000003552,5.1
2008-05-19,0.03,0.04000000000003553,2.13
2008-05-20,0.42,0.4500000000000355,2.04
2008-05-21,0.73,1.1800000000000355,1.31
2008-05-22,2.44,3.5900000000000354,3.74
2008-05-23,0.39,3.5600000000000356,4.02
2008-05-24,0.25,3.0800000000000356,4.26
2008-05-25,0.13,0.7700000000000355,4.390000000000001
2008-05-26,0.09,0.4700000000000355,4.45
2008-05-27,0.05,0.27000000000003554,4.08
2008-05-28,0.11,0.2500000000000355,3.46
2008-05-29,0.07,0.23000000000003554,1.09
2008-05-30,0.05,0.2300000000000355,0.75
2008-05-31,1.7,1.8200000000000354,2.2
2008-06-01,0.98,2.7300000000000355,3.05
2008-06-02,0.23,2.9100000000000357,3.19
2008-06-03,0.34,1.5500000000000356,3.48
2008-06-04,0.14,0.7100000000000356,3.5100000000000002
2008-06-05,0.13,0.6100000000000356,3.57
2008-06-06,0.01,0.28000000000003555,3.53
2008-06-07,0.61,0.7500000000000355,2.44
2008-06-08,4.97,5.590000000000035,6.43
2008-06-09,1.62,7.200000000000036,7.819999999999999
2008-06-10,0.2,6.790000000000036,7.68
2008-06-11,10.72,12.540000000000036,18.26
2008-06-12,0.91,11.830000000000037,19.04
2008-06-13,0.04,11.670000000000035,19.07
2008-06-14,0.31,1.2600000000000355,18.77
2008-06-15,0.04,0.3900000000000355,13.840000000000002
2008-06-16,0.04,0.39000000000003554,12.26
2008-06-17,0.03,0.11000000000003553,12.09
2008-06-18,0.23,0.30000000000003557,1.6
2008-06-19,0.08,0.3400000000000355,0.77
2008-06-20,0.07,0.38000000000003553,0.7999999999999999
2008-06-21,16.97,17.120000000000033,17.459999999999997
2008-06-22,3.08,20.120000000000033,20.5
2008-06-23,0.36,20.410000000000036,20.82
2008-06-24,0.32,3.7600000000000358,21.11
2008-06-25,2.23,2.9100000000000357,23.11
2008-06-26,0.5,3.050000000000036,23.529999999999994
2008-06-27,0.49,3.2200000000000353,23.95
2008-06-28,1.0,1.9900000000000355,7.98
2008-06-29,0.04,1.5300000000000356,4.94
2008-06-30,0.07,1.1100000000000356,4.6499999999999995
2008-07-01,1.67,1.7800000000000356,6.0
2008-07-02,0.73,2.4700000000000353,4.5
2008-07-03,0.41,2.8100000000000356,4.41
2008-07-04,0.71,1.8500000000000354,4.63
2008-07-05,1.08,2.2000000000000357,4.71
2008-07-06,1.07,2.860000000000036,5.74
2008-07-07,3.03,5.180000000000035,8.7
2008-07-08,0.5,4.600000000000035,7.53
2008-07-09,5.11,8.640000000000036,11.91
2008-07-10,1.45,7.060000000000036,12.95
2008-07-11,0.0,6.560000000000036,12.24
2008-07-12,0.0,1.4500000000000355,11.16
2008-07-13,0.02,0.020000000000035528,10.110000000000001
2008-07-14,1.16,1.1800000000000355,8.24
2008-07-15,2.28,3.4600000000000355,10.02
2008-07-16,0.28,3.7200000000000353,5.1899999999999995
2008-07-17,1.45,4.010000000000035,5.1899999999999995
2008-07-18,0.43,2.1600000000000357,5.619999999999999
2008-07-19,1.17,3.0500000000000353,6.789999999999999
2008-07-20,9.77,11.370000000000035,16.54
2008-07-21,1.2,12.140000000000034,16.58
2008-07-22,0.85,11.820000000000036,15.15
2008-07-23,0.65,2.7000000000000357,15.519999999999998
2008-07-24,5.99,7.490000000000036,20.06
2008-07-25,2.5,9.140000000000036,22.13
2008-07-26,2.75,11.240000000000036,23.709999999999997
2008-07-27,8.99,14.240000000000036,22.93
2008-07-28,2.24,13.980000000000036,23.970000000000002
2008-07-29,1.32,12.550000000000036,24.44
2008-07-30,0.96,4.520000000000036,24.750000000000004
2008-07-31,1.94,4.220000000000035,20.7
2008-08-01,4.16,7.060000000000035,22.36
2008-08-02,1.28,7.380000000000035,20.89
2008-08-03,7.61,13.050000000000036,19.51
2008-08-04,2.78,11.670000000000035,20.050000000000004
2008-08-05,0.67,11.060000000000036,19.400000000000002
2008-08-06,0.86,4.310000000000035,19.300000000000004
2008-08-07,1.47,3.0000000000000355,18.830000000000002
2008-08-08,4.86,7.190000000000036,19.53
2008-08-09,2.66,8.990000000000036,20.910000000000004
2008-08-10,0.69,8.210000000000036,13.99
2008-08-11,0.18,3.5300000000000358,11.39
2008-08-12,0.14,1.0100000000000355,10.860000000000001
2008-08-13,0.56,0.8800000000000356,10.560000000000002
2008-08-14,7.88,8.580000000000036,16.970000000000002
2008-08-15,2.27,10.710000000000035,14.380000000000003
2008-08-16,2.03,12.180000000000035,13.750000000000002
2008-08-17,9.37,13.670000000000034,22.43
2008-08-18,4.08,15.480000000000034,26.330000000000002
2008-08-19,18.84,32.290000000000035,45.03
2008-08-20,9.38,32.30000000000003,53.85
2008-08-21,7.55,35.77000000000004,53.52
2008-08-22,2.77,19.70000000000003,54.02
2008-08-23,1.02,11.340000000000032,53.01
2008-08-24,1.07,4.860000000000032,44.71
2008-08-25,1.41,3.500000000000032,42.040000000000006
2008-08-26,2.59,5.070000000000032,25.79
2008-08-27,2.59,6.590000000000032,18.999999999999996
2008-08-28,0.12,5.300000000000031,11.57
2008-08-29,0.92,3.630000000000032,9.719999999999999
2008-08-30,1.81,2.850000000000032,10.51
2008-08-31,3.95,6.680000000000032,13.39
2008-09-01,5.36,11.120000000000033,17.34
2008-09-02,15.45,24.760000000000034,30.2
2008-09-03,6.82,27.63000000000003,34.43
2008-09-04,0.77,23.040000000000035,35.080000000000005
2008-09-05,1.79,9.380000000000033,35.95
2008-09-06,3.25,5.8100000000000325,37.39
2008-09-07,3.62,8.660000000000032,37.06
2008-09-08,2.47,9.340000000000032,34.17
2008-09-09,0.97,7.060000000000032,19.69
2008-09-10,2.1,5.540000000000033,14.97
2008-09-11,0.26,3.330000000000032,14.46
2008-09-12,0.07,2.4300000000000326,12.74
2008-09-13,0.06,0.390000000000032,9.55
2008-09-14,5.28,5.410000000000032,11.21
2008-09-15,0.69,6.030000000000031,9.43
2008-09-16,0.38,6.3500000000000325,8.84
2008-09-17,0.11,1.180000000000032,6.85
2008-09-18,0.02,0.510000000000032,6.61
2008-09-19,0.16,0.290000000000032,6.7
2008-09-20,11.42,11.600000000000032,18.060000000000002
2008-09-21,3.61,15.190000000000031,16.39
2008-09-22,2.03,17.06000000000003,17.73
2008-09-23,0.5,6.140000000000032,17.85
2008-09-24,16.05,18.580000000000034,33.790000000000006
2008-09-25,3.36,19.910000000000032,37.13
2008-09-26,0.78,20.190000000000033,37.75
2008-09-27,0.31,4.450000000000032,26.64
2008-09-28,1.82,2.910000000000032,24.85
2008-09-29,3.02,5.150000000000032,25.84
2008-09-30,0.53,5.370000000000032,25.87
2008-10-01,0.02,3.570000000000032,9.84
2008-10-02,0.95,1.500000000000032,7.430000000000001
2008-10-03,3.46,4.430000000000032,10.11
2008-10-04,0.79,5.200000000000032,10.59
2008-10-05,0.49,4.740000000000032,9.26
2008-10-06,1.51,2.790000000000032,7.75
2008-10-07,0.22,2.220000000000032,7.4399999999999995
2008-10-08,0.81,2.540000000000032,8.23
2008-10-09,1.03,2.060000000000032,8.31
2008-10-10,1.25,3.090000000000032,6.1
2008-10-11,12.14,14.420000000000032,17.45
2008-10-12,21.17,34.56000000000003,38.13
2008-10-13,17.81,51.12000000000003,54.43000000000001
2008-10-14,10.04,49.02000000000003,64.25
2008-10-15,10.42,38.27000000000003,73.86
2008-10-16,12.4,32.86000000000003,85.23
2008-10-17,12.6,35.42000000000003,96.58
2008-10-18,18.59,43.59000000000003,103.03
2008-10-19,14.48,45.67000000000003,96.34
2008-10-20,50.84,83.91000000000003,129.37
2008-10-21,45.18,110.50000000000003,164.51000000000002
2008-10-22,42.3,138.32000000000005,196.39
2008-10-23,16.74,104.22000000000003,200.73000000000002
2008-10-24,17.48,76.52000000000004,205.60999999999999
2008-10-25,2.24,36.460000000000036,189.26
2008-10-26,1.64,21.360000000000035,176.42
2008-10-27,0.0,3.8800000000000354,125.58
2008-10-28,0.0,1.6400000000000354,80.4
2008-10-29,0.0,0.0,38.1
2008-10-30,0.0,0.0,21.36
2008-10-31,0.0,0.0,3.88
2008-11-01,0.0,0.0,1.64
2008-11-02,0.0,0.0,0.0
2008-11-03,0.0,0.0,0.0
2008-11-04,0.0,0.0,0.0
2008-11-05,0.0,0.0,0.0
2008-11-06,0.0,0.0,0.0
2008-11-07,0.04,0.04000000000003553,0.04
2008-11-08,0.08,0.12000000000003552,0.12
2008-11-09,1.1,1.2200000000000357,1.2200000000000002
2008-11-10,4.04,5.220000000000036,5.26
2008-11-11,0.79,5.930000000000035,6.050000000000001
2008-11-12,1.11,5.940000000000036,7.160000000000001
2008-11-13,3.09,4.990000000000035,10.25
2008-11-14,1.49,5.690000000000035,11.700000000000001
2008-11-15,10.88,15.460000000000036,22.5
2008-11-16,2.72,15.090000000000035,24.12
2008-11-17,1.19,14.790000000000035,21.270000000000003
2008-11-18,4.77,8.680000000000033,25.25
2008-11-19,5.16,11.120000000000033,29.300000000000004
2008-11-20,1.13,11.060000000000034,27.34
2008-11-21,19.17,25.460000000000036,45.02
2008-11-22,39.32,59.62000000000003,73.46000000000001
2008-11-23,25.24,83.73000000000003,95.98
2008-11-24,20.12,84.68000000000004,114.91
2008-11-25,27.89,73.25000000000004,138.03
2008-11-26,104.86,152.87000000000006,237.73000000000002
2008-11-27,178.98,311.73,415.58000000000004
2008-11-28,59.76,343.6,456.17
2008-11-29,27.26,266.0,444.11
2008-11-30,4.43,91.45000000000003,423.3
2008-12-01,2.02,33.71000000000003,405.2
2008-12-02,0.01,6.460000000000028,377.32
2008-12-03,0.02,2.0500000000000282,272.47999999999996
2008-12-04,0.0,0.03000000000002842,93.5
2008-12-05,0.06,0.08000000000002841,33.800000000000004
2008-12-06,0.08,0.14000000000002844,6.62
2008-12-07,0.23,0.3700000000000284,2.42
2008-12-08,5.58,5.890000000000028,5.98
2008-12-09,4.99,10.80000000000003,10.96
2008-12-10,0.35,10.920000000000028,11.290000000000001
2008-12-11,0.01,5.350000000000029,11.3
2008-12-12,0.1,0.4600000000000284,11.340000000000002
2008-12-13,0.26,0.3700000000000284,11.520000000000001
2008-12-14,2.12,2.4800000000000284,13.41
2008-12-15,1.16,3.5400000000000285,8.99
2008-12-16,0.32,3.6000000000000285,4.319999999999999
2008-12-17,0.13,1.6100000000000283,4.1
2008-12-18,0.04,0.4900000000000284,4.13
2008-12-19,0.02,0.19000000000002842,4.05
2008-12-20,0.0,0.06000000000002842,3.7899999999999996
2008-12-21,0.0,0.020000000000028422,1.6699999999999995
2008-12-22,0.0,0.0,0.5099999999999996
2008-12-23,0.04,0.04000000000002842,0.22999999999999957
2008-12-24,0.18,0.22000000000002842,0.2799999999999996
2008-12-25,0.01,0.23000000000002843,0.24999999999999956
2008-12-26,0.0,0.19000000000002842,0.22999999999999957
2008-12-27,0.0,0.010000000000028422,0.22999999999999957
2008-12-28,0.0,0.0,0.22999999999999957
2008-12-29,0.0,0.0,0.22999999999999957
2008-12-30,0.0,0.0,0.18999999999999956
2008-12-31,0.0,0.0,0.009999999999999556
2009-01-01,0.0,0.0,0.0
2009-01-02,0.01,0.010000000000028422,0.009999999999999556
2009-01-03,0.0,0.010000000000028422,0.009999999999999556
2009-01-04,0.01,0.020000000000028422,0.019999999999999556
2009-01-05,0.0,0.010000000000028422,0.019999999999999556
2009-01-06,1.21,1.2200000000000284,1.2299999999999995
2009-01-07,16.36,17.57000000000003,17.59
2009-01-08,2.23,19.80000000000003,19.82
2009-01-09,0.86,19.450000000000028,20.669999999999998
2009-01-10,0.29,3.3800000000000283,20.959999999999997
2009-01-11,0.0,1.1500000000000283,20.95
2009-01-12,0.01,0.3000000000000284,20.96
2009-01-13,0.25,0.26000000000002843,20.0
2009-01-14,0.37,0.6300000000000284,4.01
2009-01-15,4.59,5.210000000000028,6.369999999999999
2009-01-16,0.04,5.000000000000028,5.549999999999999
2009-01-17,0.0,4.630000000000028,5.259999999999999
2009-01-18,0.0,0.04000000000002842,5.259999999999999
2009-01-19,0.0,0.0,5.249999999999999
2009-01-20,0.0,0.0,4.999999999999999
2009-01-21,0.0,0.0,4.629999999999999
2009-01-22,0.0,0.0,0.03999999999999911
2009-01-23,0.0,0.0,0.0
2009-01-24,0.0,0.0,0.0
2009-01-25,0.01,0.010000000000028422,0.009999999999999112
2009-01-26,0.08,0.09000000000002842,0.08999999999999911
2009-01-27,0.01,0.10000000000002841,0.0999999999999991
2009-01-28,0.01,0.10000000000002843,0.10999999999999911
2009-01-29,0.0,0.020000000000028422,0.10999999999999911
2009-01-30,0.0,0.010000000000028422,0.10999999999999911
2009-01-31,0.0,0.0,0.10999999999999911
2009-02-01,0.0,0.0,0.09999999999999912
2009-02-02,0.0,0.0,0.019999999999999112
2009-02-03,0.0,0.0,0.009999999999999112
2009-02-04,0.0,0.0,0.0
2009-02-05,0.0,0.0,0.0
2009-02-06,0.0,0.0,0.0
2009-02-07,0.0,0.0,0.0
2009-02-08,0.03,0.03000000000002842,0.02999999999999911
2009-02-09,0.0,0.03000000000002842,0.02999999999999911
2009-02-10,0.0,0.03000000000002842,0.02999999999999911
2009-02-11,0.0,0.0,0.02999999999999911
2009-02-12,0.0,0.0,0.02999999999999911
2009-02-13,0.0,0.0,0.02999999999999911
2009-02-14,0.0,0.0,0.02999999999999911
2009-02-15,0.0,0.0,0.0
2009-02-16,0.0,0.0,0.0
2009-02-17,0.0,0.0,0.0
2009-02-18,0.0,0.0,0.0
2009-02-19,0.0,0.0,0.0
2009-02-20,0.0,0.0,0.0
2009-02-21,0.0,0.0,0.0
2009-02-22,0.0,0.0,0.0
2009-02-23,0.0,0.0,0.0
2009-02-24,0.0,0.0,0.0
2009-02-25,0.0,0.0,0.0
2009-02-26,0.0,0.0,0.0
2009-02-27,0.0,0.0,0.0
2009-02-28,0.0,0.0,0.0
2009-03-01,0.0,0.0,0.0
2009-03-02,0.0,0.0,0.0
2009-03-03,0.0,0.0,0.0
2009-03-04,0.0,0.0,0.0
2009-03-05,0.0,0.0,0.0
2009-03-06,0.0,0.0,0.0
2009-03-07,0.0,0.0,0.0
2009-03-08,0.0,0.0,0.0
2009-03-09,0.62,0.6200000000000284,0.6199999999999991
2009-03-10,9.26,9.880000000000027,9.879999999999999
2009-03-11,7.18,17.060000000000027,17.06
2009-03-12,0.1,16.540000000000028,17.16
2009-03-13,0.0,7.280000000000028,17.16
2009-03-14,0.06,0.16000000000002843,17.22
2009-03-15,0.2,0.26000000000002843,17.419999999999998
2009-03-16,0.58,0.8400000000000284,17.38
2009-03-17,0.0,0.7800000000000284,8.12
2009-03-18,0.0,0.5800000000000284,0.94
2009-03-19,0.0,0.0,0.84
2009-03-20,0.0,0.0,0.84
2009-03-21,0.0,0.0,0.7799999999999999
2009-03-22,0.0,0.0,0.58
2009-03-23,0.01,0.010000000000028422,0.01
2009-03-24,0.0,0.010000000000028422,0.01
2009-03-25,0.0,0.010000000000028422,0.01
2009-03-26,0.0,0.0,0.01
2009-03-27,0.0,0.0,0.01
2009-03-28,0.0,0.0,0.01
2009-03-29,0.01,0.010000000000028422,0.02
2009-03-30,0.0,0.010000000000028422,0.01
2009-03-31,0.0,0.010000000000028422,0.01
2009-04-01,0.0,0.0,0.01
2009-04-02,0.0,0.0,0.01
2009-04-03,0.0,0.0,0.01
2009-04-04,0.0,0.0,0.01
2009-04-05,0.01,0.010000000000028422,0.01
2009-04-06,0.08,0.09000000000002842,0.09
2009-04-07,0.07,0.16000000000002843,0.16
2009-04-08,0.13,0.28000000000002845,0.29000000000000004
2009-04-09,0.34,0.5400000000000285,0.63
2009-04-10,2.66,3.1300000000000288,3.29
2009-04-11,0.86,3.8600000000000287,4.15
2009-04-12,0.26,3.7800000000000287,4.4
2009-04-13,0.02,1.1400000000000283,4.34
2009-04-14,0.0,0.28000000000002845,4.27
2009-04-15,0.0,0.020000000000028422,4.14
2009-04-16,0.0,0.0,3.8000000000000003
2009-04-17,0.01,0.010000000000028422,1.15
2009-04-18,0.0,0.010000000000028422,0.29000000000000004
2009-04-19,0.31,0.32000000000002843,0.34
2009-04-20,0.07,0.3800000000000284,0.39
2009-04-21,0.04,0.4200000000000284,0.43
2009-04-22,0.4,0.5100000000000284,0.8300000000000001
2009-04-23,0.1,0.5400000000000285,0.93
2009-04-24,0.05,0.5500000000000284,0.97
2009-04-25,0.08,0.23000000000002843,1.05
2009-04-26,0.01,0.14000000000002844,0.75
2009-04-27,0.01,0.10000000000002843,0.6900000000000001
2009-04-28,0.0,0.020000000000028422,0.65
2009-04-29,0.0,0.010000000000028422,0.25
2009-04-30,0.01,0.010000000000028422,0.16
2009-05-01,0.11,0.12000000000002842,0.22
2009-05-02,0.22,0.3400000000000284,0.36
2009-05-03,0.3,0.6300000000000284,0.65
2009-05-04,0.98,1.5000000000000284,1.62
2009-05-05,0.19,1.4700000000000284,1.81
2009-05-06,0.04,1.2100000000000284,1.85
2009-05-07,0.04,0.27000000000002844,1.88
2009-05-08,0.33,0.41000000000002845,2.1
2009-05-09,0.04,0.41000000000002845,1.92
2009-05-10,0.02,0.39000000000002844,1.6400000000000001
2009-05-11,0.58,0.6400000000000283,1.24
2009-05-12,0.96,1.5600000000000285,2.01
2009-05-13,0.67,2.2100000000000284,2.64
2009-05-14,1.0,2.6300000000000283,3.6
2009-05-15,11.34,13.010000000000028,14.61
2009-05-16,2.24,14.580000000000028,16.810000000000002
2009-05-17,0.3,13.88000000000003,17.09
2009-05-18,0.3,2.8400000000000287,16.81
2009-05-19,0.25,0.8500000000000284,16.1
2009-05-20,0.17,0.7200000000000285,15.6
2009-05-21,2.35,2.7700000000000284,16.95
2009-05-22,0.65,3.1700000000000284,6.260000000000001
2009-05-23,8.67,11.670000000000028,12.690000000000001
2009-05-24,2.08,11.400000000000029,14.469999999999999
2009-05-25,0.2,10.950000000000028,14.37
2009-05-26,1.46,3.7400000000000286,15.58
2009-05-27,1.18,2.8400000000000283,16.59
2009-05-28,0.29,2.930000000000028,14.529999999999998
2009-05-29,0.07,1.5400000000000285,13.95
2009-05-30,0.17,0.5300000000000284,5.45
2009-05-31,1.55,1.7900000000000285,4.92
2009-06-01,0.02,1.7400000000000284,4.739999999999999
2009-06-02,0.01,1.5800000000000285,3.2899999999999996
2009-06-03,0.0,0.03000000000002842,2.11
2009-06-04,0.19,0.20000000000002843,2.0100000000000002
2009-06-05,0.05,0.2400000000000284,1.9900000000000002
2009-06-06,0.01,0.2500000000000284,1.83
2009-06-07,0.0,0.060000000000028426,0.28
2009-06-08,0.05,0.060000000000028426,0.31
2009-06-09,0.0,0.050000000000028424,0.3
2009-06-10,1.78,1.8300000000000285,2.08
2009-06-11,1.51,3.2900000000000285,3.4000000000000004
2009-06-12,5.92,9.21000000000003,9.27
2009-06-13,0.83,8.260000000000028,10.09
2009-06-14,1.11,7.860000000000028,11.200000000000001
2009-06-15,0.51,2.4500000000000286,11.66
2009-06-16,0.01,1.6300000000000283,11.67
2009-06-17,0.02,0.5400000000000285,9.91
2009-06-18,0.09,0.12000000000002842,8.49
2009-06-19,0.13,0.2400000000000284,2.7
2009-06-20,0.72,0.9400000000000284,2.59
2009-06-21,0.29,1.1400000000000283,1.77
2009-06-22,2.65,3.660000000000028,3.91
2009-06-23,0.22,3.1600000000000286,4.12
2009-06-24,0.58,3.450000000000028,4.68
2009-06-25,2.16,2.9600000000000284,6.75
2009-06-26,1.78,4.520000000000028,8.4
2009-06-27,3.37,7.310000000000029,11.05
2009-06-28,0.4,5.550000000000028,11.159999999999998
2009-06-29,0.24,4.010000000000028,8.75
2009-06-30,1.78,2.420000000000028,10.309999999999999
2009-07-01,0.51,2.530000000000028,10.24
2009-07-02,2.0,4.290000000000028,10.08
2009-07-03,1.62,4.130000000000027,9.92
2009-07-04,4.58,8.200000000000028,11.129999999999999
2009-07-05,0.05,6.2500000000000275,10.78
2009-07-06,0.39,5.020000000000028,10.93
2009-07-07,0.07,0.5100000000000275,9.22
2009-07-08,0.63,1.0900000000000276,9.34
2009-07-09,0.11,0.8100000000000275,7.45
2009-07-10,0.0,0.7400000000000275,5.83
2009-07-11,0.0,0.11000000000002742,1.25
2009-07-12,0.22,0.22000000000002742,1.42
2009-07-13,0.01,0.23000000000002743,1.04
2009-07-14,0.08,0.3100000000000274,1.05
2009-07-15,1.63,1.7200000000000273,2.05
2009-07-16,1.45,3.1600000000000272,3.3899999999999997
2009-07-17,0.19,3.270000000000027,3.5799999999999996
2009-07-18,0.16,1.8000000000000274,3.7399999999999998
2009-07-19,2.09,2.440000000000027,5.609999999999999
2009-07-20,0.1,2.350000000000027,5.7
2009-07-21,0.02,2.210000000000027,5.64
2009-07-22,0.01,0.1300000000000271,4.0200000000000005
2009-07-23,0.0,0.03000000000002709,2.57
2009-07-24,0.01,0.02000000000002709,2.39
2009-07-25,0.56,0.5700000000000272,2.79
2009-07-26,1.01,1.5800000000000272,1.71
2009-07-27,7.17,8.740000000000027,8.78
2009-07-28,1.5,9.680000000000026,10.26
2009-07-29,9.84,18.510000000000026,20.09
2009-07-30,18.64,29.980000000000025,38.730000000000004
2009-07-31,17.49,45.97000000000003,56.21
2009-08-01,13.79,49.920000000000016,69.44
2009-08-02,2.42,33.700000000000024,70.85
2009-08-03,0.01,16.220000000000024,63.69
2009-08-04,8.33,10.760000000000025,70.52
2009-08-05,0.27,8.610000000000024,60.949999999999996
2009-08-06,0.42,9.020000000000024,42.730000000000004
2009-08-07,0.14,0.8300000000000249,25.38
2009-08-08,1.64,2.200000000000025,13.23
2009-08-09,0.32,2.100000000000025,11.129999999999999
2009-08-10,1.22,3.1800000000000246,12.34
2009-08-11,0.36,1.9000000000000248,4.37
2009-08-12,0.14,1.7200000000000248,4.239999999999999
2009-08-13,0.99,1.4900000000000249,4.8100000000000005
2009-08-14,17.66,18.790000000000024,22.330000000000002
2009-08-15,9.11,27.760000000000023,29.8
2009-08-16,6.04,32.810000000000024,35.52
2009-08-17,13.31,28.460000000000026,47.61
2009-08-18,3.8,23.150000000000027,51.050000000000004
2009-08-19,2.07,19.180000000000028,52.980000000000004
2009-08-20,1.5,7.370000000000024,53.49
2009-08-21,1.88,5.450000000000024,37.709999999999994
2009-08-22,3.48,6.860000000000024,32.08
2009-08-23,5.59,10.950000000000024,31.630000000000003
2009-08-24,3.91,12.980000000000025,22.23
2009-08-25,0.61,10.110000000000024,19.04
2009-08-26,8.22,12.740000000000025,25.189999999999998
2009-08-27,0.19,9.020000000000024,23.88
2009-08-28,0.11,8.520000000000026,22.11
2009-08-29,0.08,0.3800000000000249,18.71
2009-08-30,12.41,12.600000000000025,25.53
2009-08-31,19.87,32.36000000000003,41.49
2009-09-01,18.73,51.010000000000026,59.61
2009-09-02,8.61,47.21000000000002,60.0
2009-09-03,11.33,38.67000000000002,71.14
2009-09-04,0.89,20.830000000000023,71.92
2009-09-05,0.61,12.830000000000025,72.45
2009-09-06,1.52,3.020000000000025,61.56
2009-09-07,0.48,2.6100000000000247,42.17
2009-09-08,0.01,2.0100000000000247,23.45
2009-09-09,0.0,0.49000000000002486,14.84
2009-09-10,0.01,0.02000000000002487,3.52
2009-09-11,0.19,0.20000000000002488,2.82
2009-09-12,0.1,0.3000000000000249,2.31
2009-09-13,9.22,9.510000000000026,10.010000000000002
2009-09-14,3.27,12.590000000000025,12.799999999999999
2009-09-15,24.83,37.32000000000002,37.62
2009-09-16,4.47,32.57000000000002,42.089999999999996
2009-09-17,5.56,34.86000000000002,47.64
2009-09-18,3.8,13.83000000000002,51.24999999999999
2009-09-19,16.65,26.01000000000002,67.8
2009-09-20,4.63,25.080000000000016,63.21
2009-09-21,2.5,23.78000000000002,62.44
2009-09-22,3.16,10.29000000000002,40.769999999999996
2009-09-23,23.94,29.600000000000023,60.239999999999995
2009-09-24,8.06,35.160000000000025,62.739999999999995
2009-09-25,3.2,35.200000000000024,62.14
2009-09-26,3.37,14.630000000000022,48.86
2009-09-27,17.66,24.23000000000002,61.89
2009-09-28,1.0,22.030000000000022,60.39
2009-09-29,4.32,22.98000000000002,61.550000000000004
2009-09-30,0.92,6.2400000000000215,38.53
2009-10-01,0.44,5.680000000000022,30.910000000000004
2009-10-02,0.2,1.5600000000000214,27.91
2009-10-03,0.01,0.6500000000000213,24.55
2009-10-04,0.0,0.21000000000002134,6.890000000000004
2009-10-05,0.0,0.010000000000021316,5.890000000000004
2009-10-06,0.0,0.0,1.5700000000000036
2009-10-07,0.0,0.0,0.6500000000000036
2009-10-08,0.01,0.010000000000021316,0.22000000000000355
2009-10-09,0.12,0.13000000000002132,0.14000000000000357
2009-10-10,2.73,2.860000000000021,2.8600000000000034
2009-10-11,0.37,3.2200000000000215,3.2300000000000035
2009-10-12,0.25,3.3500000000000214,3.4800000000000035
2009-10-13,0.04,0.6600000000000213,3.5200000000000036
2009-10-14,0.0,0.2900000000000213,3.5200000000000036
2009-10-15,0.0,0.04000000000002132,3.510000000000004
2009-10-16,0.03,0.030000000000021315,3.4200000000000035
2009-10-17,0.06,0.09000000000002131,0.7500000000000036
2009-10-18,0.0,0.09000000000002131,0.38000000000000356
2009-10-19,0.07,0.13000000000002132,0.20000000000000356
2009-10-20,0.0,0.07000000000002132,0.16000000000000356
2009-10-21,0.0,0.07000000000002132,0.16000000000000356
2009-10-22,0.0,0.0,0.16000000000000356
2009-10-23,0.0,0.0,0.13000000000000356
2009-10-24,0.0,0.0,0.07000000000000356
2009-10-25,0.0,0.0,0.07000000000000356
2009-10-26,0.2,0.20000000000002133,0.20000000000000356
2009-10-27,4.38,4.580000000000021,4.580000000000004
2009-10-28,17.12,21.700000000000024,21.700000000000003
2009-10-29,8.91,30.41000000000002,30.610000000000007
2009-10-30,4.27,30.300000000000022,34.88000000000001
2009-10-31,2.12,15.300000000000018,37.00000000000001
2009-11-01,1.89,8.280000000000017,38.89000000000001
2009-11-02,8.12,12.130000000000017,46.81
2009-11-03,17.65,27.660000000000014,60.080000000000005
2009-11-04,48.08,73.85000000000001,91.03999999999999
2009-11-05,55.51,121.24000000000001,137.64
2009-11-06,49.27,152.86,182.64
2009-11-07,72.42,177.20000000000002,252.94
2009-11-08,55.45,177.14000000000004,306.5
2009-11-09,23.73,151.60000000000002,322.11
2009-11-10,15.68,94.86000000000001,320.14000000000004
2009-11-11,5.38,44.79000000000001,277.44000000000005
2009-11-12,0.8,21.860000000000014,222.73000000000002
2009-11-13,2.53,8.710000000000015,175.99
2009-11-14,31.0,34.33000000000001,134.57000000000002
2009-11-15,17.29,50.82000000000002,96.41000000000001
2009-11-16,11.39,59.68000000000002,84.07000000000001
2009-11-17,3.29,31.970000000000017,71.68000000000002
2009-11-18,17.28,31.96000000000002,83.58000000000001
2009-11-19,4.11,24.680000000000017,86.89000000000001
2009-11-20,1.3,22.69000000000002,85.66000000000001
2009-11-21,4.9,10.310000000000018,59.56000000000001
2009-11-22,2.43,8.630000000000019,44.70000000000001
2009-11-23,1.66,8.990000000000018,34.97000000000002
2009-11-24,0.67,4.7600000000000176,32.350000000000016
2009-11-25,0.08,2.410000000000018,15.150000000000015
2009-11-26,0.0,0.7500000000000178,11.040000000000013
2009-11-27,0.0,0.08000000000001777,9.740000000000014
2009-11-28,0.28,0.2800000000000178,5.120000000000014
2009-11-29,0.68,0.9600000000000178,3.3700000000000143
2009-11-30,0.73,1.6900000000000177,2.4400000000000146
2009-12-01,9.02,10.430000000000017,10.790000000000013
2009-12-02,17.38,27.130000000000017,28.09000000000001
2009-12-03,29.27,55.670000000000016,57.360000000000014
2009-12-04,5.81,52.46000000000002,63.170000000000016
2009-12-05,0.0,35.08000000000002,62.890000000000015
2009-12-06,0.53,6.340000000000018,62.74000000000001
2009-12-07,0.09,0.6200000000000178,62.100000000000016
2009-12-08,0.08,0.7000000000000178,53.16000000000001
2009-12-09,0.09,0.2600000000000178,35.87000000000002
2009-12-10,0.03,0.20000000000001777,6.630000000000018
2009-12-11,0.08,0.20000000000001777,0.9000000000000178
2009-12-12,15.24,15.350000000000017,16.14000000000002
2009-12-13,6.08,21.40000000000002,21.69000000000002
2009-12-14,3.74,25.060000000000016,25.340000000000018
2009-12-15,25.54,35.360000000000014,50.80000000000001
2009-12-16,14.41,43.69000000000002,65.12000000000002
2009-12-17,7.62,47.570000000000014,72.71000000000002
2009-12-18,1.68,23.71000000000002,74.31000000000002
2009-12-19,0.74,10.040000000000017,59.81000000000002
2009-12-20,11.67,14.090000000000018,65.40000000000002
2009-12-21,8.99,21.40000000000002,70.65000000000002
2009-12-22,1.91,22.570000000000014,47.02000000000002
2009-12-23,0.05,10.950000000000017,32.66000000000002
2009-12-24,0.0,1.9600000000000177,25.040000000000017
2009-12-25,0.02,0.07000000000001777,23.380000000000017
2009-12-26,0.0,0.020000000000017764,22.64000000000002
2009-12-27,0.01,0.030000000000017762,10.980000000000018
2009-12-28,0.0,0.010000000000017764,1.9900000000000178
2009-12-29,0.0,0.010000000000017764,0.08000000000001777
2009-12-30,0.02,0.020000000000017764,0.050000000000017766
2009-12-31,0.02,0.040000000000017764,0.07000000000001777
2010-01-01,0.0,0.040000000000017764,0.050000000000017766
2010-01-02,0.01,0.030000000000017762,0.06000000000001776
2010-01-03,0.01,0.020000000000017764,0.06000000000001777
2010-01-04,0.0,0.020000000000017764,0.06000000000001777
2010-01-05,0.0,0.010000000000017764,0.06000000000001777
2010-01-06,0.01,0.010000000000017764,0.050000000000017766
2010-01-07,0.12,0.13000000000001777,0.15000000000001776
2010-01-08,3.18,3.310000000000018,3.330000000000018
2010-01-09,1.69,4.990000000000018,5.0100000000000176
2010-01-10,11.31,16.180000000000017,16.310000000000016
2010-01-11,0.74,13.74000000000002,17.05000000000002
2010-01-12,0.08,12.130000000000019,17.130000000000017
2010-01-13,0.07,0.8900000000000196,17.190000000000015
2010-01-14,0.01,0.16000000000001954,17.08000000000002
2010-01-15,0.0,0.08000000000001954,13.900000000000018
2010-01-16,0.08,0.09000000000001954,12.290000000000019
2010-01-17,0.36,0.44000000000001954,1.3400000000000176
2010-01-18,0.19,0.6300000000000195,0.7900000000000178
2010-01-19,0.0,0.5500000000000196,0.7100000000000177
2010-01-20,0.0,0.19000000000001954,0.6400000000000177
2010-01-21,0.0,0.0,0.6300000000000177
2010-01-22,0.0,0.0,0.6300000000000177
2010-01-23,0.05,0.05000000000001954,0.6000000000000177
2010-01-24,0.1,0.15000000000001956,0.3400000000000178
2010-01-25,0.02,0.17000000000001955,0.17000000000001778
2010-01-26,0.27,0.39000000000001955,0.4400000000000178
2010-01-27,0.72,1.0100000000000195,1.160000000000018
2010-01-28,0.0,0.9900000000000195,1.160000000000018
2010-01-29,0.0,0.7200000000000195,1.160000000000018
2010-01-30,0.0,0.0,1.1100000000000176
2010-01-31,0.0,0.0,1.010000000000018
2010-02-01,0.0,0.0,0.9900000000000178
2010-02-02,0.0,0.0,0.7200000000000177
2010-02-03,0.0,0.0,0.0
2010-02-04,0.0,0.0,0.0
2010-02-05,0.0,0.0,0.0
2010-02-06,0.0,0.0,0.0
2010-02-07,0.0,0.0,0.0
2010-02-08,0.0,0.0,0.0
2010-02-09,0.0,0.0,0.0
2010-02-10,0.0,0.0,0.0
2010-02-11,0.01,0.01000000000001954,0.010000000000017764
2010-02-12,0.02,0.03000000000001954,0.030000000000017762
2010-02-13,0.02,0.05000000000001954,0.050000000000017766
2010-02-14,0.0,0.04000000000001954,0.050000000000017766
2010-02-15,0.0,0.020000000000019544,0.050000000000017766
2010-02-16,0.0,0.0,0.050000000000017766
2010-02-17,0.0,0.0,0.050000000000017766
2010-02-18,0.0,0.0,0.040000000000017764
2010-02-19,0.0,0.0,0.020000000000017767
2010-02-20,0.0,0.0,0.0
2010-02-21,0.0,0.0,0.0
2010-02-22,0.0,0.0,0.0
2010-02-23,0.0,0.0,0.0
2010-02-24,0.0,0.0,0.0
2010-02-25,0.0,0.0,0.0
2010-02-26,0.0,0.0,0.0
2010-02-27,0.0,0.0,0.0
2010-02-28,0.0,0.0,0.0
2010-03-01,0.0,0.0,0.0
2010-03-02,0.0,0.0,0.0
2010-03-03,0.0,0.0,0.0
2010-03-04,0.0,0.0,0.0
2010-03-05,0.0,0.0,0.0
2010-03-06,0.0,0.0,0.0
2010-03-07,0.0,0.0,0.0
2010-03-08,0.0,0.0,0.0
2010-03-09,0.0,0.0,0.0
2010-03-10,0.0,0.0,0.0
2010-03-11,0.01,0.010000000000019544,0.010000000000017767
2010-03-12,0.0,0.010000000000019544,0.010000000000017767
2010-03-13,0.0,0.010000000000019544,0.010000000000017767
2010-03-14,0.0,0.0,0.010000000000017767
2010-03-15,0.0,0.0,0.010000000000017767
2010-03-16,0.0,0.0,0.010000000000017767
2010-03-17,0.0,0.0,0.010000000000017767
2010-03-18,0.0,0.0,0.0
2010-03-19,0.0,0.0,0.0
2010-03-20,0.0,0.0,0.0
2010-03-21,0.0,0.0,0.0
2010-03-22,0.0,0.0,0.0
2010-03-23,0.0,0.0,0.0
2010-03-24,0.0,0.0,0.0
2010-03-25,0.0,0.0,0.0
2010-03-26,0.0,0.0,0.0
2010-03-27,0.02,0.020000000000019544,0.020000000000017767
2010-03-28,0.02,0.04000000000001955,0.04000000000001777
2010-03-29,0.02,0.06,0.06000000000001777
2010-03-30,0.03,0.07000000000001955,0.09000000000001776
2010-03-31,0.04,0.09000000000001954,0.13000000000001777
2010-04-01,0.04,0.11000000000001954,0.17000000000001778
2010-04-02,0.03,0.11000000000001954,0.20000000000001777
2010-04-03,0.0,0.07000000000001955,0.18000000000001778
2010-04-04,0.0,0.030000000000019546,0.16000000000001777
2010-04-05,0.0,0.0,0.14000000000001778
2010-04-06,0.01,0.010000000000019547,0.12000000000001777
2010-04-07,0.0,0.010000000000019547,0.08000000000001777
2010-04-08,0.04,0.05000000000001955,0.08000000000001777
2010-04-09,0.0,0.04000000000001955,0.050000000000017766
2010-04-10,0.0,0.04000000000001955,0.050000000000017766
2010-04-11,0.0,0.0,0.050000000000017766
2010-04-12,0.01,0.010000000000019547,0.06000000000001777
2010-04-13,0.01,0.020000000000019547,0.06000000000001776
2010-04-14,0.01,0.03,0.07000000000001777
2010-04-15,0.02,0.04000000000001955,0.050000000000017766
2010-04-16,0.01,0.04000000000001955,0.06000000000001777
2010-04-17,0.07,0.10000000000001955,0.13000000000001777
2010-04-18,0.03,0.11000000000001955,0.16000000000001777
2010-04-19,0.04,0.14000000000001955,0.19000000000001777
2010-04-20,0.68,0.7500000000000195,0.8600000000000179
2010-04-21,0.91,1.6300000000000197,1.760000000000018
2010-04-22,0.06,1.6500000000000197,1.8000000000000178
2010-04-23,0.06,1.0300000000000198,1.8500000000000179
2010-04-24,0.07,0.19000000000001965,1.8500000000000179
2010-04-25,0.07,0.20000000000001966,1.8900000000000179
2010-04-26,0.21,0.35000000000001963,2.060000000000018
2010-04-27,0.27,0.5500000000000196,1.6500000000000177
2010-04-28,0.14,0.6200000000000196,0.8800000000000178
2010-04-29,0.19,0.6000000000000196,1.0100000000000178
2010-04-30,5.3,5.630000000000019,6.250000000000018
2010-05-01,2.34,7.83000000000002,8.520000000000017
2010-05-02,0.26,7.900000000000019,8.710000000000017
2010-05-03,0.18,2.7800000000000193,8.680000000000017
2010-05-04,0.63,1.0700000000000196,9.040000000000019
2010-05-05,0.29,1.1000000000000196,9.190000000000017
2010-05-06,0.07,0.9900000000000196,9.070000000000018
2010-05-07,0.07,0.43000000000001953,3.8400000000000176
2010-05-08,0.03,0.17000000000001955,1.5300000000000178
2010-05-09,0.03,0.13000000000001954,1.3000000000000178
2010-05-10,0.03,0.09,1.150000000000018
2010-05-11,0.01,0.07000000000001953,0.5300000000000178
2010-05-12,0.0,0.04000000000001954,0.24000000000001778
2010-05-13,0.0,0.01000000000001954,0.17000000000001778
2010-05-14,0.0,0.0,0.10000000000001776
2010-05-15,0.03,0.03000000000001954,0.10000000000001777
2010-05-16,1.53,1.5600000000000196,1.6000000000000179
2010-05-17,1.83,3.3900000000000197,3.400000000000018
2010-05-18,10.03,13.390000000000018,13.420000000000018
2010-05-19,80.79,92.65000000000002,94.21000000000002
2010-05-20,17.2,108.02000000000002,111.41000000000003
2010-05-21,1.15,99.14000000000001,112.56000000000002
2010-05-22,3.32,21.670000000000012,115.85000000000002
2010-05-23,5.88,10.350000000000014,120.20000000000002
2010-05-24,0.16,9.360000000000014,118.53000000000002
2010-05-25,0.27,6.310000000000014,108.77000000000002
2010-05-26,0.0,0.43000000000001426,27.980000000000015
2010-05-27,0.0,0.27000000000001423,10.780000000000014
2010-05-28,0.52,0.5200000000000142,10.150000000000013
2010-05-29,1.74,2.260000000000014,8.570000000000014
2010-05-30,0.16,2.420000000000014,2.8500000000000143
2010-05-31,0.19,2.090000000000014,2.880000000000014
2010-06-01,0.05,0.40000000000001423,2.660000000000014
2010-06-02,0.13,0.3700000000000142,2.7900000000000142
2010-06-03,0.27,0.4500000000000142,3.060000000000014
2010-06-04,3.91,4.310000000000015,6.4500000000000135
2010-06-05,6.69,10.870000000000015,11.400000000000015
2010-06-06,7.6,18.200000000000014,18.840000000000014
2010-06-07,0.77,15.060000000000015,19.420000000000016
2010-06-08,1.24,9.610000000000014,20.610000000000017
2010-06-09,5.51,7.520000000000013,25.990000000000013
2010-06-10,12.05,18.80000000000001,37.77000000000001
2010-06-11,11.86,29.420000000000016,45.72000000000001
2010-06-12,8.0,31.91000000000001,47.030000000000015
2010-06-13,1.65,21.510000000000012,41.08000000000002
2010-06-14,0.27,9.920000000000012,40.58000000000001
2010-06-15,2.01,3.930000000000012,41.35000000000001
2010-06-16,0.41,2.6900000000000124,36.250000000000014
2010-06-17,2.0,4.420000000000012,26.200000000000014
2010-06-18,0.6,3.010000000000012,14.940000000000014
2010-06-19,3.68,6.280000000000012,10.620000000000013
2010-06-20,0.69,4.970000000000012,9.660000000000014
2010-06-21,5.71,10.080000000000013,15.100000000000014
2010-06-22,2.19,8.590000000000012,15.280000000000014
2010-06-23,4.44,12.340000000000014,19.310000000000016
2010-06-24,3.96,10.590000000000014,21.270000000000014
2010-06-25,2.53,10.930000000000014,23.200000000000014
2010-06-26,10.93,17.420000000000012,30.450000000000014
2010-06-27,5.94,19.400000000000013,35.70000000000002
2010-06-28,0.83,17.700000000000014,30.820000000000014
2010-06-29,1.24,8.010000000000012,29.870000000000015
2010-06-30,1.62,3.6900000000000124,27.05000000000001
2010-07-01,0.66,3.5200000000000125,23.750000000000014
2010-07-02,0.1,2.3800000000000128,21.320000000000014
2010-07-03,0.02,0.7800000000000125,10.410000000000014
2010-07-04,0.07,0.19000000000001244,4.540000000000014
2010-07-05,6.62,6.710000000000012,10.330000000000014
2010-07-06,2.52,9.210000000000013,11.610000000000014
2010-07-07,3.06,12.200000000000014,13.050000000000015
2010-07-08,5.32,10.900000000000013,17.710000000000015
2010-07-09,3.57,11.950000000000014,21.180000000000014
2010-07-10,8.13,17.020000000000014,29.290000000000013
2010-07-11,0.77,12.470000000000013,29.990000000000016
2010-07-12,17.78,26.680000000000014,41.15000000000002
2010-07-13,3.6,22.150000000000013,42.23000000000002
2010-07-14,0.84,22.220000000000013,40.01000000000001
2010-07-15,0.54,4.980000000000011,35.23000000000001
2010-07-16,16.08,17.460000000000008,47.740000000000016
2010-07-17,4.79,21.410000000000007,44.40000000000001
2010-07-18,5.76,26.63000000000001,49.390000000000015
2010-07-19,2.48,13.03000000000001,34.09000000000001
2010-07-20,6.68,14.920000000000009,37.17000000000001
2010-07-21,1.63,10.79000000000001,37.960000000000015
2010-07-22,0.56,8.87000000000001,37.98000000000002
2010-07-23,0.16,2.3500000000000107,22.060000000000013
2010-07-24,0.1,0.8200000000000107,17.370000000000015
2010-07-25,1.01,1.2700000000000107,12.620000000000012
2010-07-26,1.14,2.2500000000000107,11.280000000000014
2010-07-27,5.36,7.5100000000000104,9.960000000000015
2010-07-28,3.89,10.390000000000011,12.220000000000015
2010-07-29,13.2,22.45000000000001,24.860000000000014
2010-07-30,0.96,18.05000000000001,25.660000000000014
2010-07-31,1.0,15.16000000000001,26.560000000000013
2010-08-01,0.3,2.2600000000000104,25.850000000000016
2010-08-02,0.46,1.7600000000000107,25.170000000000012
2010-08-03,0.73,1.4900000000000106,20.540000000000013
2010-08-04,0.65,1.8400000000000105,17.300000000000015
2010-08-05,0.33,1.7100000000000106,4.430000000000014
2010-08-06,0.56,1.5400000000000107,4.0300000000000145
2010-08-07,2.32,3.2100000000000106,5.350000000000014
2010-08-08,4.96,7.8400000000000105,10.010000000000014
2010-08-09,0.33,7.61000000000001,9.880000000000013
2010-08-10,0.16,5.450000000000011,9.310000000000015
2010-08-11,0.47,0.9600000000000106,9.130000000000013
2010-08-12,4.31,4.94000000000001,13.110000000000014
2010-08-13,5.51,10.29000000000001,18.060000000000013
2010-08-14,3.2,13.02000000000001,18.940000000000012
2010-08-15,4.53,13.24000000000001,18.510000000000012
2010-08-16,4.84,12.570000000000011,23.020000000000017
2010-08-17,10.35,19.720000000000013,33.210000000000015
2010-08-18,5.04,20.23000000000001,37.780000000000015
2010-08-19,2.46,17.85000000000001,35.930000000000014
2010-08-20,14.55,22.05000000000001,44.97000000000001
2010-08-21,23.23,40.24000000000001,65.00000000000001
2010-08-22,23.47,61.250000000000014,83.94000000000001
2010-08-23,13.11,59.81000000000002,92.21000000000001
2010-08-24,12.71,49.290000000000006,94.57000000000002
2010-08-25,9.02,34.84000000000001,98.55000000000001
2010-08-26,2.83,24.56000000000001,98.92000000000002
2010-08-27,0.92,12.77000000000001,85.29000000000002
2010-08-28,3.35,7.10000000000001,65.41000000000001
2010-08-29,2.87,7.140000000000011,44.81000000000002
2010-08-30,6.9,13.120000000000012,38.600000000000016
2010-08-31,2.78,12.550000000000011,28.670000000000016
2010-09-01,0.08,9.76000000000001,19.730000000000015
2010-09-02,1.79,4.650000000000011,18.690000000000012
2010-09-03,2.55,4.420000000000011,20.320000000000014
2010-09-04,7.41,11.75000000000001,24.380000000000013
2010-09-05,1.43,11.390000000000011,22.940000000000015
2010-09-06,1.15,9.99000000000001,17.190000000000012
2010-09-07,0.75,3.3300000000000107,15.160000000000014
2010-09-08,1.14,3.0400000000000107,16.220000000000013
2010-09-09,3.99,5.880000000000011,18.420000000000012
2010-09-10,18.8,23.930000000000014,34.670000000000016
2010-09-11,15.77,38.56000000000001,43.030000000000015
2010-09-12,13.18,47.75000000000001,54.780000000000015
2010-09-13,24.08,53.03000000000001,77.71000000000001
2010-09-14,3.58,40.84,80.54
2010-09-15,2.44,30.10000000000001,81.84000000000002
2010-09-16,1.3,7.320000000000011,79.15000000000002
2010-09-17,0.7,4.44000000000001,61.050000000000004
2010-09-18,0.56,2.5600000000000107,45.84000000000001
2010-09-19,0.37,1.6300000000000106,33.03000000000001
2010-09-20,0.84,1.7700000000000107,9.79000000000001
2010-09-21,0.64,1.8500000000000107,6.85000000000001
2010-09-22,0.25,1.7300000000000106,4.660000000000011
2010-09-23,0.69,1.5800000000000107,4.0500000000000105
2010-09-24,3.97,4.910000000000011,7.320000000000011
2010-09-25,2.76,7.420000000000011,9.52000000000001
2010-09-26,10.35,17.080000000000013,19.50000000000001
2010-09-27,4.84,17.95000000000001,23.50000000000001
2010-09-28,1.34,16.530000000000012,24.20000000000001
2010-09-29,4.39,10.570000000000011,28.34000000000001
2010-09-30,1.55,7.28000000000001,29.20000000000001
2010-10-01,1.66,7.60000000000001,26.890000000000008
2010-10-02,9.9,13.11000000000001,34.030000000000015
2010-10-03,2.62,14.18000000000001,26.30000000000001
2010-10-04,0.34,12.860000000000012,21.80000000000001
2010-10-05,2.07,5.030000000000012,22.530000000000012
2010-10-06,9.29,11.70000000000001,27.430000000000007
2010-10-07,1.73,13.09000000000001,27.610000000000007
2010-10-08,0.08,11.10000000000001,26.030000000000012
2010-10-09,0.19,2.0000000000000107,16.320000000000007
2010-10-10,0.14,0.4100000000000107,13.840000000000009
2010-10-11,0.86,1.1900000000000106,14.360000000000008
2010-10-12,0.17,1.1700000000000108,12.46000000000001
2010-10-13,0.75,1.7800000000000107,3.9200000000000106
2010-10-14,0.0,0.9200000000000108,2.1900000000000106
2010-10-15,0.41,1.1600000000000108,2.5200000000000107
2010-10-16,1.55,1.9600000000000108,3.8800000000000106
2010-10-17,0.17,2.130000000000011,3.910000000000011
2010-10-18,0.07,1.790000000000011,3.1200000000000108
2010-10-19,16.48,16.720000000000013,19.43000000000001
2010-10-20,8.02,24.570000000000007,26.70000000000001
2010-10-21,7.14,31.64000000000001,33.84000000000001
2010-10-22,4.73,19.89000000000001,38.16000000000001
2010-10-23,1.89,13.76000000000001,38.50000000000001
2010-10-24,1.82,8.440000000000012,40.150000000000006
2010-10-25,6.98,10.690000000000012,47.06000000000001
2010-10-26,5.72,14.52000000000001,36.30000000000001
2010-10-27,5.9,18.60000000000001,34.180000000000014
2010-10-28,15.72,27.34000000000001,42.76000000000001
2010-10-29,27.05,48.670000000000016,65.08000000000001
2010-10-30,33.25,76.02000000000001,96.44000000000001
2010-10-31,11.07,71.37000000000002,105.69
2010-11-01,20.14,64.46000000000001,118.85000000000002
2010-11-02,8.68,39.890000000000015,121.81000000000002
2010-11-03,6.12,34.94000000000001,122.03000000000002
2010-11-04,3.66,18.460000000000015,109.97000000000001
2010-11-05,4.56,14.340000000000014,87.48000000000002
2010-11-06,10.15,18.37000000000001,64.38000000000001
2010-11-07,62.28,76.99000000000001,115.59
2010-11-08,5.72,78.15,101.17000000000002
2010-11-09,7.67,75.67000000000002,100.16
2010-11-10,6.15,19.540000000000006,100.19000000000001
2010-11-11,6.9,20.72000000000001,103.43000000000002
2010-11-12,0.79,13.840000000000007,99.66000000000001
2010-11-13,0.18,7.870000000000007,89.69000000000001
2010-11-14,0.72,1.690000000000007,28.130000000000006
2010-11-15,14.53,15.430000000000007,36.94000000000001
2010-11-16,34.6,49.85000000000001,63.870000000000005
2010-11-17,19.62,68.75000000000001,77.34
2010-11-18,16.62,70.84,87.06
2010-11-19,7.72,43.96000000000001,93.99000000000001
2010-11-20,10.03,34.370000000000005,103.84
2010-11-21,11.19,28.940000000000005,114.31
2010-11-22,7.22,28.44000000000001,107.0
2010-11-23,5.37,23.78000000000001,77.77000000000001
2010-11-24,0.58,13.170000000000007,58.730000000000004
2010-11-25,2.31,8.260000000000007,44.42000000000001
2010-11-26,27.34,30.230000000000008,64.04
2010-11-27,4.35,34.00000000000001,58.36000000000001
2010-11-28,1.71,33.400000000000006,48.88000000000001
2010-11-29,0.47,6.5300000000000065,42.13000000000001
2010-11-30,10.61,12.790000000000006,47.370000000000005
2010-12-01,38.65,49.730000000000004,85.44
2010-12-02,10.9,60.160000000000004,94.03
2010-12-03,5.27,54.82000000000001,71.96
2010-12-04,9.26,25.430000000000007,76.87
2010-12-05,32.83,47.36000000000001,107.99000000000001
2010-12-06,26.97,69.06,134.49
2010-12-07,16.99,76.79,140.87
2010-12-08,1.39,45.35,103.61
2010-12-09,0.75,19.130000000000006,93.46
2010-12-10,2.51,4.650000000000007,90.7
2010-12-11,2.24,5.500000000000007,83.67999999999999
2010-12-12,2.0,6.750000000000007,52.85
2010-12-13,1.81,6.050000000000008,27.690000000000005
2010-12-14,3.35,7.160000000000007,14.050000000000008
2010-12-15,9.25,14.410000000000007,21.910000000000007
2010-12-16,8.53,21.130000000000006,29.690000000000005
2010-12-17,1.55,19.33000000000001,28.730000000000008
2010-12-18,0.01,10.090000000000007,26.500000000000007
2010-12-19,2.74,4.300000000000008,27.240000000000006
2010-12-20,4.02,6.770000000000008,29.45000000000001
2010-12-21,0.08,6.840000000000008,26.180000000000007
2010-12-22,0.0,4.100000000000007,16.930000000000007
2010-12-23,0.0,0.08000000000000711,8.400000000000007
2010-12-24,0.0,0.0,6.850000000000008
2010-12-25,0.06,0.0600000000000071,6.9000000000000075
2010-12-26,0.02,0.08000000000000711,4.180000000000008
2010-12-27,0.11,0.1900000000000071,0.270000000000008
2010-12-28,1.29,1.420000000000007,1.480000000000008
2010-12-29,0.11,1.5100000000000071,1.590000000000008
2010-12-30,0.08,1.4800000000000069,1.670000000000008
2010-12-31,0.1,0.2900000000000069,1.770000000000008
2011-01-01,0.58,0.7600000000000069,2.290000000000008
2011-01-02,6.78,7.460000000000007,9.050000000000008
2011-01-03,0.16,7.520000000000008,9.100000000000009
2011-01-04,10.53,17.470000000000006,18.340000000000007
2011-01-05,0.69,11.380000000000006,18.92000000000001
2011-01-06,0.02,11.240000000000007,18.860000000000007
2011-01-07,0.14,0.8500000000000089,18.90000000000001
2011-01-08,0.05,0.2100000000000089,18.370000000000005
2011-01-09,0.03,0.2200000000000089,11.620000000000008
2011-01-10,0.07,0.1500000000000089,11.530000000000008
2011-01-11,0.0,0.10000000000000889,1.0000000000000089
2011-01-12,0.0,0.07000000000000889,0.3100000000000089
2011-01-13,0.01,0.010000000000008882,0.30000000000000887
2011-01-14,0.0,0.010000000000008882,0.16000000000000889
2011-01-15,0.03,0.04000000000000888,0.1400000000000089
2011-01-16,0.0,0.03000000000000888,0.1100000000000089
2011-01-17,0.0,0.03000000000000888,0.04000000000000888
2011-01-18,0.0,0.0,0.04000000000000888
2011-01-19,0.0,0.0,0.04000000000000888
2011-01-20,0.0,0.0,0.03000000000000888
2011-01-21,0.0,0.0,0.03000000000000888
2011-01-22,0.0,0.0,0.0
2011-01-23,0.0,0.0,0.0
2011-01-24,0.0,0.0,0.0
2011-01-25,0.0,0.0,0.0
2011-01-26,0.01,0.010000000000008882,0.010000000000008882
2011-01-27,0.01,0.020000000000008882,0.020000000000008882
2011-01-28,0.01,0.03,0.03000000000000888
2011-01-29,0.0,0.02000000000000888,0.03000000000000888
2011-01-30,0.0,0.010000000000008882,0.03000000000000888
2011-01-31,0.0,0.0,0.03000000000000888
2011-02-01,0.0,0.0,0.03000000000000888
2011-02-02,0.0,0.0,0.02000000000000888
2011-02-03,0.0,0.0,0.010000000000008882
2011-02-04,0.0,0.0,0.0
2011-02-05,0.0,0.0,0.0
2011-02-06,0.0,0.0,0.0
2011-02-07,0.0,0.0,0.0
2011-02-08,0.0,0.0,0.0
2011-02-09,0.0,0.0,0.0
2011-02-10,0.0,0.0,0.0
2011-02-11,0.0,0.0,0.0
2011-02-12,0.0,0.0,0.0
2011-02-13,0.0,0.0,0.0
2011-02-14,0.0,0.0,0.0
2011-02-15,0.0,0.0,0.0
2011-02-16,0.0,0.0,0.0
2011-02-17,0.0,0.0,0.0
2011-02-18,0.0,0.0,0.0
2011-02-19,0.0,0.0,0.0
2011-02-20,0.32,0.3200000000000089,0.3200000000000089
2011-02-21,14.49,14.81000000000001,14.81000000000001
2011-02-22,4.97,19.78000000000001,19.78000000000001
2011-02-23,0.77,20.230000000000008,20.550000000000008
2011-02-24,0.1,5.840000000000009,20.65000000000001
2011-02-25,0.0,0.8700000000000089,20.65000000000001
2011-02-26,0.0,0.10000000000000889,20.65000000000001
2011-02-27,0.01,0.010000000000008882,20.34000000000001
2011-02-28,0.02,0.03000000000000888,5.870000000000009
2011-03-01,0.0,0.030000000000008884,0.9000000000000089
2011-03-02,0.0,0.020000000000008886,0.1300000000000089
2011-03-03,0.0,0.0,0.03000000000000888
2011-03-04,0.0,0.0,0.03000000000000888
2011-03-05,0.0,0.0,0.03000000000000888
2011-03-06,0.0,0.0,0.02000000000000888
2011-03-07,0.0,0.0,0.0
2011-03-08,0.0,0.0,0.0
2011-03-09,0.0,0.0,0.0
2011-03-10,0.0,0.0,0.0
2011-03-11,0.0,0.0,0.0
2011-03-12,0.02,0.020000000000008882,0.020000000000008882
2011-03-13,0.01,0.03000000000000888,0.03000000000000888
2011-03-14,0.0,0.03000000000000888,0.03000000000000888
2011-03-15,0.0,0.010000000000008882,0.03000000000000888
2011-03-16,0.0,0.0,0.03000000000000888
2011-03-17,0.0,0.0,0.03000000000000888
2011-03-18,0.0,0.0,0.03000000000000888
2011-03-19,0.0,0.0,0.010000000000008882
2011-03-20,0.0,0.0,0.0
2011-03-21,0.01,0.010000000000008882,0.010000000000008882
2011-03-22,0.0,0.010000000000008882,0.010000000000008882
2011-03-23,0.0,0.010000000000008882,0.010000000000008882
2011-03-24,0.0,0.0,0.010000000000008882
2011-03-25,0.0,0.0,0.010000000000008882
2011-03-26,0.02,0.020000000000008882,0.03000000000000888
2011-03-27,0.01,0.03000000000000888,0.04000000000000888
2011-03-28,0.01,0.04000000000000888,0.04000000000000888
2011-03-29,0.0,0.020000000000008882,0.04000000000000888
2011-03-30,0.0,0.010000000000008882,0.04000000000000888
2011-03-31,0.0,0.0,0.04000000000000888
2011-04-01,0.0,0.0,0.04000000000000888
2011-04-02,0.0,0.0,0.020000000000008886
2011-04-03,0.01,0.010000000000008882,0.020000000000008886
2011-04-04,0.0,0.010000000000008882,0.010000000000008885
2011-04-05,0.0,0.010000000000008882,0.010000000000008885
2011-04-06,0.0,0.0,0.010000000000008885
2011-04-07,0.0,0.0,0.010000000000008885
2011-04-08,0.0,0.0,0.010000000000008885
2011-04-09,0.0,0.0,0.010000000000008885
2011-04-10,0.02,0.020000000000008882,0.020000000000008886
2011-04-11,0.01,0.03000000000000888,0.030000000000008888
2011-04-12,0.01,0.04000000000000888,0.04000000000000889
2011-04-13,0.01,0.03,0.050000000000008885
2011-04-14,0.02,0.04000000000000888,0.07000000000000889
2011-04-15,0.11,0.1400000000000089,0.18000000000000888
2011-04-16,0.02,0.15000000000000888,0.2000000000000089
2011-04-17,0.06,0.19000000000000888,0.2400000000000089
2011-04-18,0.05,0.1300000000000089,0.2800000000000089
2011-04-19,0.05,0.16000000000000889,0.3200000000000089
2011-04-20,1.53,1.630000000000009,1.840000000000009
2011-04-21,6.95,8.530000000000008,8.770000000000008
2011-04-22,22.31,30.790000000000006,30.970000000000006
2011-04-23,12.17,41.43000000000001,43.12000000000001
2011-04-24,2.63,37.11000000000001,45.690000000000005
2011-04-25,2.55,17.35000000000001,48.19000000000001
2011-04-26,1.03,6.210000000000007,49.17000000000001
2011-04-27,0.15,3.730000000000007,47.79000000000001
2011-04-28,0.26,1.440000000000007,41.10000000000001
2011-04-29,0.21,0.6200000000000071,19.00000000000001
2011-04-30,0.16,0.6300000000000071,6.990000000000011
2011-05-01,0.06,0.4300000000000071,4.420000000000011
2011-05-02,0.05,0.2700000000000071,1.9200000000000108
2011-05-03,0.12,0.2300000000000071,1.0100000000000107
2011-05-04,0.05,0.2200000000000071,0.9100000000000107
2011-05-05,1.05,1.220000000000007,1.7000000000000108
2011-05-06,0.76,1.8600000000000072,2.2500000000000107
2011-05-07,0.27,2.080000000000007,2.3600000000000105
2011-05-08,0.01,1.0400000000000071,2.3100000000000103
2011-05-09,0.01,0.29000000000000714,2.2700000000000107
2011-05-10,0.01,0.03,2.1600000000000104
2011-05-11,0.01,0.03,2.1200000000000108
2011-05-12,0.0,0.020000000000007106,1.0700000000000107
2011-05-13,0.01,0.020000000000007106,0.32000000000001066
2011-05-14,0.01,0.020000000000007106,0.060000000000010656
2011-05-15,0.0,0.020000000000007106,0.05000000000001066
2011-05-16,0.21,0.2200000000000071,0.25000000000001066
2011-05-17,1.45,1.660000000000007,1.6900000000000106
2011-05-18,1.61,3.270000000000007,3.2900000000000107
2011-05-19,0.75,3.810000000000007,4.040000000000011
2011-05-20,10.78,13.140000000000008,14.81000000000001
2011-05-21,1.11,12.640000000000006,15.91000000000001
2011-05-22,0.0,11.890000000000004,15.91000000000001
2011-05-23,0.0,1.1100000000000072,15.70000000000001
2011-05-24,0.04,0.040000000000007106,14.290000000000012
2011-05-25,0.02,0.0600000000000071,12.70000000000001
2011-05-26,0.07,0.1300000000000071,12.02000000000001
2011-05-27,0.11,0.20000000000000712,1.3500000000000125
2011-05-28,0.06,0.2400000000000071,0.3000000000000124
2011-05-29,0.02,0.1900000000000071,0.32000000000001244
2011-05-30,1.12,1.2000000000000073,1.4400000000000126
2011-05-31,0.72,1.8600000000000072,2.1200000000000125
2011-06-01,1.13,2.970000000000007,3.2300000000000124
2011-06-02,0.67,2.520000000000007,3.8300000000000125
2011-06-03,0.36,2.1600000000000072,4.0800000000000125
2011-06-04,0.66,1.690000000000007,4.680000000000013
2011-06-05,1.57,2.5900000000000074,6.230000000000013
2011-06-06,13.17,15.400000000000007,18.280000000000012
2011-06-07,9.79,24.53000000000001,27.350000000000016
2011-06-08,2.54,25.500000000000007,28.760000000000012
2011-06-09,2.18,14.510000000000007,30.270000000000014
2011-06-10,0.48,5.200000000000007,30.390000000000015
2011-06-11,0.02,2.6800000000000073,29.750000000000014
2011-06-12,0.04,0.5400000000000071,28.220000000000013
2011-06-13,0.15,0.2100000000000071,15.200000000000014
2011-06-14,6.72,6.910000000000007,12.130000000000013
2011-06-15,0.18,7.050000000000007,9.770000000000016
2011-06-16,0.05,6.950000000000007,7.640000000000014
2011-06-17,0.02,0.2500000000000071,7.180000000000014
2011-06-18,0.1,0.17000000000000712,7.260000000000014
2011-06-19,0.0,0.12000000000000711,7.220000000000014
2011-06-20,0.16,0.2600000000000071,7.230000000000014
2011-06-21,0.01,0.17000000000000712,0.5200000000000142
2011-06-22,0.92,1.0900000000000072,1.2600000000000142
2011-06-23,0.99,1.920000000000007,2.2000000000000144
2011-06-24,1.84,3.750000000000007,4.020000000000014
2011-06-25,0.82,3.6500000000000075,4.740000000000014
2011-06-26,1.03,3.690000000000007,5.770000000000014
2011-06-27,0.23,2.080000000000007,5.840000000000014
2011-06-28,0.04,1.3000000000000074,5.870000000000014
2011-06-29,0.0,0.2700000000000071,4.950000000000014
2011-06-30,1.68,1.720000000000007,5.640000000000014
2011-07-01,10.37,12.050000000000006,14.170000000000012
2011-07-02,22.09,34.14000000000001,35.44000000000001
2011-07-03,8.45,40.910000000000004,42.860000000000014
2011-07-04,23.97,54.510000000000005,66.60000000000002
2011-07-05,9.56,41.980000000000004,76.12
2011-07-06,9.15,42.68,85.27000000000001
2011-07-07,0.41,19.120000000000005,84.00000000000001
2011-07-08,0.15,9.710000000000004,73.78000000000002
2011-07-09,0.7,1.2600000000000033,52.390000000000015
2011-07-10,0.8,1.6500000000000035,44.740000000000016
2011-07-11,0.32,1.8200000000000034,21.090000000000018
2011-07-12,0.83,1.9500000000000037,12.360000000000017
2011-07-13,0.84,1.9900000000000033,4.050000000000018
2011-07-14,0.08,1.7500000000000036,3.7200000000000175
2011-07-15,0.06,0.9800000000000035,3.6300000000000177
2011-07-16,3.65,3.7900000000000036,6.580000000000018
2011-07-17,0.4,4.110000000000004,6.180000000000018
2011-07-18,0.35,4.400000000000004,6.210000000000018
2011-07-19,4.18,4.930000000000003,9.560000000000016
2011-07-20,1.71,6.240000000000003,10.430000000000017
2011-07-21,0.47,6.360000000000003,10.820000000000018
2011-07-22,2.08,4.260000000000003,12.840000000000018
2011-07-23,0.51,3.060000000000003,9.700000000000019
2011-07-24,5.54,8.130000000000003,14.840000000000018
2011-07-25,2.79,8.840000000000003,17.280000000000015
2011-07-26,19.69,28.020000000000003,32.79000000000002
2011-07-27,8.82,31.300000000000008,39.90000000000002
2011-07-28,3.98,32.49,43.41000000000002
2011-07-29,4.57,17.370000000000008,45.90000000000002
2011-07-30,3.23,11.780000000000008,48.62000000000002
2011-07-31,1.89,9.690000000000007,44.97000000000001
2011-08-01,0.54,5.660000000000007,42.72000000000001
2011-08-02,2.58,5.010000000000007,25.61000000000002
2011-08-03,0.56,3.6800000000000077,17.35000000000002
2011-08-04,0.89,4.030000000000007,14.260000000000018
2011-08-05,2.96,4.410000000000007,12.650000000000018
2011-08-06,0.64,4.490000000000007,10.060000000000018
2011-08-07,4.75,8.350000000000007,12.92000000000002
2011-08-08,7.52,12.910000000000007,19.900000000000016
2011-08-09,0.9,13.170000000000005,18.220000000000017
2011-08-10,6.63,15.050000000000006,24.290000000000017
2011-08-11,5.32,12.850000000000009,28.720000000000017
2011-08-12,0.88,12.830000000000007,26.64000000000002
2011-08-13,0.72,6.920000000000007,26.72000000000002
2011-08-14,0.32,1.920000000000007,22.29000000000002
2011-08-15,1.48,2.520000000000007,16.250000000000018
2011-08-16,7.89,9.690000000000007,23.240000000000016
2011-08-17,9.74,19.110000000000007,26.350000000000016
2011-08-18,10.27,27.900000000000006,31.300000000000015
2011-08-19,8.46,28.470000000000006,38.88000000000002
2011-08-20,20.78,39.510000000000005,58.94000000000002
2011-08-21,6.88,36.12000000000001,65.50000000000001
2011-08-22,2.28,29.94000000000001,66.30000000000001
2011-08-23,5.92,15.080000000000007,64.33000000000003
2011-08-24,7.41,15.610000000000007,62.00000000000002
2011-08-25,13.7,27.03000000000001,65.43000000000002
2011-08-26,16.61,37.720000000000006,73.58000000000001
2011-08-27,14.82,45.13000000000001,67.62000000000002
2011-08-28,1.52,32.95000000000001,62.26000000000002
2011-08-29,0.08,16.42000000000001,60.06000000000002
2011-08-30,0.95,2.550000000000007,55.09000000000001
2011-08-31,0.22,1.250000000000007,47.90000000000002
2011-09-01,0.65,1.820000000000007,34.850000000000016
2011-09-02,0.17,1.0400000000000071,18.410000000000014
2011-09-03,0.21,1.0300000000000071,3.800000000000014
2011-09-04,1.42,1.800000000000007,3.700000000000014
2011-09-05,4.31,5.940000000000007,7.930000000000014
2011-09-06,3.95,9.680000000000007,10.930000000000014
2011-09-07,0.87,9.130000000000006,11.580000000000014
2011-09-08,1.76,6.580000000000007,12.690000000000014
2011-09-09,1.28,3.9100000000000072,13.800000000000013
2011-09-10,0.97,4.010000000000007,14.560000000000013
2011-09-11,1.52,3.770000000000007,14.660000000000013
2011-09-12,8.21,10.700000000000008,18.560000000000016
2011-09-13,4.3,14.030000000000008,18.910000000000014
2011-09-14,6.01,18.520000000000007,24.050000000000015
2011-09-15,7.88,18.190000000000005,30.170000000000012
2011-09-16,11.19,25.080000000000005,40.08000000000001
2011-09-17,3.23,22.300000000000008,42.34000000000002
2011-09-18,0.76,15.180000000000007,41.58000000000001
2011-09-19,34.17,38.16000000000001,67.54000000000002
2011-09-20,10.53,45.460000000000015,73.77000000000001
2011-09-21,1.39,46.09000000000001,69.15
2011-09-22,0.06,11.980000000000006,61.33000000000001
2011-09-23,0.0,1.450000000000007,50.140000000000015
2011-09-24,0.0,0.0600000000000071,46.91000000000001
2011-09-25,1.2,1.200000000000007,47.350000000000016
2011-09-26,1.19,2.390000000000007,14.370000000000013
2011-09-27,1.13,3.5200000000000067,4.970000000000014
2011-09-28,12.44,14.760000000000005,16.020000000000014
2011-09-29,9.16,22.730000000000008,25.12000000000001
2011-09-30,2.81,24.410000000000007,27.930000000000014
2011-10-01,0.97,12.940000000000007,28.900000000000013
2011-10-02,0.69,4.470000000000007,28.390000000000015
2011-10-03,1.51,3.170000000000007,28.71000000000001
2011-10-04,0.94,3.1400000000000072,28.520000000000014
2011-10-05,0.3,2.750000000000007,16.380000000000013
2011-10-06,3.14,4.380000000000007,10.360000000000014
2011-10-07,1.54,4.9800000000000075,9.090000000000014
2011-10-08,21.02,25.700000000000006,29.140000000000015
2011-10-09,4.76,27.320000000000007,33.210000000000015
2011-10-10,2.13,27.910000000000007,33.83000000000001
2011-10-11,12.33,19.220000000000006,45.22000000000001
2011-10-12,5.06,19.520000000000007,49.98000000000001
2011-10-13,1.48,18.870000000000008,48.320000000000014
2011-10-14,0.75,7.2900000000000045,47.530000000000015
2011-10-15,0.6,2.8300000000000054,27.110000000000014
2011-10-16,2.55,3.9000000000000052,24.900000000000013
2011-10-17,3.9,7.050000000000005,26.670000000000012
2011-10-18,5.04,11.490000000000006,19.380000000000013
2011-10-19,0.01,8.950000000000005,14.330000000000014
2011-10-20,0.0,5.050000000000005,12.850000000000014
2011-10-21,0.04,0.05000000000000533,12.140000000000015
2011-10-22,0.94,0.9800000000000053,12.480000000000015
2011-10-23,16.49,17.470000000000002,26.420000000000012
2011-10-24,25.84,43.27,48.360000000000014
2011-10-25,27.57,69.9,70.89000000000001
2011-10-26,38.96,92.37,109.84
2011-10-27,15.79,82.32,125.63000000000001
2011-10-28,23.75,78.5,149.34000000000003
2011-10-29,37.66,77.19999999999999,186.06
2011-10-30,18.09,79.5,187.66
2011-10-31,21.62,77.37,183.44
2011-11-01,36.6,76.31,192.47000000000003
2011-11-02,8.98,67.2,162.49
2011-11-03,20.19,65.77000000000001,166.89000000000001
2011-11-04,16.64,45.81,159.78000000000003
2011-11-05,31.32,68.15,153.44000000000003
2011-11-06,10.68,58.64,146.03000000000003
2011-11-07,0.0,42.0,124.41000000000001
2011-11-08,0.0,10.68,87.81000000000002
2011-11-09,0.0,0.0,78.83000000000001
2011-11-10,0.0,0.0,58.640000000000015
2011-11-11,0.02,0.02,42.02000000000002
2011-11-12,0.0,0.02,10.700000000000014
2011-11-13,0.04,0.06,0.06000000000001421
2011-11-14,0.29,0.32999999999999996,0.3500000000000142
2011-11-15,0.12,0.44999999999999996,0.4700000000000142
2011-11-16,0.5,0.9099999999999999,0.9700000000000142
2011-11-17,16.51,17.130000000000003,17.480000000000015
2011-11-18,8.27,25.28,25.730000000000015
2011-11-19,0.0,24.78,25.730000000000015
2011-11-20,0.0,8.27,25.690000000000015
2011-11-21,0.11,0.11,25.510000000000012
2011-11-22,0.04,0.15,25.430000000000014
2011-11-23,0.95,1.0999999999999999,25.880000000000017
2011-11-24,38.9,39.89,48.27000000000001
2011-11-25,47.96,87.81,87.96000000000002
2011-11-26,42.95,129.81,130.91000000000003
2011-11-27,33.32,124.22999999999999,164.23000000000002
2011-11-28,13.15,89.42,177.27
2011-11-29,4.04,50.51,181.27
2011-11-30,0.12,17.31,180.44000000000003
2011-12-01,0.0,4.16,141.54000000000002
2011-12-02,0.0,0.12,93.58000000000001
2011-12-03,0.0,0.0,50.630000000000024
2011-12-04,0.0,0.0,17.31000000000002
2011-12-05,0.0,0.0,4.1600000000000215
2011-12-06,0.0,0.0,0.12000000000002131
2011-12-07,0.02,0.02,0.020000000000021317
2011-12-08,2.02,2.04,2.0400000000000214
2011-12-09,6.23,8.27,8.270000000000021
2011-12-10,1.24,9.49,9.510000000000021
2011-12-11,0.03,7.5,9.540000000000022
2011-12-12,0.16,1.43,9.700000000000022
2011-12-13,0.08,0.27,9.780000000000022
2011-12-14,9.04,9.28,18.800000000000022
2011-12-15,18.22,27.339999999999996,35.00000000000002
2011-12-16,0.59,27.849999999999998,29.36000000000002
2011-12-17,0.03,18.839999999999996,28.15000000000002
2011-12-18,0.03,0.6499999999999964,28.15000000000002
2011-12-19,0.07,0.12999999999999645,28.06000000000002
2011-12-20,0.01,0.10999999999999645,27.99000000000002
2011-12-21,0.09,0.16999999999999643,19.04000000000002
2011-12-22,0.14,0.23999999999999644,0.9600000000000213
2011-12-23,0.05,0.2799999999999964,0.4200000000000213
2011-12-24,0.0,0.18999999999999645,0.39000000000002133
2011-12-25,0.02,0.06999999999999645,0.3800000000000213
2011-12-26,0.0,0.019999999999996448,0.3100000000000213
2011-12-27,0.0,0.019999999999996448,0.3000000000000213
2011-12-28,1.22,1.2199999999999964,1.4300000000000213
2011-12-29,31.0,32.22,32.29000000000002
2011-12-30,58.97,91.19,91.21000000000002
2011-12-31,7.92,97.89,99.13000000000002
2012-01-01,9.45,76.34,108.56000000000003
2012-01-02,0.95,18.32,109.51000000000002
2012-01-03,0.14,10.54,109.65000000000002
2012-01-04,0.01,1.0999999999999999,108.44000000000001
2012-01-05,0.01,0.16,77.45000000000003
2012-01-06,0.0,0.02,18.48000000000002
2012-01-07,0.0,0.01,10.56000000000002
2012-01-08,0.07,0.07,1.1800000000000213
2012-01-09,0.08,0.15000000000000002,0.31000000000002137
2012-01-10,0.04,0.19,0.21000000000002134
2012-01-11,5.78,5.9,5.980000000000022
2012-01-12,0.67,6.49,6.640000000000022
2012-01-13,0.36,6.8100000000000005,7.000000000000022
2012-01-14,0.0,1.03,7.000000000000022
2012-01-15,0.0,0.36,6.930000000000022
2012-01-16,0.0,0.0,6.850000000000022
2012-01-17,0.0,0.0,6.810000000000022
2012-01-18,0.0,0.0,1.0300000000000213
2012-01-19,0.0,0.0,0.3600000000000213
2012-01-20,0.0,0.0,0.0
2012-01-21,0.0,0.0,0.0
2012-01-22,0.0,0.0,0.0
2012-01-23,0.0,0.0,0.0
2012-01-24,0.0,0.0,0.0
2012-01-25,0.0,0.0,0.0
2012-01-26,0.0,0.0,0.0
2012-01-27,3.31,3.31,3.3100000000000214
2012-01-28,0.0,3.31,3.3100000000000214
2012-01-29,0.0,3.31,3.3100000000000214
2012-01-30,4.4,4.4,7.710000000000022
2012-01-31,1.11,5.510000000000001,8.820000000000022
2012-02-01,0.0,5.510000000000001,8.820000000000022
2012-02-02,0.0,1.11,8.820000000000022
2012-02-03,0.0,0.0,5.510000000000022
2012-02-04,0.0,0.0,5.510000000000023
2012-02-05,0.0,0.0,5.510000000000023
2012-02-06,0.01,0.01,1.1200000000000223
2012-02-07,0.0,0.01,0.010000000000022205
2012-02-08,0.0,0.01,0.010000000000022205
2012-02-09,0.0,0.0,0.010000000000022205
2012-02-10,0.0,0.0,0.010000000000022205
2012-02-11,0.0,0.0,0.010000000000022205
2012-02-12,0.0,0.0,0.010000000000022205
2012-02-13,0.0,0.0,0.0
2012-02-14,0.0,0.0,0.0
2012-02-15,0.0,0.0,0.0
2012-02-16,0.0,0.0,0.0
2012-02-17,0.0,0.0,0.0
2012-02-18,0.0,0.0,0.0
2012-02-19,0.0,0.0,0.0
2012-02-20,0.0,0.0,0.0
2012-02-21,0.0,0.0,0.0
2012-02-22,0.0,0.0,0.0
2012-02-23,0.0,0.0,0.0
2012-02-24,0.0,0.0,0.0
2012-02-25,0.0,0.0,0.0
2012-02-26,0.0,0.0,0.0
2012-02-27,0.0,0.0,0.0
2012-02-28,0.0,0.0,0.0
2012-02-29,0.05,0.05,0.05000000000002221
2012-03-01,0.0,0.05,0.05000000000002221
2012-03-02,0.0,0.05,0.05000000000002221
2012-03-03,0.02,0.02,0.07000000000002221
2012-03-04,0.0,0.02,0.07000000000002221
2012-03-05,0.0,0.02,0.07000000000002221
2012-03-06,0.0,0.0,0.07000000000002221
2012-03-07,0.0,0.0,0.020000000000022205
2012-03-08,0.0,0.0,0.020000000000022205
2012-03-09,0.0,0.0,0.020000000000022205
2012-03-10,0.0,0.0,0.0
2012-03-11,0.0,0.0,0.0
2012-03-12,0.19,0.19,0.1900000000000222
2012-03-13,0.15,0.33999999999999997,0.3400000000000222
2012-03-14,0.07,0.41000000000000003,0.41000000000002224
2012-03-15,0.05,0.27,0.4600000000000222
2012-03-16,0.0,0.12000000000000001,0.4600000000000222
2012-03-17,0.0,0.05,0.4600000000000222
2012-03-18,0.0,0.0,0.4600000000000222
2012-03-19,0.0,0.0,0.2700000000000222
2012-03-20,0.0,0.0,0.12000000000002221
2012-03-21,0.0,0.0,0.05000000000002221
2012-03-22,0.0,0.0,0.0
2012-03-23,0.0,0.0,0.0
2012-03-24,0.0,0.0,0.0
2012-03-25,0.0,0.0,0.0
2012-03-26,0.0,0.0,0.0
2012-03-27,0.0,0.0,0.0
2012-03-28,0.03,0.03,0.030000000000022203
2012-03-29,0.02,0.05,0.05000000000002221
2012-03-30,0.06,0.11,0.1100000000000222
2012-03-31,0.5,0.58,0.6100000000000222
2012-04-01,0.04,0.6,0.6500000000000222
2012-04-02,0.01,0.55,0.6600000000000222
2012-04-03,0.0,0.05000000000000006,0.6600000000000222
2012-04-04,0.0,0.010000000000000056,0.6300000000000222
2012-04-05,0.0,0.0,0.6100000000000222
2012-04-06,0.02,0.020000000000000056,0.5700000000000222
2012-04-07,0.02,0.040000000000000056,0.0900000000000222
2012-04-08,0.02,0.06,0.07000000000002221
2012-04-09,0.02,0.06,0.0800000000000222
2012-04-10,0.01,0.05000000000000006,0.0900000000000222
2012-04-11,0.04,0.07000000000000006,0.1300000000000222
2012-04-12,0.04,0.09000000000000005,0.1700000000000222
2012-04-13,0.03,0.11000000000000006,0.1800000000000222
2012-04-14,0.01,0.08000000000000006,0.1700000000000222
2012-04-15,0.02,0.06000000000000005,0.1700000000000222
2012-04-16,0.02,0.05000000000000006,0.17000000000002222
2012-04-17,0.03,0.07000000000000005,0.1900000000000222
2012-04-18,0.03,0.08000000000000006,0.1800000000000222
2012-04-19,0.02,0.08000000000000004,0.1600000000000222
2012-04-20,0.02,0.07000000000000005,0.15000000000002223
2012-04-21,0.0,0.04000000000000005,0.14000000000002222
2012-04-22,0.04,0.06000000000000006,0.1600000000000222
2012-04-23,0.06,0.10000000000000006,0.20000000000002222
2012-04-24,0.38,0.4800000000000001,0.5500000000000222
2012-04-25,5.52,5.96,6.040000000000022
2012-04-26,2.69,8.59,8.710000000000022
2012-04-27,0.56,8.77,9.250000000000023
2012-04-28,0.67,3.92,9.920000000000023
2012-04-29,1.78,3.0100000000000002,11.660000000000021
2012-04-30,1.48,3.93,13.080000000000021
2012-05-01,0.34,3.6,13.040000000000022
2012-05-02,0.11,1.93,7.630000000000023
2012-05-03,0.09,0.54,5.0300000000000225
2012-05-04,0.03,0.22999999999999998,4.500000000000023
2012-05-05,0.04,0.16,3.870000000000023
2012-05-06,0.09,0.16,2.1800000000000233
2012-05-07,0.07,0.2,0.7700000000000231
2012-05-08,0.22,0.38,0.6500000000000231
2012-05-09,0.27,0.56,0.8100000000000231
2012-05-10,6.04,6.53,6.760000000000023
2012-05-11,0.8,7.11,7.5300000000000225
2012-05-12,2.28,9.120000000000001,9.770000000000023
2012-05-13,0.68,3.7600000000000002,10.360000000000023
2012-05-14,0.32,3.28,10.610000000000023
2012-05-15,1.39,2.3900000000000006,11.780000000000024
2012-05-16,0.38,2.0900000000000003,11.890000000000022
2012-05-17,0.23,2.0000000000000004,6.080000000000023
2012-05-18,0.18,0.7900000000000005,5.460000000000023
2012-05-19,0.24,0.6500000000000005,3.420000000000023
2012-05-20,7.22,7.640000000000001,9.960000000000022
2012-05-21,1.09,8.55,10.730000000000024
2012-05-22,0.03,8.34,9.370000000000024
2012-05-23,0.0,1.120000000000001,8.990000000000023
2012-05-24,0.02,0.05000000000000089,8.780000000000022
2012-05-25,0.01,0.030000000000000887,8.610000000000023
2012-05-26,0.07,0.1000000000000009,8.440000000000023
2012-05-27,0.05,0.1300000000000009,1.270000000000024
2012-05-28,0.01,0.1300000000000009,0.19000000000002398
2012-05-29,0.03,0.09000000000000088,0.19000000000002398
2012-05-30,0.0,0.04000000000000089,0.19000000000002398
2012-05-31,0.0,0.030000000000000887,0.170000000000024
2012-06-01,0.0,0.0,0.16000000000002398
2012-06-02,0.0,0.0,0.09000000000002398
2012-06-03,0.01,0.010000000000000888,0.050000000000023984
2012-06-04,0.17,0.1800000000000009,0.210000000000024
2012-06-05,0.01,0.19000000000000092,0.190000000000024
2012-06-06,0.03,0.2100000000000009,0.220000000000024
2012-06-07,0.71,0.7500000000000009,0.9300000000000239
2012-06-08,2.49,3.2300000000000013,3.420000000000024
2012-06-09,0.31,3.5100000000000016,3.730000000000024
2012-06-10,0.04,2.8400000000000016,3.760000000000024
2012-06-11,0.05,0.40000000000000135,3.6400000000000237
2012-06-12,1.93,2.0200000000000014,5.560000000000024
2012-06-13,5.08,7.060000000000001,10.610000000000024
2012-06-14,4.04,11.05,13.940000000000024
2012-06-15,0.32,9.440000000000001,11.770000000000024
2012-06-16,0.83,5.190000000000001,12.290000000000024
2012-06-17,0.59,1.7400000000000015,12.840000000000023
2012-06-18,0.54,1.9600000000000017,13.330000000000023
2012-06-19,0.89,2.020000000000002,12.290000000000024
2012-06-20,0.14,1.570000000000002,7.350000000000023
2012-06-21,0.3,1.3300000000000018,3.610000000000023
2012-06-22,0.02,0.4600000000000018,3.310000000000023
2012-06-23,0.03,0.35000000000000175,2.5100000000000233
2012-06-24,0.05,0.10000000000000178,1.9700000000000233
2012-06-25,1.6,1.680000000000002,3.0300000000000233
2012-06-26,3.91,5.560000000000002,6.050000000000024
2012-06-27,5.43,10.940000000000001,11.340000000000025
2012-06-28,17.21,26.550000000000004,28.250000000000025
2012-06-29,0.89,23.530000000000005,29.120000000000026
2012-06-30,8.34,26.440000000000005,37.43000000000002
2012-07-01,1.79,11.020000000000003,39.17000000000003
2012-07-02,0.17,10.300000000000004,37.74000000000002
2012-07-03,0.26,2.2200000000000037,34.090000000000025
2012-07-04,1.32,1.7500000000000036,29.980000000000025
2012-07-05,0.1,1.6800000000000037,12.870000000000026
2012-07-06,0.13,1.5500000000000034,12.110000000000024
2012-07-07,1.89,2.1200000000000037,5.660000000000025
2012-07-08,1.43,3.4500000000000033,5.300000000000025
2012-07-09,3.92,7.240000000000004,9.050000000000026
2012-07-10,7.0,12.350000000000005,15.790000000000024
2012-07-11,8.64,19.560000000000006,23.110000000000024
2012-07-12,3.45,19.090000000000007,26.460000000000022
2012-07-13,13.82,25.910000000000007,40.15000000000002
2012-07-14,16.45,33.720000000000006,54.71000000000002
2012-07-15,10.69,40.96000000000001,63.97000000000002
2012-07-16,0.79,27.930000000000007,60.84000000000002
2012-07-17,14.91,26.390000000000008,68.75000000000003
2012-07-18,1.12,16.820000000000007,61.23000000000002
2012-07-19,0.11,16.140000000000008,57.89000000000002
2012-07-20,0.17,1.400000000000009,44.24000000000002
2012-07-21,0.65,0.9300000000000089,28.440000000000026
2012-07-22,0.11,0.9300000000000089,17.860000000000028
2012-07-23,0.09,0.8500000000000089,17.160000000000025
2012-07-24,0.19,0.3900000000000089,2.4400000000000253
2012-07-25,0.67,0.950000000000009,1.990000000000025
2012-07-26,1.51,2.370000000000009,3.3900000000000245
2012-07-27,2.73,4.910000000000009,5.950000000000025
2012-07-28,0.83,5.070000000000009,6.130000000000025
2012-07-29,0.88,4.440000000000008,6.900000000000025
2012-07-30,0.09,1.800000000000009,6.900000000000025
2012-07-31,0.16,1.1300000000000088,6.870000000000025
2012-08-01,0.02,0.2700000000000089,6.220000000000025
2012-08-02,0.27,0.45000000000000895,4.980000000000024
2012-08-03,1.64,1.9300000000000088,3.8900000000000245
2012-08-04,3.45,5.360000000000009,6.510000000000025
2012-08-05,1.77,6.86000000000001,7.400000000000025
2012-08-06,0.57,5.790000000000009,7.880000000000025
2012-08-07,0.62,2.960000000000009,8.340000000000025
2012-08-08,7.61,8.80000000000001,15.930000000000025
2012-08-09,5.23,13.460000000000008,20.890000000000025
2012-08-10,2.2,15.04000000000001,21.450000000000024
2012-08-11,2.2,9.63000000000001,20.200000000000028
2012-08-12,1.21,5.610000000000008,19.64000000000003
2012-08-13,24.18,27.590000000000007,43.25000000000003
2012-08-14,4.87,30.26000000000001,47.50000000000002
2012-08-15,12.19,41.24000000000001,52.08000000000003
2012-08-16,0.64,17.700000000000006,47.49000000000002
2012-08-17,2.78,15.610000000000005,48.07000000000002
2012-08-18,0.32,3.740000000000007,46.190000000000026
2012-08-19,0.2,3.300000000000007,45.18000000000003
2012-08-20,0.19,0.7100000000000071,21.190000000000026
2012-08-21,1.83,2.2200000000000073,18.150000000000027
2012-08-22,1.06,3.080000000000007,7.020000000000028
2012-08-23,3.33,6.220000000000008,9.71000000000003
2012-08-24,0.91,5.300000000000007,7.840000000000028
2012-08-25,30.62,34.86000000000001,38.14000000000003
2012-08-26,4.12,35.650000000000006,42.060000000000024
2012-08-27,1.34,36.08000000000001,43.21000000000003
2012-08-28,4.65,10.110000000000007,46.03000000000003
2012-08-29,1.25,7.240000000000007,46.22000000000003
2012-08-30,1.19,7.090000000000007,44.08000000000003
2012-08-31,0.21,2.650000000000007,43.380000000000024
2012-09-01,0.23,1.630000000000007,12.990000000000029
2012-09-02,7.46,7.9000000000000075,16.33000000000003
2012-09-03,2.97,10.660000000000007,17.96000000000003
2012-09-04,2.52,12.950000000000006,15.83000000000003
2012-09-05,0.54,6.0300000000000065,15.12000000000003
2012-09-06,8.0,11.060000000000006,21.930000000000028
2012-09-07,9.57,18.110000000000007,31.290000000000028
2012-09-08,9.15,26.720000000000006,40.21000000000003
2012-09-09,0.87,19.590000000000007,33.620000000000026
2012-09-10,5.31,15.330000000000005,35.96000000000003
2012-09-11,1.55,7.730000000000005,34.99000000000003
2012-09-12,0.33,7.190000000000005,34.78000000000003
2012-09-13,4.16,6.040000000000005,30.94000000000003
2012-09-14,15.29,19.780000000000005,36.660000000000025
2012-09-15,5.84,25.290000000000003,33.35000000000003
2012-09-16,0.17,21.300000000000004,32.65000000000003
2012-09-17,1.76,7.770000000000005,29.10000000000003
2012-09-18,0.78,2.7100000000000053,28.33000000000003
2012-09-19,2.57,5.110000000000005,30.57000000000003
2012-09-20,8.78,12.130000000000004,35.190000000000026
2012-09-21,1.59,12.940000000000005,21.490000000000027
2012-09-22,0.96,11.330000000000005,16.610000000000028
2012-09-23,0.61,3.1600000000000055,17.050000000000026
2012-09-24,0.88,2.4500000000000055,16.170000000000027
2012-09-25,0.24,1.7300000000000053,15.630000000000026
2012-09-26,2.72,3.8400000000000056,15.780000000000028
2012-09-27,0.77,3.7300000000000053,7.770000000000028
2012-09-28,4.07,7.560000000000006,10.250000000000028
2012-09-29,4.25,9.090000000000005,13.540000000000028
2012-09-30,5.51,13.830000000000005,18.440000000000026
2012-10-01,1.77,11.530000000000005,19.33000000000003
2012-10-02,0.42,7.7000000000000055,19.510000000000026
2012-10-03,0.11,2.300000000000005,16.900000000000027
2012-10-04,0.01,0.5400000000000054,16.14000000000003
2012-10-05,0.01,0.13000000000000533,12.080000000000028
2012-10-06,0.39,0.41000000000000536,8.220000000000029
2012-10-07,0.18,0.5800000000000054,2.8900000000000285
2012-10-08,0.57,1.1400000000000052,1.6900000000000284
2012-10-09,0.11,0.8600000000000052,1.3800000000000285
2012-10-10,0.02,0.7000000000000053,1.2900000000000282
2012-10-11,0.03,0.16000000000000522,1.3100000000000283
2012-10-12,0.11,0.16000000000000522,1.4100000000000283
2012-10-13,5.72,5.860000000000005,6.740000000000029
2012-10-14,19.61,25.440000000000005,26.17000000000003
2012-10-15,8.78,34.11000000000001,34.38000000000003
2012-10-16,6.25,34.64000000000001,40.52000000000003
2012-10-17,13.77,28.800000000000004,54.270000000000024
2012-10-18,26.03,46.050000000000004,80.27000000000004
2012-10-19,51.6,91.4,131.76000000000005
2012-10-20,42.81,120.44000000000001,168.85000000000002
2012-10-21,24.32,118.73000000000002,173.56000000000003
2012-10-22,13.64,80.77000000000001,178.42000000000002
2012-10-23,13.66,51.620000000000005,185.83
2012-10-24,9.98,37.28000000000001,182.04000000000005
2012-10-25,4.78,28.42000000000001,160.79000000000005
2012-10-26,0.34,15.100000000000009,109.53000000000003
2012-10-27,0.99,6.110000000000007,67.71000000000004
2012-10-28,7.54,8.870000000000008,50.93000000000003
2012-10-29,12.97,21.500000000000007,50.26000000000003
2012-10-30,36.21,56.720000000000006,72.81000000000003
2012-10-31,51.48,100.66,114.31000000000003
2012-11-01,12.57,100.26,122.10000000000002
2012-11-02,3.51,67.56000000000002,125.27000000000002
2012-11-03,6.32,22.400000000000006,130.60000000000002
2012-11-04,4.05,13.880000000000006,127.11000000000001
2012-11-05,0.24,10.610000000000007,114.38000000000002
2012-11-06,0.13,4.420000000000007,78.30000000000003
2012-11-07,4.33,4.700000000000007,31.150000000000027
2012-11-08,2.22,6.680000000000007,20.80000000000003
2012-11-09,0.0,6.550000000000008,17.290000000000028
2012-11-10,0.77,2.9900000000000073,11.740000000000029
2012-11-11,0.02,0.7900000000000071,7.710000000000028
2012-11-12,0.01,0.8000000000000071,7.480000000000029
2012-11-13,0.01,0.040000000000007106,7.360000000000029
2012-11-14,0.0,0.020000000000007106,3.0300000000000287
2012-11-15,0.01,0.020000000000007106,0.8200000000000285
2012-11-16,0.0,0.010000000000007106,0.8200000000000285
2012-11-17,0.0,0.010000000000007106,0.050000000000028424
2012-11-18,0.0,0.0,0.03000000000002842
2012-11-19,0.01,0.010000000000007106,0.03000000000002842
2012-11-20,0.18,0.1900000000000071,0.2000000000000284
2012-11-21,2.67,2.860000000000007,2.8700000000000285
2012-11-22,7.96,10.810000000000008,10.820000000000029
2012-11-23,16.06,26.690000000000005,26.880000000000027
2012-11-24,1.13,25.150000000000006,28.010000000000026
2012-11-25,0.34,17.530000000000005,28.350000000000026
2012-11-26,0.13,1.6000000000000105,28.470000000000027
2012-11-27,0.12,0.5900000000000107,28.410000000000025
2012-11-28,0.0,0.25000000000001066,25.740000000000027
2012-11-29,0.0,0.12000000000001065,17.780000000000026
2012-11-30,0.0,0.0,1.7200000000000284
2012-12-01,0.0,0.0,0.5900000000000285
2012-12-02,2.06,2.0600000000000107,2.3100000000000285
2012-12-03,47.79,49.85000000000001,49.97000000000003
2012-12-04,44.59,94.44000000000001,94.44000000000003
2012-12-05,11.63,104.01,106.07000000000004
2012-12-06,0.52,56.74000000000001,106.59000000000003
2012-12-07,0.01,12.160000000000007,106.60000000000004
2012-12-08,0.0,0.5300000000000071,106.60000000000004
2012-12-09,0.0,0.010000000000007106,104.54000000000003
2012-12-10,0.0,0.0,56.750000000000036
2012-12-11,0.0,0.0,12.160000000000029
2012-12-12,0.0,0.0,0.5300000000000284
2012-12-13,0.0,0.0,0.010000000000028422
2012-12-14,0.0,0.0,0.0
2012-12-15,0.01,0.010000000000007106,0.010000000000028422
2012-12-16,0.05,0.06000000000000711,0.060000000000028426
2012-12-17,0.11,0.17000000000000712,0.17000000000002843
2012-12-18,0.19,0.3500000000000071,0.3600000000000284
2012-12-19,0.22,0.5200000000000071,0.5800000000000285
2012-12-20,0.09,0.5000000000000071,0.6700000000000285
2012-12-21,0.01,0.32000000000000706,0.6800000000000285
2012-12-22,0.0,0.1000000000000071,0.6700000000000285
2012-12-23,0.0,0.010000000000007106,0.6200000000000284
2012-12-24,0.01,0.010000000000007106,0.5200000000000284
2012-12-25,0.03,0.040000000000007106,0.36000000000002846
2012-12-26,0.09,0.1300000000000071,0.2300000000000284
2012-12-27,1.17,1.2900000000000071,1.3100000000000283
2012-12-28,5.51,6.770000000000007,6.810000000000028
2012-12-29,18.83,25.510000000000005,25.640000000000025
2012-12-30,6.12,30.460000000000004,31.760000000000026
2012-12-31,1.06,26.010000000000005,32.810000000000024
2013-01-01,0.11,7.290000000000007,32.89000000000002
2013-01-02,0.0,1.1700000000000073,32.800000000000026
2013-01-03,0.0,0.1100000000000071,31.630000000000024
2013-01-04,0.0,0.0,26.120000000000026
2013-01-05,0.0,0.0,7.2900000000000285
2013-01-06,0.06,0.0600000000000071,1.2300000000000284
2013-01-07,0.0,0.0600000000000071,0.1700000000000284
2013-01-08,0.0,0.0600000000000071,0.06000000000002842
2013-01-09,0.05,0.05000000000000711,0.11000000000002842
2013-01-10,0.0,0.05000000000000711,0.11000000000002842
2013-01-11,0.0,0.05000000000000711,0.11000000000002842
2013-01-12,0.0,0.0,0.11000000000002842
2013-01-13,0.0,0.0,0.050000000000028424
2013-01-14,0.0,0.0,0.050000000000028424
2013-01-15,0.0,0.0,0.050000000000028424
2013-01-16,0.0,0.0,0.0
2013-01-17,0.01,0.010000000000007106,0.010000000000028422
2013-01-18,0.06,0.0700000000000071,0.07000000000002841
2013-01-19,0.05,0.1200000000000071,0.12000000000002842
2013-01-20,0.03,0.14000000000000712,0.15000000000002842
2013-01-21,0.0,0.08000000000000712,0.15000000000002842
2013-01-22,0.0,0.030000000000007104,0.15000000000002842
2013-01-23,0.0,0.0,0.15000000000002842
2013-01-24,0.0,0.0,0.1400000000000284
2013-01-25,0.0,0.0,0.08000000000002841
2013-01-26,0.0,0.0,0.03000000000002842
2013-01-27,0.0,0.0,0.0
2013-01-28,0.0,0.0,0.0
2013-01-29,0.0,0.0,0.0
2013-01-30,0.0,0.0,0.0
2013-01-31,0.0,0.0,0.0
2013-02-01,0.0,0.0,0.0
2013-02-02,0.0,0.0,0.0
2013-02-03,0.0,0.0,0.0
2013-02-04,0.0,0.0,0.0
2013-02-05,0.03,0.030000000000007104,0.03000000000002842
2013-02-06,0.0,0.030000000000007104,0.03000000000002842
2013-02-07,0.0,0.030000000000007104,0.03000000000002842
2013-02-08,0.13,0.1300000000000071,0.16000000000002843
2013-02-09,0.12,0.2500000000000071,0.28000000000002845
2013-02-10,0.06,0.3100000000000071,0.3400000000000284
2013-02-11,0.0,0.1800000000000071,0.3400000000000284
2013-02-12,0.0,0.0600000000000071,0.31000000000002836
2013-02-13,0.01,0.010000000000007106,0.3200000000000284
2013-02-14,1.41,1.420000000000007,1.7300000000000284
2013-02-15,4.55,5.970000000000007,6.150000000000029
2013-02-16,5.76,11.720000000000006,11.790000000000028
2013-02-17,6.64,16.950000000000006,18.370000000000026
2013-02-18,3.07,15.470000000000006,21.440000000000026
2013-02-19,0.36,10.070000000000007,21.800000000000026
2013-02-20,0.02,3.450000000000007,21.810000000000027
2013-02-21,0.0,0.3800000000000071,20.400000000000027
2013-02-22,0.0,0.020000000000007106,15.850000000000028
2013-02-23,0.0,0.0,10.090000000000028
2013-02-24,0.0,0.0,3.450000000000028
2013-02-25,0.0,0.0,0.3800000000000284
2013-02-26,0.0,0.0,0.020000000000028422
2013-02-27,0.0,0.0,0.0
2013-02-28,0.0,0.0,0.0
2013-03-01,0.0,0.0,0.0
2013-03-02,0.0,0.0,0.0
2013-03-03,0.0,0.0,0.0
2013-03-04,0.0,0.0,0.0
2013-03-05,3.62,3.620000000000007,3.6200000000000285
2013-03-06,25.54,29.160000000000007,29.16000000000003
2013-03-07,5.24,34.400000000000006,34.40000000000003
2013-03-08,0.04,30.820000000000007,34.440000000000026
2013-03-09,0.01,5.290000000000007,34.45000000000003
2013-03-10,0.0,0.05000000000000711,34.45000000000003
2013-03-11,0.0,0.010000000000007106,34.45000000000003
2013-03-12,0.0,0.0,30.830000000000027
2013-03-13,0.0,0.0,5.2900000000000285
2013-03-14,0.0,0.0,0.050000000000028424
2013-03-15,0.01,0.010000000000007106,0.020000000000028422
2013-03-16,0.0,0.010000000000007106,0.010000000000028422
2013-03-17,0.0,0.010000000000007106,0.010000000000028422
2013-03-18,0.0,0.0,0.010000000000028422
2013-03-19,0.0,0.0,0.010000000000028422
2013-03-20,0.0,0.0,0.010000000000028422
2013-03-21,0.0,0.0,0.010000000000028422
2013-03-22,0.0,0.0,0.0
2013-03-23,0.0,0.0,0.0
2013-03-24,0.01,0.010000000000007106,0.010000000000028422
2013-03-25,0.0,0.010000000000007106,0.010000000000028422
2013-03-26,0.0,0.010000000000007106,0.010000000000028422
2013-03-27,0.0,0.0,0.010000000000028422
2013-03-28,0.01,0.010000000000007106,0.020000000000028422
2013-03-29,0.04,0.05000000000000711,0.06000000000002842
2013-03-30,0.01,0.06000000000000711,0.07000000000002843
2013-03-31,0.15,0.20000000000000712,0.21000000000002841
2013-04-01,0.03,0.19000000000000708,0.2400000000000284
2013-04-02,1.15,1.330000000000007,1.3900000000000283
2013-04-03,0.04,1.220000000000007,1.4300000000000284
2013-04-04,0.0,1.190000000000007,1.4200000000000284
2013-04-05,0.01,0.05000000000000711,1.3900000000000283
2013-04-06,0.03,0.040000000000007106,1.4100000000000283
2013-04-07,0.0,0.040000000000007106,1.2600000000000284
2013-04-08,0.01,0.040000000000007106,1.2400000000000284
2013-04-09,0.0,0.010000000000007106,0.09000000000002842
2013-04-10,0.0,0.010000000000007106,0.050000000000028424
2013-04-11,0.0,0.0,0.050000000000028424
2013-04-12,0.0,0.0,0.04000000000002842
2013-04-13,0.01,0.010000000000007106,0.020000000000028422
2013-04-14,0.05,0.06000000000000711,0.07000000000002843
2013-04-15,0.08,0.14000000000000712,0.14000000000002844
2013-04-16,0.22,0.3500000000000071,0.3600000000000284
2013-04-17,0.24,0.5400000000000071,0.6000000000000284
2013-04-18,3.02,3.480000000000007,3.6200000000000285
2013-04-19,0.67,3.930000000000007,4.2900000000000285
2013-04-20,0.96,4.6500000000000075,5.240000000000029
2013-04-21,0.79,2.420000000000007,5.980000000000029
2013-04-22,0.1,1.8500000000000072,6.000000000000029
2013-04-23,0.08,0.9700000000000072,5.860000000000028
2013-04-24,0.18,0.3600000000000071,5.800000000000029
2013-04-25,0.1,0.3600000000000071,2.8800000000000283
2013-04-26,0.87,1.150000000000007,3.0800000000000285
2013-04-27,0.07,1.0400000000000071,2.1900000000000284
2013-04-28,0.05,0.9900000000000071,1.4500000000000286
2013-04-29,0.07,0.1900000000000071,1.4200000000000284
2013-04-30,0.01,0.1300000000000071,1.3500000000000283
2013-05-01,0.01,0.09000000000000712,1.1800000000000284
2013-05-02,0.03,0.05000000000000711,1.1100000000000283
2013-05-03,0.04,0.0800000000000071,0.28000000000002845
2013-05-04,0.05,0.1200000000000071,0.26000000000002843
2013-05-05,0.1,0.1900000000000071,0.3100000000000285
2013-05-06,0.05,0.20000000000000712,0.29000000000002846
2013-05-07,0.05,0.20000000000000712,0.33000000000002844
2013-05-08,0.04,0.1400000000000071,0.3600000000000284
2013-05-09,0.06,0.1500000000000071,0.39000000000002844
2013-05-10,0.06,0.16000000000000708,0.4100000000000284
2013-05-11,0.76,0.8800000000000071,1.1200000000000285
2013-05-12,11.7,12.520000000000007,12.720000000000027
2013-05-13,7.09,19.550000000000004,19.760000000000026
2013-05-14,2.19,20.980000000000008,21.900000000000027
2013-05-15,2.09,11.370000000000006,23.950000000000028
2013-05-16,0.29,4.5700000000000065,24.180000000000028
2013-05-17,0.0,2.380000000000007,24.120000000000026
2013-05-18,0.0,0.2900000000000071,23.360000000000028
2013-05-19,0.0,0.0,11.660000000000029
2013-05-20,0.07,0.07000000000000711,4.640000000000028
2013-05-21,0.08,0.15000000000000713,2.5300000000000282
2013-05-22,2.68,2.830000000000007,3.1200000000000285
2013-05-23,0.1,2.8600000000000074,2.9300000000000286
2013-05-24,0.01,2.790000000000007,2.9400000000000284
2013-05-25,0.0,0.1100000000000071,2.9400000000000284
2013-05-26,0.76,0.7700000000000071,3.7000000000000286
2013-05-27,0.17,0.9300000000000072,3.8000000000000287
2013-05-28,1.5,2.4300000000000073,5.220000000000029
2013-05-29,0.56,2.2300000000000075,3.1000000000000285
2013-05-30,0.34,2.4000000000000075,3.3400000000000283
2013-05-31,16.39,17.290000000000006,19.720000000000027
2013-06-01,3.34,20.070000000000007,23.060000000000027
2013-06-02,29.83,49.56,52.130000000000024
2013-06-03,3.37,36.540000000000006,55.33000000000002
2013-06-04,0.17,33.370000000000005,54.00000000000002
2013-06-05,2.42,5.960000000000007,55.86000000000003
2013-06-06,21.34,23.930000000000007,76.86000000000003
2013-06-07,7.04,30.800000000000004,67.51000000000002
2013-06-08,3.61,31.990000000000006,67.78000000000002
2013-06-09,0.56,11.210000000000008,38.51000000000002
2013-06-10,0.13,4.300000000000007,35.270000000000024
2013-06-11,2.0,2.690000000000007,37.10000000000002
2013-06-12,0.59,2.720000000000007,35.27000000000003
2013-06-13,0.27,2.860000000000007,14.200000000000024
2013-06-14,0.3,1.160000000000007,7.460000000000025
2013-06-15,0.05,0.6200000000000071,3.900000000000025
2013-06-16,0.09,0.4400000000000071,3.4300000000000246
2013-06-17,0.21,0.3500000000000071,3.5100000000000247
2013-06-18,0.25,0.5500000000000071,1.7600000000000249
2013-06-19,0.06,0.5200000000000071,1.2300000000000249
2013-06-20,0.06,0.3700000000000071,1.0200000000000249
2013-06-21,0.15,0.2700000000000071,0.8700000000000248
2013-06-22,0.16,0.3700000000000071,0.9800000000000249
2013-06-23,0.03,0.3400000000000071,0.9200000000000249
2013-06-24,1.1,1.2900000000000071,1.810000000000025
2013-06-25,0.69,1.8200000000000072,2.250000000000025
2013-06-26,2.45,4.240000000000007,4.640000000000025
2013-06-27,8.87,12.010000000000007,13.450000000000024
2013-06-28,12.78,24.10000000000001,26.080000000000027
2013-06-29,5.18,26.830000000000005,31.100000000000023
2013-06-30,2.24,20.200000000000006,33.310000000000024
2013-07-01,0.58,8.000000000000007,32.79000000000002
2013-07-02,0.75,3.5700000000000074,32.85000000000002
2013-07-03,1.31,2.6400000000000072,31.710000000000026
2013-07-04,1.53,3.590000000000007,24.370000000000026
2013-07-05,0.23,3.0700000000000074,11.820000000000027
2013-07-06,10.03,11.790000000000006,16.670000000000027
2013-07-07,3.0,13.260000000000007,17.430000000000028
2013-07-08,0.43,13.460000000000006,17.28000000000003
2013-07-09,1.91,5.340000000000007,18.440000000000026
2013-07-10,18.15,20.490000000000006,35.28000000000002
2013-07-11,4.52,24.580000000000005,38.270000000000024
2013-07-12,1.39,24.060000000000006,39.43000000000002
2013-07-13,1.55,7.460000000000006,30.950000000000024
2013-07-14,0.55,3.4900000000000073,28.50000000000002
2013-07-15,10.61,12.710000000000008,38.68000000000002
2013-07-16,4.11,15.270000000000007,40.880000000000024
2013-07-17,0.36,15.080000000000009,23.090000000000025
2013-07-18,5.29,9.760000000000009,23.860000000000024
2013-07-19,19.02,24.67000000000001,41.49000000000002
2013-07-20,6.06,30.370000000000008,46.00000000000003
2013-07-21,2.16,27.240000000000006,47.61000000000002
2013-07-22,2.43,10.650000000000011,39.43000000000002
2013-07-23,1.47,6.060000000000011,36.79000000000002
2013-07-24,0.76,4.660000000000011,37.190000000000026
2013-07-25,0.11,2.3400000000000105,32.010000000000026
2013-07-26,0.19,1.0600000000000107,13.180000000000025
2013-07-27,0.02,0.32000000000001066,7.140000000000025
2013-07-28,0.52,0.7300000000000106,5.500000000000025
2013-07-29,0.21,0.7500000000000107,3.2800000000000247
2013-07-30,0.06,0.7900000000000107,1.8700000000000248
2013-07-31,0.3,0.5700000000000106,1.4100000000000248
2013-08-01,1.03,1.3900000000000108,2.330000000000025
2013-08-02,0.34,1.6700000000000106,2.480000000000025
2013-08-03,3.33,4.700000000000011,5.790000000000025
2013-08-04,3.1,6.77000000000001,8.370000000000026
2013-08-05,4.35,10.78000000000001,12.510000000000025
2013-08-06,0.74,8.19000000000001,13.190000000000026
2013-08-07,1.85,6.94000000000001,14.740000000000025
2013-08-08,6.18,8.77000000000001,19.890000000000025
2013-08-09,6.1,14.13000000000001,25.650000000000027
2013-08-10,2.04,14.320000000000011,24.360000000000024
2013-08-11,5.41,13.550000000000011,26.670000000000027
2013-08-12,5.47,12.92000000000001,27.790000000000024
2013-08-13,5.45,16.33000000000001,32.50000000000003
2013-08-14,20.97,31.890000000000008,51.62000000000002
2013-08-15,23.42,49.84000000000001,68.86000000000003
2013-08-16,28.64,73.03,91.40000000000002
2013-08-17,1.94,54.00000000000001,91.30000000000003
2013-08-18,3.94,34.52000000000001,89.83000000000003
2013-08-19,3.3,9.18000000000001,87.66000000000003
2013-08-20,3.18,10.42000000000001,85.39000000000001
2013-08-21,3.63,10.11000000000001,68.05000000000003
2013-08-22,1.11,7.920000000000011,45.74000000000002
2013-08-23,0.38,5.120000000000011,17.480000000000025
2013-08-24,0.54,2.030000000000011,16.080000000000027
2013-08-25,0.53,1.4500000000000108,12.670000000000025
2013-08-26,0.27,1.340000000000011,9.640000000000025
2013-08-27,0.42,1.2200000000000106,6.880000000000026
2013-08-28,5.27,5.96000000000001,8.520000000000024
2013-08-29,19.45,25.140000000000008,26.860000000000024
2013-08-30,9.03,33.75000000000001,35.510000000000026
2013-08-31,3.64,32.12000000000001,38.61000000000003
2013-09-01,0.83,13.50000000000001,38.910000000000025
2013-09-02,1.91,6.3800000000000106,40.55000000000002
2013-09-03,19.69,22.43000000000001,59.82000000000003
2013-09-04,2.43,24.030000000000012,56.980000000000025
2013-09-05,1.93,24.05000000000001,39.46000000000003
2013-09-06,5.06,9.42000000000001,35.49000000000003
2013-09-07,5.08,12.070000000000011,36.93000000000003
2013-09-08,14.04,24.18000000000001,50.14000000000003
2013-09-09,7.37,26.490000000000013,55.60000000000002
2013-09-10,47.2,68.61000000000001,83.11000000000003
2013-09-11,17.56,72.13000000000001,98.24000000000002
2013-09-12,15.01,79.77000000000001,111.32000000000002
2013-09-13,5.93,38.500000000000014,112.19000000000003
2013-09-14,4.35,25.290000000000013,111.46000000000002
2013-09-15,8.34,18.62000000000001,105.76000000000002
2013-09-16,7.77,20.460000000000015,106.16000000000003
2013-09-17,3.03,19.14000000000001,61.990000000000016
2013-09-18,3.5,14.300000000000013,47.93000000000002
2013-09-19,0.58,7.110000000000014,33.50000000000002
2013-09-20,1.12,5.200000000000015,28.69000000000002
2013-09-21,0.73,2.4300000000000144,25.07000000000002
2013-09-22,0.01,1.8600000000000143,16.74000000000002
2013-09-23,0.12,0.8600000000000142,9.090000000000021
2013-09-24,0.13,0.2600000000000142,6.190000000000022
2013-09-25,0.49,0.7400000000000142,3.1800000000000215
2013-09-26,3.6,4.220000000000014,6.2000000000000215
2013-09-27,0.5,4.590000000000014,5.580000000000021
2013-09-28,3.71,7.810000000000015,8.56000000000002
2013-09-29,1.02,5.230000000000015,9.570000000000022
2013-09-30,3.71,8.440000000000015,13.160000000000021
2013-10-01,2.52,7.250000000000014,15.550000000000022
2013-10-02,3.12,9.350000000000014,18.18000000000002
2013-10-03,9.06,14.700000000000014,23.640000000000022
2013-10-04,1.44,13.620000000000015,24.580000000000023
2013-10-05,0.0,10.500000000000014,20.870000000000022
2013-10-06,0.03,1.4700000000000142,19.88000000000002
2013-10-07,3.83,3.8600000000000145,20.00000000000002
2013-10-08,5.94,9.800000000000015,23.420000000000023
2013-10-09,9.22,18.990000000000016,29.520000000000024
2013-10-10,5.23,20.390000000000015,25.690000000000023
2013-10-11,2.52,16.970000000000017,26.77000000000002
2013-10-12,0.34,8.090000000000014,27.11000000000002
2013-10-13,0.59,3.4500000000000144,27.670000000000023
2013-10-14,0.95,1.880000000000014,24.79000000000002
2013-10-15,5.42,6.960000000000014,24.270000000000024
2013-10-16,1.01,7.380000000000014,16.060000000000024
2013-10-17,1.09,7.520000000000014,11.920000000000021
2013-10-18,2.14,4.240000000000014,11.540000000000022
2013-10-19,8.98,12.210000000000015,20.18000000000002
2013-10-20,24.77,35.890000000000015,44.36000000000003
2013-10-21,32.18,65.93,75.59000000000002
2013-10-22,23.87,80.82000000000001,94.04000000000002
2013-10-23,7.63,63.680000000000014,100.66000000000003
2013-10-24,2.85,34.350000000000016,102.42000000000002
2013-10-25,5.2,15.680000000000014,105.48000000000002
2013-10-26,3.2,11.250000000000014,99.70000000000002
2013-10-27,5.99,14.390000000000015,80.92000000000002
2013-10-28,2.3,11.490000000000014,51.04000000000002
2013-10-29,0.7,8.990000000000013,27.870000000000022
2013-10-30,0.48,3.4800000000000137,20.720000000000024
2013-10-31,0.59,1.7700000000000142,18.460000000000022
2013-11-01,3.56,4.630000000000014,16.82000000000002
2013-11-02,7.35,11.500000000000014,20.97000000000002
2013-11-03,8.89,19.800000000000015,23.87000000000002
2013-11-04,5.4,21.640000000000015,26.970000000000024
2013-11-05,2.85,17.140000000000015,29.120000000000022
2013-11-06,1.52,9.770000000000014,30.16000000000002
2013-11-07,0.1,4.470000000000014,29.67000000000002
2013-11-08,0.02,1.6400000000000143,26.13000000000002
2013-11-09,0.01,0.13000000000001422,18.790000000000024
2013-11-10,0.02,0.050000000000014214,9.920000000000021
2013-11-11,0.0,0.030000000000014213,4.520000000000022
2013-11-12,0.0,0.020000000000014215,1.6700000000000212
2013-11-13,0.19,0.1900000000000142,0.34000000000002134
2013-11-14,0.61,0.8000000000000143,0.8500000000000213
2013-11-15,2.11,2.9100000000000144,2.9400000000000213
2013-11-16,54.34,57.06000000000002,57.270000000000024
2013-11-17,19.46,75.91000000000003,76.71000000000002
2013-11-18,6.38,80.18000000000002,83.09000000000002
2013-11-19,0.25,26.090000000000014,83.34000000000002
2013-11-20,1.3,7.930000000000014,84.45000000000003
2013-11-21,1.07,2.6200000000000143,84.91000000000003
2013-11-22,1.46,3.8300000000000143,84.26000000000002
2013-11-23,3.14,5.670000000000014,33.060000000000024
2013-11-24,3.36,7.960000000000014,16.960000000000022
2013-11-25,1.63,8.130000000000013,12.210000000000022
2013-11-26,0.0,4.9900000000000135,11.960000000000022
2013-11-27,0.0,1.630000000000014,10.660000000000021
2013-11-28,0.0,0.0,9.590000000000021
2013-11-29,0.01,0.010000000000014211,8.14000000000002
2013-11-30,2.59,2.600000000000014,7.590000000000021
2013-12-01,3.95,6.550000000000014,8.180000000000021
2013-12-02,20.42,26.960000000000015,26.970000000000024
2013-12-03,0.9,25.270000000000014,27.870000000000022
2013-12-04,0.33,21.650000000000016,28.200000000000024
2013-12-05,1.13,2.360000000000014,29.330000000000023
2013-12-06,1.61,3.0700000000000145,30.93000000000002
2013-12-07,3.0,5.740000000000014,31.340000000000025
2013-12-08,1.44,6.050000000000015,28.830000000000023
2013-12-09,0.01,4.450000000000014,8.420000000000021
2013-12-10,0.0,1.4500000000000142,7.520000000000021
2013-12-11,0.47,0.4800000000000142,7.660000000000021
2013-12-12,3.55,4.020000000000014,10.08000000000002
2013-12-13,0.93,4.9500000000000135,9.400000000000022
2013-12-14,0.11,4.590000000000014,6.510000000000021
2013-12-15,0.0,1.0400000000000142,5.070000000000022
2013-12-16,0.0,0.11000000000001421,5.060000000000021
2013-12-17,0.0,0.0,5.060000000000021
2013-12-18,0.03,0.03000000000001421,4.620000000000021
2013-12-19,0.01,0.04000000000001421,1.0800000000000214
2013-12-20,0.0,0.04000000000001421,0.1500000000000213
2013-12-21,0.0,0.010000000000014211,0.04000000000002132
2013-12-22,0.03,0.03000000000001421,0.07000000000002132
2013-12-23,0.13,0.16000000000001421,0.20000000000002133
2013-12-24,0.04,0.20000000000001422,0.24000000000002134
2013-12-25,0.04,0.21000000000001423,0.2500000000000213
2013-12-26,0.01,0.09000000000001421,0.2500000000000213
2013-12-27,0.02,0.07000000000001422,0.27000000000002133
2013-12-28,0.0,0.03000000000001421,0.27000000000002133
2013-12-29,0.0,0.020000000000014208,0.2400000000000213
2013-12-30,0.01,0.010000000000014211,0.12000000000002131
2013-12-31,0.01,0.02000000000001421,0.09000000000002131
2014-01-01,0.18,0.2000000000000142,0.2300000000000213
2014-01-02,0.13,0.32000000000001416,0.3500000000000213
2014-01-03,0.0,0.31000000000001415,0.3300000000000213
2014-01-04,0.0,0.13000000000001422,0.3300000000000213
2014-01-05,0.06,0.06000000000001421,0.3900000000000213
2014-01-06,0.0,0.06000000000001421,0.3800000000000213
2014-01-07,0.0,0.06000000000001421,0.3700000000000213
2014-01-08,0.02,0.02000000000001421,0.2100000000000213
2014-01-09,0.01,0.03000000000001421,0.09000000000002131
2014-01-10,0.02,0.050000000000014214,0.11000000000002132
2014-01-11,0.0,0.030000000000014213,0.11000000000002132
2014-01-12,0.01,0.030000000000014217,0.06000000000002132
2014-01-13,0.01,0.02000000000001421,0.07000000000002132
2014-01-14,0.0,0.02000000000001421,0.07000000000002132
2014-01-15,0.0,0.010000000000014211,0.05000000000002132
2014-01-16,0.0,0.0,0.040000000000021324
2014-01-17,0.0,0.0,0.020000000000021317
2014-01-18,0.01,0.010000000000014211,0.030000000000021315
2014-01-19,0.34,0.35000000000001424,0.36000000000002136
2014-01-20,0.16,0.5100000000000142,0.5100000000000213
2014-01-21,0.0,0.5000000000000142,0.5100000000000213
2014-01-22,0.0,0.16000000000001421,0.5100000000000213
2014-01-23,0.0,0.0,0.5100000000000213
2014-01-24,0.0,0.0,0.5100000000000213
2014-01-25,0.0,0.0,0.5000000000000213
2014-01-26,0.0,0.0,0.16000000000002132
2014-01-27,0.0,0.0,0.0
2014-01-28,0.0,0.0,0.0
2014-01-29,0.0,0.0,0.0
2014-01-30,0.0,0.0,0.0
2014-01-31,0.0,0.0,0.0
2014-02-01,0.0,0.0,0.0
2014-02-02,0.0,0.0,0.0
2014-02-03,0.0,0.0,0.0
2014-02-04,0.0,0.0,0.0
2014-02-05,0.0,0.0,0.0
2014-02-06,0.0,0.0,0.0
2014-02-07,0.0,0.0,0.0
2014-02-08,0.0,0.0,0.0
2014-02-09,0.0,0.0,0.0
2014-02-10,0.0,0.0,0.0
2014-02-11,0.0,0.0,0.0
2014-02-12,0.0,0.0,0.0
2014-02-13,0.0,0.0,0.0
2014-02-14,0.0,0.0,0.0
2014-02-15,0.01,0.010000000000014211,0.010000000000021316
2014-02-16,2.21,2.220000000000014,2.220000000000021
2014-02-17,0.99,3.210000000000014,3.2100000000000213
2014-02-18,0.22,3.420000000000014,3.430000000000021
2014-02-19,0.07,1.2800000000000142,3.500000000000021
2014-02-20,0.0,0.29000000000001425,3.500000000000021
2014-02-21,0.0,0.07000000000001422,3.500000000000021
2014-02-22,0.0,0.0,3.490000000000021
2014-02-23,0.0,0.0,1.2800000000000213
2014-02-24,2.16,2.1600000000000144,2.4500000000000215
2014-02-25,0.02,2.1800000000000144,2.2500000000000213
2014-02-26,0.0,2.1800000000000144,2.1800000000000215
2014-02-27,0.0,0.02000000000001421,2.1800000000000215
2014-02-28,0.0,0.0,2.1800000000000215
2014-03-01,0.05,0.050000000000014214,2.2300000000000213
2014-03-02,0.11,0.16000000000001421,2.3400000000000216
2014-03-03,0.02,0.1800000000000142,0.20000000000002133
2014-03-04,0.02,0.15000000000001423,0.20000000000002133
2014-03-05,0.0,0.04000000000001421,0.20000000000002133
2014-03-06,0.13,0.1500000000000142,0.33000000000002133
2014-03-07,0.56,0.6900000000000143,0.8900000000000214
2014-03-08,0.01,0.7000000000000143,0.8500000000000214
2014-03-09,0.0,0.5700000000000143,0.7400000000000214
2014-03-10,0.0,0.010000000000014211,0.7200000000000214
2014-03-11,0.0,0.0,0.7000000000000214
2014-03-12,0.0,0.0,0.7000000000000214
2014-03-13,0.0,0.0,0.5700000000000214
2014-03-14,0.0,0.0,0.010000000000021316
2014-03-15,0.0,0.0,0.0
2014-03-16,0.0,0.0,0.0
2014-03-17,0.0,0.0,0.0
2014-03-18,0.0,0.0,0.0
2014-03-19,0.0,0.0,0.0
2014-03-20,0.0,0.0,0.0
2014-03-21,0.01,0.010000000000014211,0.010000000000021316
2014-03-22,0.0,0.010000000000014211,0.010000000000021316
2014-03-23,0.0,0.010000000000014211,0.010000000000021316
2014-03-24,0.0,0.0,0.010000000000021316
2014-03-25,0.0,0.0,0.010000000000021316
2014-03-26,0.0,0.0,0.010000000000021316
2014-03-27,0.0,0.0,0.010000000000021316
2014-03-28,0.0,0.0,0.0
2014-03-29,0.0,0.0,0.0
2014-03-30,0.0,0.0,0.0
2014-03-31,0.0,0.0,0.0
2014-04-01,0.0,0.0,0.0
2014-04-02,0.0,0.0,0.0
2014-04-03,0.0,0.0,0.0
2014-04-04,0.0,0.0,0.0
2014-04-05,0.02,0.02000000000001421,0.020000000000021317
2014-04-06,0.0,0.02000000000001421,0.020000000000021317
2014-04-07,0.01,0.03000000000001421,0.030000000000021315
2014-04-08,0.01,0.02000000000001421,0.04000000000002132
2014-04-09,0.06,0.08000000000001421,0.10000000000002132
2014-04-10,0.01,0.08000000000001421,0.11000000000002132
2014-04-11,0.01,0.08000000000001421,0.12000000000002131
2014-04-12,0.0,0.02000000000001421,0.10000000000002131
2014-04-13,0.0,0.010000000000014211,0.10000000000002131
2014-04-14,0.01,0.010000000000014211,0.10000000000002132
2014-04-15,0.0,0.010000000000014211,0.09000000000002131
2014-04-16,0.0,0.010000000000014211,0.030000000000021315
2014-04-17,0.0,0.0,0.020000000000021313
2014-04-18,0.01,0.010000000000014211,0.020000000000021317
2014-04-19,0.0,0.010000000000014211,0.020000000000021317
2014-04-20,0.0,0.010000000000014211,0.020000000000021317
2014-04-21,0.0,0.0,0.010000000000021316
2014-04-22,0.0,0.0,0.010000000000021316
2014-04-23,0.01,0.010000000000014211,0.020000000000021317
2014-04-24,0.01,0.02000000000001421,0.030000000000021315
2014-04-25,0.01,0.03,0.030000000000021315
2014-04-26,0.04,0.06000000000001421,0.07000000000002132
2014-04-27,0.02,0.07000000000001422,0.09000000000002131
2014-04-28,0.01,0.07000000000001422,0.10000000000002132
2014-04-29,0.03,0.06000000000001421,0.13000000000002132
2014-04-30,0.04,0.0800000000000142,0.16000000000002132
2014-05-01,0.28,0.35000000000001424,0.43000000000002137
2014-05-02,1.02,1.3400000000000143,1.4400000000000213
2014-05-03,1.76,3.0600000000000143,3.1600000000000215
2014-05-04,5.95,8.730000000000015,9.090000000000021
2014-05-05,5.52,13.230000000000015,14.600000000000023
2014-05-06,5.53,17.000000000000014,20.100000000000023
2014-05-07,9.34,20.390000000000015,29.400000000000023
2014-05-08,7.0,21.870000000000015,36.12000000000002
2014-05-09,1.5,17.840000000000014,36.60000000000002
2014-05-10,0.23,8.730000000000015,35.07000000000002
2014-05-11,0.13,1.8600000000000143,29.25000000000002
2014-05-12,0.03,0.3900000000000142,23.760000000000023
2014-05-13,0.02,0.1800000000000142,18.25000000000002
2014-05-14,0.15,0.2000000000000142,9.060000000000022
2014-05-15,0.21,0.3800000000000142,2.2700000000000213
2014-05-16,0.02,0.38000000000001416,0.7900000000000214
2014-05-17,0.79,1.0200000000000142,1.3500000000000214
2014-05-18,0.1,0.9100000000000142,1.3200000000000214
2014-05-19,0.1,0.9900000000000142,1.3900000000000212
2014-05-20,0.24,0.4400000000000142,1.6100000000000214
2014-05-21,0.43,0.7700000000000142,1.8900000000000214
2014-05-22,9.67,10.340000000000014,11.350000000000021
2014-05-23,0.29,10.390000000000013,11.62000000000002
2014-05-24,0.94,10.900000000000015,11.770000000000021
2014-05-25,0.23,1.4600000000000142,11.900000000000022
2014-05-26,4.19,5.3600000000000145,15.990000000000022
2014-05-27,2.8,7.220000000000014,18.550000000000022
2014-05-28,1.2,8.190000000000014,19.32000000000002
2014-05-29,3.91,7.910000000000014,13.560000000000022
2014-05-30,0.2,5.310000000000015,13.470000000000022
2014-05-31,0.55,4.660000000000014,13.080000000000021
2014-06-01,1.51,2.260000000000014,14.36000000000002
2014-06-02,18.76,20.820000000000014,28.93000000000002
2014-06-03,4.08,24.350000000000016,30.210000000000022
2014-06-04,0.29,23.130000000000017,29.300000000000026
2014-06-05,7.01,11.380000000000013,32.40000000000003
2014-06-06,0.98,8.280000000000014,33.18000000000002
2014-06-07,0.27,8.260000000000014,32.90000000000003
2014-06-08,18.1,19.350000000000016,49.49000000000002
2014-06-09,5.03,23.400000000000016,35.76000000000002
2014-06-10,0.03,23.160000000000014,31.710000000000022
2014-06-11,0.08,5.140000000000015,31.50000000000002
2014-06-12,1.5,1.6100000000000143,25.990000000000023
2014-06-13,0.17,1.7500000000000142,25.18000000000002
2014-06-14,0.13,1.8000000000000143,25.040000000000024
2014-06-15,0.03,0.3300000000000142,6.970000000000022
2014-06-16,0.0,0.16000000000001421,1.9400000000000215
2014-06-17,0.13,0.16000000000001421,2.0400000000000214
2014-06-18,0.0,0.13000000000001422,1.9600000000000213
2014-06-19,0.0,0.13000000000001422,0.46000000000002134
2014-06-20,1.04,1.0400000000000142,1.3300000000000214
2014-06-21,3.3,4.340000000000014,4.500000000000021
2014-06-22,1.0,5.340000000000014,5.470000000000021
2014-06-23,0.27,4.5700000000000145,5.7400000000000215
2014-06-24,0.02,1.2900000000000142,5.630000000000021
2014-06-25,0.18,0.4700000000000142,5.810000000000021
2014-06-26,0.1,0.3000000000000142,5.9100000000000215
2014-06-27,3.36,3.640000000000014,8.230000000000022
2014-06-28,23.76,27.220000000000017,28.690000000000023
2014-06-29,27.13,54.250000000000014,54.82000000000002
2014-06-30,2.82,53.710000000000015,57.37000000000002
2014-07-01,0.67,30.62000000000001,58.020000000000024
2014-07-02,0.03,3.5200000000000142,57.870000000000026
2014-07-03,0.01,0.7100000000000143,57.78000000000002
2014-07-04,0.03,0.07000000000001422,54.450000000000024
2014-07-05,7.84,7.880000000000014,38.53000000000002
2014-07-06,1.17,9.040000000000013,12.570000000000022
2014-07-07,1.24,10.250000000000014,10.99000000000002
2014-07-08,3.87,6.2800000000000145,14.19000000000002
2014-07-09,5.65,10.760000000000016,19.810000000000024
2014-07-10,3.94,13.460000000000015,23.74000000000002
2014-07-11,4.68,14.270000000000014,28.390000000000022
2014-07-12,1.21,9.830000000000016,21.760000000000023
2014-07-13,1.94,7.830000000000014,22.53000000000002
2014-07-14,2.56,5.710000000000014,23.850000000000023
2014-07-15,0.22,4.720000000000014,20.20000000000002
2014-07-16,0.0,2.7800000000000145,14.55000000000002
2014-07-17,0.0,0.2200000000000142,10.61000000000002
2014-07-18,0.0,0.0,5.930000000000021
2014-07-19,0.01,0.010000000000014211,4.730000000000022
2014-07-20,0.27,0.28000000000001424,3.0600000000000214
2014-07-21,0.35,0.6300000000000142,0.8500000000000213
2014-07-22,1.04,1.6600000000000144,1.6700000000000212
2014-07-23,0.12,1.5100000000000144,1.7900000000000214
2014-07-24,0.21,1.3700000000000143,2.0000000000000213
2014-07-25,2.64,2.9700000000000144,4.640000000000022
2014-07-26,1.52,4.370000000000014,6.150000000000022
2014-07-27,0.78,4.940000000000015,6.6600000000000215
2014-07-28,1.2,3.500000000000014,7.510000000000021
2014-07-29,1.01,2.9900000000000144,7.480000000000022
2014-07-30,1.32,3.530000000000014,8.680000000000021
2014-07-31,1.09,3.420000000000014,9.560000000000022
2014-08-01,0.43,2.8400000000000145,7.350000000000022
2014-08-02,0.07,1.5900000000000143,5.900000000000022
2014-08-03,5.32,5.8200000000000145,10.440000000000023
2014-08-04,1.24,6.630000000000015,10.480000000000022
2014-08-05,3.86,10.420000000000014,13.330000000000023
2014-08-06,4.98,10.080000000000014,16.990000000000023
2014-08-07,13.65,22.490000000000016,29.550000000000022
2014-08-08,25.76,44.390000000000015,54.880000000000024
2014-08-09,6.8,46.21000000000001,61.61000000000002
2014-08-10,3.35,35.91000000000001,59.64000000000002
2014-08-11,7.37,17.520000000000014,65.77000000000002
2014-08-12,11.07,21.790000000000013,72.98000000000002
2014-08-13,1.8,20.240000000000016,69.80000000000001
2014-08-14,0.54,13.410000000000014,56.690000000000026
2014-08-15,5.44,7.7800000000000145,36.37000000000002
2014-08-16,7.07,13.050000000000015,36.64000000000002
2014-08-17,3.24,15.750000000000014,36.53000000000002
2014-08-18,2.01,12.320000000000014,31.170000000000023
2014-08-19,0.41,5.660000000000014,20.510000000000023
2014-08-20,0.04,2.460000000000014,18.75000000000002
2014-08-21,0.06,0.5100000000000142,18.27000000000002
2014-08-22,1.59,1.6900000000000144,14.420000000000021
2014-08-23,1.14,2.7900000000000142,8.490000000000022
2014-08-24,29.89,32.62000000000001,35.14000000000002
2014-08-25,6.38,37.41000000000002,39.510000000000026
2014-08-26,3.09,39.360000000000014,42.19000000000002
2014-08-27,3.8,13.270000000000014,45.95000000000002
2014-08-28,5.87,12.760000000000014,51.76000000000002
2014-08-29,1.56,11.230000000000015,51.730000000000025
2014-08-30,0.02,7.450000000000014,50.61000000000002
2014-08-31,0.01,1.5900000000000143,20.73000000000002
2014-09-01,0.95,0.9800000000000142,15.300000000000022
2014-09-02,0.09,1.0500000000000143,12.300000000000022
2014-09-03,19.91,20.950000000000014,28.41000000000002
2014-09-04,10.08,30.080000000000013,32.62000000000002
2014-09-05,7.07,37.06000000000002,38.130000000000024
2014-09-06,3.39,20.540000000000013,41.50000000000002
2014-09-07,4.78,15.240000000000014,46.270000000000024
2014-09-08,0.91,9.080000000000014,46.23000000000002
2014-09-09,0.44,6.130000000000013,46.58000000000002
2014-09-10,0.63,1.9800000000000142,27.300000000000022
2014-09-11,0.62,1.6900000000000142,17.84000000000002
2014-09-12,4.36,5.6100000000000145,15.13000000000002
2014-09-13,2.87,7.850000000000015,14.61000000000002
2014-09-14,5.62,12.850000000000016,15.45000000000002
2014-09-15,21.42,29.910000000000018,35.96000000000002
2014-09-16,10.67,37.710000000000015,46.190000000000026
2014-09-17,5.8,37.89000000000002,51.36000000000002
2014-09-18,2.1,18.570000000000014,52.840000000000025
2014-09-19,2.24,10.140000000000015,50.72000000000003
2014-09-20,3.94,8.280000000000015,51.79000000000002
2014-09-21,18.4,24.580000000000013,64.57000000000002
2014-09-22,4.38,26.72000000000001,47.53000000000002
2014-09-23,0.36,23.14000000000001,37.22000000000002
2014-09-24,1.33,6.0700000000000145,32.75000000000002
2014-09-25,0.97,2.6600000000000144,31.62000000000002
2014-09-26,0.29,2.590000000000014,29.67000000000002
2014-09-27,1.07,2.3300000000000143,26.80000000000002
2014-09-28,1.63,2.9900000000000144,10.03000000000002
2014-09-29,0.66,3.360000000000014,6.310000000000021
2014-09-30,0.3,2.5900000000000145,6.250000000000021
2014-10-01,0.05,1.0100000000000142,4.970000000000021
2014-10-02,0.01,0.3600000000000142,4.010000000000021
2014-10-03,0.0,0.060000000000014216,3.7200000000000215
2014-10-04,0.04,0.050000000000014214,2.6900000000000213
2014-10-05,0.88,0.9200000000000143,1.9400000000000213
2014-10-06,2.19,3.110000000000014,3.470000000000021
2014-10-07,6.7,9.770000000000014,9.870000000000022
2014-10-08,3.44,12.330000000000014,13.260000000000021
2014-10-09,1.32,11.460000000000015,14.570000000000022
2014-10-10,0.53,5.290000000000015,15.100000000000021
2014-10-11,0.22,2.0700000000000154,15.280000000000022
2014-10-12,0.28,1.0300000000000151,14.680000000000021
2014-10-13,1.54,2.040000000000015,14.030000000000022
2014-10-14,3.72,5.540000000000015,11.050000000000022
2014-10-15,12.33,17.590000000000014,19.940000000000023
2014-10-16,9.35,25.400000000000016,27.97000000000002
2014-10-17,40.07,61.750000000000014,67.51000000000002
2014-10-18,53.9,103.32000000000002,121.19000000000003
2014-10-19,34.47,128.44000000000003,155.38000000000002
2014-10-20,18.34,106.71000000000001,172.18000000000004
2014-10-21,8.4,61.210000000000015,176.86
2014-10-22,8.12,34.860000000000014,172.65
2014-10-23,31.38,47.90000000000001,194.68
2014-10-24,11.88,51.38000000000002,166.49000000000004
2014-10-25,11.09,54.350000000000016,123.68000000000002
2014-10-26,12.82,35.79000000000001,102.03000000000002
2014-10-27,22.19,46.100000000000016,105.88000000000002
2014-10-28,5.61,40.62000000000002,103.09000000000003
2014-10-29,0.58,28.38000000000002,95.55000000000003
2014-10-30,0.04,6.230000000000015,64.21000000000002
2014-10-31,6.04,6.660000000000014,58.370000000000026
2014-11-01,8.41,14.490000000000014,55.69000000000002
2014-11-02,5.81,20.260000000000016,48.68000000000002
2014-11-03,2.24,16.460000000000015,28.73000000000002
2014-11-04,0.14,8.190000000000014,23.260000000000023
2014-11-05,0.0,2.3800000000000145,22.68000000000002
2014-11-06,0.0,0.14000000000001422,22.640000000000022
2014-11-07,0.0,0.0,16.600000000000023
2014-11-08,0.03,0.03000000000001421,8.220000000000022
2014-11-09,2.42,2.450000000000014,4.830000000000021
2014-11-10,0.11,2.560000000000014,2.700000000000021
2014-11-11,8.13,10.660000000000014,10.690000000000023
2014-11-12,23.18,31.420000000000016,33.87000000000002
2014-11-13,43.55,74.86000000000001,77.42000000000002
2014-11-14,12.76,79.49000000000002,90.18000000000002
2014-11-15,0.68,56.99000000000001,90.83000000000001
2014-11-16,0.19,13.630000000000013,88.60000000000001
2014-11-17,0.0,0.8700000000000143,88.49000000000001
2014-11-18,0.01,0.20000000000001422,80.37000000000002
2014-11-19,0.12,0.13000000000001422,57.31000000000001
2014-11-20,0.12,0.2500000000000142,13.880000000000013
2014-11-21,0.04,0.2800000000000142,1.1600000000000144
2014-11-22,0.08,0.2400000000000142,0.5600000000000143
2014-11-23,0.0,0.12000000000001422,0.3700000000000142
2014-11-24,0.0,0.08000000000001423,0.3700000000000142
2014-11-25,0.06,0.06000000000001421,0.4200000000000142
2014-11-26,0.08,0.14000000000001422,0.3800000000000142
2014-11-27,0.08,0.2200000000000142,0.3400000000000142
2014-11-28,2.46,2.6200000000000143,2.760000000000014
2014-11-29,2.74,5.2800000000000145,5.420000000000014
2014-11-30,2.16,7.3600000000000145,7.580000000000014
2014-12-01,0.07,4.970000000000015,7.650000000000015
2014-12-02,0.0,2.230000000000014,7.590000000000015
2014-12-03,0.0,0.07000000000001422,7.510000000000015
2014-12-04,0.0,0.0,7.430000000000015
2014-12-05,0.0,0.0,4.970000000000015
2014-12-06,0.0,0.0,2.230000000000014
2014-12-07,0.09,0.09000000000001421,0.16000000000001421
2014-12-08,0.16,0.2500000000000142,0.2500000000000142
2014-12-09,21.15,21.400000000000013,21.400000000000013
2014-12-10,30.65,51.96000000000001,52.05000000000001
2014-12-11,21.54,73.34000000000002,73.59
2014-12-12,5.64,57.830000000000005,79.23
2014-12-13,7.78,34.960000000000015,87.01
2014-12-14,0.41,13.830000000000014,87.33000000000001
2014-12-15,0.48,8.670000000000016,87.65
2014-12-16,2.22,3.1100000000000145,68.72
2014-12-17,5.04,7.740000000000014,43.110000000000014
2014-12-18,1.7,8.960000000000015,23.270000000000014
2014-12-19,0.78,7.520000000000014,18.410000000000014
2014-12-20,0.0,2.480000000000014,10.630000000000015
2014-12-21,0.02,0.8000000000000143,10.240000000000014
2014-12-22,0.17,0.1900000000000142,9.930000000000014
2014-12-23,0.05,0.2400000000000142,7.760000000000014
2014-12-24,0.0,0.22000000000001424,2.7200000000000144
2014-12-25,0.0,0.050000000000014214,1.0200000000000142
2014-12-26,0.0,0.0,0.2400000000000142
2014-12-27,0.2,0.20000000000001422,0.4400000000000142
2014-12-28,6.15,6.350000000000015,6.5700000000000145
2014-12-29,30.05,36.40000000000001,36.45000000000002
2014-12-30,3.12,39.320000000000014,39.52000000000002
2014-12-31,0.39,33.56000000000002,39.91000000000002
2015-01-01,0.23,3.7400000000000144,40.140000000000015
2015-01-02,0.22,0.8400000000000143,40.360000000000014
2015-01-03,0.04,0.4900000000000142,40.20000000000002
2015-01-04,0.0,0.2600000000000142,34.05000000000002
2015-01-05,0.01,0.050000000000014214,4.0100000000000104
2015-01-06,0.0,0.010000000000014211,0.8900000000000107
2015-01-07,0.0,0.010000000000014211,0.5000000000000107
2015-01-08,0.0,0.0,0.2700000000000107
2015-01-09,0.0,0.0,0.05000000000001066
2015-01-10,0.0,0.0,0.010000000000010658
2015-01-11,0.0,0.0,0.010000000000010658
2015-01-12,0.0,0.0,0.0
2015-01-13,0.0,0.0,0.0
2015-01-14,0.0,0.0,0.0
2015-01-15,0.0,0.0,0.0
2015-01-16,0.04,0.04000000000001421,0.04000000000001066
2015-01-17,0.0,0.04000000000001421,0.04000000000001066
2015-01-18,0.0,0.04000000000001421,0.04000000000001066
2015-01-19,0.0,0.0,0.04000000000001066
2015-01-20,0.0,0.0,0.04000000000001066
2015-01-21,0.04,0.04000000000001421,0.08000000000001066
2015-01-22,0.23,0.27000000000001423,0.31000000000001066
2015-01-23,1.8,2.0700000000000145,2.070000000000011
2015-01-24,1.43,3.460000000000014,3.5000000000000107
2015-01-25,0.05,3.280000000000014,3.5500000000000105
2015-01-26,0.01,1.4900000000000142,3.5600000000000107
2015-01-27,0.0,0.060000000000014216,3.5600000000000107
2015-01-28,0.01,0.02000000000001421,3.5300000000000105
2015-01-29,0.0,0.010000000000014211,3.3000000000000105
2015-01-30,0.0,0.010000000000014211,1.5000000000000107
2015-01-31,0.0,0.0,0.07000000000001066
2015-02-01,0.01,0.010000000000014211,0.030000000000010657
2015-02-02,0.0,0.010000000000014211,0.020000000000010655
2015-02-03,0.01,0.02000000000001421,0.030000000000010657
2015-02-04,0.0,0.010000000000014211,0.02000000000001066
2015-02-05,0.0,0.010000000000014211,0.02000000000001066
2015-02-06,0.0,0.0,0.02000000000001066
2015-02-07,0.0,0.0,0.02000000000001066
2015-02-08,0.0,0.0,0.010000000000010658
2015-02-09,0.0,0.0,0.010000000000010658
2015-02-10,0.0,0.0,0.0
2015-02-11,0.02,0.02000000000001421,0.02000000000001066
2015-02-12,0.0,0.02000000000001421,0.02000000000001066
2015-02-13,0.0,0.02000000000001421,0.02000000000001066
2015-02-14,0.0,0.0,0.02000000000001066
2015-02-15,0.0,0.0,0.02000000000001066
2015-02-16,0.0,0.0,0.02000000000001066
2015-02-17,0.0,0.0,0.02000000000001066
2015-02-18,0.0,0.0,0.0
2015-02-19,0.0,0.0,0.0
2015-02-20,0.0,0.0,0.0
2015-02-21,0.0,0.0,0.0
2015-02-22,0.0,0.0,0.0
2015-02-23,0.0,0.0,0.0
2015-02-24,0.0,0.0,0.0
2015-02-25,0.0,0.0,0.0
2015-02-26,0.0,0.0,0.0
2015-02-27,0.0,0.0,0.0
2015-02-28,0.33,0.3300000000000142,0.3300000000000107
2015-03-01,0.17,0.5000000000000142,0.5000000000000107
2015-03-02,0.46,0.9600000000000143,0.9600000000000107
2015-03-03,0.87,1.5000000000000142,1.8300000000000107
2015-03-04,0.93,2.260000000000014,2.760000000000011
2015-03-05,0.04,1.8400000000000143,2.800000000000011
2015-03-06,0.04,1.0100000000000142,2.840000000000011
2015-03-07,0.01,0.09000000000001421,2.5200000000000107
2015-03-08,0.0,0.050000000000014214,2.3500000000000107
2015-03-09,0.0,0.010000000000014211,1.8900000000000108
2015-03-10,0.0,0.0,1.0200000000000107
2015-03-11,0.0,0.0,0.09000000000001065
2015-03-12,0.01,0.010000000000014211,0.060000000000010656
2015-03-13,0.01,0.02000000000001421,0.030000000000010657
2015-03-14,0.0,0.02000000000001421,0.020000000000010655
2015-03-15,0.0,0.010000000000014211,0.020000000000010655
2015-03-16,0.0,0.0,0.020000000000010655
2015-03-17,0.0,0.0,0.020000000000010655
2015-03-18,0.0,0.0,0.020000000000010655
2015-03-19,0.0,0.0,0.010000000000010658
2015-03-20,0.0,0.0,0.0
2015-03-21,0.0,0.0,0.0
2015-03-22,0.0,0.0,0.0
2015-03-23,0.0,0.0,0.0
2015-03-24,0.0,0.0,0.0
2015-03-25,0.0,0.0,0.0
2015-03-26,0.0,0.0,0.0
2015-03-27,0.0,0.0,0.0
2015-03-28,0.01,0.010000000000014211,0.010000000000010658
2015-03-29,0.0,0.010000000000014211,0.010000000000010658
2015-03-30,0.0,0.010000000000014211,0.010000000000010658
2015-03-31,0.01,0.010000000000014211,0.02000000000001066
2015-04-01,0.01,0.02000000000001421,0.030000000000010657
2015-04-02,0.01,0.03,0.04000000000001066
2015-04-03,0.01,0.03,0.05000000000001066
2015-04-04,0.02,0.04000000000001421,0.060000000000010656
2015-04-05,0.01,0.04000000000001421,0.07000000000001065
2015-04-06,0.0,0.03000000000001421,0.07000000000001065
2015-04-07,0.0,0.010000000000014211,0.06000000000001066
2015-04-08,0.02,0.02000000000001421,0.07000000000001066
2015-04-09,0.02,0.04000000000001421,0.08000000000001066
2015-04-10,0.0,0.04000000000001421,0.07000000000001066
2015-04-11,0.01,0.03000000000001421,0.060000000000010656
2015-04-12,0.54,0.5500000000000143,0.5900000000000107
2015-04-13,9.65,10.200000000000015,10.24000000000001
2015-04-14,7.83,18.020000000000017,18.07000000000001
2015-04-15,36.86,54.34000000000002,54.91000000000001
2015-04-16,16.37,61.06000000000002,71.26
2015-04-17,0.62,53.850000000000016,71.88000000000001
2015-04-18,0.46,17.450000000000014,72.33000000000001
2015-04-19,0.0,1.0800000000000143,71.79
2015-04-20,0.04,0.5000000000000142,62.180000000000014
2015-04-21,0.14,0.18000000000001423,54.49000000000001
2015-04-22,0.15,0.3300000000000142,17.78000000000001
2015-04-23,0.2,0.49000000000001426,1.6100000000000072
2015-04-24,6.63,6.980000000000014,7.620000000000007
2015-04-25,3.67,10.500000000000014,10.830000000000007
2015-04-26,0.06,10.360000000000014,10.890000000000008
2015-04-27,0.04,3.7700000000000142,10.890000000000006
2015-04-28,0.01,0.11000000000001421,10.760000000000007
2015-04-29,0.09,0.14000000000001422,10.700000000000006
2015-04-30,0.16,0.2600000000000142,10.660000000000007
2015-05-01,0.18,0.43000000000001415,4.210000000000007
2015-05-02,0.79,1.130000000000014,1.3300000000000072
2015-05-03,0.78,1.7500000000000142,2.050000000000007
2015-05-04,0.23,1.8000000000000143,2.2400000000000073
2015-05-05,0.17,1.1800000000000144,2.4000000000000075
2015-05-06,0.18,0.5800000000000143,2.490000000000007
2015-05-07,0.23,0.5800000000000143,2.560000000000007
2015-05-08,0.22,0.6300000000000142,2.600000000000007
2015-05-09,0.12,0.5700000000000143,1.9300000000000073
2015-05-10,0.36,0.7000000000000142,1.5100000000000071
2015-05-11,1.18,1.6600000000000141,2.460000000000007
2015-05-12,0.12,1.6600000000000144,2.4100000000000072
2015-05-13,2.29,3.590000000000014,4.520000000000007
2015-05-14,10.8,13.210000000000015,15.090000000000007
2015-05-15,5.53,18.620000000000015,20.400000000000006
2015-05-16,3.63,19.960000000000015,23.910000000000004
2015-05-17,2.58,11.740000000000014,26.130000000000006
2015-05-18,0.16,6.370000000000014,25.110000000000007
2015-05-19,0.78,3.5200000000000142,25.770000000000007
2015-05-20,0.41,1.3500000000000143,23.890000000000008
2015-05-21,0.06,1.2500000000000142,13.150000000000006
2015-05-22,0.02,0.4900000000000142,7.640000000000005
2015-05-23,0.01,0.09000000000001421,4.020000000000006
2015-05-24,0.24,0.27000000000001423,1.6800000000000053
2015-05-25,0.02,0.2700000000000142,1.5400000000000054
2015-05-26,0.76,1.0200000000000142,1.5200000000000053
2015-05-27,7.29,8.070000000000014,8.400000000000006
2015-05-28,5.4,13.450000000000015,13.740000000000006
2015-05-29,0.44,13.130000000000015,14.160000000000005
2015-05-30,0.24,6.080000000000014,14.390000000000006
2015-05-31,0.38,1.0600000000000143,14.530000000000006
2015-06-01,0.36,0.9800000000000142,14.870000000000006
2015-06-02,3.4,4.140000000000014,17.510000000000005
2015-06-03,0.4,4.160000000000014,10.620000000000006
2015-06-04,0.53,4.330000000000014,5.750000000000005
2015-06-05,0.44,1.3700000000000143,5.750000000000004
2015-06-06,0.2,1.1700000000000141,5.710000000000005
2015-06-07,0.17,0.8100000000000143,5.500000000000005
2015-06-08,0.16,0.5300000000000142,5.300000000000005
2015-06-09,2.71,3.0400000000000142,4.610000000000005
2015-06-10,2.01,4.880000000000014,6.220000000000004
2015-06-11,5.49,10.210000000000015,11.180000000000005
2015-06-12,14.71,22.210000000000015,25.450000000000006
2015-06-13,3.82,24.020000000000017,29.070000000000007
2015-06-14,4.4,22.930000000000014,33.300000000000004
2015-06-15,0.77,8.990000000000014,33.91000000000001
2015-06-16,3.52,8.690000000000015,34.720000000000006
2015-06-17,2.08,6.370000000000014,34.790000000000006
2015-06-18,1.85,7.4500000000000135,31.150000000000006
2015-06-19,1.21,5.140000000000015,17.650000000000006
2015-06-20,0.09,3.150000000000014,13.920000000000005
2015-06-21,0.11,1.4100000000000141,9.630000000000006
2015-06-22,0.0,0.20000000000001422,8.860000000000007
2015-06-23,0.26,0.3700000000000142,5.600000000000006
2015-06-24,0.11,0.3700000000000142,3.6300000000000052
2015-06-25,0.23,0.6000000000000143,2.010000000000005
2015-06-26,0.09,0.43000000000001426,0.8900000000000053
2015-06-27,5.23,5.550000000000015,6.030000000000006
2015-06-28,3.95,9.270000000000014,9.870000000000005
2015-06-29,2.86,12.040000000000015,12.730000000000006
2015-06-30,0.53,7.340000000000014,13.000000000000005
2015-07-01,0.38,3.7700000000000142,13.270000000000007
2015-07-02,0.62,1.5300000000000142,13.660000000000005
2015-07-03,2.35,3.3500000000000143,15.920000000000005
2015-07-04,0.48,3.4500000000000144,11.170000000000005
2015-07-05,0.02,2.8500000000000143,7.2400000000000055
2015-07-06,0.01,0.5100000000000142,4.390000000000006
2015-07-07,0.02,0.050000000000014214,3.8800000000000057
2015-07-08,0.13,0.16000000000001421,3.6300000000000057
2015-07-09,1.1,1.2500000000000142,4.110000000000006
2015-07-10,3.35,4.580000000000014,5.110000000000006
2015-07-11,1.5,5.950000000000014,6.130000000000006
2015-07-12,0.49,5.340000000000014,6.600000000000006
2015-07-13,1.3,3.2900000000000142,7.890000000000006
2015-07-14,3.62,5.410000000000014,11.490000000000006
2015-07-15,1.61,6.5300000000000145,12.970000000000006
2015-07-16,2.06,7.290000000000014,13.930000000000005
2015-07-17,5.36,9.030000000000015,15.940000000000005
2015-07-18,1.86,9.280000000000014,16.300000000000004
2015-07-19,10.85,18.070000000000014,26.660000000000004
2015-07-20,2.71,15.420000000000012,28.070000000000004
2015-07-21,2.06,15.620000000000012,26.510000000000005
2015-07-22,12.32,17.09000000000001,37.220000000000006
2015-07-23,7.44,21.82000000000001,42.60000000000001
2015-07-24,1.46,21.220000000000013,38.7
2015-07-25,2.66,11.560000000000013,39.5
2015-07-26,4.39,8.510000000000012,33.040000000000006
2015-07-27,2.19,9.240000000000013,32.52
2015-07-28,4.43,11.010000000000012,34.89000000000001
2015-07-29,3.82,10.440000000000012,26.390000000000004
2015-07-30,0.5,8.750000000000012,19.450000000000003
2015-07-31,14.03,18.350000000000012,32.02
2015-08-01,13.74,28.27000000000001,43.10000000000001
2015-08-02,2.94,30.71000000000001,41.650000000000006
2015-08-03,5.45,22.130000000000017,44.91000000000001
2015-08-04,23.73,32.12000000000001,64.21000000000001
2015-08-05,2.88,32.06000000000001,63.27000000000001
2015-08-06,0.11,26.72000000000001,62.88000000000001
2015-08-07,4.11,7.100000000000011,52.96000000000001
2015-08-08,5.86,10.080000000000013,45.080000000000005
2015-08-09,0.88,10.850000000000012,43.02000000000001
2015-08-10,5.8,12.54000000000001,43.370000000000005
2015-08-11,1.78,8.46000000000001,21.420000000000005
2015-08-12,0.59,8.17000000000001,19.130000000000006
2015-08-13,0.72,3.0900000000000105,19.740000000000006
2015-08-14,0.81,2.1200000000000108,16.44
2015-08-15,6.51,8.04000000000001,17.090000000000003
2015-08-16,8.84,16.16000000000001,25.050000000000004
2015-08-17,1.89,17.24000000000001,21.140000000000004
2015-08-18,0.27,11.00000000000001,19.630000000000003
2015-08-19,1.53,3.6900000000000106,20.570000000000004
2015-08-20,17.3,19.100000000000012,37.150000000000006
2015-08-21,18.38,37.21000000000001,54.72
2015-08-22,19.31,54.99000000000001,67.52000000000001
2015-08-23,5.89,43.58000000000001,64.57
2015-08-24,1.22,26.42000000000001,63.900000000000006
2015-08-25,0.12,7.23000000000001,63.75
2015-08-26,0.56,1.9000000000000106,62.78
2015-08-27,4.19,4.870000000000011,49.67
2015-08-28,0.25,5.000000000000011,31.540000000000003
2015-08-29,0.21,4.650000000000011,12.440000000000005
2015-08-30,1.02,1.4800000000000106,7.570000000000004
2015-08-31,0.74,1.9700000000000106,7.090000000000004
2015-09-01,0.31,2.0700000000000105,7.280000000000005
2015-09-02,2.27,3.3200000000000105,8.990000000000004
2015-09-03,1.35,3.930000000000011,6.150000000000004
2015-09-04,0.5,4.120000000000011,6.400000000000004
2015-09-05,0.66,2.510000000000011,6.850000000000003
2015-09-06,4.78,5.940000000000011,10.610000000000003
2015-09-07,12.31,17.75000000000001,22.180000000000007
2015-09-08,2.36,19.450000000000014,24.230000000000008
2015-09-09,8.33,23.00000000000001,30.290000000000006
2015-09-10,6.81,17.50000000000001,35.75000000000001
2015-09-11,5.85,20.990000000000013,41.1
2015-09-12,1.63,14.290000000000012,42.07
2015-09-13,0.27,7.750000000000012,37.56000000000001
2015-09-14,0.6,2.5000000000000124,25.850000000000005
2015-09-15,0.38,1.2500000000000124,23.870000000000005
2015-09-16,0.16,1.1400000000000123,15.700000000000005
2015-09-17,1.35,1.8900000000000126,10.240000000000004
2015-09-18,1.91,3.4200000000000124,6.300000000000005
2015-09-19,2.18,5.440000000000013,6.850000000000005
2015-09-20,15.88,19.970000000000013,22.460000000000008
2015-09-21,3.19,21.250000000000014,25.050000000000004
2015-09-22,0.17,19.240000000000013,24.840000000000007
2015-09-23,1.34,4.700000000000013,26.020000000000007
2015-09-24,1.71,3.220000000000012,26.380000000000003
2015-09-25,4.27,7.320000000000012,28.74000000000001
2015-09-26,11.85,17.830000000000013,38.410000000000004
2015-09-27,2.55,18.67000000000001,25.080000000000005
2015-09-28,2.9,17.30000000000001,24.790000000000003
2015-09-29,4.14,9.590000000000012,28.760000000000005
2015-09-30,1.07,8.110000000000012,28.490000000000006
2015-10-01,3.75,8.960000000000012,30.530000000000005
2015-10-02,15.97,20.790000000000013,42.230000000000004
2015-10-03,7.68,27.400000000000013,38.06
2015-10-04,12.76,36.41000000000001,48.27000000000001
2015-10-05,6.54,26.980000000000015,51.91000000000001
2015-10-06,3.6,22.900000000000013,51.370000000000005
2015-10-07,6.62,16.760000000000012,56.92000000000001
2015-10-08,8.85,19.070000000000014,62.02000000000001
2015-10-09,2.81,18.280000000000012,48.86000000000001
2015-10-10,10.22,21.880000000000017,51.400000000000006
2015-10-11,13.18,26.210000000000015,51.82000000000001
2015-10-12,1.64,25.040000000000017,46.92
2015-10-13,0.0,14.820000000000014,43.32
2015-10-14,0.0,1.6400000000000141,36.7
2015-10-15,0.0,0.0,27.850000000000005
2015-10-16,0.0,0.0,25.040000000000006
2015-10-17,0.07,0.07000000000001422,14.890000000000004
2015-10-18,0.32,0.3900000000000142,2.030000000000005
2015-10-19,1.1,1.4900000000000144,1.4900000000000053
2015-10-20,0.0,1.4200000000000144,1.4900000000000053
2015-10-21,0.0,1.1000000000000143,1.4900000000000053
2015-10-22,0.0,0.0,1.4900000000000053
2015-10-23,0.26,0.2600000000000142,1.7500000000000053
2015-10-24,1.9,2.1600000000000144,3.5800000000000054
2015-10-25,0.12,2.280000000000014,3.3800000000000052
2015-10-26,0.5,2.520000000000014,2.780000000000005
2015-10-27,2.2,2.8200000000000145,4.980000000000006
2015-10-28,13.34,16.040000000000013,18.320000000000007
2015-10-29,3.94,19.480000000000015,22.260000000000005
2015-10-30,9.02,26.30000000000001,31.020000000000003
2015-10-31,13.37,26.330000000000013,42.49
2015-11-01,20.11,42.500000000000014,62.480000000000004
2015-11-02,15.94,49.420000000000016,77.92
2015-11-03,17.78,53.83000000000001,93.5
2015-11-04,2.96,36.680000000000014,83.11999999999999
2015-11-05,1.13,21.870000000000015,80.31
2015-11-06,2.45,6.540000000000014,73.74000000000001
2015-11-07,16.59,20.170000000000016,76.96
2015-11-08,77.22,96.26000000000002,134.07
2015-11-09,119.56,213.37,237.69
2015-11-10,34.24,231.02,254.15
2015-11-11,47.94,201.74,299.13
2015-11-12,21.72,103.9,319.71999999999997
2015-11-13,42.91,112.57,360.18
2015-11-14,17.51,82.14,361.09999999999997
2015-11-15,115.58,176.0,399.46
2015-11-16,101.29,234.38000000000002,381.19
2015-11-17,7.78,224.65000000000003,354.72999999999996
2015-11-18,20.94,130.01000000000002,327.73
2015-11-19,32.26,60.98000000000002,338.27000000000004
2015-11-20,18.82,72.02000000000001,314.18
2015-11-21,17.46,68.54000000000002,314.13
2015-11-22,69.33,105.61000000000001,267.88
2015-11-23,66.98,153.77000000000004,233.57
2015-11-24,2.5,138.81,228.29000000000002
2015-11-25,0.03,69.51000000000002,207.38
2015-11-26,9.75,12.280000000000014,184.87
2015-11-27,8.48,18.260000000000012,174.53
2015-11-28,1.45,19.680000000000014,158.51999999999998
2015-11-29,34.85,44.780000000000015,124.04
2015-11-30,45.52,81.82000000000002,102.58000000000001
2015-12-01,132.57,212.94,232.65
2015-12-02,59.68,237.77,292.3
2015-12-03,23.05,215.29999999999998,305.6
2015-12-04,18.73,101.46000000000001,315.84999999999997
2015-12-05,20.52,62.3,334.92
2015-12-06,14.3,53.550000000000004,314.37
2015-12-07,2.39,37.21,271.24
2015-12-08,1.04,17.73,139.71
2015-12-09,3.87,7.300000000000001,83.89999999999999
2015-12-10,0.57,5.4799999999999995,61.419999999999995
2015-12-11,0.04,4.4799999999999995,42.730000000000004
2015-12-12,0.01,0.62,22.220000000000002
2015-12-13,0.0,0.05,7.92
2015-12-14,0.0,0.01,5.529999999999999
2015-12-15,0.0,0.0,4.49
2015-12-16,0.0,0.0,0.62
2015-12-17,0.01,0.01,0.06
2015-12-18,0.01,0.02,0.03
2015-12-19,0.01,0.03,0.03
2015-12-20,0.0,0.019999999999999997,0.03
2015-12-21,0.0,0.01,0.03
2015-12-22,0.0,0.0,0.03
2015-12-23,0.0,0.0,0.03
2015-12-24,0.0,0.0,0.02
2015-12-25,0.0,0.0,0.01
2015-12-26,0.03,0.03,0.03
2015-12-27,0.0,0.03,0.03
2015-12-28,0.0,0.03,0.03
2015-12-29,0.0,0.0,0.03
2015-12-30,0.0,0.0,0.03
2015-12-31,0.0,0.0,0.03
2016-01-01,0.0,0.0,0.03
2016-01-02,0.0,0.0,0.0
2016-01-03,0.0,0.0,0.0
2016-01-04,0.0,0.0,0.0
2016-01-05,0.0,0.0,0.0
2016-01-06,0.0,0.0,0.0
2016-01-07,0.0,0.0,0.0
2016-01-08,0.0,0.0,0.0
2016-01-09,0.0,0.0,0.0
2016-01-10,0.0,0.0,0.0
2016-01-11,0.0,0.0,0.0
2016-01-12,0.0,0.0,0.0
2016-01-13,0.0,0.0,0.0
2016-01-14,0.0,0.0,0.0
2016-01-15,0.0,0.0,0.0
2016-01-16,0.0,0.0,0.0
2016-01-17,0.0,0.0,0.0
2016-01-18,0.0,0.0,0.0
2016-01-19,0.04,0.04,0.04
2016-01-20,0.31,0.35,0.35
2016-01-21,0.09,0.43999999999999995,0.43999999999999995
2016-01-22,0.35,0.75,0.7899999999999999
2016-01-23,0.48,0.9199999999999999,1.27
2016-01-24,0.12,0.95,1.39
2016-01-25,0.0,0.6,1.39
2016-01-26,0.0,0.12,1.3499999999999999
2016-01-27,0.0,0.0,1.04
2016-01-28,0.0,0.0,0.95
2016-01-29,0.0,0.0,0.6
2016-01-30,0.0,0.0,0.12
2016-01-31,0.0,0.0,0.0
2016-02-01,0.0,0.0,0.0
2016-02-02,0.0,0.0,0.0
2016-02-03,0.0,0.0,0.0
2016-02-04,0.0,0.0,0.0
2016-02-05,0.0,0.0,0.0
2016-02-06,0.0,0.0,0.0
2016-02-07,0.0,0.0,0.0
2016-02-08,0.0,0.0,0.0
2016-02-09,0.0,0.0,0.0
2016-02-10,0.0,0.0,0.0
2016-02-11,0.0,0.0,0.0
2016-02-12,0.0,0.0,0.0
2016-02-13,0.0,0.0,0.0
2016-02-14,0.0,0.0,0.0
2016-02-15,0.0,0.0,0.0
2016-02-16,0.0,0.0,0.0
2016-02-17,0.0,0.0,0.0
2016-02-18,0.01,0.01,0.01
2016-02-19,0.0,0.01,0.01
2016-02-20,0.0,0.01,0.01
2016-02-21,0.0,0.0,0.01
2016-02-22,0.0,0.0,0.01
2016-02-23,0.0,0.0,0.01
2016-02-24,0.0,0.0,0.01
2016-02-25,0.0,0.0,0.0
2016-02-26,0.0,0.0,0.0
2016-02-27,0.0,0.0,0.0
2016-02-28,0.0,0.0,0.0
2016-02-29,0.0,0.0,0.0
2016-03-01,0.0,0.0,0.0
2016-03-02,0.0,0.0,0.0
2016-03-03,0.0,0.0,0.0
2016-03-04,0.0,0.0,0.0
2016-03-05,0.0,0.0,0.0
2016-03-06,0.0,0.0,0.0
2016-03-07,0.0,0.0,0.0
2016-03-08,0.01,0.01,0.01
2016-03-09,0.0,0.01,0.01
2016-03-10,0.0,0.01,0.01
2016-03-11,0.0,0.0,0.01
2016-03-12,0.0,0.0,0.01
2016-03-13,0.01,0.01,0.02
2016-03-14,0.07,0.08,0.09000000000000001
2016-03-15,0.19,0.27,0.27
2016-03-16,0.01,0.27,0.28
2016-03-17,0.0,0.2,0.28
2016-03-18,0.0,0.01,0.28
2016-03-19,0.0,0.0,0.28
2016-03-20,0.0,0.0,0.27
2016-03-21,0.0,0.0,0.2
2016-03-22,0.0,0.0,0.01
2016-03-23,0.0,0.0,0.0
2016-03-24,0.0,0.0,0.0
2016-03-25,0.0,0.0,0.0
2016-03-26,0.0,0.0,0.0
2016-03-27,0.0,0.0,0.0
2016-03-28,0.01,0.01,0.01
2016-03-29,0.01,0.02,0.02
2016-03-30,0.0,0.02,0.02
2016-03-31,0.0,0.01,0.02
2016-04-01,0.0,0.0,0.02
2016-04-02,0.0,0.0,0.02
2016-04-03,0.0,0.0,0.02
2016-04-04,0.0,0.0,0.01
2016-04-05,0.0,0.0,0.0
2016-04-06,0.01,0.01,0.01
2016-04-07,0.01,0.02,0.02
2016-04-08,0.0,0.02,0.02
2016-04-09,0.0,0.01,0.02
2016-04-10,0.0,0.0,0.02
2016-04-11,0.0,0.0,0.02
2016-04-12,0.0,0.0,0.02
2016-04-13,0.0,0.0,0.01
2016-04-14,0.0,0.0,0.0
2016-04-15,0.0,0.0,0.0
2016-04-16,0.01,0.01,0.01
2016-04-17,0.0,0.01,0.01
2016-04-18,0.0,0.01,0.01
2016-04-19,0.0,0.0,0.01
2016-04-20,0.0,0.0,0.01
2016-04-21,0.0,0.0,0.01
2016-04-22,0.0,0.0,0.01
2016-04-23,0.0,0.0,0.0
2016-04-24,0.0,0.0,0.0
2016-04-25,0.01,0.01,0.01
2016-04-26,0.01,0.02,0.02
2016-04-27,0.01,0.03,0.03
2016-04-28,0.01,0.03,0.04
2016-04-29,0.01,0.03,0.05
2016-04-30,0.0,0.019999999999999997,0.05
2016-05-01,0.01,0.02,0.06
2016-05-02,0.01,0.02,0.06
2016-05-03,0.02,0.04,0.07
2016-05-04,0.03,0.06,0.09
2016-05-05,0.05,0.1,0.13
2016-05-06,0.41,0.49,0.53
2016-05-07,0.44,0.8999999999999999,0.97
2016-05-08,0.48,1.33,1.44
2016-05-09,0.44,1.3599999999999999,1.8699999999999999
2016-05-10,0.15,1.07,2.0
2016-05-11,0.01,0.6000000000000001,1.98
2016-05-12,0.0,0.16,1.93
2016-05-13,0.01,0.02,1.53
2016-05-14,0.07,0.08,1.16
2016-05-15,0.3,0.38,0.98
2016-05-16,28.52,28.89,29.06
2016-05-17,49.26,78.08,78.17
2016-05-18,55.73,133.51,133.89
2016-05-19,5.64,110.62999999999998,139.52999999999997
2016-05-20,0.84,62.209999999999994,140.35999999999999
2016-05-21,0.1,6.58,140.39000000000001
2016-05-22,0.0,0.94,140.09
2016-05-23,0.0,0.1,111.57
2016-05-24,0.0,0.0,62.30999999999999
2016-05-25,0.0,0.0,6.579999999999993
2016-05-26,0.02,0.02,0.9599999999999929
2016-05-27,0.8,0.8200000000000001,0.9199999999999929
2016-05-28,2.51,3.33,3.329999999999993
2016-05-29,0.75,4.0600000000000005,4.079999999999993
2016-05-30,0.81,4.07,4.8899999999999935
2016-05-31,0.13,1.6900000000000004,5.019999999999993
2016-06-01,0.41,1.3500000000000005,5.429999999999993
2016-06-02,0.33,0.8700000000000004,5.739999999999992
2016-06-03,0.25,0.9900000000000004,5.189999999999992
2016-06-04,0.35,0.9300000000000005,3.029999999999993
2016-06-05,3.55,4.15,5.829999999999993
2016-06-06,13.91,17.810000000000002,18.929999999999993
2016-06-07,20.67,38.13,39.47
2016-06-08,10.59,45.17,49.64999999999999
2016-06-09,5.12,36.38,54.43999999999999
2016-06-10,0.03,15.74,54.21999999999999
2016-06-11,0.01,5.16,53.87999999999999
2016-06-12,0.04,0.08,50.37
2016-06-13,0.02,0.07,36.47999999999999
2016-06-14,0.02,0.08,15.829999999999993
2016-06-15,0.16,0.2,5.399999999999993
2016-06-16,0.17,0.35000000000000003,0.4499999999999929
2016-06-17,0.44,0.77,0.859999999999993
2016-06-18,1.62,2.23,2.469999999999993
2016-06-19,7.21,9.27,9.639999999999993
2016-06-20,4.57,13.400000000000002,14.189999999999994
2016-06-21,10.86,22.64,25.029999999999994
2016-06-22,7.44,22.87,32.309999999999995
2016-06-23,6.61,24.910000000000004,38.74999999999999
2016-06-24,2.11,16.160000000000004,40.419999999999995
2016-06-25,3.58,12.3,42.37999999999999
2016-06-26,5.99,11.680000000000001,41.15999999999999
2016-06-27,1.44,11.010000000000002,38.02999999999999
2016-06-28,8.93,16.36,36.099999999999994
2016-06-29,6.99,17.36,35.64999999999999
2016-06-30,1.49,17.41,30.52999999999999
2016-07-01,0.02,8.500000000000002,28.439999999999994
2016-07-02,1.33,2.8400000000000016,26.18999999999999
2016-07-03,0.04,1.390000000000002,20.23999999999999
2016-07-04,0.67,2.040000000000002,19.46999999999999
2016-07-05,0.51,1.220000000000002,11.049999999999994
2016-07-06,1.87,3.050000000000002,5.929999999999993
2016-07-07,6.79,9.170000000000002,11.229999999999993
2016-07-08,0.19,8.850000000000003,11.399999999999993
2016-07-09,0.07,7.050000000000002,10.139999999999993
2016-07-10,0.09,0.35000000000000264,10.189999999999992
2016-07-11,0.01,0.17000000000000268,9.529999999999992
2016-07-12,0.01,0.11000000000000267,9.029999999999992
2016-07-13,0.08,0.10000000000000267,7.239999999999994
2016-07-14,0.37,0.4600000000000027,0.819999999999993
2016-07-15,1.33,1.7800000000000027,1.959999999999993
2016-07-16,1.26,2.9600000000000026,3.1499999999999932
2016-07-17,7.76,10.350000000000001,10.819999999999993
2016-07-18,10.51,19.53,21.319999999999993
2016-07-19,8.89,27.160000000000004,30.199999999999992
2016-07-20,2.06,21.460000000000004,32.17999999999999
2016-07-21,0.29,11.240000000000004,32.099999999999994
2016-07-22,1.02,3.3700000000000037,31.789999999999996
2016-07-23,1.21,2.5200000000000036,31.739999999999995
2016-07-24,5.56,7.790000000000003,29.539999999999996
2016-07-25,12.97,19.740000000000006,31.999999999999993
2016-07-26,4.71,23.240000000000006,27.819999999999993
2016-07-27,2.25,19.930000000000007,28.009999999999994
2016-07-28,7.72,14.680000000000005,35.43999999999999
2016-07-29,10.39,20.360000000000007,44.809999999999995
2016-07-30,3.94,22.050000000000008,47.53999999999999
2016-07-31,0.42,14.750000000000005,42.39999999999999
2016-08-01,1.19,5.550000000000005,30.619999999999994
2016-08-02,0.0,1.6100000000000052,25.909999999999993
2016-08-03,0.0,1.1900000000000053,23.659999999999993
2016-08-04,0.0,0.0,15.939999999999994
2016-08-05,0.0,0.0,5.549999999999993
2016-08-06,0.01,0.01000000000000533,1.6199999999999928
2016-08-07,0.35,0.3600000000000053,1.5499999999999927
2016-08-08,0.05,0.4100000000000053,0.40999999999999287
2016-08-09,2.48,2.8800000000000052,2.889999999999993
2016-08-10,1.79,4.320000000000006,4.679999999999993
2016-08-11,0.77,5.040000000000005,5.449999999999993
2016-08-12,0.91,3.4700000000000055,6.359999999999993
2016-08-13,5.93,7.610000000000005,12.279999999999994
2016-08-14,1.73,8.570000000000006,13.659999999999993
2016-08-15,0.06,7.720000000000005,13.669999999999993
2016-08-16,0.01,1.8000000000000054,11.199999999999992
2016-08-17,0.1,0.1700000000000053,9.509999999999993
2016-08-18,0.06,0.1700000000000053,8.799999999999992
2016-08-19,0.12,0.2800000000000053,8.009999999999993
2016-08-20,1.59,1.7700000000000053,3.669999999999993
2016-08-21,2.08,3.7900000000000054,4.0199999999999925
2016-08-22,0.55,4.220000000000005,4.509999999999993
2016-08-23,1.92,4.550000000000005,6.419999999999993
2016-08-24,1.48,3.9500000000000055,7.799999999999993
2016-08-25,2.53,5.930000000000005,10.269999999999992
2016-08-26,6.99,11.000000000000005,17.139999999999993
2016-08-27,4.53,14.050000000000004,20.07999999999999
2016-08-28,0.93,12.450000000000006,18.929999999999993
2016-08-29,2.36,7.820000000000006,20.739999999999995
2016-08-30,9.27,12.560000000000006,28.08999999999999
2016-08-31,11.65,23.28000000000001,38.25999999999999
2016-09-01,8.44,29.360000000000007,44.169999999999995
2016-09-02,11.47,31.56000000000001,48.64999999999999
2016-09-03,3.9,23.81000000000001,48.01999999999999
2016-09-04,4.4,19.77000000000001,51.489999999999995
2016-09-05,0.23,8.530000000000008,49.35999999999999
2016-09-06,0.09,4.720000000000008,40.17999999999999
2016-09-07,0.13,0.4500000000000071,28.659999999999993
2016-09-08,0.33,0.5500000000000071,20.549999999999994
2016-09-09,3.03,3.490000000000007,12.109999999999992
2016-09-10,17.14,20.500000000000007,25.349999999999994
2016-09-11,1.3,21.470000000000006,22.249999999999996
2016-09-12,1.33,19.770000000000007,23.349999999999994
2016-09-13,2.96,5.590000000000007,26.219999999999995
2016-09-14,2.17,6.460000000000007,28.25999999999999
2016-09-15,9.53,14.660000000000007,37.459999999999994
2016-09-16,11.77,23.470000000000006,46.19999999999999
2016-09-17,11.43,32.730000000000004,40.489999999999995
2016-09-18,1.68,24.880000000000006,40.87
2016-09-19,0.52,13.630000000000004,40.05999999999999
2016-09-20,1.23,3.430000000000005,38.33
2016-09-21,3.88,5.630000000000005,40.03999999999999
2016-09-22,1.0,6.110000000000005,31.50999999999999
2016-09-23,0.2,5.080000000000005,19.93999999999999
2016-09-24,0.16,1.3600000000000054,8.669999999999993
2016-09-25,0.27,0.6300000000000053,7.259999999999993
2016-09-26,0.29,0.7200000000000053,7.029999999999992
2016-09-27,2.92,3.4800000000000053,8.719999999999992
2016-09-28,19.77,22.980000000000004,24.609999999999992
2016-09-29,13.75,36.440000000000005,37.35999999999999
2016-09-30,2.32,35.84,39.47999999999999
2016-10-01,1.76,17.830000000000002,41.07999999999999
2016-10-02,1.03,5.110000000000003,41.83999999999999
2016-10-03,0.34,3.1300000000000034,41.88999999999999
2016-10-04,0.36,1.7300000000000035,39.33
2016-10-05,0.35,1.0500000000000036,19.909999999999993
2016-10-06,0.31,1.0200000000000036,6.469999999999993
2016-10-07,0.11,0.7700000000000036,4.259999999999994
2016-10-08,0.13,0.5500000000000036,2.629999999999993
2016-10-09,2.5,2.7400000000000038,4.0999999999999925
2016-10-10,3.27,5.900000000000004,7.029999999999993
2016-10-11,0.84,6.610000000000004,7.509999999999993
2016-10-12,1.24,5.350000000000004,8.399999999999993
2016-10-13,0.29,2.370000000000004,8.379999999999992
2016-10-14,0.0,1.5300000000000042,8.269999999999992
2016-10-15,0.0,0.290000000000004,8.139999999999992
2016-10-16,0.0,0.0,5.639999999999993
2016-10-17,0.0,0.0,2.369999999999993
2016-10-18,0.0,0.0,1.5299999999999931
2016-10-19,0.0,0.0,0.2899999999999929
2016-10-20,0.0,0.0,0.0
2016-10-21,0.0,0.0,0.0
2016-10-22,0.01,0.010000000000003997,0.009999999999992895
2016-10-23,0.01,0.020000000000003997,0.019999999999992895
2016-10-24,0.0,0.020000000000003997,0.019999999999992895
2016-10-25,0.0,0.010000000000003997,0.019999999999992895
2016-10-26,0.0,0.0,0.019999999999992895
2016-10-27,0.05,0.050000000000004,0.0699999999999929
2016-10-28,0.48,0.530000000000004,0.5499999999999929
2016-10-29,1.79,2.320000000000004,2.329999999999993
2016-10-30,5.93,8.200000000000003,8.249999999999993
2016-10-31,1.1,8.820000000000004,9.349999999999993
2016-11-01,2.25,9.280000000000003,11.599999999999993
2016-11-02,6.78,10.130000000000004,18.379999999999995
2016-11-03,2.25,11.280000000000005,20.57999999999999
2016-11-04,0.1,9.130000000000004,20.199999999999992
2016-11-05,0.02,2.3700000000000037,18.429999999999993
2016-11-06,0.0,0.12000000000000356,12.499999999999993
2016-11-07,0.28,0.3000000000000036,11.679999999999994
2016-11-08,0.01,0.2900000000000036,9.439999999999994
2016-11-09,0.0,0.2900000000000036,2.659999999999993
2016-11-10,0.0,0.010000000000003553,0.4099999999999929
2016-11-11,0.02,0.020000000000003553,0.32999999999999297
2016-11-12,0.75,0.7700000000000036,1.059999999999993
2016-11-13,6.92,7.690000000000003,7.979999999999993
2016-11-14,0.37,8.040000000000003,8.069999999999993
2016-11-15,0.83,8.120000000000003,8.889999999999993
2016-11-16,2.66,3.860000000000004,11.549999999999994
2016-11-17,0.63,4.120000000000004,12.179999999999994
2016-11-18,0.02,3.3100000000000036,12.179999999999994
2016-11-19,0.0,0.6500000000000036,11.429999999999994
2016-11-20,0.02,0.040000000000003554,4.529999999999994
2016-11-21,0.01,0.03000000000000355,4.169999999999994
2016-11-22,0.0,0.03000000000000355,3.339999999999994
2016-11-23,0.0,0.010000000000003553,0.6799999999999938
2016-11-24,0.0,0.0,0.049999999999993786
2016-11-25,0.0,0.0,0.02999999999999378
2016-11-26,0.0,0.0,0.02999999999999378
2016-11-27,0.0,0.0,0.009999999999993783
2016-11-28,0.0,0.0,0.0
2016-11-29,0.0,0.0,0.0
2016-11-30,0.09,0.09000000000000355,0.08999999999999378
2016-12-01,25.47,25.560000000000002,25.55999999999999
2016-12-02,23.37,48.93000000000001,48.92999999999999
2016-12-03,15.83,64.67,64.75999999999999
2016-12-04,12.39,51.59,77.14999999999999
2016-12-05,4.86,33.080000000000005,82.00999999999999
2016-12-06,0.06,17.310000000000006,82.07
2016-12-07,0.74,5.660000000000004,82.71999999999998
2016-12-08,0.01,0.8100000000000036,57.25999999999999
2016-12-09,0.0,0.7500000000000036,33.88999999999999
2016-12-10,0.0,0.010000000000003553,18.059999999999995
2016-12-11,0.63,0.6300000000000036,6.299999999999994
2016-12-12,104.15,104.78000000000002,105.59
2016-12-13,4.46,109.24000000000001,109.99
2016-12-14,0.25,108.86000000000001,109.5
2016-12-15,1.07,5.7800000000000145,110.56
2016-12-16,4.41,5.730000000000015,114.97
2016-12-17,0.02,5.500000000000014,114.99
2016-12-18,0.0,4.430000000000014,114.36
2016-12-19,0.0,0.02000000000001421,10.21
2016-12-20,0.02,0.02000000000001421,5.7700000000000005
2016-12-21,0.01,0.03000000000001421,5.53
2016-12-22,0.0,0.03000000000001421,4.46
2016-12-23,0.0,0.010000000000014211,0.05
2016-12-24,0.0,0.0,0.03
2016-12-25,0.0,0.0,0.03
2016-12-26,0.0,0.0,0.03
2016-12-27,0.0,0.0,0.01
2016-12-28,0.02,0.02000000000001421,0.02
2016-12-29,0.0,0.02000000000001421,0.02
2016-12-30,0.0,0.02000000000001421,0.02
2016-12-31,0.02,0.02000000000001421,0.04
2017-01-01,0.07,0.09000000000001422,0.11000000000000001
2017-01-02,0.0,0.09000000000001422,0.11000000000000001
2017-01-03,0.0,0.07000000000001422,0.11000000000000001
2017-01-04,0.0,0.0,0.09000000000000001
2017-01-05,0.0,0.0,0.09000000000000001
2017-01-06,0.0,0.0,0.09000000000000001
2017-01-07,0.0,0.0,0.07
2017-01-08,0.0,0.0,0.0
2017-01-09,0.0,0.0,0.0
2017-01-10,0.0,0.0,0.0
2017-01-11,0.0,0.0,0.0
2017-01-12,0.0,0.0,0.0
2017-01-13,0.0,0.0,0.0
2017-01-14,0.0,0.0,0.0
2017-01-15,0.01,0.010000000000014211,0.01
2017-01-16,0.05,0.060000000000014216,0.060000000000000005
2017-01-17,0.0,0.060000000000014216,0.060000000000000005
2017-01-18,0.03,0.08000000000001421,0.09
2017-01-19,0.19,0.2200000000000142,0.28
2017-01-20,5.43,5.650000000000014,5.71
2017-01-21,0.85,6.470000000000013,6.56
2017-01-22,0.0,6.280000000000014,6.55
2017-01-23,0.0,0.8500000000000142,6.5
2017-01-24,0.0,0.0,6.5
2017-01-25,0.02,0.02000000000001421,6.49
2017-01-26,1.73,1.7500000000000142,8.03
2017-01-27,13.64,15.390000000000015,16.240000000000002
2017-01-28,4.49,19.860000000000014,19.880000000000003
2017-01-29,0.04,18.170000000000016,19.92
2017-01-30,0.01,4.540000000000014,19.93
2017-01-31,0.0,0.050000000000014214,19.93
2017-02-01,0.0,0.010000000000014211,19.91
2017-02-02,0.0,0.0,18.18
2017-02-03,0.0,0.0,4.54
2017-02-04,0.0,0.0,0.05
2017-02-05,0.0,0.0,0.01
2017-02-06,0.0,0.0,0.0
2017-02-07,0.0,0.0,0.0
2017-02-08,0.0,0.0,0.0
2017-02-09,0.0,0.0,0.0
2017-02-10,0.0,0.0,0.0
2017-02-11,0.0,0.0,0.0
2017-02-12,0.0,0.0,0.0
2017-02-13,0.01,0.010000000000014211,0.01
2017-02-14,0.02,0.03000000000001421,0.03
2017-02-15,0.0,0.030000000000014213,0.030000000000000002
2017-02-16,0.0,0.020000000000014215,0.030000000000000002
2017-02-17,0.0,0.0,0.030000000000000002
2017-02-18,0.0,0.0,0.030000000000000002
2017-02-19,0.0,0.0,0.030000000000000002
2017-02-20,0.0,0.0,0.020000000000000004
2017-02-21,0.0,0.0,0.0
2017-02-22,0.0,0.0,0.0
2017-02-23,0.0,0.0,0.0
2017-02-24,0.0,0.0,0.0
2017-02-25,0.0,0.0,0.0
2017-02-26,0.0,0.0,0.0
2017-02-27,0.0,0.0,0.0
2017-02-28,0.0,0.0,0.0
2017-03-01,0.0,0.0,0.0
2017-03-02,0.0,0.0,0.0
2017-03-03,0.05,0.050000000000014214,0.05
2017-03-04,3.24,3.2900000000000142,3.29
2017-03-05,0.72,4.010000000000014,4.01
2017-03-06,0.04,4.000000000000014,4.05
2017-03-07,0.37,1.130000000000014,4.42
2017-03-08,0.53,0.9400000000000142,4.95
2017-03-09,0.09,0.9900000000000141,5.04
2017-03-10,0.04,0.6600000000000141,5.03
2017-03-11,0.06,0.1900000000000141,1.8499999999999999
2017-03-12,0.04,0.1400000000000141,1.17
2017-03-13,0.06,0.16000000000001408,1.19
2017-03-14,0.07,0.17000000000001408,0.89
2017-03-15,0.02,0.15000000000001412,0.38
2017-03-16,0.0,0.09000000000001411,0.29000000000000004
2017-03-17,0.0,0.0200000000000141,0.25
2017-03-18,0.15,0.1500000000000141,0.33999999999999997
2017-03-19,0.43,0.5800000000000141,0.73
2017-03-20,0.13,0.7100000000000142,0.8
2017-03-21,0.54,1.1000000000000143,1.27
2017-03-22,0.0,0.6700000000000143,1.25
2017-03-23,0.0,0.5400000000000142,1.25
2017-03-24,0.0,0.0,1.25
2017-03-25,0.0,0.0,1.1
2017-03-26,0.0,0.0,0.6700000000000002
2017-03-27,0.0,0.0,0.5400000000000001
2017-03-28,0.0,0.0,0.0
2017-03-29,0.0,0.0,0.0
2017-03-30,0.0,0.0,0.0
2017-03-31,0.0,0.0,0.0
2017-04-01,0.0,0.0,0.0
2017-04-02,0.0,0.0,0.0
2017-04-03,0.0,0.0,0.0
2017-04-04,0.02,0.02000000000001421,0.02000000000000011
2017-04-05,0.01,0.03000000000001421,0.03000000000000011
2017-04-06,0.0,0.03000000000001421,0.03000000000000011
2017-04-07,0.0,0.010000000000014211,0.03000000000000011
2017-04-08,0.0,0.0,0.03000000000000011
2017-04-09,0.0,0.0,0.03000000000000011
2017-04-10,0.0,0.0,0.03000000000000011
2017-04-11,0.03,0.03000000000001421,0.040000000000000105
2017-04-12,0.01,0.04000000000001421,0.040000000000000105
2017-04-13,0.0,0.04000000000001421,0.040000000000000105
2017-04-14,0.0,0.010000000000014211,0.040000000000000105
2017-04-15,0.0,0.0,0.040000000000000105
2017-04-16,0.0,0.0,0.040000000000000105
2017-04-17,0.01,0.010000000000014211,0.05000000000000011
2017-04-18,0.0,0.010000000000014211,0.020000000000000108
2017-04-19,0.0,0.010000000000014211,0.010000000000000108
2017-04-20,0.02,0.02000000000001421,0.03000000000000011
2017-04-21,0.01,0.03000000000001421,0.040000000000000105
2017-04-22,0.04,0.07000000000001422,0.0800000000000001
2017-04-23,0.04,0.09000000000001421,0.1200000000000001
2017-04-24,0.22,0.3000000000000142,0.3300000000000001
2017-04-25,0.65,0.9100000000000142,0.9800000000000002
2017-04-26,0.15,1.0200000000000142,1.1300000000000001
2017-04-27,0.0,0.8000000000000143,1.11
2017-04-28,0.01,0.16000000000001421,1.11
2017-04-29,0.05,0.060000000000014216,1.12
2017-04-30,0.09,0.1500000000000142,1.17
2017-05-01,0.06,0.2000000000000142,1.01
2017-05-02,0.04,0.1900000000000142,0.4000000000000001
2017-05-03,0.0,0.10000000000001422,0.2500000000000001
2017-05-04,0.01,0.050000000000014214,0.2600000000000001
2017-05-05,0.01,0.02000000000001421,0.2600000000000001
2017-05-06,0.16,0.1800000000000142,0.3700000000000001
2017-05-07,3.94,4.1100000000000145,4.22
2017-05-08,0.6,4.700000000000014,4.760000000000001
2017-05-09,0.38,4.920000000000014,5.1000000000000005
2017-05-10,0.47,1.4500000000000142,5.57
2017-05-11,0.21,1.0600000000000143,5.77
2017-05-12,0.06,0.7400000000000142,5.82
2017-05-13,0.02,0.2900000000000142,5.68
2017-05-14,0.04,0.1200000000000142,1.7800000000000005
2017-05-15,1.46,1.5200000000000142,2.6400000000000006
2017-05-16,0.23,1.7300000000000142,2.4900000000000007
2017-05-17,0.08,1.7700000000000142,2.1000000000000005
2017-05-18,1.23,1.5400000000000142,3.1200000000000006
2017-05-19,1.07,2.380000000000014,4.130000000000001
2017-05-20,0.31,2.610000000000014,4.420000000000001
2017-05-21,0.24,1.6200000000000143,4.620000000000001
2017-05-22,0.36,0.9100000000000141,3.5200000000000005
2017-05-23,0.11,0.7100000000000142,3.4000000000000004
2017-05-24,0.38,0.8500000000000142,3.7000000000000006
2017-05-25,0.59,1.0800000000000143,3.0600000000000005
2017-05-26,0.85,1.820000000000014,2.8400000000000003
2017-05-27,0.28,1.7200000000000144,2.8100000000000005
2017-05-28,0.09,1.2200000000000142,2.6600000000000006
2017-05-29,0.38,0.7500000000000142,2.68
2017-05-30,0.1,0.5700000000000142,2.6700000000000004
2017-05-31,0.06,0.5400000000000142,2.3500000000000005
2017-06-01,0.04,0.20000000000001422,1.8000000000000005
2017-06-02,0.28,0.3800000000000142,1.2300000000000004
2017-06-03,0.65,0.9700000000000142,1.6000000000000005
2017-06-04,1.57,2.500000000000014,3.0800000000000005
2017-06-05,1.13,3.3500000000000147,3.8300000000000005
2017-06-06,12.21,14.910000000000014,15.940000000000001
2017-06-07,6.22,19.560000000000013,22.1
2017-06-08,0.03,18.460000000000015,22.09
2017-06-09,0.26,6.510000000000014,22.07
2017-06-10,1.37,1.6600000000000144,22.790000000000003
2017-06-11,0.29,1.9200000000000144,21.51
2017-06-12,0.01,1.6700000000000144,20.390000000000004
2017-06-13,0.09,0.39000000000001417,8.27
2017-06-14,1.78,1.880000000000014,3.83
2017-06-15,2.2,4.0700000000000145,6.0
2017-06-16,4.29,8.270000000000014,10.030000000000001
2017-06-17,1.05,7.540000000000014,9.71
2017-06-18,0.82,6.160000000000014,10.24
2017-06-19,5.76,7.630000000000014,15.990000000000002
2017-06-20,10.65,17.230000000000015,26.55
2017-06-21,0.48,16.890000000000015,25.25
2017-06-22,0.85,11.980000000000015,23.9
2017-06-23,6.94,8.270000000000014,26.55
2017-06-24,10.73,18.520000000000014,36.230000000000004
2017-06-25,2.37,20.040000000000017,37.78
2017-06-26,0.73,13.830000000000014,32.75
2017-06-27,0.65,3.750000000000014,22.75
2017-06-28,0.0,1.380000000000014,22.27
2017-06-29,0.07,0.7200000000000142,21.490000000000002
2017-06-30,0.37,0.4400000000000142,14.92
2017-07-01,0.5,0.9400000000000142,4.69
2017-07-02,0.44,1.3100000000000143,2.7600000000000002
2017-07-03,2.24,3.180000000000015,4.2700000000000005
2017-07-04,0.17,2.8500000000000147,3.7900000000000005
2017-07-05,1.72,4.130000000000015,5.510000000000001
2017-07-06,10.94,12.830000000000014,16.38
2017-07-07,4.84,17.500000000000014,20.85
2017-07-08,1.86,17.640000000000015,22.21
2017-07-09,22.73,29.430000000000014,44.5
2017-07-10,9.24,33.83000000000002,51.5
2017-07-11,9.49,41.46000000000002,60.82
2017-07-12,15.97,34.70000000000002,75.07000000000001
2017-07-13,0.28,25.740000000000016,64.41000000000001
2017-07-14,0.25,16.500000000000018,59.82
2017-07-15,1.41,1.9400000000000177,59.370000000000005
2017-07-16,0.2,1.8600000000000176,36.84
2017-07-17,0.03,1.6400000000000177,27.630000000000003
2017-07-18,0.27,0.5000000000000178,18.410000000000004
2017-07-19,1.7,2.0000000000000178,4.140000000000003
2017-07-20,29.5,31.470000000000017,33.36
2017-07-21,0.7,31.900000000000016,33.81
2017-07-22,0.03,30.230000000000018,32.43000000000001
2017-07-23,0.15,0.8800000000000177,32.38
2017-07-24,0.1,0.2800000000000178,32.45
2017-07-25,0.48,0.7300000000000177,32.660000000000004
2017-07-26,8.19,8.770000000000017,39.150000000000006
2017-07-27,3.0,11.670000000000018,12.650000000000002
2017-07-28,3.51,14.700000000000017,15.460000000000003
2017-07-29,9.63,16.14000000000002,25.060000000000002
2017-07-30,13.56,26.700000000000017,38.470000000000006
2017-07-31,2.42,25.61000000000002,40.790000000000006
2017-08-01,7.91,23.89000000000002,48.220000000000006
2017-08-02,9.48,19.810000000000016,49.510000000000005
2017-08-03,4.64,22.030000000000015,51.15
2017-08-04,1.1,15.220000000000018,48.74
2017-08-05,4.92,10.660000000000018,44.03
2017-08-06,3.02,9.040000000000019,33.49000000000001
2017-08-07,3.08,11.02000000000002,34.150000000000006
2017-08-08,7.29,13.390000000000018,33.53
2017-08-09,4.73,15.10000000000002,28.780000000000005
2017-08-10,4.78,16.80000000000002,28.920000000000005
2017-08-11,4.94,14.450000000000019,32.760000000000005
2017-08-12,6.36,16.08000000000002,34.2
2017-08-13,17.96,29.26000000000002,49.14000000000001
2017-08-14,2.99,27.310000000000024,49.05000000000001
2017-08-15,2.66,23.61000000000002,44.42
2017-08-16,11.42,17.070000000000018,51.11000000000001
2017-08-17,30.31,44.390000000000015,76.64
2017-08-18,8.99,50.72000000000002,80.69000000000001
2017-08-19,9.23,48.53000000000002,83.56
2017-08-20,6.99,25.21000000000002,72.59
2017-08-21,5.31,21.53000000000002,74.91000000000001
2017-08-22,7.65,19.950000000000017,79.9
2017-08-23,9.79,22.750000000000014,78.27000000000001
2017-08-24,14.81,32.250000000000014,62.77
2017-08-25,1.57,26.170000000000016,55.35
2017-08-26,6.97,23.350000000000016,53.09
2017-08-27,4.25,12.790000000000017,50.35
2017-08-28,3.15,14.370000000000015,48.190000000000005
2017-08-29,1.4,8.800000000000015,41.940000000000005
2017-08-30,2.61,7.160000000000016,34.760000000000005
2017-08-31,11.26,15.270000000000016,31.21
2017-09-01,16.03,29.900000000000016,45.67
2017-09-02,5.65,32.94000000000002,44.35000000000001
2017-09-03,4.62,26.30000000000002,44.720000000000006
2017-09-04,3.13,13.400000000000018,44.7
2017-09-05,13.29,21.040000000000017,56.59
2017-09-06,25.75,42.170000000000016,79.73
2017-09-07,5.66,44.70000000000002,74.13
2017-09-08,1.86,33.27000000000002,59.96000000000001
2017-09-09,3.79,11.310000000000018,58.10000000000001
2017-09-10,3.01,8.660000000000018,56.49
2017-09-11,0.39,7.190000000000017,53.75000000000001
2017-09-12,2.4,5.800000000000018,42.86000000000001
2017-09-13,1.97,4.7600000000000176,19.08000000000001
2017-09-14,1.2,5.570000000000018,14.620000000000008
2017-09-15,3.86,7.030000000000017,16.620000000000008
2017-09-16,12.67,17.730000000000018,25.500000000000007
2017-09-17,2.75,19.280000000000015,25.24000000000001
2017-09-18,7.98,23.400000000000016,32.83000000000001
2017-09-19,1.36,12.090000000000016,31.790000000000006
2017-09-20,0.11,9.450000000000017,29.930000000000007
2017-09-21,1.47,2.9400000000000164,30.20000000000001
2017-09-22,3.23,4.810000000000016,29.570000000000007
2017-09-23,0.36,5.060000000000016,17.26000000000001
2017-09-24,12.32,15.910000000000016,26.830000000000005
2017-09-25,4.96,17.640000000000015,23.810000000000006
2017-09-26,7.1,24.380000000000017,29.550000000000008
2017-09-27,7.44,19.500000000000014,36.88000000000001
2017-09-28,9.66,24.200000000000017,45.07000000000001
2017-09-29,4.42,21.520000000000017,46.260000000000005
2017-09-30,11.24,25.320000000000014,57.14000000000001
2017-10-01,9.15,24.810000000000016,53.970000000000006
2017-10-02,4.78,25.170000000000016,53.790000000000006
2017-10-03,4.81,18.740000000000016,51.500000000000014
2017-10-04,7.15,16.740000000000016,51.21000000000001
2017-10-05,27.9,39.860000000000014,69.45000000000002
2017-10-06,8.19,43.24000000000001,73.22000000000001
2017-10-07,3.8,39.890000000000015,65.78
2017-10-08,0.52,12.510000000000014,57.150000000000006
2017-10-09,8.61,12.930000000000014,60.980000000000004
2017-10-10,5.31,14.440000000000012,61.480000000000004
2017-10-11,10.6,24.520000000000014,64.93
2017-10-12,4.61,20.520000000000014,41.64000000000001
2017-10-13,2.02,17.230000000000015,35.470000000000006
2017-10-14,3.27,9.900000000000015,34.940000000000005
2017-10-15,1.32,6.6100000000000145,35.74
2017-10-16,7.65,12.240000000000014,34.78
2017-10-17,1.78,10.750000000000014,31.250000000000007
2017-10-18,0.15,9.580000000000014,20.800000000000008
2017-10-19,0.01,1.9400000000000142,16.20000000000001
2017-10-20,0.24,0.40000000000001423,14.420000000000007
2017-10-21,0.6,0.8500000000000142,11.750000000000007
2017-10-22,6.61,7.450000000000014,17.040000000000006
2017-10-23,0.05,7.260000000000014,9.440000000000008
2017-10-24,0.33,6.990000000000014,7.990000000000007
2017-10-25,3.97,4.350000000000014,11.810000000000008
2017-10-26,2.22,6.520000000000015,14.020000000000008
2017-10-27,9.11,15.300000000000015,22.890000000000008
2017-10-28,0.51,11.840000000000014,22.800000000000008
2017-10-29,2.68,12.300000000000015,18.870000000000008
2017-10-30,57.85,61.04000000000002,76.67000000000002
2017-10-31,30.35,90.88000000000002,106.69000000000001
2017-11-01,36.12,124.32000000000001,138.84
2017-11-02,41.5,107.97000000000001,178.12
2017-11-03,36.67,114.29,205.68
2017-11-04,34.15,112.32000000000002,239.32
2017-11-05,20.45,91.27000000000001,257.09
2017-11-06,12.08,66.68,211.32
2017-11-07,13.39,45.920000000000016,194.36
2017-11-08,0.96,26.430000000000014,159.20000000000002
2017-11-09,0.08,14.430000000000014,117.78
2017-11-10,5.66,6.700000000000014,86.77000000000001
2017-11-11,6.26,12.000000000000014,58.88000000000001
2017-11-12,8.64,20.560000000000016,47.07000000000001
2017-11-13,19.22,34.12000000000002,54.21000000000001
2017-11-14,7.4,35.26000000000002,48.220000000000006
2017-11-15,0.71,27.330000000000016,47.970000000000006
2017-11-16,0.29,8.400000000000018,48.18000000000001
2017-11-17,0.24,1.2400000000000178,42.760000000000005
2017-11-18,0.52,1.0500000000000178,37.02
2017-11-19,1.36,2.120000000000018,29.740000000000006
2017-11-20,1.03,2.910000000000018,11.550000000000008
2017-11-21,0.29,2.680000000000018,4.4400000000000075
2017-11-22,0.19,1.5100000000000178,3.920000000000007
2017-11-23,0.07,0.5500000000000178,3.7000000000000073
2017-11-24,0.37,0.6300000000000178,3.8300000000000076
2017-11-25,0.2,0.6400000000000178,3.5100000000000073
2017-11-26,26.98,27.55000000000002,29.130000000000006
2017-11-27,14.91,42.09000000000002,43.010000000000005
2017-11-28,2.93,44.82000000000002,45.650000000000006
2017-11-29,13.96,31.80000000000002,59.42000000000001
2017-11-30,54.93,71.82000000000002,114.28
2017-12-01,21.34,90.23,135.25
2017-12-02,1.17,77.44000000000001,136.22000000000003
2017-12-03,0.02,22.530000000000015,109.26
2017-12-04,0.01,1.2000000000000142,94.36
2017-12-05,0.06,0.09000000000001421,91.49000000000001
2017-12-06,0.0,0.0700000000000142,77.53
2017-12-07,0.0,0.06000000000001421,22.60000000000001
2017-12-08,0.0,0.0,1.2600000000000071
2017-12-09,0.0,0.0,0.0900000000000071
2017-12-10,0.0,0.0,0.0700000000000071
2017-12-11,0.0,0.0,0.0600000000000071
2017-12-12,0.0,0.0,0.0
2017-12-13,0.0,0.0,0.0
2017-12-14,0.0,0.0,0.0
2017-12-15,0.03,0.03000000000001421,0.030000000000007104
2017-12-16,0.0,0.03000000000001421,0.030000000000007104
2017-12-17,0.01,0.04000000000001421,0.040000000000007106
2017-12-18,0.01,0.02000000000001421,0.05000000000000711
2017-12-19,0.01,0.03,0.0600000000000071
2017-12-20,0.02,0.04000000000001421,0.08000000000000711
2017-12-21,0.25,0.28000000000001424,0.3300000000000071
2017-12-22,0.29,0.5600000000000143,0.5900000000000072
2017-12-23,0.03,0.5700000000000142,0.6200000000000071
2017-12-24,0.02,0.3400000000000142,0.6300000000000071
2017-12-25,0.02,0.07000000000001427,0.6400000000000071
2017-12-26,0.0,0.04000000000001427,0.6300000000000071
2017-12-27,0.0,0.020000000000014267,0.6100000000000071
2017-12-28,0.0,0.0,0.3600000000000071
2017-12-29,0.01,0.010000000000014267,0.08000000000000711
2017-12-30,0.0,0.010000000000014267,0.05000000000000711
2017-12-31,0.02,0.030000000000014265,0.05000000000000711
2018-01-01,0.02,0.04000000000001427,0.05000000000000711
2018-01-02,0.0,0.04000000000001427,0.05000000000000711
2018-01-03,0.0,0.02000000000001427,0.05000000000000711
2018-01-04,0.0,0.0,0.05000000000000711
2018-01-05,0.0,0.0,0.0400000000000071
2018-01-06,0.0,0.0,0.0400000000000071
2018-01-07,0.0,0.0,0.020000000000007106
2018-01-08,0.0,0.0,0.0
2018-01-09,0.87,0.8700000000000143,0.8700000000000071
2018-01-10,1.66,2.5300000000000145,2.530000000000007
2018-01-11,0.15,2.6800000000000144,2.6800000000000073
2018-01-12,0.0,1.810000000000014,2.6800000000000073
2018-01-13,0.0,0.15000000000001443,2.6800000000000073
2018-01-14,0.0,0.0,2.6800000000000073
2018-01-15,0.0,0.0,2.6800000000000073
2018-01-16,0.0,0.0,1.810000000000007
2018-01-17,0.0,0.0,0.15000000000000732
2018-01-18,0.0,0.0,0.0
2018-01-19,0.0,0.0,0.0
2018-01-20,0.0,0.0,0.0
2018-01-21,0.0,0.0,0.0
2018-01-22,0.0,0.0,0.0
2018-01-23,0.0,0.0,0.0
2018-01-24,0.0,0.0,0.0
2018-01-25,0.0,0.0,0.0
2018-01-26,0.0,0.0,0.0
2018-01-27,0.0,0.0,0.0
2018-01-28,0.0,0.0,0.0
2018-01-29,0.0,0.0,0.0
2018-01-30,0.0,0.0,0.0
2018-01-31,0.0,0.0,0.0
2018-02-01,0.0,0.0,0.0
2018-02-02,0.0,0.0,0.0
2018-02-03,0.0,0.0,0.0
2018-02-04,0.0,0.0,0.0
2018-02-05,0.0,0.0,0.0
2018-02-06,0.07,0.07000000000001444,0.07000000000000733
2018-02-07,5.39,5.460000000000014,5.460000000000007
2018-02-08,2.93,8.390000000000015,8.390000000000008
2018-02-09,0.0,8.320000000000014,8.390000000000008
2018-02-10,0.0,2.9300000000000144,8.390000000000008
2018-02-11,0.0,0.0,8.390000000000008
2018-02-12,0.0,0.0,8.390000000000008
2018-02-13,0.0,0.0,8.320000000000007
2018-02-14,0.0,0.0,2.9300000000000073
2018-02-15,0.0,0.0,0.0
2018-02-16,0.0,0.0,0.0
2018-02-17,0.0,0.0,0.0
2018-02-18,0.0,0.0,0.0
2018-02-19,0.0,0.0,0.0
2018-02-20,0.0,0.0,0.0
2018-02-21,0.0,0.0,0.0
2018-02-22,0.0,0.0,0.0
2018-02-23,0.0,0.0,0.0
2018-02-24,0.0,0.0,0.0
2018-02-25,0.0,0.0,0.0
2018-02-26,0.0,0.0,0.0
2018-02-27,0.0,0.0,0.0
2018-02-28,0.0,0.0,0.0
2018-03-01,0.0,0.0,0.0
2018-03-02,0.0,0.0,0.0
2018-03-03,0.0,0.0,0.0
2018-03-04,0.0,0.0,0.0
2018-03-05,0.0,0.0,0.0
2018-03-06,0.0,0.0,0.0
2018-03-07,0.0,0.0,0.0
2018-03-08,0.0,0.0,0.0
2018-03-09,0.0,0.0,0.0
2018-03-10,0.0,0.0,0.0
2018-03-11,0.0,0.0,0.0
2018-03-12,0.9,0.9000000000000142,0.9000000000000071
2018-03-13,0.16,1.0600000000000143,1.0600000000000072
2018-03-14,0.03,1.0900000000000143,1.0900000000000072
2018-03-15,0.3,0.4900000000000142,1.3900000000000072
2018-03-16,4.69,5.020000000000015,6.080000000000007
2018-03-17,15.29,20.280000000000015,21.370000000000005
2018-03-18,0.02,20.000000000000014,21.390000000000008
2018-03-19,0.0,15.310000000000013,20.49000000000001
2018-03-20,0.0,0.02000000000001421,20.33000000000001
2018-03-21,0.0,0.0,20.300000000000008
2018-03-22,0.0,0.0,20.000000000000007
2018-03-23,0.01,0.010000000000014211,15.320000000000006
2018-03-24,0.0,0.010000000000014211,0.030000000000007104
2018-03-25,0.0,0.010000000000014211,0.010000000000007106
2018-03-26,0.0,0.0,0.010000000000007106
2018-03-27,0.0,0.0,0.010000000000007106
2018-03-28,0.0,0.0,0.010000000000007106
2018-03-29,0.0,0.0,0.010000000000007106
2018-03-30,0.0,0.0,0.0
2018-03-31,0.03,0.03000000000001421,0.030000000000007104
2018-04-01,0.11,0.14000000000001422,0.14000000000000712
2018-04-02,0.12,0.2600000000000142,0.2600000000000071
2018-04-03,0.08,0.3100000000000142,0.3400000000000071
2018-04-04,0.03,0.23000000000001422,0.3700000000000071
2018-04-05,0.0,0.11000000000001421,0.3700000000000071
2018-04-06,0.01,0.04000000000001421,0.3800000000000071
2018-04-07,0.04,0.050000000000014214,0.39000000000000706
2018-04-08,0.09,0.14000000000001422,0.3700000000000071
2018-04-09,0.12,0.2500000000000142,0.3700000000000071
2018-04-10,0.03,0.2400000000000142,0.3200000000000071
2018-04-11,0.02,0.1700000000000142,0.3100000000000071
2018-04-12,0.02,0.07000000000001422,0.3300000000000071
2018-04-13,0.05,0.09000000000001421,0.3700000000000071
2018-04-14,0.08,0.15000000000001423,0.41000000000000714
2018-04-15,0.05,0.18000000000001423,0.3700000000000071
2018-04-16,0.04,0.17000000000001422,0.2900000000000071
2018-04-17,0.0,0.09000000000001424,0.2600000000000071
2018-04-18,0.0,0.040000000000014226,0.2400000000000071
2018-04-19,0.01,0.010000000000014225,0.23000000000000712
2018-04-20,0.08,0.09000000000001422,0.2600000000000071
2018-04-21,0.08,0.17000000000001422,0.2600000000000071
2018-04-22,0.09,0.2500000000000142,0.30000000000000715
2018-04-23,0.11,0.28000000000001424,0.3700000000000071
2018-04-24,0.03,0.2300000000000142,0.40000000000000707
2018-04-25,0.2,0.34000000000001424,0.6000000000000071
2018-04-26,0.03,0.2600000000000142,0.6200000000000071
2018-04-27,0.0,0.23000000000001422,0.5400000000000071
2018-04-28,0.0,0.03000000000001421,0.46000000000000707
2018-04-29,0.01,0.010000000000014211,0.3800000000000071
2018-04-30,0.04,0.050000000000014214,0.3100000000000071
2018-05-01,0.49,0.5400000000000142,0.7700000000000071
2018-05-02,2.08,2.6100000000000145,2.6500000000000075
2018-05-03,4.27,6.840000000000014,6.890000000000007
2018-05-04,4.9,11.250000000000014,11.790000000000006
2018-05-05,0.04,9.210000000000013,11.830000000000007
2018-05-06,0.09,5.0300000000000145,11.910000000000007
2018-05-07,0.12,0.2500000000000142,11.990000000000009
2018-05-08,0.88,1.0900000000000143,12.380000000000008
2018-05-09,0.22,1.2200000000000142,10.520000000000008
2018-05-10,0.14,1.2400000000000142,6.390000000000008
2018-05-11,0.24,0.6000000000000142,1.730000000000007
2018-05-12,0.17,0.5500000000000143,1.860000000000007
2018-05-13,0.28,0.6900000000000143,2.0500000000000074
2018-05-14,0.1,0.5500000000000143,2.0300000000000074
2018-05-15,0.03,0.41000000000001424,1.1800000000000073
2018-05-16,0.09,0.2200000000000142,1.0500000000000071
2018-05-17,0.24,0.3600000000000142,1.1500000000000072
2018-05-18,0.04,0.37000000000001415,0.9500000000000072
2018-05-19,1.08,1.3600000000000143,1.8600000000000072
2018-05-20,3.33,4.450000000000014,4.910000000000007
2018-05-21,0.37,4.7800000000000145,5.180000000000008
2018-05-22,0.22,3.920000000000014,5.370000000000007
2018-05-23,0.07,0.6600000000000142,5.350000000000008
2018-05-24,0.04,0.3300000000000142,5.1500000000000075
2018-05-25,0.3,0.41000000000001424,5.410000000000007
2018-05-26,0.09,0.43000000000001415,4.420000000000007
2018-05-27,0.05,0.4400000000000142,1.140000000000007
2018-05-28,0.04,0.1800000000000142,0.8100000000000072
2018-05-29,0.04,0.13000000000001422,0.6300000000000071
2018-05-30,0.29,0.3700000000000142,0.8500000000000071
2018-05-31,0.41,0.7400000000000142,1.220000000000007
2018-06-01,2.73,3.430000000000014,3.650000000000007
2018-06-02,11.48,14.620000000000015,15.040000000000008
2018-06-03,1.96,16.170000000000016,16.950000000000006
2018-06-04,1.24,14.680000000000014,18.15000000000001
2018-06-05,0.63,3.8300000000000143,18.74000000000001
2018-06-06,8.9,10.770000000000014,27.35000000000001
2018-06-07,17.19,26.72000000000002,44.13000000000001
2018-06-08,0.37,26.460000000000022,41.77000000000001
2018-06-09,0.44,18.00000000000002,30.730000000000004
2018-06-10,0.17,0.9800000000000177,28.94000000000001
2018-06-11,0.03,0.6400000000000178,27.730000000000008
2018-06-12,0.19,0.3900000000000178,27.290000000000006
2018-06-13,0.03,0.25000000000001776,18.42000000000001
2018-06-14,0.02,0.24000000000001775,1.2500000000000036
2018-06-15,7.17,7.2200000000000175,8.050000000000004
2018-06-16,1.31,8.500000000000018,8.920000000000003
2018-06-17,1.36,9.840000000000018,10.110000000000003
2018-06-18,0.65,3.320000000000018,10.730000000000004
2018-06-19,0.51,2.520000000000018,11.050000000000004
2018-06-20,0.24,1.4000000000000177,11.260000000000003
2018-06-21,0.15,0.9000000000000178,11.390000000000004
2018-06-22,0.11,0.5000000000000178,4.330000000000004
2018-06-23,0.53,0.7900000000000178,3.550000000000004
2018-06-24,0.84,1.4800000000000177,3.030000000000004
2018-06-25,1.02,2.390000000000018,3.4000000000000035
2018-06-26,0.96,2.8200000000000176,3.8500000000000036
2018-06-27,2.25,4.230000000000018,5.860000000000003
2018-06-28,0.39,3.600000000000018,6.100000000000004
2018-06-29,0.4,3.040000000000018,6.390000000000004
2018-06-30,0.59,1.3800000000000177,6.450000000000004
2018-07-01,3.13,4.120000000000018,8.740000000000004
2018-07-02,4.72,8.440000000000017,12.440000000000003
2018-07-03,19.16,27.01000000000002,30.64
2018-07-04,0.7,24.580000000000016,29.090000000000003
2018-07-05,0.4,20.260000000000016,29.100000000000005
2018-07-06,0.21,1.3100000000000178,28.910000000000004
2018-07-07,0.03,0.6400000000000178,28.350000000000005
2018-07-08,0.2,0.44000000000001777,25.420000000000005
2018-07-09,0.57,0.8000000000000177,21.270000000000003
2018-07-10,5.69,6.460000000000018,7.800000000000008
2018-07-11,7.06,13.320000000000018,14.160000000000007
2018-07-12,5.17,17.920000000000016,18.930000000000007
2018-07-13,7.11,19.340000000000018,25.830000000000005
2018-07-14,3.34,15.620000000000019,29.140000000000008
2018-07-15,0.15,10.600000000000017,29.09000000000001
2018-07-16,0.0,3.4900000000000175,28.52000000000001
2018-07-17,0.1,0.25000000000001776,22.930000000000007
2018-07-18,0.05,0.15000000000001779,15.920000000000009
2018-07-19,0.38,0.5300000000000178,11.130000000000008
2018-07-20,0.15,0.5800000000000178,4.170000000000008
2018-07-21,0.14,0.6700000000000178,0.970000000000008
2018-07-22,0.0,0.2900000000000178,0.820000000000008
2018-07-23,0.89,1.0300000000000178,1.710000000000008
2018-07-24,0.62,1.5100000000000178,2.230000000000008
2018-07-25,0.42,1.9300000000000177,2.600000000000008
2018-07-26,1.77,2.810000000000018,3.990000000000008
2018-07-27,0.16,2.350000000000018,4.000000000000008
2018-07-28,0.06,1.9900000000000178,3.9200000000000084
2018-07-29,0.99,1.2100000000000177,4.910000000000008
2018-07-30,1.46,2.5100000000000176,5.480000000000008
2018-07-31,3.76,6.210000000000017,8.620000000000008
2018-08-01,1.29,6.5100000000000176,9.490000000000009
2018-08-02,1.9,6.950000000000017,9.620000000000008
2018-08-03,1.92,5.110000000000017,11.380000000000008
2018-08-04,10.12,13.940000000000015,21.440000000000005
2018-08-05,4.87,16.910000000000018,25.320000000000007
2018-08-06,0.56,15.550000000000017,24.42000000000001
2018-08-07,1.87,7.3000000000000185,22.53000000000001
2018-08-08,2.24,4.670000000000018,23.480000000000008
2018-08-09,6.36,10.470000000000018,27.94000000000001
2018-08-10,2.0,10.60000000000002,28.020000000000007
2018-08-11,4.18,12.540000000000019,22.08000000000001
2018-08-12,1.61,7.790000000000018,18.820000000000007
2018-08-13,0.88,6.670000000000018,19.140000000000008
2018-08-14,17.88,20.37000000000002,35.150000000000006
2018-08-15,18.8,37.56000000000002,51.71000000000001
2018-08-16,3.1,39.780000000000015,48.45
2018-08-17,1.36,23.26000000000002,47.81
2018-08-18,0.52,4.980000000000018,44.150000000000006
2018-08-19,0.36,2.240000000000018,42.900000000000006
2018-08-20,0.01,0.8900000000000178,42.03000000000001
2018-08-21,0.07,0.44000000000001777,24.22000000000001
2018-08-22,0.04,0.12000000000001776,5.460000000000007
2018-08-23,0.68,0.7900000000000178,3.040000000000007
2018-08-24,4.52,5.240000000000017,6.200000000000006
2018-08-25,6.7,11.900000000000016,12.380000000000006
2018-08-26,2.12,13.340000000000018,14.140000000000006
2018-08-27,6.51,15.330000000000018,20.640000000000008
2018-08-28,5.99,14.620000000000017,26.560000000000006
2018-08-29,3.86,16.360000000000017,30.380000000000006
2018-08-30,6.77,16.62000000000002,36.470000000000006
2018-08-31,8.02,18.650000000000016,39.970000000000006
2018-09-01,9.18,23.970000000000017,42.45
2018-09-02,0.71,17.910000000000018,41.040000000000006
2018-09-03,0.18,10.070000000000018,34.71000000000001
2018-09-04,0.86,1.7500000000000178,29.580000000000005
2018-09-05,0.34,1.3800000000000179,26.060000000000006
2018-09-06,0.03,1.230000000000018,19.320000000000007
2018-09-07,0.03,0.4000000000000178,11.330000000000007
2018-09-08,0.08,0.14000000000001778,2.230000000000007
2018-09-09,0.42,0.5300000000000178,1.940000000000007
2018-09-10,0.94,1.4400000000000177,2.7000000000000073
2018-09-11,2.5,3.8600000000000176,4.340000000000007
2018-09-12,2.05,5.490000000000018,6.050000000000007
2018-09-13,2.21,6.7600000000000176,8.230000000000008
2018-09-14,5.4,9.660000000000018,13.600000000000009
2018-09-15,9.36,16.970000000000017,22.88000000000001
2018-09-16,21.44,36.20000000000002,43.900000000000006
2018-09-17,28.47,59.270000000000024,71.43
2018-09-18,16.75,66.66000000000003,85.68
2018-09-19,1.53,46.750000000000014,85.16000000000001
2018-09-20,0.63,18.910000000000018,83.58
2018-09-21,2.39,4.5500000000000185,80.57000000000001
2018-09-22,1.04,4.060000000000018,72.25000000000001
2018-09-23,0.12,3.550000000000018,50.93000000000001
2018-09-24,0.01,1.1700000000000177,22.470000000000006
2018-09-25,0.0,0.13000000000001777,5.720000000000008
2018-09-26,0.01,0.020000000000017764,4.200000000000007
2018-09-27,0.06,0.07000000000001776,3.6300000000000074
2018-09-28,0.26,0.3300000000000178,1.500000000000007
2018-09-29,0.31,0.6300000000000178,0.7700000000000071
2018-09-30,1.4,1.9700000000000177,2.050000000000007
2018-10-01,2.42,4.130000000000018,4.460000000000007
2018-10-02,1.41,5.230000000000017,5.870000000000007
2018-10-03,12.43,16.260000000000016,18.290000000000006
2018-10-04,29.57,43.41000000000002,47.80000000000001
2018-10-05,25.88,67.88000000000002,73.42
2018-10-06,8.08,63.530000000000015,81.19
2018-10-07,1.66,35.62000000000002,81.45
2018-10-08,3.54,13.280000000000019,82.57000000000001
2018-10-09,0.43,5.630000000000018,81.59
2018-10-10,0.0,3.970000000000018,69.16
2018-10-11,0.0,0.43000000000001776,39.59000000000001
2018-10-12,0.02,0.020000000000017764,13.730000000000008
2018-10-13,0.32,0.3400000000000178,5.970000000000008
2018-10-14,5.02,5.360000000000017,9.330000000000007
2018-10-15,2.09,7.4300000000000175,7.880000000000007
2018-10-16,1.36,8.470000000000017,8.810000000000008
2018-10-17,12.69,16.140000000000015,21.500000000000007
2018-10-18,12.45,26.500000000000014,33.95
2018-10-19,8.48,33.62000000000002,42.410000000000004
2018-10-20,1.23,22.160000000000018,43.32
2018-10-21,4.37,14.080000000000018,42.67000000000001
2018-10-22,0.0,5.600000000000017,40.58000000000001
2018-10-23,0.0,4.370000000000017,39.220000000000006
2018-10-24,0.0,0.0,26.53000000000001
2018-10-25,0.0,0.0,14.080000000000009
2018-10-26,0.0,0.0,5.6000000000000085
2018-10-27,0.0,0.0,4.370000000000008
2018-10-28,0.0,0.0,0.0
2018-10-29,1.23,1.2300000000000177,1.2300000000000089
2018-10-30,6.43,7.660000000000018,7.660000000000009
2018-10-31,9.51,17.170000000000016,17.17000000000001
2018-11-01,17.28,33.22000000000001,34.45000000000001
2018-11-02,4.98,31.770000000000017,39.43000000000001
2018-11-03,6.07,28.33000000000002,45.500000000000014
2018-11-04,2.73,13.780000000000019,48.23000000000001
2018-11-05,0.34,9.140000000000018,47.34000000000001
2018-11-06,0.2,3.270000000000018,41.110000000000014
2018-11-07,0.0,0.5400000000000178,31.60000000000001
2018-11-08,0.68,0.8800000000000179,15.000000000000007
2018-11-09,0.52,1.200000000000018,10.540000000000008
2018-11-10,0.04,1.2400000000000178,4.510000000000007
2018-11-11,0.01,0.5700000000000177,1.7900000000000071
2018-11-12,0.0,0.050000000000017655,1.450000000000007
2018-11-13,0.0,0.010000000000017653,1.250000000000007
2018-11-14,0.26,0.26000000000001766,1.5100000000000071
2018-11-15,7.49,7.750000000000018,8.320000000000007
2018-11-16,8.41,16.160000000000018,16.210000000000008
2018-11-17,4.04,19.94000000000002,20.210000000000008
2018-11-18,0.45,12.900000000000018,20.650000000000006
2018-11-19,0.45,4.940000000000018,21.10000000000001
2018-11-20,2.73,3.6300000000000177,23.830000000000005
2018-11-21,78.67,81.85000000000002,102.24000000000001
2018-11-22,50.28,131.68,145.03
2018-11-23,7.81,136.76000000000002,144.43
2018-11-24,0.0,58.09000000000002,140.39000000000001
2018-11-25,0.0,7.810000000000014,139.94
2018-11-26,0.01,0.010000000000014211,139.5
2018-11-27,0.08,0.09000000000001421,136.85000000000002
2018-11-28,0.97,1.0600000000000143,59.15
2018-11-29,6.86,7.910000000000014,15.73
2018-11-30,1.43,9.260000000000014,9.35
2018-12-01,0.04,8.330000000000014,9.39
2018-12-02,0.19,1.6600000000000141,9.58
2018-12-03,5.46,5.690000000000014,15.030000000000001
2018-12-04,23.09,28.740000000000013,38.04
2018-12-05,11.32,39.87000000000001,48.39
2018-12-06,1.55,35.96000000000001,43.080000000000005
2018-12-07,0.17,13.040000000000015,41.82000000000001
2018-12-08,0.01,1.7300000000000142,41.790000000000006
2018-12-09,0.0,0.18000000000001423,41.6
2018-12-10,0.0,0.010000000000014211,36.14
2018-12-11,0.0,0.0,13.050000000000004
2018-12-12,0.0,0.0,1.7300000000000035
2018-12-13,0.01,0.010000000000014211,0.19000000000000355
2018-12-14,0.09,0.1000000000000142,0.11000000000000355
2018-12-15,0.07,0.1700000000000142,0.17000000000000356
2018-12-16,0.78,0.9400000000000142,0.9500000000000036
2018-12-17,0.01,0.8600000000000142,0.9600000000000036
2018-12-18,0.0,0.7900000000000141,0.9600000000000036
2018-12-19,0.0,0.0100000000000141,0.9600000000000036
2018-12-20,0.0,0.0,0.9500000000000036
2018-12-21,0.25,0.2500000000000141,1.1100000000000037
2018-12-22,9.28,9.530000000000014,10.320000000000004
2018-12-23,3.16,12.690000000000014,12.700000000000003
2018-12-24,0.04,12.480000000000013,12.730000000000002
2018-12-25,0.0,3.2000000000000144,12.730000000000002
2018-12-26,0.0,0.04000000000001421,12.730000000000002
2018-12-27,0.0,0.0,12.730000000000002
2018-12-28,0.15,0.1500000000000142,12.63
2018-12-29,0.16,0.3100000000000142,3.510000000000004
2018-12-30,0.03,0.3400000000000142,0.38000000000000356
2018-12-31,0.0,0.1900000000000142,0.3400000000000036
2019-01-01,0.0,0.03000000000001421,0.3400000000000036
2019-01-02,0.0,0.0,0.3400000000000036
2019-01-03,0.0,0.0,0.3400000000000036
2019-01-04,0.0,0.0,0.19000000000000355
2019-01-05,0.0,0.0,0.03000000000000355
2019-01-06,0.0,0.0,0.0
2019-01-07,0.0,0.0,0.0
2019-01-08,0.0,0.0,0.0
2019-01-09,0.0,0.0,0.0
2019-01-10,0.0,0.0,0.0
2019-01-11,0.01,0.010000000000014211,0.010000000000003553
2019-01-12,0.0,0.010000000000014211,0.010000000000003553
2019-01-13,0.01,0.02000000000001421,0.020000000000003553
2019-01-14,0.0,0.010000000000014211,0.020000000000003553
2019-01-15,0.0,0.010000000000014211,0.020000000000003553
2019-01-16,0.0,0.0,0.020000000000003553
2019-01-17,0.01,0.010000000000014211,0.03000000000000355
2019-01-18,0.0,0.010000000000014211,0.02000000000000355
2019-01-19,0.0,0.010000000000014211,0.02000000000000355
2019-01-20,0.0,0.0,0.010000000000003553
2019-01-21,0.0,0.0,0.010000000000003553
2019-01-22,0.0,0.0,0.010000000000003553
2019-01-23,0.0,0.0,0.010000000000003553
2019-01-24,0.0,0.0,0.0
2019-01-25,0.0,0.0,0.0
2019-01-26,0.05,0.050000000000014214,0.050000000000003555
2019-01-27,0.06,0.11000000000001421,0.11000000000000355
2019-01-28,0.71,0.8200000000000142,0.8200000000000035
2019-01-29,0.26,1.030000000000014,1.0800000000000036
2019-01-30,0.02,0.9900000000000142,1.1000000000000034
2019-01-31,0.0,0.28000000000001424,1.1000000000000034
2019-02-01,0.0,0.02000000000001421,1.1000000000000034
2019-02-02,0.0,0.0,1.0500000000000034
2019-02-03,0.0,0.0,0.9900000000000035
2019-02-04,0.0,0.0,0.2800000000000036
2019-02-05,0.0,0.0,0.020000000000003553
2019-02-06,0.0,0.0,0.0
2019-02-07,0.0,0.0,0.0
2019-02-08,0.03,0.03000000000001421,0.03000000000000355
2019-02-09,0.02,0.050000000000014214,0.050000000000003555
2019-02-10,0.04,0.09000000000001421,0.09000000000000355
2019-02-11,0.0,0.06000000000001421,0.09000000000000355
2019-02-12,0.0,0.040000000000014205,0.09000000000000355
2019-02-13,0.0,0.0,0.09000000000000355
2019-02-14,0.0,0.0,0.09000000000000355
2019-02-15,0.0,0.0,0.06000000000000355
2019-02-16,0.0,0.0,0.04000000000000355
2019-02-17,0.0,0.0,0.0
2019-02-18,0.0,0.0,0.0
2019-02-19,0.0,0.0,0.0
2019-02-20,0.0,0.0,0.0
2019-02-21,0.0,0.0,0.0
2019-02-22,0.0,0.0,0.0
2019-02-23,0.0,0.0,0.0
2019-02-24,0.0,0.0,0.0
2019-02-25,0.0,0.0,0.0
2019-02-26,0.01,0.010000000000014211,0.010000000000003553
2019-02-27,0.06,0.0700000000000142,0.07000000000000355
2019-02-28,1.48,1.5500000000000143,1.5500000000000036
2019-03-01,0.37,1.9100000000000144,1.9200000000000035
2019-03-02,0.0,1.8500000000000143,1.9200000000000035
2019-03-03,0.0,0.3700000000000142,1.9200000000000035
2019-03-04,0.0,0.0,1.9200000000000035
2019-03-05,0.0,0.0,1.9100000000000037
2019-03-06,0.0,0.0,1.8500000000000036
2019-03-07,0.01,0.010000000000014211,0.38000000000000356
2019-03-08,0.0,0.010000000000014211,0.010000000000003553
2019-03-09,0.01,0.02000000000001421,0.020000000000003553
2019-03-10,0.0,0.010000000000014211,0.020000000000003553
2019-03-11,0.0,0.010000000000014211,0.020000000000003553
2019-03-12,0.0,0.0,0.020000000000003553
2019-03-13,0.0,0.0,0.020000000000003553
2019-03-14,0.0,0.0,0.010000000000003553
2019-03-15,0.0,0.0,0.010000000000003553
2019-03-16,0.0,0.0,0.0
2019-03-17,0.01,0.010000000000014211,0.010000000000003553
2019-03-18,0.0,0.010000000000014211,0.010000000000003553
2019-03-19,0.0,0.010000000000014211,0.010000000000003553
2019-03-20,0.0,0.0,0.010000000000003553
2019-03-21,0.0,0.0,0.010000000000003553
2019-03-22,0.0,0.0,0.010000000000003553
2019-03-23,0.0,0.0,0.010000000000003553
2019-03-24,0.0,0.0,0.0
2019-03-25,0.0,0.0,0.0
2019-03-26,0.0,0.0,0.0
2019-03-27,0.0,0.0,0.0
2019-03-28,0.0,0.0,0.0
2019-03-29,0.0,0.0,0.0
2019-03-30,0.0,0.0,0.0
2019-03-31,0.0,0.0,0.0
2019-04-01,0.0,0.0,0.0
2019-04-02,0.0,0.0,0.0
2019-04-03,0.0,0.0,0.0
2019-04-04,0.0,0.0,0.0
2019-04-05,0.0,0.0,0.0
2019-04-06,0.0,0.0,0.0
2019-04-07,0.0,0.0,0.0
2019-04-08,0.0,0.0,0.0
2019-04-09,0.0,0.0,0.0
2019-04-10,0.0,0.0,0.0
2019-04-11,0.02,0.02000000000001421,0.020000000000003553
2019-04-12,0.02,0.04000000000001421,0.040000000000003554
2019-04-13,0.02,0.06,0.06000000000000355
2019-04-14,0.0,0.040000000000014205,0.06000000000000355
2019-04-15,0.0,0.02000000000001421,0.06000000000000355
2019-04-16,0.0,0.0,0.06000000000000355
2019-04-17,0.0,0.0,0.06000000000000355
2019-04-18,0.03,0.03000000000001421,0.07000000000000355
2019-04-19,0.04,0.07000000000001422,0.09000000000000355
2019-04-20,0.18,0.2500000000000142,0.25000000000000355
2019-04-21,0.44,0.6600000000000142,0.6900000000000035
2019-04-22,0.64,1.260000000000014,1.3300000000000036
2019-04-23,0.21,1.2900000000000142,1.5400000000000036
2019-04-24,0.01,0.8600000000000141,1.5500000000000036
2019-04-25,0.01,0.23000000000001408,1.5300000000000036
2019-04-26,0.0,0.0200000000000141,1.4900000000000035
2019-04-27,0.0,0.0100000000000141,1.3100000000000036
2019-04-28,0.03,0.0300000000000141,0.9000000000000037
2019-04-29,0.03,0.0600000000000141,0.29000000000000353
2019-04-30,0.1,0.1600000000000141,0.18000000000000355
2019-05-01,1.35,1.4800000000000142,1.5200000000000036
2019-05-02,0.37,1.820000000000014,1.8800000000000034
2019-05-03,0.07,1.790000000000014,1.9500000000000035
2019-05-04,0.43,0.870000000000014,2.3800000000000034
2019-05-05,4.38,4.880000000000014,6.730000000000004
2019-05-06,1.6,6.410000000000014,8.300000000000002
2019-05-07,0.62,6.600000000000014,8.820000000000004
2019-05-08,0.18,2.400000000000014,7.650000000000003
2019-05-09,0.67,1.4700000000000142,7.950000000000003
2019-05-10,0.63,1.4800000000000142,8.510000000000003
2019-05-11,0.01,1.3100000000000143,8.090000000000003
2019-05-12,0.01,0.6500000000000141,3.720000000000003
2019-05-13,0.06,0.0800000000000141,2.180000000000003
2019-05-14,0.12,0.1900000000000141,1.6800000000000026
2019-05-15,0.23,0.41000000000001413,1.7300000000000026
2019-05-16,0.17,0.5200000000000141,1.2300000000000026
2019-05-17,0.01,0.41000000000001413,0.6100000000000027
2019-05-18,0.09,0.2700000000000141,0.6900000000000026
2019-05-19,0.13,0.2300000000000141,0.8100000000000027
2019-05-20,0.0,0.2200000000000141,0.7500000000000027
2019-05-21,0.0,0.1300000000000141,0.6300000000000028
2019-05-22,0.0,0.0,0.4000000000000027
2019-05-23,0.0,0.0,0.23000000000000267
2019-05-24,0.0,0.0,0.22000000000000267
2019-05-25,0.04,0.0400000000000141,0.17000000000000268
2019-05-26,0.06,0.1000000000000141,0.10000000000000267
2019-05-27,0.05,0.1500000000000141,0.15000000000000266
2019-05-28,0.06,0.17000000000001408,0.21000000000000266
2019-05-29,0.38,0.4900000000000141,0.5900000000000026
2019-05-30,0.04,0.4800000000000141,0.6300000000000027
2019-05-31,0.42,0.8400000000000141,1.0500000000000025
2019-06-01,1.5,1.9600000000000142,2.5100000000000025
2019-06-02,4.57,6.490000000000014,7.020000000000003
2019-06-03,0.79,6.8600000000000145,7.760000000000003
2019-06-04,3.91,9.270000000000014,11.610000000000003
2019-06-05,2.3,7.000000000000014,13.530000000000005
2019-06-06,0.02,6.230000000000014,13.510000000000003
2019-06-07,0.09,2.410000000000014,13.180000000000003
2019-06-08,0.03,0.14000000000001422,11.710000000000003
2019-06-09,0.01,0.13000000000001422,7.150000000000003
2019-06-10,0.01,0.050000000000014214,6.370000000000003
2019-06-11,0.04,0.06000000000001421,2.5000000000000027
2019-06-12,0.01,0.06000000000001421,0.21000000000000266
2019-06-13,0.1,0.15000000000001423,0.2900000000000027
2019-06-14,0.01,0.1200000000000142,0.21000000000000266
2019-06-15,0.02,0.13000000000001422,0.20000000000000265
2019-06-16,0.02,0.050000000000014214,0.21000000000000266
2019-06-17,0.03,0.0700000000000142,0.23000000000000265
2019-06-18,0.07,0.1200000000000142,0.2600000000000027
2019-06-19,0.04,0.1400000000000142,0.2900000000000027
2019-06-20,2.86,2.970000000000014,3.0500000000000025
2019-06-21,7.32,10.220000000000015,10.360000000000003
2019-06-22,4.26,14.440000000000014,14.600000000000003
2019-06-23,8.78,20.360000000000014,23.36
2019-06-24,4.99,18.030000000000015,28.320000000000004
2019-06-25,2.4,16.170000000000012,30.650000000000002
2019-06-26,9.16,16.550000000000015,39.77
2019-06-27,6.61,18.170000000000016,43.52
2019-06-28,1.35,17.120000000000015,37.550000000000004
2019-06-29,1.31,9.270000000000014,34.6
2019-06-30,0.41,3.0700000000000145,26.230000000000004
2019-07-01,0.04,1.7600000000000142,21.28
2019-07-02,0.07,0.5200000000000142,18.950000000000003
2019-07-03,0.05,0.16000000000001424,9.840000000000002
2019-07-04,0.04,0.16000000000001421,3.270000000000002
2019-07-05,0.25,0.3400000000000142,2.1700000000000017
2019-07-06,0.19,0.4800000000000142,1.0500000000000018
2019-07-07,0.03,0.4700000000000142,0.6700000000000018
2019-07-08,0.06,0.28000000000001424,0.6900000000000018
2019-07-09,3.72,3.8100000000000143,4.340000000000002
2019-07-10,4.05,7.830000000000014,8.340000000000003
2019-07-11,2.47,10.240000000000014,10.770000000000001
2019-07-12,1.01,7.5300000000000145,11.530000000000001
2019-07-13,22.14,25.620000000000015,33.480000000000004
2019-07-14,5.19,28.340000000000018,38.64
2019-07-15,9.15,36.48000000000002,47.730000000000004
2019-07-16,4.93,19.270000000000014,48.94
2019-07-17,0.77,14.850000000000012,45.660000000000004
2019-07-18,4.36,10.060000000000015,47.550000000000004
2019-07-19,5.52,10.650000000000015,52.06000000000001
2019-07-20,5.1,14.980000000000015,35.02
2019-07-21,2.35,12.970000000000013,32.18
2019-07-22,16.88,24.330000000000013,39.910000000000004
2019-07-23,14.03,33.26000000000001,49.010000000000005
2019-07-24,8.08,38.99000000000001,56.32
2019-07-25,20.83,42.94000000000001,72.78999999999999
2019-07-26,10.58,39.49000000000001,77.85000000000001
2019-07-27,1.18,32.59000000000001,73.92999999999999
2019-07-28,2.1,13.860000000000014,73.68
2019-07-29,1.25,4.5300000000000145,58.050000000000004
2019-07-30,1.17,4.520000000000015,45.190000000000005
2019-07-31,0.09,2.510000000000014,37.199999999999996
2019-08-01,1.56,2.8200000000000145,17.930000000000003
2019-08-02,0.64,2.2900000000000142,7.990000000000004
2019-08-03,0.07,2.2700000000000147,6.880000000000004
2019-08-04,0.01,0.7200000000000142,4.790000000000004
2019-08-05,3.7,3.7800000000000145,7.240000000000004
2019-08-06,0.43,4.140000000000015,6.5000000000000036
2019-08-07,0.78,4.910000000000014,7.190000000000004
2019-08-08,0.69,1.9000000000000141,6.320000000000004
2019-08-09,0.47,1.9400000000000142,6.150000000000004
2019-08-10,1.85,3.010000000000014,7.930000000000003
2019-08-11,0.49,2.8100000000000143,8.410000000000004
2019-08-12,0.66,3.000000000000014,5.370000000000004
2019-08-13,3.35,4.500000000000014,8.290000000000004
2019-08-14,15.04,19.05000000000001,22.550000000000004
2019-08-15,3.92,22.310000000000013,25.78
2019-08-16,32.51,51.47000000000001,57.82
2019-08-17,31.15,67.58000000000001,87.12
2019-08-18,24.88,88.54,111.51
2019-08-19,15.06,71.09000000000002,125.91000000000001
2019-08-20,7.99,47.930000000000014,130.55
2019-08-21,18.22,41.27000000000001,133.73000000000002
2019-08-22,1.39,27.600000000000012,131.2
2019-08-23,8.06,27.670000000000016,106.75
2019-08-24,1.84,11.290000000000015,77.44
2019-08-25,1.8,11.700000000000015,54.36
2019-08-26,0.19,3.8300000000000143,39.49
2019-08-27,0.2,2.190000000000014,31.7
2019-08-28,2.77,3.1600000000000144,16.25
2019-08-29,3.09,6.060000000000014,17.95
2019-08-30,2.95,8.810000000000013,12.84
2019-08-31,12.12,18.160000000000014,23.119999999999997
2019-09-01,2.12,17.190000000000015,23.439999999999998
2019-09-02,4.61,18.850000000000016,27.86
2019-09-03,7.05,13.780000000000015,34.71
2019-09-04,9.97,21.630000000000013,41.91
2019-09-05,3.2,20.220000000000013,42.02
2019-09-06,1.8,14.970000000000013,40.870000000000005
2019-09-07,1.91,6.910000000000014,30.660000000000004
2019-09-08,0.26,3.970000000000014,28.800000000000004
2019-09-09,0.14,2.3100000000000143,24.330000000000002
2019-09-10,1.68,2.0800000000000143,18.96
2019-09-11,6.53,8.350000000000014,15.52
2019-09-12,34.35,42.56000000000002,46.67
2019-09-13,8.03,48.91000000000002,52.9
2019-09-14,9.41,51.79000000000001,60.4
2019-09-15,6.85,24.290000000000013,66.99000000000001
2019-09-16,6.0,22.260000000000012,72.85
2019-09-17,8.38,21.230000000000015,79.55
2019-09-18,38.89,53.27000000000002,111.91
2019-09-19,28.31,75.58000000000001,105.87
2019-09-20,10.63,77.83000000000003,108.47
2019-09-21,6.2,45.140000000000015,105.26
2019-09-22,18.35,35.18000000000002,116.75999999999999
2019-09-23,13.36,37.91000000000001,124.12
2019-09-24,4.27,35.98000000000002,120.01
2019-09-25,11.46,29.090000000000014,92.58
2019-09-26,1.98,17.710000000000015,66.25
2019-09-27,0.52,13.960000000000015,56.14
2019-09-28,0.19,2.690000000000014,50.13
2019-09-29,0.51,1.2200000000000142,32.29
2019-09-30,0.38,1.0800000000000143,19.31
2019-10-01,0.05,0.9400000000000143,15.090000000000002
2019-10-02,0.03,0.46000000000001423,3.66
2019-10-03,0.43,0.5100000000000142,2.11
2019-10-04,2.29,2.750000000000014,3.88
2019-10-05,1.38,4.100000000000014,5.07
2019-10-06,0.19,3.860000000000014,4.75
2019-10-07,1.19,2.760000000000014,5.5600000000000005
2019-10-08,1.03,2.4100000000000144,6.539999999999999
2019-10-09,0.28,2.500000000000014,6.79
2019-10-10,0.06,1.3700000000000143,6.419999999999999
2019-10-11,0.34,0.6800000000000143,4.47
2019-10-12,0.42,0.8200000000000143,3.51
2019-10-13,2.43,3.1900000000000146,5.75
2019-10-14,4.99,7.840000000000015,9.55
2019-10-15,16.66,24.080000000000016,25.18
2019-10-16,16.27,37.920000000000016,41.17
2019-10-17,22.65,55.58000000000001,63.760000000000005
2019-10-18,8.74,47.66000000000002,72.16
2019-10-19,6.98,38.37000000000002,78.72
2019-10-20,20.89,36.61000000000002,97.18
2019-10-21,12.85,40.72000000000002,105.03999999999999
2019-10-22,11.93,45.67000000000002,100.31
2019-10-23,9.08,33.86000000000002,93.12
2019-10-24,2.63,23.64000000000002,73.1
2019-10-25,6.81,18.52000000000002,71.17
2019-10-26,2.87,12.31000000000002,67.06
2019-10-27,3.08,12.760000000000023,49.25
2019-10-28,12.27,18.22000000000002,48.67
2019-10-29,42.88,58.23000000000002,79.62
2019-10-30,23.83,78.98000000000002,94.37
2019-10-31,1.22,67.93000000000004,92.96000000000001
2019-11-01,3.4,28.45000000000002,89.55
2019-11-02,1.19,5.810000000000022,87.86999999999999
2019-11-03,0.14,4.730000000000022,84.92999999999999
2019-11-04,0.0,1.3300000000000214,72.66
2019-11-05,0.0,0.14000000000002133,29.77999999999999
2019-11-06,0.0,0.0,5.949999999999993
2019-11-07,0.47,0.4700000000000213,5.199999999999993
2019-11-08,1.21,1.6800000000000213,3.0099999999999927
2019-11-09,5.08,6.760000000000021,6.899999999999993
2019-11-10,0.57,6.860000000000022,7.329999999999994
2019-11-11,0.06,5.710000000000021,7.3899999999999935
2019-11-12,0.25,0.8800000000000212,7.6399999999999935
2019-11-13,0.65,0.9600000000000214,8.289999999999994
2019-11-14,7.92,8.820000000000022,15.739999999999993
2019-11-15,5.69,14.260000000000023,20.219999999999995
2019-11-16,1.4,15.010000000000021,16.539999999999996
2019-11-17,3.96,11.050000000000022,19.929999999999993
2019-11-18,6.32,11.680000000000021,26.189999999999998
2019-11-19,3.31,13.590000000000021,29.249999999999996
2019-11-20,15.0,24.630000000000024,43.599999999999994
2019-11-21,8.18,26.490000000000023,43.85999999999999
2019-11-22,3.68,26.860000000000024,41.849999999999994
2019-11-23,5.83,17.69000000000002,46.279999999999994
2019-11-24,1.46,10.97000000000002,43.779999999999994
2019-11-25,0.14,7.430000000000021,37.599999999999994
2019-11-26,5.18,6.780000000000021,39.46999999999999
2019-11-27,7.25,12.570000000000022,31.71999999999999
2019-11-28,30.01,42.440000000000026,53.55
2019-11-29,8.3,45.560000000000024,58.169999999999995
2019-11-30,34.61,72.92000000000002,86.94999999999999
2019-12-01,70.8,113.71000000000002,156.29000000000002
2019-12-02,9.35,114.76000000000002,165.5
2019-12-03,2.38,82.53000000000003,162.70000000000002
2019-12-04,0.33,12.060000000000027,155.78
2019-12-05,0.2,2.9100000000000286,125.97
2019-12-06,2.41,2.940000000000029,120.08
2019-12-07,6.06,8.670000000000028,91.53
2019-12-08,1.53,10.000000000000028,22.259999999999998
2019-12-09,0.42,8.010000000000028,13.33
2019-12-10,0.21,2.1600000000000286,11.159999999999998
2019-12-11,0.07,0.7000000000000284,10.9
2019-12-12,0.84,1.1200000000000283,11.54
2019-12-13,5.27,6.180000000000028,14.399999999999999
2019-12-14,12.55,18.66000000000003,20.89
2019-12-15,1.11,18.930000000000028,20.47
2019-12-16,5.06,18.720000000000027,25.11
2019-12-17,0.77,6.940000000000028,25.67
2019-12-18,0.43,6.260000000000028,26.03
2019-12-19,0.09,1.2900000000000285,25.28
2019-12-20,0.05,0.5700000000000284,20.060000000000002
2019-12-21,0.0,0.14000000000002844,7.51
2019-12-22,0.01,0.060000000000028426,6.409999999999999
2019-12-23,0.0,0.010000000000028422,1.35
2019-12-24,1.83,1.8400000000000285,2.41
2019-12-25,0.1,1.9300000000000286,2.08
2019-12-26,0.01,1.9400000000000286,2.0
2019-12-27,0.01,0.12000000000002843,1.9600000000000002
2019-12-28,0.15,0.1700000000000284,2.11
2019-12-29,3.42,3.5800000000000285,5.52
2019-12-30,8.1,11.670000000000028,13.62
2019-12-31,2.41,13.930000000000028,14.2
2020-01-01,20.58,31.090000000000025,34.68
2020-01-02,2.72,25.710000000000022,37.39
2020-01-03,0.1,23.400000000000027,37.48
2020-01-04,0.29,3.1100000000000287,37.62
2020-01-05,2.06,2.4500000000000286,36.26
2020-01-06,4.21,6.560000000000029,32.370000000000005
2020-01-07,0.99,7.260000000000028,30.95
2020-01-08,0.03,5.230000000000027,10.4
2020-01-09,0.0,1.0200000000000284,7.68
2020-01-10,0.0,0.03000000000002842,7.58
2020-01-11,0.05,0.050000000000028424,7.340000000000001
2020-01-12,0.05,0.10000000000002843,5.330000000000001
2020-01-13,0.0,0.10000000000002843,1.12
2020-01-14,0.0,0.050000000000028424,0.13
2020-01-15,0.0,0.0,0.1
2020-01-16,0.0,0.0,0.1
2020-01-17,0.34,0.34000000000002845,0.44000000000000006
2020-01-18,1.06,1.4000000000000286,1.4500000000000002
2020-01-19,0.06,1.4600000000000286,1.4600000000000002
2020-01-20,0.0,1.1200000000000285,1.4600000000000002
2020-01-21,0.0,0.06000000000002842,1.4600000000000002
2020-01-22,0.0,0.0,1.4600000000000002
2020-01-23,0.0,0.0,1.4600000000000002
2020-01-24,0.0,0.0,1.12
2020-01-25,0.0,0.0,0.06
2020-01-26,0.0,0.0,0.0
2020-01-27,0.0,0.0,0.0
2020-01-28,0.0,0.0,0.0
2020-01-29,0.0,0.0,0.0
2020-01-30,0.0,0.0,0.0
2020-01-31,0.0,0.0,0.0
2020-02-01,0.0,0.0,0.0
2020-02-02,0.0,0.0,0.0
2020-02-03,0.0,0.0,0.0
2020-02-04,0.04,0.04000000000002842,0.04
2020-02-05,0.0,0.04000000000002842,0.04
2020-02-06,0.0,0.04000000000002842,0.04
2020-02-07,0.0,0.0,0.04
2020-02-08,0.0,0.0,0.04
2020-02-09,0.03,0.03000000000002842,0.07
2020-02-10,0.12,0.15000000000002842,0.19
2020-02-11,0.03,0.18000000000002842,0.18
2020-02-12,0.13,0.28000000000002845,0.31
2020-02-13,0.0,0.16000000000002843,0.31
2020-02-14,0.0,0.13000000000002843,0.31
2020-02-15,0.0,0.0,0.31
2020-02-16,0.0,0.0,0.28
2020-02-17,0.0,0.0,0.16
2020-02-18,0.0,0.0,0.13
2020-02-19,0.0,0.0,0.0
2020-02-20,0.0,0.0,0.0
2020-02-21,0.01,0.010000000000028422,0.01
2020-02-22,0.01,0.020000000000028422,0.02
2020-02-23,0.0,0.020000000000028422,0.02
2020-02-24,0.0,0.010000000000028422,0.02
2020-02-25,0.0,0.0,0.02
2020-02-26,0.01,0.010000000000028422,0.03
2020-02-27,0.0,0.010000000000028422,0.03
2020-02-28,0.01,0.020000000000028422,0.03
2020-02-29,0.04,0.050000000000028424,0.06
2020-03-01,0.0,0.050000000000028424,0.060000000000000005
2020-03-02,0.0,0.04000000000002842,0.060000000000000005
2020-03-03,0.0,0.0,0.060000000000000005
2020-03-04,0.0,0.0,0.05
2020-03-05,0.01,0.010000000000028422,0.060000000000000005
2020-03-06,0.08,0.09000000000002842,0.13
2020-03-07,0.14,0.23000000000002843,0.23000000000000004
2020-03-08,0.0,0.22000000000002842,0.23000000000000004
2020-03-09,0.0,0.14000000000002844,0.23000000000000004
2020-03-10,0.0,0.0,0.23000000000000004
2020-03-11,0.0,0.0,0.23000000000000004
2020-03-12,0.0,0.0,0.22000000000000003
2020-03-13,0.0,0.0,0.14000000000000004
2020-03-14,0.0,0.0,0.0
2020-03-15,0.0,0.0,0.0
2020-03-16,0.0,0.0,0.0
2020-03-17,0.0,0.0,0.0
2020-03-18,0.0,0.0,0.0
2020-03-19,0.0,0.0,0.0
2020-03-20,0.0,0.0,0.0
2020-03-21,0.0,0.0,0.0
2020-03-22,0.04,0.04000000000002842,0.04000000000000003
2020-03-23,0.25,0.2900000000000284,0.29000000000000004
2020-03-24,0.07,0.3600000000000284,0.36000000000000004
2020-03-25,0.01,0.33000000000002844,0.37000000000000005
2020-03-26,0.0,0.08000000000002845,0.37000000000000005
2020-03-27,0.0,0.01000000000002845,0.37000000000000005
2020-03-28,0.0,0.0,0.37000000000000005
2020-03-29,0.0,0.0,0.33000000000000007
2020-03-30,0.0,0.0,0.08000000000000006
2020-03-31,0.0,0.0,0.010000000000000056
2020-04-01,0.0,0.0,0.0
2020-04-02,0.0,0.0,0.0
2020-04-03,0.0,0.0,0.0
2020-04-04,0.0,0.0,0.0
2020-04-05,0.0,0.0,0.0
2020-04-06,2.84,2.8400000000000283,2.84
2020-04-07,0.78,3.6200000000000285,3.62
2020-04-08,2.5,6.1200000000000285,6.12
2020-04-09,6.72,10.000000000000028,12.84
2020-04-10,3.8,13.020000000000028,16.64
2020-04-11,0.09,10.61000000000003,16.73
2020-04-12,0.01,3.9000000000000283,16.74
2020-04-13,0.0,0.10000000000002841,13.9
2020-04-14,0.0,0.010000000000028422,13.120000000000001
2020-04-15,0.0,0.0,10.620000000000001
2020-04-16,0.0,0.0,3.9
2020-04-17,0.0,0.0,0.09999999999999999
2020-04-18,0.0,0.0,0.01
2020-04-19,0.01,0.010000000000028422,0.01
2020-04-20,0.0,0.010000000000028422,0.01
2020-04-21,0.02,0.03000000000002842,0.03
2020-04-22,0.05,0.07000000000002843,0.08
2020-04-23,0.29,0.3600000000000284,0.37
2020-04-24,0.01,0.3500000000000284,0.38
2020-04-25,5.65,5.950000000000029,6.03
2020-04-26,7.74,13.400000000000029,13.760000000000002
2020-04-27,7.18,20.57000000000003,20.94
2020-04-28,6.23,21.150000000000027,27.150000000000002
2020-04-29,2.56,15.970000000000029,29.66
2020-04-30,0.19,8.980000000000029,29.560000000000002
2020-05-01,0.05,2.8000000000000287,29.6
2020-05-02,0.05,0.29000000000002846,24.0
2020-05-03,0.01,0.11000000000002842,16.27
2020-05-04,0.01,0.07000000000002843,9.1
2020-05-05,0.0,0.020000000000028422,2.87
2020-05-06,0.02,0.03000000000002842,0.33
2020-05-07,0.05,0.07000000000002843,0.19
2020-05-08,0.07,0.14000000000002844,0.21000000000000002
2020-05-09,0.02,0.14000000000002844,0.18
2020-05-10,0.02,0.11000000000002844,0.19
2020-05-11,11.09,11.130000000000027,11.27
2020-05-12,51.91,63.020000000000024,63.17999999999999
2020-05-13,12.13,75.13000000000002,75.28999999999999
2020-05-14,1.45,65.49000000000002,76.69
2020-05-15,5.46,19.040000000000028,82.08
2020-05-16,1.24,8.150000000000029,83.29999999999998
2020-05-17,0.25,6.950000000000029,83.52999999999999
2020-05-18,2.65,4.140000000000028,75.08999999999999
2020-05-19,1.64,4.540000000000028,24.819999999999993
2020-05-20,0.05,4.340000000000027,12.739999999999993
2020-05-21,0.67,2.3600000000000283,11.959999999999994
2020-05-22,0.01,0.7300000000000285,6.509999999999993
2020-05-23,0.02,0.7000000000000285,5.289999999999992
2020-05-24,0.02,0.050000000000028424,5.0599999999999925
2020-05-25,0.03,0.07000000000002841,2.439999999999993
2020-05-26,0.02,0.07000000000002843,0.819999999999993
2020-05-27,0.04,0.09000000000002842,0.809999999999993
2020-05-28,0.85,0.9100000000000283,0.9899999999999929
2020-05-29,1.06,1.9500000000000284,2.039999999999993
2020-05-30,0.09,2.0000000000000284,2.1099999999999928
2020-05-31,0.06,1.2100000000000284,2.149999999999993
2020-06-01,0.1,0.2500000000000284,2.219999999999993
2020-06-02,0.06,0.22000000000002842,2.259999999999993
2020-06-03,0.04,0.20000000000002843,2.259999999999993
2020-06-04,0.07,0.17000000000002843,1.4799999999999929
2020-06-05,0.33,0.4400000000000285,0.7499999999999929
2020-06-06,0.81,1.2100000000000286,1.469999999999993
2020-06-07,1.0,2.1400000000000285,2.409999999999993
2020-06-08,0.1,1.9100000000000286,2.409999999999993
2020-06-09,0.24,1.3400000000000285,2.5899999999999928
2020-06-10,2.43,2.770000000000029,4.979999999999993
2020-06-11,1.6,4.270000000000029,6.509999999999994
2020-06-12,0.94,4.970000000000029,7.119999999999994
2020-06-13,0.01,2.5500000000000287,6.319999999999993
2020-06-14,0.09,1.040000000000029,5.409999999999993
2020-06-15,0.35,0.4500000000000288,5.659999999999993
2020-06-16,0.2,0.6400000000000288,5.619999999999993
2020-06-17,0.06,0.6100000000000289,3.249999999999993
2020-06-18,0.04,0.30000000000002885,1.6899999999999928
2020-06-19,0.35,0.4500000000000288,1.0999999999999928
2020-06-20,1.1,1.4900000000000289,2.189999999999993
2020-06-21,3.29,4.740000000000029,5.3899999999999935
2020-06-22,7.07,11.46000000000003,12.109999999999994
2020-06-23,5.63,15.99000000000003,17.539999999999992
2020-06-24,8.69,21.39000000000003,26.169999999999995
2020-06-25,6.33,20.650000000000027,32.459999999999994
2020-06-26,0.69,15.710000000000027,32.8
2020-06-27,1.78,8.800000000000027,33.47999999999999
2020-06-28,5.45,7.920000000000027,35.63999999999999
2020-06-29,20.2,27.430000000000028,48.769999999999996
2020-06-30,2.35,28.000000000000025,45.48999999999999
2020-07-01,6.82,29.370000000000026,43.61999999999999
2020-07-02,3.38,12.550000000000026,40.669999999999995
2020-07-03,4.59,14.790000000000024,44.569999999999986
2020-07-04,2.5,10.470000000000024,45.28999999999999
2020-07-05,0.7,7.790000000000025,40.53999999999999
2020-07-06,4.02,7.220000000000025,24.359999999999992
2020-07-07,2.5,7.220000000000025,24.50999999999999
2020-07-08,4.36,10.880000000000024,22.04999999999999
2020-07-09,49.7,56.56000000000003,68.36999999999999
2020-07-10,8.07,62.13000000000003,71.85
2020-07-11,4.61,62.38000000000003,73.96
2020-07-12,9.32,22.00000000000003,82.57999999999998
2020-07-13,16.44,30.37000000000003,95.0
2020-07-14,5.15,30.910000000000032,97.64999999999999
2020-07-15,7.72,29.31000000000003,101.00999999999999
2020-07-16,3.57,16.44000000000003,54.87999999999999
2020-07-17,1.96,13.250000000000028,48.76999999999999
2020-07-18,3.91,9.440000000000028,48.069999999999986
2020-07-19,6.94,12.810000000000029,45.68999999999998
2020-07-20,3.38,14.230000000000029,32.62999999999999
2020-07-21,0.13,10.45000000000003,27.60999999999999
2020-07-22,0.26,3.7700000000000284,20.149999999999984
2020-07-23,4.91,5.300000000000029,21.489999999999984
2020-07-24,6.74,11.910000000000029,26.26999999999999
2020-07-25,6.42,18.07000000000003,28.779999999999987
2020-07-26,2.11,15.27000000000003,23.949999999999985
2020-07-27,2.0,10.53000000000003,22.569999999999986
2020-07-28,3.49,7.60000000000003,25.929999999999986
2020-07-29,7.93,13.42000000000003,33.59999999999999
2020-07-30,4.55,15.97000000000003,33.23999999999999
2020-07-31,6.4,18.88000000000003,32.899999999999984
2020-08-01,10.48,21.43000000000003,36.95999999999999
2020-08-02,21.26,38.14000000000003,56.109999999999985
2020-08-03,6.07,37.81000000000003,60.17999999999999
2020-08-04,1.06,28.390000000000033,57.749999999999986
2020-08-05,0.3,7.430000000000033,50.11999999999999
2020-08-06,0.47,1.830000000000032,46.03999999999999
2020-08-07,1.18,1.950000000000032,40.81999999999999
2020-08-08,10.03,11.680000000000032,40.36999999999999
2020-08-09,9.08,20.29000000000003,28.189999999999984
2020-08-10,1.05,20.160000000000032,23.169999999999984
2020-08-11,6.45,16.580000000000034,28.559999999999988
2020-08-12,0.54,8.040000000000031,28.799999999999986
2020-08-13,1.47,8.460000000000033,29.799999999999986
2020-08-14,0.71,2.7200000000000317,29.329999999999984
2020-08-15,0.09,2.270000000000032,19.389999999999986
2020-08-16,0.29,1.0900000000000318,10.599999999999985
2020-08-17,0.44,0.820000000000032,9.989999999999984
2020-08-18,2.82,3.550000000000032,6.359999999999985
2020-08-19,2.82,6.080000000000032,8.639999999999986
2020-08-20,1.17,6.810000000000031,8.339999999999986
2020-08-21,1.15,5.140000000000032,8.779999999999985
2020-08-22,3.05,5.370000000000031,11.739999999999986
2020-08-23,15.24,19.440000000000033,26.689999999999984
2020-08-24,12.33,30.620000000000033,38.579999999999984
2020-08-25,1.01,28.580000000000034,36.76999999999999
2020-08-26,2.01,15.350000000000032,35.95999999999999
2020-08-27,1.5,4.5200000000000315,36.289999999999985
2020-08-28,0.34,3.8500000000000316,35.47999999999999
2020-08-29,0.5,2.340000000000032,32.92999999999999
2020-08-30,3.47,4.3100000000000325,21.159999999999986
2020-08-31,2.29,6.260000000000033,11.119999999999985
2020-09-01,3.28,9.040000000000033,13.389999999999986
2020-09-02,8.16,13.730000000000032,19.539999999999985
2020-09-03,10.01,21.45000000000003,28.049999999999986
2020-09-04,0.97,19.140000000000033,28.679999999999986
2020-09-05,0.43,11.410000000000032,28.609999999999985
2020-09-06,1.41,2.8100000000000316,26.549999999999986
2020-09-07,4.28,6.120000000000032,28.539999999999985
2020-09-08,2.52,8.210000000000033,27.779999999999987
2020-09-09,3.46,10.260000000000032,23.079999999999984
2020-09-10,4.19,10.170000000000034,17.259999999999984
2020-09-11,0.97,8.620000000000033,17.259999999999987
2020-09-12,3.95,9.110000000000031,20.779999999999987
2020-09-13,17.2,22.120000000000033,36.569999999999986
2020-09-14,4.7,25.85000000000003,36.98999999999999
2020-09-15,3.0,24.900000000000027,37.469999999999985
2020-09-16,7.02,14.72000000000003,41.02999999999999
2020-09-17,3.01,13.030000000000033,39.84999999999998
2020-09-18,22.81,32.84000000000003,61.68999999999998
2020-09-19,27.44,53.26000000000003,85.17999999999998
2020-09-20,3.31,53.56000000000004,71.28999999999999
2020-09-21,0.14,30.890000000000033,66.72999999999999
2020-09-22,0.11,3.560000000000032,63.83999999999998
2020-09-23,0.05,0.300000000000032,56.86999999999999
2020-09-24,0.2,0.36000000000003196,54.05999999999999
2020-09-25,8.21,8.460000000000033,39.45999999999999
2020-09-26,2.08,10.490000000000032,14.099999999999987
2020-09-27,0.82,11.110000000000033,11.609999999999987
2020-09-28,3.93,6.830000000000032,15.399999999999988
2020-09-29,10.51,15.260000000000032,25.799999999999986
2020-09-30,19.29,33.73000000000003,45.039999999999985
2020-10-01,0.43,30.230000000000032,45.26999999999999
2020-10-02,0.67,20.390000000000036,37.72999999999999
2020-10-03,1.43,2.5300000000000358,37.079999999999984
2020-10-04,0.29,2.390000000000035,36.54999999999998
2020-10-05,0.02,1.7400000000000355,32.639999999999986
2020-10-06,2.07,2.3800000000000354,24.199999999999985
2020-10-07,0.65,2.7400000000000353,5.559999999999985
2020-10-08,0.49,3.2100000000000355,5.619999999999986
2020-10-09,3.62,4.760000000000035,8.569999999999986
2020-10-10,6.46,10.570000000000036,13.599999999999985
2020-10-11,5.96,16.040000000000035,19.269999999999985
2020-10-12,1.33,13.750000000000036,20.579999999999988
2020-10-13,1.8,9.090000000000035,20.309999999999988
2020-10-14,0.06,3.1900000000000355,19.719999999999985
2020-10-15,0.04,1.9000000000000357,19.269999999999985
2020-10-16,1.89,1.9900000000000355,17.539999999999985
2020-10-17,7.48,9.410000000000036,18.559999999999988
2020-10-18,6.01,15.380000000000036,18.609999999999985
2020-10-19,10.94,24.430000000000035,28.219999999999985
2020-10-20,6.56,23.510000000000034,32.97999999999998
2020-10-21,8.23,25.730000000000036,41.149999999999984
2020-10-22,6.95,21.740000000000034,48.05999999999999
2020-10-23,32.61,47.790000000000035,78.77999999999999
2020-10-24,0.19,39.75000000000003,71.48999999999998
2020-10-25,0.18,32.98000000000003,65.66
2020-10-26,0.12,0.4900000000000355,54.83999999999999
2020-10-27,1.19,1.4900000000000355,49.46999999999999
2020-10-28,13.98,15.290000000000036,55.219999999999985
2020-10-29,25.21,40.38000000000004,73.47999999999999
2020-10-30,3.79,42.98000000000004,44.65999999999999
2020-10-31,0.0,29.000000000000036,44.46999999999999
2020-11-01,0.0,3.7900000000000356,44.28999999999999
2020-11-02,0.03,0.030000000000035526,44.19999999999998
2020-11-03,1.12,1.1500000000000357,44.12999999999999
2020-11-04,6.71,7.860000000000036,36.859999999999985
2020-11-05,9.95,17.780000000000037,21.599999999999987
2020-11-06,6.13,22.790000000000035,23.939999999999987
2020-11-07,11.82,27.900000000000034,35.75999999999999
2020-11-08,4.73,22.68000000000004,40.48999999999999
2020-11-09,0.01,16.560000000000038,40.469999999999985
2020-11-10,0.86,5.600000000000036,40.20999999999999
2020-11-11,14.67,15.540000000000035,48.16999999999999
2020-11-12,20.94,36.47000000000004,59.15999999999998
2020-11-13,18.37,53.98000000000005,71.39999999999999
2020-11-14,7.16,46.47000000000004,66.73999999999998
2020-11-15,42.06,67.59000000000005,104.07
2020-11-16,31.04,80.26000000000005,135.09999999999997
2020-11-17,6.67,79.77000000000004,140.91
2020-11-18,4.03,41.740000000000045,130.26999999999998
2020-11-19,0.69,11.390000000000043,110.01999999999998
2020-11-20,0.01,4.730000000000043,91.65999999999998
2020-11-21,0.0,0.7000000000000426,84.49999999999999
2020-11-22,0.0,0.010000000000042633,42.439999999999976
2020-11-23,3.21,3.2100000000000426,14.609999999999978
2020-11-24,62.58,65.79000000000003,70.51999999999998
2020-11-25,79.03,144.82000000000005,145.51999999999998
2020-11-26,115.52,257.13,260.34999999999997
2020-11-27,8.0,202.55000000000004,268.34
2020-11-28,2.01,125.53000000000004,270.34999999999997
2020-11-29,2.75,12.760000000000042,273.09999999999997
2020-11-30,0.75,5.510000000000042,270.63999999999993
2020-12-01,0.3,3.8000000000000425,208.35999999999996
2020-12-02,17.72,18.770000000000042,147.04999999999998
2020-12-03,60.75,78.77000000000004,92.27999999999999
2020-12-04,33.79,112.26000000000005,118.07
2020-12-05,18.74,113.28000000000004,134.79999999999998
2020-12-06,15.12,67.65000000000003,147.17
2020-12-07,22.26,56.12000000000004,168.67999999999998
2020-12-08,6.99,44.37000000000004,175.37
2020-12-09,5.65,34.90000000000004,163.3
2020-12-10,0.11,12.750000000000043,102.65999999999998
2020-12-11,0.15,5.910000000000043,69.01999999999998
2020-12-12,0.03,0.29000000000004267,50.30999999999998
2020-12-13,0.01,0.19000000000004266,35.19999999999998
2020-12-14,0.05,0.09000000000004263,12.989999999999986
2020-12-15,1.74,1.8000000000000427,7.739999999999986
2020-12-16,12.82,14.610000000000042,14.909999999999986
2020-12-17,8.32,22.88000000000004,23.119999999999987
2020-12-18,0.74,21.88000000000004,23.709999999999983
2020-12-19,0.28,9.340000000000042,23.959999999999987
2020-12-20,0.03,1.0500000000000427,23.979999999999986
2020-12-21,0.02,0.33000000000004265,23.949999999999985
2020-12-22,0.0,0.050000000000042635,22.209999999999987
2020-12-23,0.0,0.020000000000042633,9.389999999999986
2020-12-24,0.0,0.0,1.0699999999999859
2020-12-25,0.01,0.010000000000042633,0.3399999999999858
2020-12-26,0.0,0.010000000000042633,0.05999999999998579
2020-12-27,0.04,0.050000000000042635,0.0699999999999858
2020-12-28,0.04,0.08000000000004263,0.08999999999998579
2020-12-29,0.08,0.16000000000004264,0.16999999999998577
2020-12-30,4.21,4.330000000000043,4.379999999999986
2020-12-31,3.65,7.940000000000042,8.029999999999985
2021-01-01,0.81,8.670000000000043,8.829999999999986
2021-01-02,8.12,12.580000000000041,16.949999999999985
2021-01-03,2.08,11.010000000000042,18.989999999999988
2021-01-04,8.29,18.49000000000004,27.23999999999998
2021-01-05,49.85,60.22000000000004,77.00999999999999
2021-01-06,40.12,98.26000000000005,112.91999999999999
2021-01-07,5.7,95.67000000000004,114.96999999999998
2021-01-08,2.18,48.00000000000005,116.33999999999997
2021-01-09,0.3,8.18000000000005,108.51999999999998
2021-01-10,0.79,3.27000000000005,107.22999999999998
2021-01-11,1.1,2.19000000000005,100.03999999999999
2021-01-12,0.72,2.61000000000005,50.90999999999998
2021-01-13,0.23,2.05000000000005,11.019999999999987
2021-01-14,1.36,2.31000000000005,6.679999999999986
2021-01-15,0.16,1.7500000000000497,4.659999999999986
2021-01-16,0.0,1.5200000000000498,4.359999999999986
2021-01-17,0.0,0.16000000000004974,3.5699999999999856
2021-01-18,0.0,0.0,2.4699999999999855
2021-01-19,0.0,0.0,1.7499999999999858
2021-01-20,0.01,0.010000000000049738,1.5299999999999858
2021-01-21,0.0,0.010000000000049738,0.1699999999999858
2021-01-22,0.0,0.010000000000049738,0.00999999999998579
2021-01-23,0.0,0.0,0.00999999999998579
2021-01-24,0.0,0.0,0.00999999999998579
2021-01-25,0.0,0.0,0.00999999999998579
2021-01-26,0.0,0.0,0.00999999999998579
2021-01-27,0.02,0.02000000000004974,0.01999999999998579
2021-01-28,0.03,0.05000000000004974,0.04999999999998579
2021-01-29,0.09,0.14000000000004975,0.1399999999999858
2021-01-30,0.0,0.12000000000004973,0.1399999999999858
2021-01-31,0.0,0.09000000000004973,0.1399999999999858
2021-02-01,0.0,0.0,0.1399999999999858
2021-02-02,0.34,0.34000000000004976,0.4799999999999858
2021-02-03,0.2,0.5400000000000498,0.6599999999999858
2021-02-04,0.0,0.5400000000000498,0.6299999999999858
2021-02-05,0.0,0.20000000000004975,0.5399999999999858
2021-02-06,0.0,0.0,0.5399999999999858
2021-02-07,0.0,0.0,0.5399999999999858
2021-02-08,0.0,0.0,0.5399999999999858
2021-02-09,0.0,0.0,0.1999999999999858
2021-02-10,0.0,0.0,0.0
2021-02-11,0.0,0.0,0.0
2021-02-12,0.0,0.0,0.0
2021-02-13,0.0,0.0,0.0
2021-02-14,0.0,0.0,0.0
2021-02-15,0.0,0.0,0.0
2021-02-16,0.0,0.0,0.0
2021-02-17,0.0,0.0,0.0
2021-02-18,0.0,0.0,0.0
2021-02-19,2.22,2.22000000000005,2.219999999999986
2021-02-20,4.31,6.530000000000049,6.529999999999985
2021-02-21,16.57,23.10000000000005,23.099999999999987
2021-02-22,0.17,21.050000000000054,23.26999999999999
2021-02-23,0.0,16.74000000000005,23.26999999999999
2021-02-24,0.0,0.17000000000004975,23.26999999999999
2021-02-25,0.0,0.0,23.26999999999999
2021-02-26,0.0,0.0,21.04999999999999
2021-02-27,0.0,0.0,16.739999999999988
2021-02-28,0.0,0.0,0.1699999999999858
2021-03-01,0.0,0.0,0.0
2021-03-02,0.0,0.0,0.0
2021-03-03,0.0,0.0,0.0
2021-03-04,0.0,0.0,0.0
2021-03-05,0.0,0.0,0.0
2021-03-06,0.0,0.0,0.0
2021-03-07,0.0,0.0,0.0
2021-03-08,0.0,0.0,0.0
2021-03-09,0.01,0.010000000000049738,0.00999999999998579
2021-03-10,0.0,0.010000000000049738,0.00999999999998579
2021-03-11,0.0,0.010000000000049738,0.00999999999998579
2021-03-12,0.0,0.0,0.00999999999998579
2021-03-13,0.0,0.0,0.00999999999998579
2021-03-14,0.0,0.0,0.00999999999998579
2021-03-15,0.0,0.0,0.00999999999998579
2021-03-16,0.0,0.0,0.0
2021-03-17,0.0,0.0,0.0
2021-03-18,0.0,0.0,0.0
2021-03-19,0.0,0.0,0.0
2021-03-20,0.0,0.0,0.0
2021-03-21,0.0,0.0,0.0
2021-03-22,0.0,0.0,0.0
2021-03-23,0.0,0.0,0.0
2021-03-24,0.0,0.0,0.0
2021-03-25,0.0,0.0,0.0
2021-03-26,0.0,0.0,0.0
2021-03-27,0.0,0.0,0.0
2021-03-28,0.01,0.010000000000049738,0.00999999999998579
2021-03-29,0.0,0.010000000000049738,0.00999999999998579
2021-03-30,0.0,0.010000000000049738,0.00999999999998579
2021-03-31,0.0,0.0,0.00999999999998579
2021-04-01,0.0,0.0,0.00999999999998579
2021-04-02,0.0,0.0,0.00999999999998579
2021-04-03,0.0,0.0,0.00999999999998579
2021-04-04,0.0,0.0,0.0
2021-04-05,0.0,0.0,0.0
2021-04-06,0.01,0.010000000000049738,0.00999999999998579
2021-04-07,0.0,0.010000000000049738,0.00999999999998579
2021-04-08,0.0,0.010000000000049738,0.00999999999998579
2021-04-09,0.0,0.0,0.00999999999998579
2021-04-10,0.01,0.010000000000049738,0.01999999999998579
2021-04-11,0.69,0.7000000000000497,0.7099999999999858
2021-04-12,0.58,1.2800000000000495,1.2899999999999858
2021-04-13,0.57,1.8400000000000496,1.8499999999999857
2021-04-14,11.08,12.23000000000005,12.929999999999986
2021-04-15,9.8,21.450000000000053,22.729999999999986
2021-04-16,0.46,21.34000000000005,23.189999999999987
2021-04-17,0.0,10.260000000000051,23.179999999999986
2021-04-18,0.0,0.46000000000004976,22.489999999999988
2021-04-19,0.02,0.02000000000004974,21.929999999999986
2021-04-20,0.03,0.05000000000004974,21.389999999999986
2021-04-21,0.03,0.08000000000004974,10.339999999999986
2021-04-22,0.0,0.060000000000049736,0.5399999999999858
2021-04-23,0.26,0.2900000000000498,0.3399999999999858
2021-04-24,0.91,1.1700000000000497,1.2499999999999858
2021-04-25,0.04,1.2100000000000497,1.2899999999999858
2021-04-26,0.0,0.9500000000000498,1.2699999999999858
2021-04-27,0.0,0.04000000000004974,1.2399999999999858
2021-04-28,0.01,0.010000000000049738,1.2199999999999858
2021-04-29,0.02,0.030000000000049737,1.2399999999999858
2021-04-30,0.09,0.12000000000004973,1.0699999999999859
2021-05-01,0.18,0.2900000000000497,0.33999999999998587
2021-05-02,0.77,1.0400000000000498,1.0699999999999859
2021-05-03,1.06,2.01000000000005,2.1299999999999857
2021-05-04,1.27,3.1000000000000503,3.399999999999986
2021-05-05,0.06,2.39000000000005,3.4499999999999855
2021-05-06,0.07,1.40000000000005,3.4999999999999862
2021-05-07,1.33,1.4600000000000501,4.739999999999986
2021-05-08,0.93,2.3300000000000503,5.489999999999986
2021-05-09,0.03,2.29000000000005,4.749999999999986
2021-05-10,0.04,1.0000000000000502,3.729999999999986
2021-05-11,0.26,0.3300000000000502,2.719999999999986
2021-05-12,0.8,1.1000000000000503,3.459999999999986
2021-05-13,0.75,1.8100000000000502,4.139999999999986
2021-05-14,2.04,3.5900000000000505,4.849999999999985
2021-05-15,1.3,4.0900000000000505,5.2199999999999855
2021-05-16,3.05,6.39000000000005,8.239999999999984
2021-05-17,0.71,5.06000000000005,8.909999999999986
2021-05-18,0.31,4.07000000000005,8.959999999999987
2021-05-19,1.81,2.8300000000000507,9.969999999999985
2021-05-20,4.82,6.940000000000051,14.039999999999985
2021-05-21,10.51,17.14000000000005,22.509999999999987
2021-05-22,4.07,19.400000000000052,25.279999999999987
2021-05-23,0.38,14.960000000000052,22.609999999999985
2021-05-24,3.67,8.12000000000005,25.569999999999986
2021-05-25,5.19,9.240000000000052,30.44999999999999
2021-05-26,0.06,8.920000000000051,28.69999999999999
2021-05-27,0.46,5.710000000000052,24.33999999999999
2021-05-28,0.07,0.5900000000000516,13.899999999999986
2021-05-29,0.12,0.6500000000000514,9.949999999999987
2021-05-30,4.67,4.860000000000051,14.239999999999984
2021-05-31,1.86,6.650000000000051,12.429999999999987
2021-06-01,0.11,6.64000000000005,7.349999999999985
2021-06-02,0.01,1.9800000000000508,7.2999999999999865
2021-06-03,0.04,0.16000000000005063,6.879999999999986
2021-06-04,0.51,0.5600000000000507,7.319999999999986
2021-06-05,12.49,13.04000000000005,19.689999999999987
2021-06-06,0.27,13.270000000000051,15.289999999999985
2021-06-07,8.54,21.300000000000047,21.969999999999985
2021-06-08,3.75,12.560000000000048,25.609999999999985
2021-06-09,4.9,17.190000000000047,30.499999999999986
2021-06-10,1.39,10.04000000000005,31.849999999999984
2021-06-11,0.07,6.36000000000005,31.409999999999982
2021-06-12,1.78,3.24000000000005,20.699999999999985
2021-06-13,0.26,2.11000000000005,20.689999999999984
2021-06-14,0.4,2.44000000000005,12.549999999999986
2021-06-15,0.26,0.9200000000000498,9.059999999999986
2021-06-16,0.52,1.18000000000005,4.6799999999999855
2021-06-17,0.46,1.2400000000000497,3.7499999999999862
2021-06-18,0.26,1.2400000000000497,3.9399999999999857
2021-06-19,1.83,2.5500000000000496,3.989999999999986
2021-06-20,0.81,2.90000000000005,4.539999999999986
2021-06-21,0.54,3.1800000000000495,4.6799999999999855
2021-06-22,3.93,5.28000000000005,8.349999999999987
2021-06-23,2.72,7.190000000000051,10.549999999999986
2021-06-24,9.96,16.61000000000005,20.049999999999986
2021-06-25,0.6,13.28000000000005,20.38999999999999
2021-06-26,1.89,12.45000000000005,20.449999999999985
2021-06-27,8.9,11.39000000000005,28.53999999999999
2021-06-28,2.16,12.95000000000005,30.159999999999986
2021-06-29,0.54,11.600000000000051,26.769999999999985
2021-06-30,3.03,5.73000000000005,27.079999999999988
2021-07-01,4.58,8.15000000000005,21.69999999999999
2021-07-02,16.13,23.740000000000048,37.22999999999998
2021-07-03,9.11,29.820000000000046,44.44999999999998
2021-07-04,4.88,30.120000000000047,40.429999999999986
2021-07-05,1.7,15.69000000000005,39.96999999999998
2021-07-06,1.71,8.290000000000049,41.13999999999998
2021-07-07,1.06,4.4700000000000495,39.16999999999999
2021-07-08,15.69,18.46000000000005,50.27999999999998
2021-07-09,18.56,35.310000000000045,52.70999999999998
2021-07-10,11.85,46.100000000000044,55.44999999999998
2021-07-11,3.17,33.58000000000004,53.73999999999998
2021-07-12,2.4,17.420000000000048,54.43999999999998
2021-07-13,1.38,6.950000000000049,54.109999999999985
2021-07-14,11.24,15.02000000000005,64.28999999999998
2021-07-15,7.01,19.63000000000005,55.609999999999985
2021-07-16,8.77,27.02000000000005,45.81999999999998
2021-07-17,33.34,49.120000000000054,67.30999999999999
2021-07-18,24.12,66.23000000000006,88.25999999999999
2021-07-19,10.49,67.95000000000006,96.34999999999998
2021-07-20,2.56,37.17000000000005,97.52999999999999
2021-07-21,1.63,14.68000000000005,87.91999999999999
2021-07-22,2.77,6.96000000000005,83.67999999999999
2021-07-23,0.79,5.19000000000005,75.69999999999999
2021-07-24,0.91,4.4700000000000495,43.26999999999999
2021-07-25,3.91,5.61000000000005,23.059999999999988
2021-07-26,3.03,7.850000000000049,15.599999999999985
2021-07-27,1.7,8.64000000000005,14.739999999999986
2021-07-28,0.11,4.84000000000005,13.219999999999986
2021-07-29,0.25,2.06000000000005,10.699999999999985
2021-07-30,0.4,0.7600000000000497,10.309999999999986
2021-07-31,4.41,5.06000000000005,13.809999999999986
2021-08-01,1.9,6.710000000000051,11.799999999999986
2021-08-02,0.66,6.9700000000000495,9.429999999999987
2021-08-03,0.6,3.16000000000005,8.329999999999986
2021-08-04,0.5,1.7600000000000497,8.719999999999986
2021-08-05,2.46,3.56000000000005,10.929999999999987
2021-08-06,2.42,5.38000000000005,12.949999999999987
2021-08-07,4.07,8.950000000000049,12.609999999999987
2021-08-08,3.13,9.62000000000005,13.839999999999986
2021-08-09,8.96,16.160000000000053,22.139999999999986
2021-08-10,5.9,17.99000000000005,27.43999999999999
2021-08-11,2.64,17.500000000000053,29.579999999999988
2021-08-12,3.18,11.720000000000052,30.29999999999999
2021-08-13,2.72,8.540000000000052,30.599999999999987
2021-08-14,1.83,7.730000000000052,28.359999999999985
2021-08-15,2.47,7.020000000000052,27.69999999999999
2021-08-16,3.57,7.8700000000000525,22.309999999999988
2021-08-17,2.72,8.760000000000051,19.12999999999999
2021-08-18,0.18,6.470000000000051,16.669999999999987
2021-08-19,2.56,5.460000000000052,16.049999999999986
2021-08-20,3.84,6.580000000000052,17.169999999999987
2021-08-21,13.32,19.720000000000052,28.659999999999986
2021-08-22,5.64,22.800000000000054,31.829999999999988
2021-08-23,1.42,20.38000000000005,29.679999999999986
2021-08-24,4.75,11.810000000000052,31.709999999999987
2021-08-25,2.59,8.760000000000051,34.11999999999998
2021-08-26,3.66,11.000000000000052,35.219999999999985
2021-08-27,21.55,27.800000000000054,52.929999999999986
2021-08-28,16.04,41.25000000000005,55.649999999999984
2021-08-29,8.29,45.880000000000045,58.29999999999998
2021-08-30,0.44,24.77000000000005,57.31999999999998
2021-08-31,0.99,9.720000000000049,53.55999999999998
2021-09-01,1.4,2.83000000000005,52.36999999999998
2021-09-02,7.02,9.41000000000005,55.72999999999998
2021-09-03,8.8,17.22000000000005,42.97999999999998
2021-09-04,12.16,27.98000000000005,39.09999999999999
2021-09-05,7.22,28.18000000000005,38.02999999999999
2021-09-06,6.91,26.29000000000005,44.499999999999986
2021-09-07,0.43,14.56000000000005,43.93999999999998
2021-09-08,0.06,7.40000000000005,42.59999999999999
2021-09-09,0.15,0.6400000000000498,35.72999999999998
2021-09-10,0.53,0.7400000000000497,27.459999999999987
2021-09-11,0.06,0.7400000000000497,15.359999999999985
2021-09-12,0.17,0.7600000000000497,8.309999999999986
2021-09-13,0.05,0.28000000000004976,1.4499999999999857
2021-09-14,0.04,0.26000000000004975,1.0599999999999858
2021-09-15,1.77,1.8600000000000498,2.769999999999986
2021-09-16,2.6,4.41000000000005,5.219999999999986
2021-09-17,1.42,5.79000000000005,6.109999999999985
2021-09-18,5.01,9.030000000000049,11.059999999999985
2021-09-19,6.04,12.470000000000049,16.929999999999986
2021-09-20,3.03,14.08000000000005,19.909999999999986
2021-09-21,4.59,13.66000000000005,24.459999999999987
2021-09-22,21.25,28.87000000000005,43.93999999999998
2021-09-23,1.37,27.21000000000005,42.70999999999999
2021-09-24,1.87,24.49000000000005,43.15999999999998
2021-09-25,7.28,10.520000000000053,45.429999999999986
2021-09-26,7.13,16.28000000000005,46.51999999999999
2021-09-27,0.08,14.490000000000054,43.569999999999986
2021-09-28,2.25,9.460000000000054,41.22999999999999
2021-09-29,1.48,3.8100000000000533,21.459999999999987
2021-09-30,3.93,7.660000000000053,24.019999999999985
2021-10-01,2.28,7.690000000000053,24.429999999999986
2021-10-02,5.59,11.800000000000052,22.739999999999988
2021-10-03,4.45,12.320000000000054,20.059999999999985
2021-10-04,4.71,14.750000000000053,24.689999999999987
2021-10-05,37.11,46.27000000000005,59.54999999999998
2021-10-06,8.39,50.21000000000005,66.45999999999998
2021-10-07,3.17,48.67000000000006,65.69999999999999
2021-10-08,3.81,15.370000000000058,67.22999999999999
2021-10-09,5.3,12.280000000000056,66.93999999999998
2021-10-10,9.41,18.520000000000056,71.89999999999999
2021-10-11,4.31,19.020000000000056,71.49999999999999
2021-10-12,4.16,17.880000000000056,38.54999999999998
2021-10-13,6.49,14.960000000000058,36.649999999999984
2021-10-14,0.24,10.890000000000057,33.719999999999985
2021-10-15,2.84,9.570000000000057,32.749999999999986
2021-10-16,1.62,4.700000000000057,29.069999999999986
2021-10-17,3.02,7.480000000000057,22.679999999999986
2021-10-18,0.37,5.010000000000057,18.739999999999984
2021-10-19,3.3,6.690000000000056,17.879999999999985
2021-10-20,1.74,5.410000000000057,13.129999999999987
2021-10-21,1.85,6.8900000000000565,14.739999999999986
2021-10-22,0.51,4.1000000000000565,12.409999999999986
2021-10-23,0.54,2.9000000000000568,11.329999999999986
2021-10-24,5.98,7.030000000000057,14.289999999999987
2021-10-25,0.93,7.450000000000057,14.849999999999985
2021-10-26,0.98,7.890000000000057,12.529999999999987
2021-10-27,0.75,2.660000000000057,11.539999999999987
2021-10-28,6.67,8.400000000000057,16.359999999999985
2021-10-29,25.07,32.49000000000006,40.91999999999999
2021-10-30,17.88,49.62000000000006,58.259999999999984
2021-10-31,16.09,59.040000000000056,68.36999999999999
2021-11-01,21.37,55.34000000000006,88.80999999999997
2021-11-02,23.68,61.14000000000006,111.50999999999999
2021-11-03,30.77,75.82000000000005,141.53
2021-11-04,18.47,72.92000000000004,153.32999999999998
2021-11-05,16.95,66.19000000000005,145.20999999999998
2021-11-06,49.77,85.19000000000005,177.1
2021-11-07,40.64,107.36000000000007,201.64999999999998
2021-11-08,36.4,126.81000000000006,216.67999999999998
2021-11-09,16.97,94.01000000000006,209.96999999999997
2021-11-10,84.05,137.42000000000007,263.25
2021-11-11,75.19,176.21000000000004,319.96999999999997
2021-11-12,3.63,162.87000000000006,306.65
2021-11-13,3.72,82.54000000000006,260.59999999999997
2021-11-14,4.74,12.090000000000071,224.69999999999996
2021-11-15,4.57,13.030000000000072,192.86999999999998
2021-11-16,2.4,11.710000000000072,178.29999999999995
2021-11-17,11.0,17.97000000000007,105.24999999999999
2021-11-18,74.21,87.61000000000007,104.26999999999998
2021-11-19,20.62,105.83000000000006,121.25999999999999
2021-11-20,16.63,111.46000000000005,134.17
2021-11-21,7.5,44.75000000000006,136.92999999999998
2021-11-22,5.0,29.130000000000056,137.35999999999999
2021-11-23,2.29,14.790000000000056,137.24999999999997
2021-11-24,2.87,10.160000000000057,129.11999999999998
2021-11-25,18.25,23.410000000000057,73.15999999999998
2021-11-26,58.61,79.73000000000006,111.14999999999998
2021-11-27,29.98,106.84000000000006,124.49999999999999
2021-11-28,61.12,149.71000000000004,178.11999999999998
2021-11-29,12.76,103.86000000000006,185.87999999999997
2021-11-30,9.8,83.68000000000005,193.39
2021-12-01,1.22,23.780000000000058,191.73999999999998
2021-12-02,0.03,11.050000000000058,173.51999999999998
2021-12-03,0.14,1.3900000000000567,115.04999999999998
2021-12-04,0.01,0.18000000000005686,85.07999999999997
2021-12-05,0.15,0.3000000000000569,24.109999999999985
2021-12-06,1.22,1.3800000000000567,12.569999999999986
2021-12-07,0.09,1.460000000000057,2.8599999999999857
2021-12-08,0.38,1.690000000000057,2.019999999999986
2021-12-09,3.98,4.450000000000057,5.9699999999999855
2021-12-10,2.35,6.710000000000058,8.179999999999986
2021-12-11,3.71,10.040000000000058,11.879999999999987
2021-12-12,6.0,12.060000000000057,17.729999999999986
2021-12-13,6.87,16.58000000000006,23.37999999999999
2021-12-14,2.34,15.210000000000058,25.62999999999999
2021-12-15,1.6,10.810000000000057,26.849999999999984
2021-12-16,0.48,4.420000000000057,23.349999999999984
2021-12-17,0.15,2.230000000000057,21.149999999999988
2021-12-18,0.0,0.6300000000000568,17.439999999999987
2021-12-19,0.0,0.15000000000005684,11.439999999999985
2021-12-20,0.0,0.0,4.569999999999986
2021-12-21,0.0,0.0,2.2299999999999858
2021-12-22,0.0,0.0,0.6299999999999858
2021-12-23,0.0,0.0,0.14999999999998578
2021-12-24,0.0,0.0,0.0
2021-12-25,0.0,0.0,0.0
2021-12-26,0.0,0.0,0.0
2021-12-27,0.41,0.4100000000000568,0.40999999999998576
2021-12-28,0.87,1.2800000000000569,1.2799999999999858
2021-12-29,0.92,2.200000000000057,2.199999999999986
2021-12-30,55.65,57.440000000000055,57.84999999999999
2021-12-31,42.52,99.09000000000006,100.36999999999999
2022-01-01,8.69,106.86000000000006,109.05999999999999
2022-01-02,0.5,51.71000000000006,109.55999999999999
2022-01-03,0.02,9.210000000000056,109.16999999999999
2022-01-04,0.01,0.5300000000000569,108.30999999999999
2022-01-05,0.02,0.050000000000056846,107.40999999999998
2022-01-06,0.04,0.07000000000005685,51.79999999999999
2022-01-07,0.03,0.09000000000005684,9.309999999999985
2022-01-08,0.0,0.07000000000005685,0.6199999999999858
2022-01-09,0.0,0.030000000000056842,0.11999999999998578
2022-01-10,0.0,0.0,0.0999999999999858
2022-01-11,0.02,0.020000000000056844,0.10999999999998579
2022-01-12,0.14,0.16000000000005685,0.2299999999999858
2022-01-13,0.95,1.1100000000000567,1.1399999999999857
2022-01-14,0.68,1.7700000000000569,1.7899999999999858
2022-01-15,0.64,2.270000000000057,2.4299999999999855
2022-01-16,5.86,7.180000000000057,8.289999999999985
2022-01-17,6.17,12.670000000000059,14.459999999999987
2022-01-18,1.52,13.550000000000058,15.959999999999987
2022-01-19,0.47,8.160000000000057,16.289999999999985
2022-01-20,0.0,1.9900000000000568,15.339999999999986
2022-01-21,0.0,0.4700000000000568,14.659999999999986
2022-01-22,0.0,0.0,14.019999999999985
2022-01-23,0.59,0.5900000000000568,8.749999999999986
2022-01-24,3.1,3.690000000000057,5.6799999999999855
2022-01-25,1.19,4.880000000000057,5.349999999999986
2022-01-26,0.7,4.990000000000057,5.579999999999986
2022-01-27,0.19,2.080000000000057,5.769999999999985
2022-01-28,0.26,1.1500000000000568,6.029999999999986
2022-01-29,0.08,0.5300000000000569,6.109999999999985
2022-01-30,0.0,0.34000000000005687,5.519999999999985
2022-01-31,0.0,0.08000000000005685,2.4199999999999857
2022-02-01,0.0,0.0,1.2299999999999858
2022-02-02,0.0,0.0,0.5299999999999858
2022-02-03,0.0,0.0,0.3399999999999858
2022-02-04,0.0,0.0,0.07999999999998579
2022-02-05,0.04,0.040000000000056844,0.03999999999998579
2022-02-06,0.0,0.040000000000056844,0.03999999999998579
2022-02-07,0.0,0.040000000000056844,0.03999999999998579
2022-02-08,0.0,0.0,0.03999999999998579
2022-02-09,0.0,0.0,0.03999999999998579
2022-02-10,0.13,0.13000000000005685,0.1699999999999858
2022-02-11,0.25,0.38000000000005685,0.41999999999998583
2022-02-12,0.07,0.45000000000005685,0.44999999999998586
2022-02-13,0.0,0.32000000000005685,0.44999999999998586
2022-02-14,0.03,0.10000000000005685,0.4799999999999859
2022-02-15,0.01,0.040000000000056844,0.48999999999998584
2022-02-16,0.0,0.040000000000056844,0.48999999999998584
2022-02-17,0.0,0.010000000000056844,0.3599999999999858
2022-02-18,0.0,0.0,0.10999999999998582
2022-02-19,0.0,0.0,0.03999999999998582
2022-02-20,0.0,0.0,0.03999999999998582
2022-02-21,0.0,0.0,0.009999999999985817
2022-02-22,0.03,0.030000000000056842,0.029999999999985816
2022-02-23,0.0,0.030000000000056842,0.029999999999985816
2022-02-24,0.0,0.030000000000056842,0.029999999999985816
2022-02-25,0.0,0.0,0.029999999999985816
2022-02-26,0.01,0.010000000000056844,0.03999999999998582
2022-02-27,0.0,0.010000000000056844,0.03999999999998582
2022-02-28,0.0,0.010000000000056844,0.03999999999998582
2022-03-01,0.0,0.0,0.009999999999985817
2022-03-02,0.0,0.0,0.009999999999985817
2022-03-03,0.0,0.0,0.009999999999985817
2022-03-04,0.06,0.06000000000005684,0.06999999999998581
2022-03-05,0.01,0.07000000000005684,0.06999999999998581
2022-03-06,0.89,0.9600000000000568,0.9599999999999859
2022-03-07,0.21,1.1100000000000567,1.169999999999986
2022-03-08,0.0,1.1000000000000567,1.169999999999986
2022-03-09,0.0,0.21000000000005684,1.169999999999986
2022-03-10,0.0,0.0,1.169999999999986
2022-03-11,0.0,0.0,1.1099999999999859
2022-03-12,0.0,0.0,1.0999999999999859
2022-03-13,0.01,0.010000000000056844,0.2199999999999859
2022-03-14,0.0,0.010000000000056844,0.0099999999999859
2022-03-15,0.0,0.010000000000056844,0.0099999999999859
2022-03-16,0.0,0.0,0.0099999999999859
2022-03-17,0.0,0.0,0.0099999999999859
2022-03-18,0.0,0.0,0.0099999999999859
2022-03-19,0.01,0.010000000000056844,0.0199999999999859
2022-03-20,0.08,0.09000000000005684,0.0899999999999859
2022-03-21,0.49,0.5800000000000568,0.5799999999999859
2022-03-22,0.87,1.4400000000000568,1.449999999999986
2022-03-23,0.01,1.3700000000000567,1.4599999999999858
2022-03-24,0.01,0.8900000000000569,1.4699999999999858
2022-03-25,0.0,0.020000000000056844,1.4699999999999858
2022-03-26,0.0,0.010000000000056844,1.4599999999999858
2022-03-27,0.0,0.0,1.3799999999999857
2022-03-28,0.0,0.0,0.8899999999999859
2022-03-29,0.0,0.0,0.0199999999999859
2022-03-30,0.0,0.0,0.0099999999999859
2022-03-31,0.01,0.010000000000056844,0.0099999999999859
2022-04-01,0.0,0.010000000000056844,0.0099999999999859
2022-04-02,0.01,0.020000000000056844,0.0199999999999859
2022-04-03,0.0,0.010000000000056844,0.0199999999999859
2022-04-04,0.01,0.020000000000056844,0.0299999999999859
2022-04-05,0.0,0.010000000000056844,0.0299999999999859
2022-04-06,0.05,0.06000000000005685,0.0799999999999859
2022-04-07,0.1,0.15000000000005687,0.1699999999999859
2022-04-08,0.14,0.2900000000000569,0.30999999999998595
2022-04-09,0.14,0.3800000000000569,0.43999999999998596
2022-04-10,0.66,0.9400000000000569,1.0999999999999859
2022-04-11,0.26,1.060000000000057,1.3499999999999859
2022-04-12,0.07,0.9900000000000568,1.419999999999986
2022-04-13,0.11,0.44000000000005685,1.479999999999986
2022-04-14,0.02,0.20000000000005685,1.3999999999999861
2022-04-15,0.02,0.15000000000005684,1.279999999999986
2022-04-16,0.03,0.07000000000005685,1.1699999999999862
2022-04-17,0.42,0.4700000000000568,0.929999999999986
2022-04-18,0.33,0.7800000000000569,0.9999999999999859
2022-04-19,0.03,0.7800000000000568,0.959999999999986
2022-04-20,0.02,0.38000000000005685,0.8699999999999859
2022-04-21,0.01,0.06000000000005684,0.859999999999986
2022-04-22,0.02,0.050000000000056846,0.8599999999999859
2022-04-23,0.04,0.07000000000005685,0.8699999999999859
2022-04-24,0.0,0.06000000000005684,0.4499999999999859
2022-04-25,0.0,0.040000000000056844,0.1199999999999859
2022-04-26,0.0,0.0,0.0899999999999859
2022-04-27,0.0,0.0,0.0699999999999859
2022-04-28,0.0,0.0,0.059999999999985905
2022-04-29,0.02,0.020000000000056844,0.0599999999999859
2022-04-30,0.01,0.030000000000056842,0.0299999999999859
2022-05-01,0.38,0.4100000000000569,0.40999999999998593
2022-05-02,0.99,1.3800000000000567,1.399999999999986
2022-05-03,0.48,1.850000000000057,1.879999999999986
2022-05-04,1.98,3.450000000000057,3.859999999999986
2022-05-05,1.93,4.3900000000000565,5.789999999999986
2022-05-06,4.02,7.930000000000057,9.789999999999985
2022-05-07,8.16,14.110000000000056,17.939999999999984
2022-05-08,0.52,12.700000000000056,18.079999999999988
2022-05-09,1.28,9.960000000000058,18.369999999999983
2022-05-10,10.74,12.540000000000058,28.629999999999985
2022-05-11,6.44,18.460000000000058,33.08999999999998
2022-05-12,8.99,26.17000000000006,40.149999999999984
2022-05-13,1.16,16.590000000000057,37.289999999999985
2022-05-14,1.15,11.300000000000058,30.279999999999983
2022-05-15,7.5,9.81000000000006,37.259999999999984
2022-05-16,6.12,14.770000000000058,42.09999999999998
2022-05-17,2.55,16.17000000000006,33.90999999999998
2022-05-18,1.4,10.070000000000057,28.869999999999983
2022-05-19,0.45,4.400000000000058,20.32999999999998
2022-05-20,0.4,2.2500000000000586,19.569999999999983
2022-05-21,0.02,0.8700000000000586,18.439999999999984
2022-05-22,0.03,0.45000000000005863,10.969999999999983
2022-05-23,0.01,0.06000000000005862,4.859999999999982
2022-05-24,0.07,0.11000000000005862,2.379999999999982
2022-05-25,2.43,2.510000000000059,3.4099999999999824
2022-05-26,3.13,5.630000000000059,6.089999999999982
2022-05-27,1.93,7.490000000000059,7.619999999999982
2022-05-28,0.08,5.140000000000059,7.679999999999982
2022-05-29,0.13,2.1400000000000587,7.779999999999982
2022-05-30,0.09,0.30000000000005866,7.859999999999982
2022-05-31,0.03,0.2500000000000586,7.819999999999982
2022-06-01,0.01,0.13000000000005862,5.399999999999982
2022-06-02,0.0,0.04000000000005862,2.2699999999999823
2022-06-03,0.01,0.02000000000005862,0.34999999999998227
2022-06-04,0.01,0.02000000000005862,0.27999999999998226
2022-06-05,1.81,1.8300000000000587,1.9599999999999822
2022-06-06,3.7,5.520000000000059,5.5699999999999825
2022-06-07,2.57,8.080000000000059,8.109999999999982
2022-06-08,0.38,6.650000000000059,8.479999999999983
2022-06-09,0.26,3.2100000000000586,8.739999999999982
2022-06-10,0.21,0.8500000000000586,8.939999999999982
2022-06-11,1.31,1.7800000000000586,10.239999999999982
2022-06-12,1.97,3.490000000000059,10.399999999999983
2022-06-13,1.48,4.760000000000058,8.179999999999982
2022-06-14,1.54,4.990000000000059,7.149999999999982
2022-06-15,8.16,11.18000000000006,14.929999999999982
2022-06-16,8.64,18.34000000000006,23.30999999999998
2022-06-17,7.47,24.27000000000006,30.569999999999983
2022-06-18,4.74,20.850000000000062,33.999999999999986
2022-06-19,28.85,41.06000000000006,60.87999999999998
2022-06-20,18.31,51.90000000000006,77.70999999999998
2022-06-21,23.54,70.70000000000006,99.70999999999998
2022-06-22,9.51,51.360000000000056,101.05999999999997
2022-06-23,3.63,36.68000000000006,96.04999999999997
2022-06-24,2.55,15.69000000000006,91.12999999999998
2022-06-25,1.99,8.17000000000006,88.37999999999998
2022-06-26,0.65,5.19000000000006,60.17999999999998
2022-06-27,2.44,5.0800000000000605,44.309999999999974
2022-06-28,2.59,5.68000000000006,23.35999999999998
2022-06-29,5.16,10.190000000000062,19.009999999999984
2022-06-30,5.14,12.890000000000061,20.519999999999982
2022-07-01,4.5,14.800000000000061,22.46999999999998
2022-07-02,3.0,12.640000000000061,23.479999999999983
2022-07-03,3.04,10.54000000000006,25.869999999999983
2022-07-04,3.24,9.280000000000062,26.669999999999984
2022-07-05,6.45,12.73000000000006,30.529999999999983
2022-07-06,4.59,14.280000000000062,29.959999999999983
2022-07-07,1.75,12.79000000000006,26.569999999999983
2022-07-08,3.76,10.10000000000006,25.829999999999984
2022-07-09,2.01,7.52000000000006,24.839999999999982
2022-07-10,2.79,8.56000000000006,24.589999999999982
2022-07-11,1.15,5.95000000000006,22.499999999999982
2022-07-12,1.38,5.320000000000061,17.429999999999982
2022-07-13,2.29,4.820000000000061,15.129999999999983
2022-07-14,0.31,3.9800000000000604,13.68999999999998
2022-07-15,0.09,2.6900000000000603,10.019999999999984
2022-07-16,5.09,5.490000000000061,13.099999999999984
2022-07-17,9.42,14.600000000000062,19.729999999999983
2022-07-18,2.0,16.510000000000062,20.579999999999984
2022-07-19,0.94,12.36000000000006,20.13999999999998
2022-07-20,10.14,13.080000000000059,27.98999999999998
2022-07-21,5.89,16.97000000000006,33.56999999999998
2022-07-22,15.58,31.610000000000056,49.059999999999974
2022-07-23,1.46,22.930000000000057,45.42999999999998
2022-07-24,3.4,20.440000000000058,39.40999999999998
2022-07-25,3.46,8.320000000000057,40.869999999999976
2022-07-26,7.74,14.600000000000058,47.66999999999998
2022-07-27,0.2,11.400000000000057,37.72999999999998
2022-07-28,0.75,8.690000000000058,32.58999999999998
2022-07-29,0.73,1.6800000000000577,17.73999999999998
2022-07-30,1.37,2.850000000000058,17.649999999999977
2022-07-31,4.17,6.270000000000058,18.41999999999998
2022-08-01,8.36,13.900000000000057,23.31999999999998
2022-08-02,6.98,19.51000000000006,22.55999999999998
2022-08-03,14.47,29.81000000000006,36.829999999999984
2022-08-04,6.52,27.97000000000006,42.59999999999998
2022-08-05,3.08,24.070000000000057,44.949999999999974
2022-08-06,1.04,10.640000000000057,44.619999999999976
2022-08-07,0.62,4.740000000000059,41.06999999999998
2022-08-08,0.33,1.9900000000000586,33.03999999999998
2022-08-09,0.02,0.9700000000000586,26.07999999999998
2022-08-10,0.0,0.35000000000005865,11.60999999999998
2022-08-11,0.02,0.04000000000005862,5.109999999999981
2022-08-12,0.02,0.04000000000005862,2.0499999999999807
2022-08-13,0.04,0.08000000000005862,1.0499999999999805
2022-08-14,0.02,0.08000000000005862,0.44999999999998047
2022-08-15,2.09,2.1500000000000585,2.2099999999999804
2022-08-16,8.22,10.330000000000059,10.40999999999998
2022-08-17,8.62,18.930000000000057,19.02999999999998
2022-08-18,4.21,21.050000000000058,23.21999999999998
2022-08-19,4.58,17.410000000000057,27.77999999999998
2022-08-20,1.33,10.120000000000058,29.069999999999983
2022-08-21,9.65,15.56000000000006,38.699999999999974
2022-08-22,10.86,21.84000000000006,47.469999999999985
2022-08-23,21.98,42.49000000000006,61.22999999999998
2022-08-24,9.93,42.77000000000006,62.53999999999998
2022-08-25,9.94,41.85000000000006,68.26999999999998
2022-08-26,12.99,32.860000000000056,76.67999999999998
2022-08-27,12.65,35.580000000000055,87.99999999999999
2022-08-28,8.91,34.55000000000006,87.25999999999998
2022-08-29,9.02,30.580000000000055,85.41999999999997
2022-08-30,1.29,19.22000000000006,64.72999999999998
2022-08-31,10.69,21.000000000000057,65.48999999999998
2022-09-01,12.54,24.520000000000053,68.08999999999997
2022-09-02,2.58,25.810000000000056,57.67999999999998
2022-09-03,0.26,15.380000000000054,45.28999999999998
2022-09-04,1.19,4.030000000000055,37.56999999999997
2022-09-05,0.73,2.180000000000055,29.27999999999998
2022-09-06,11.67,13.590000000000055,39.659999999999975
2022-09-07,2.75,15.150000000000055,31.719999999999978
2022-09-08,6.67,21.090000000000053,25.84999999999998
2022-09-09,1.36,10.780000000000054,24.62999999999998
2022-09-10,1.35,9.380000000000056,25.719999999999978
2022-09-11,0.42,3.1300000000000554,24.949999999999978
2022-09-12,0.11,1.8800000000000552,24.329999999999977
2022-09-13,0.17,0.700000000000055,12.829999999999979
2022-09-14,1.25,1.530000000000055,11.329999999999979
2022-09-15,2.04,3.460000000000055,6.699999999999979
2022-09-16,1.29,4.580000000000055,6.629999999999979
2022-09-17,2.85,6.180000000000055,8.12999999999998
2022-09-18,1.23,5.370000000000055,8.93999999999998
2022-09-19,2.23,6.310000000000056,11.05999999999998
2022-09-20,0.78,4.240000000000055,11.669999999999979
2022-09-21,0.04,3.050000000000055,10.45999999999998
2022-09-22,0.13,0.9500000000000551,8.54999999999998
2022-09-23,0.14,0.3100000000000551,7.399999999999979
2022-09-24,0.83,1.1000000000000552,5.3799999999999795
2022-09-25,0.82,1.790000000000055,4.969999999999978
2022-09-26,4.23,5.880000000000056,6.969999999999979
2022-09-27,9.48,14.530000000000056,15.66999999999998
2022-09-28,5.7,19.410000000000057,21.32999999999998
2022-09-29,4.56,19.740000000000055,25.759999999999984
2022-09-30,5.21,15.470000000000056,30.82999999999998
2022-10-01,5.77,15.540000000000056,35.76999999999998
2022-10-02,0.6,11.580000000000055,35.549999999999976
2022-10-03,0.21,6.580000000000054,31.52999999999998
2022-10-04,0.44,1.250000000000055,22.489999999999977
2022-10-05,10.79,11.440000000000055,27.579999999999977
2022-10-06,22.41,33.64000000000006,45.42999999999998
2022-10-07,3.22,36.42000000000006,43.439999999999976
2022-10-08,10.59,36.220000000000056,48.25999999999998
2022-10-09,17.43,31.24000000000005,65.08999999999997
2022-10-10,5.37,33.39000000000005,70.24999999999999
2022-10-11,9.35,32.15000000000005,79.15999999999997
2022-10-12,2.27,16.990000000000048,70.63999999999997
2022-10-13,2.18,13.800000000000047,50.40999999999998
2022-10-14,2.34,6.79000000000005,49.52999999999997
2022-10-15,4.78,9.30000000000005,43.71999999999998
2022-10-16,5.46,12.58000000000005,31.74999999999998
2022-10-17,2.69,12.93000000000005,29.069999999999975
2022-10-18,6.35,14.500000000000048,26.06999999999998
2022-10-19,5.85,14.890000000000049,29.649999999999977
2022-10-20,16.88,29.080000000000048,44.34999999999998
2022-10-21,6.6,29.330000000000048,48.60999999999998
2022-10-22,2.64,26.120000000000047,46.469999999999985
2022-10-23,1.41,10.65000000000005,42.41999999999998
2022-10-24,0.0,4.05000000000005,39.729999999999976
2022-10-25,0.0,1.4100000000000497,33.37999999999998
2022-10-26,0.02,0.02000000000004974,27.54999999999998
2022-10-27,2.07,2.0900000000000496,12.739999999999977
2022-10-28,10.41,12.50000000000005,16.549999999999976
2022-10-29,3.87,16.35000000000005,17.779999999999976
2022-10-30,7.56,21.84000000000005,23.92999999999998
2022-10-31,25.66,37.090000000000046,49.589999999999975
2022-11-01,54.46,87.68000000000006,104.04999999999998
2022-11-02,28.46,108.58000000000006,132.48999999999998
2022-11-03,24.99,107.91000000000005,155.41
2022-11-04,4.36,57.81000000000005,149.35999999999999
2022-11-05,3.45,32.80000000000005,148.94
2022-11-06,2.51,10.32000000000005,143.89
2022-11-07,8.51,14.470000000000049,126.73999999999997
2022-11-08,4.0,15.020000000000051,76.27999999999997
2022-11-09,1.51,14.020000000000051,49.32999999999998
2022-11-10,3.84,9.35000000000005,28.17999999999998
2022-11-11,67.26,72.61000000000006,91.07999999999998
2022-11-12,35.62,106.72000000000006,123.24999999999997
2022-11-13,35.91,138.79000000000005,156.64999999999998
2022-11-14,7.69,79.22000000000006,155.82999999999996
2022-11-15,7.45,51.050000000000054,159.27999999999997
2022-11-16,0.01,15.150000000000057,157.77999999999997
2022-11-17,0.0,7.460000000000057,153.93999999999997
2022-11-18,0.0,0.010000000000056844,86.67999999999998
2022-11-19,0.0,0.0,51.05999999999998
2022-11-20,0.35,0.3500000000000568,15.499999999999986
2022-11-21,2.31,2.660000000000057,10.119999999999987
2022-11-22,5.68,8.340000000000057,8.349999999999985
2022-11-23,9.63,17.620000000000058,17.969999999999985
2022-11-24,3.0,18.31000000000006,20.969999999999985
2022-11-25,0.3,12.930000000000058,21.269999999999985
2022-11-26,0.14,3.440000000000057,21.409999999999986
2022-11-27,1.01,1.4500000000000568,22.069999999999986
2022-11-28,0.05,1.2000000000000568,19.809999999999985
2022-11-29,0.0,1.060000000000057,14.129999999999987
2022-11-30,1.28,1.330000000000057,5.779999999999986
2022-12-01,2.14,3.4200000000000568,4.919999999999986
2022-12-02,0.14,3.5600000000000573,4.759999999999986
2022-12-03,2.59,4.870000000000057,7.209999999999985
2022-12-04,1.1,3.8300000000000574,7.299999999999986
2022-12-05,0.7,4.390000000000057,7.949999999999986
2022-12-06,0.02,1.8200000000000573,7.9699999999999855
2022-12-07,0.01,0.7300000000000573,6.699999999999985
2022-12-08,14.41,14.440000000000058,18.969999999999985
2022-12-09,58.41,72.83000000000006,77.23999999999998
2022-12-10,59.93,132.75000000000006,134.57999999999998
2022-12-11,14.22,132.56000000000006,147.7
2022-12-12,23.63,97.78000000000006,170.63
2022-12-13,5.64,43.49000000000006,176.24999999999997
2022-12-14,0.8,30.07000000000006,177.04
2022-12-15,0.01,6.450000000000056,162.63999999999996
2022-12-16,0.03,0.8400000000000569,104.25999999999999
2022-12-17,0.03,0.07000000000005685,44.359999999999985
2022-12-18,0.03,0.09,30.169999999999987
2022-12-19,0.04,0.10000000000005685,6.579999999999986
2022-12-20,0.04,0.11000000000005684,0.9799999999999859
2022-12-21,0.07,0.15000000000005687,0.2499999999999858
2022-12-22,0.52,0.6300000000000568,0.7599999999999858
2022-12-23,0.22,0.8100000000000568,0.9499999999999857
2022-12-24,6.68,7.420000000000057,7.599999999999985
2022-12-25,13.2,20.10000000000006,20.769999999999985
2022-12-26,3.62,23.500000000000057,24.349999999999987
2022-12-27,0.41,17.230000000000057,24.719999999999988
2022-12-28,0.02,4.050000000000057,24.669999999999987
2022-12-29,0.0,0.43000000000005684,24.149999999999988
2022-12-30,0.0,0.020000000000056844,23.929999999999986
2022-12-31,0.0,0.0,17.249999999999986
2023-01-01,0.0,0.0,4.049999999999986
2023-01-02,0.0,0.0,0.4299999999999858
2023-01-03,0.01,0.010000000000056844,0.029999999999985788
2023-01-04,0.0,0.010000000000056844,0.00999999999998579
2023-01-05,0.01,0.020000000000056844,0.01999999999998579
2023-01-06,0.01,0.020000000000056844,0.029999999999985788
2023-01-07,0.21,0.23000000000005683,0.23999999999998578
2023-01-08,0.21,0.4300000000000568,0.44999999999998574
2023-01-09,0.0,0.4200000000000568,0.44999999999998574
2023-01-10,0.07,0.28000000000005687,0.5099999999999858
2023-01-11,0.0,0.07000000000005685,0.5099999999999858
2023-01-12,0.0,0.07000000000005685,0.4999999999999858
2023-01-13,0.0,0.0,0.4899999999999858
2023-01-14,0.0,0.0,0.2799999999999858
2023-01-15,0.0,0.0,0.0699999999999858
2023-01-16,0.0,0.0,0.0699999999999858
2023-01-17,0.0,0.0,0.0
2023-01-18,0.0,0.0,0.0
2023-01-19,0.0,0.0,0.0
2023-01-20,0.08,0.08000000000005685,0.07999999999998579
2023-01-21,0.02,0.10000000000005685,0.0999999999999858
2023-01-22,0.0,0.10000000000005685,0.0999999999999858
2023-01-23,0.02,0.040000000000056844,0.11999999999998578
2023-01-24,0.01,0.030000000000056842,0.1299999999999858
2023-01-25,0.0,0.030000000000056842,0.1299999999999858
2023-01-26,0.02,0.030000000000056846,0.14999999999998578
2023-01-27,0.0,0.020000000000056847,0.0699999999999858
2023-01-28,0.03,0.050000000000056846,0.07999999999998578
2023-01-29,0.5,0.5300000000000569,0.5799999999999857
2023-01-30,1.86,2.390000000000057,2.4199999999999857
2023-01-31,0.52,2.880000000000057,2.9299999999999864
2023-02-01,0.5,2.8800000000000567,3.4299999999999864
2023-02-02,0.18,1.2000000000000568,3.589999999999986
2023-02-03,0.34,1.0200000000000569,3.9299999999999864
2023-02-04,0.14,0.6600000000000569,4.039999999999986
2023-02-05,0.0,0.4800000000000569,3.539999999999986
2023-02-06,0.0,0.14000000000005686,1.679999999999986
2023-02-07,0.0,0.0,1.159999999999986
2023-02-08,0.0,0.0,0.6599999999999858
2023-02-09,0.0,0.0,0.4799999999999858
2023-02-10,0.0,0.0,0.1399999999999858
2023-02-11,0.0,0.0,0.0
2023-02-12,0.0,0.0,0.0
2023-02-13,0.0,0.0,0.0
2023-02-14,0.0,0.0,0.0
2023-02-15,0.0,0.0,0.0
2023-02-16,0.0,0.0,0.0
2023-02-17,0.0,0.0,0.0
2023-02-18,0.0,0.0,0.0
2023-02-19,0.0,0.0,0.0
2023-02-20,0.0,0.0,0.0
2023-02-21,0.0,0.0,0.0
2023-02-22,0.0,0.0,0.0
2023-02-23,0.0,0.0,0.0
2023-02-24,0.0,0.0,0.0
2023-02-25,0.0,0.0,0.0
2023-02-26,0.0,0.0,0.0
2023-02-27,0.0,0.0,0.0
2023-02-28,0.0,0.0,0.0
2023-03-01,0.01,0.010000000000056844,0.00999999999998579
2023-03-02,0.0,0.010000000000056844,0.00999999999998579
2023-03-03,0.0,0.010000000000056844,0.00999999999998579
2023-03-04,0.0,0.0,0.00999999999998579
2023-03-05,0.0,0.0,0.00999999999998579
2023-03-06,0.0,0.0,0.00999999999998579
2023-03-07,0.0,0.0,0.00999999999998579
2023-03-08,0.0,0.0,0.0
2023-03-09,0.0,0.0,0.0
2023-03-10,0.0,0.0,0.0
2023-03-11,0.0,0.0,0.0
2023-03-12,0.01,0.010000000000056844,0.00999999999998579
2023-03-13,0.01,0.020000000000056844,0.01999999999998579
2023-03-14,0.02,0.040000000000056844,0.03999999999998579
2023-03-15,0.04,0.07000000000005685,0.07999999999998579
2023-03-16,0.13,0.19000000000005685,0.2099999999999858
2023-03-17,10.01,10.180000000000057,10.219999999999986
2023-03-18,10.1,20.24000000000006,20.319999999999986
2023-03-19,19.92,40.03000000000006,40.22999999999999
2023-03-20,11.9,41.92000000000006,52.11999999999999
2023-03-21,1.79,33.610000000000056,53.889999999999986
2023-03-22,0.39,14.080000000000057,54.23999999999999
2023-03-23,2.02,4.200000000000057,56.12999999999999
2023-03-24,2.69,5.1000000000000565,48.80999999999999
2023-03-25,0.03,4.740000000000057,38.739999999999995
2023-03-26,0.13,2.850000000000057,18.949999999999985
2023-03-27,0.16,0.32000000000005685,7.209999999999986
2023-03-28,0.03,0.3200000000000569,5.449999999999986
2023-03-29,0.01,0.20000000000005685,5.069999999999986
2023-03-30,0.01,0.050000000000056846,3.059999999999986
2023-03-31,0.01,0.03,0.3799999999999858
2023-04-01,0.02,0.040000000000056844,0.3699999999999858
2023-04-02,0.97,1.0000000000000568,1.2099999999999858
2023-04-03,0.26,1.2500000000000568,1.3099999999999858
2023-04-04,0.03,1.2600000000000569,1.3099999999999858
2023-04-05,0.03,0.32000000000005685,1.3299999999999859
2023-04-06,0.01,0.07000000000005684,1.3299999999999859
2023-04-07,0.0,0.040000000000056844,1.3199999999999859
2023-04-08,0.0,0.010000000000056844,1.2999999999999858
2023-04-09,0.01,0.010000000000056844,0.3399999999999858
2023-04-10,0.0,0.010000000000056844,0.07999999999998579
2023-04-11,0.0,0.010000000000056844,0.04999999999998579
2023-04-12,0.0,0.0,0.01999999999998579
2023-04-13,0.0,0.0,0.00999999999998579
2023-04-14,0.0,0.0,0.00999999999998579
2023-04-15,0.0,0.0,0.00999999999998579
2023-04-16,0.0,0.0,0.0
2023-04-17,0.0,0.0,0.0
2023-04-18,0.0,0.0,0.0
2023-04-19,0.0,0.0,0.0
2023-04-20,0.0,0.0,0.0
2023-04-21,0.12,0.12000000000005684,0.11999999999998578
2023-04-22,0.67,0.7900000000000569,0.7899999999999858
2023-04-23,3.5,4.290000000000057,4.289999999999986
2023-04-24,2.17,6.340000000000057,6.459999999999986
2023-04-25,2.14,7.810000000000057,8.599999999999985
2023-04-26,0.07,4.380000000000057,8.669999999999986
2023-04-27,0.09,2.300000000000057,8.759999999999986
2023-04-28,0.32,0.4800000000000568,8.959999999999987
2023-04-29,1.27,1.6800000000000568,9.559999999999985
2023-04-30,0.55,2.1400000000000565,6.609999999999986
2023-05-01,14.52,16.340000000000057,18.959999999999987
2023-05-02,12.13,27.20000000000006,28.94999999999999
2023-05-03,1.28,27.930000000000057,30.159999999999986
2023-05-04,0.98,14.390000000000057,31.049999999999986
2023-05-05,6.0,8.260000000000057,36.72999999999999
2023-05-06,7.4,14.380000000000056,42.85999999999999
2023-05-07,3.23,16.630000000000056,45.539999999999985
2023-05-08,8.36,18.990000000000055,39.37999999999999
2023-05-09,0.14,11.730000000000057,27.389999999999986
2023-05-10,0.15,8.650000000000055,26.259999999999987
2023-05-11,0.07,0.36000000000005683,25.349999999999987
2023-05-12,0.06,0.28000000000005687,19.409999999999986
2023-05-13,0.02,0.15000000000005684,12.029999999999987
2023-05-14,0.01,0.09000000000005684,8.809999999999986
2023-05-15,1.03,1.060000000000057,1.4799999999999875
2023-05-16,0.18,1.2200000000000568,1.5199999999999874
2023-05-17,0.19,1.4000000000000568,1.5599999999999876
2023-05-18,0.1,0.4700000000000568,1.5899999999999874
2023-05-19,0.12,0.4100000000000569,1.6499999999999877
2023-05-20,0.07,0.2900000000000569,1.6999999999999875
2023-05-21,0.17,0.36000000000005683,1.8599999999999877
2023-05-22,0.16,0.40000000000005687,0.9899999999999876
2023-05-23,0.06,0.39000000000005686,0.8699999999999877
2023-05-24,0.06,0.28000000000005687,0.7399999999999876
2023-05-25,0.5,0.6200000000000568,1.1399999999999877
2023-05-26,0.27,0.8300000000000569,1.2899999999999876
2023-05-27,2.46,3.230000000000057,3.6799999999999877
2023-05-28,0.84,3.5700000000000567,4.349999999999988
2023-05-29,0.35,3.6500000000000568,4.539999999999988
2023-05-30,2.08,3.270000000000057,6.559999999999988
2023-05-31,0.58,3.010000000000057,7.079999999999988
2023-06-01,0.5,3.160000000000057,7.079999999999988
2023-06-02,0.17,1.2500000000000568,6.979999999999988
2023-06-03,0.04,0.7100000000000568,4.559999999999987
2023-06-04,0.03,0.24000000000005686,3.7499999999999876
2023-06-05,2.71,2.7800000000000566,6.109999999999987
2023-06-06,1.2,3.9400000000000563,5.229999999999987
2023-06-07,3.04,6.950000000000056,7.689999999999987
2023-06-08,0.35,4.590000000000057,7.539999999999987
2023-06-09,5.24,8.630000000000056,12.609999999999987
2023-06-10,6.7,12.290000000000056,19.26999999999999
2023-06-11,0.01,11.950000000000058,19.249999999999986
2023-06-12,4.57,11.280000000000058,21.109999999999985
2023-06-13,2.31,6.890000000000057,22.219999999999988
2023-06-14,2.5,9.380000000000058,21.67999999999999
2023-06-15,0.73,5.540000000000057,22.059999999999988
2023-06-16,1.61,4.840000000000057,18.42999999999999
2023-06-17,8.83,11.170000000000057,20.559999999999988
2023-06-18,48.9,59.34000000000005,69.44999999999999
2023-06-19,21.5,79.23000000000005,86.38
2023-06-20,12.83,83.23000000000006,96.89999999999999
2023-06-21,1.73,36.06000000000006,96.12999999999998
2023-06-22,8.34,22.900000000000055,103.73999999999998
2023-06-23,6.08,16.150000000000055,108.20999999999998
2023-06-24,3.76,18.180000000000057,103.13999999999999
2023-06-25,7.82,17.660000000000057,62.05999999999999
2023-06-26,0.15,11.730000000000057,40.70999999999999
2023-06-27,0.15,8.120000000000058,28.029999999999987
2023-06-28,0.16,0.4600000000000568,26.459999999999987
2023-06-29,1.62,1.930000000000057,19.739999999999984
2023-06-30,0.56,2.340000000000057,14.219999999999986
2023-07-01,3.01,5.190000000000056,13.469999999999986
2023-07-02,3.24,6.810000000000057,8.889999999999986
2023-07-03,4.82,11.070000000000057,13.559999999999986
2023-07-04,3.92,11.980000000000057,17.329999999999984
2023-07-05,1.34,10.080000000000057,18.509999999999987
2023-07-06,0.15,5.410000000000057,17.039999999999985
2023-07-07,0.22,1.7100000000000568,16.699999999999985
2023-07-08,1.94,2.3100000000000565,15.629999999999987
2023-07-09,4.36,6.520000000000056,16.749999999999986
2023-07-10,8.05,14.350000000000058,19.979999999999986
2023-07-11,3.13,15.540000000000056,19.189999999999987
2023-07-12,12.22,23.40000000000006,30.069999999999986
2023-07-13,11.25,26.60000000000006,41.16999999999999
2023-07-14,0.46,23.93000000000006,41.40999999999999
2023-07-15,0.14,11.850000000000056,39.60999999999999
2023-07-16,0.06,0.6600000000000569,35.30999999999998
2023-07-17,0.11,0.31000000000005684,27.369999999999987
2023-07-18,0.04,0.21000000000005684,24.279999999999987
2023-07-19,0.54,0.6900000000000569,12.599999999999985
2023-07-20,0.03,0.6100000000000569,1.379999999999986
2023-07-21,0.55,1.120000000000057,1.469999999999986
2023-07-22,6.07,6.650000000000057,7.399999999999986
2023-07-23,2.07,8.690000000000056,9.409999999999986
2023-07-24,7.47,15.610000000000058,16.769999999999985
2023-07-25,6.91,16.450000000000056,23.639999999999986
2023-07-26,6.64,21.020000000000056,29.739999999999988
2023-07-27,0.02,13.570000000000057,29.729999999999986
2023-07-28,0.03,6.690000000000056,29.209999999999987
2023-07-29,0.1,0.15000000000005687,23.239999999999984
2023-07-30,0.33,0.4600000000000569,21.499999999999986
2023-07-31,0.18,0.6100000000000568,14.209999999999985
2023-08-01,0.07,0.5800000000000569,7.369999999999986
2023-08-02,0.03,0.28000000000005687,0.7599999999999858
2023-08-03,0.23,0.33000000000005686,0.9699999999999858
2023-08-04,0.7,0.9600000000000568,1.6399999999999857
2023-08-05,0.21,1.1400000000000567,1.7499999999999858
2023-08-06,0.17,1.080000000000057,1.5899999999999856
2023-08-07,0.49,0.8700000000000568,1.8999999999999857
2023-08-08,0.21,0.8700000000000568,2.039999999999986
2023-08-09,2.38,3.080000000000057,4.3899999999999855
2023-08-10,7.97,10.560000000000056,12.129999999999985
2023-08-11,7.84,18.190000000000058,19.269999999999985
2023-08-12,7.11,22.92000000000006,26.169999999999987
2023-08-13,11.98,26.930000000000057,37.97999999999998
2023-08-14,23.59,42.680000000000064,61.07999999999999
2023-08-15,10.31,45.88000000000006,71.17999999999999
2023-08-16,7.46,41.360000000000056,76.25999999999998
2023-08-17,23.85,41.62000000000006,92.13999999999999
2023-08-18,2.91,34.220000000000056,87.21
2023-08-19,5.86,32.62000000000006,85.96
2023-08-20,1.54,10.310000000000061,75.52
2023-08-21,3.55,10.95000000000006,55.47999999999999
2023-08-22,10.89,15.98000000000006,56.05999999999999
2023-08-23,16.42,30.860000000000063,65.01999999999998
2023-08-24,20.33,47.64000000000006,61.499999999999986
2023-08-25,1.48,38.23000000000006,60.069999999999986
2023-08-26,5.42,27.23000000000006,59.62999999999999
2023-08-27,16.61,23.510000000000062,74.69999999999999
2023-08-28,4.07,26.100000000000062,75.22
2023-08-29,10.59,31.270000000000064,74.91999999999999
2023-08-30,5.64,20.300000000000065,64.13999999999999
2023-08-31,3.02,19.250000000000064,46.82999999999999
2023-09-01,2.24,10.900000000000064,47.58999999999999
2023-09-02,5.46,10.720000000000063,47.62999999999998
2023-09-03,32.16,39.860000000000056,63.17999999999998
2023-09-04,2.04,39.66000000000005,61.14999999999998
2023-09-05,2.52,36.720000000000056,53.07999999999998
2023-09-06,4.57,9.130000000000058,52.009999999999984
2023-09-07,19.19,26.280000000000058,68.17999999999998
2023-09-08,1.06,24.820000000000057,66.99999999999999
2023-09-09,0.3,20.550000000000058,61.839999999999975
2023-09-10,0.66,2.020000000000057,30.33999999999998
2023-09-11,0.55,1.5100000000000569,28.84999999999998
2023-09-12,1.8,3.0100000000000566,28.12999999999998
2023-09-13,8.37,10.720000000000056,31.92999999999998
2023-09-14,4.99,15.160000000000055,17.729999999999976
2023-09-15,4.02,17.380000000000056,20.689999999999976
2023-09-16,27.6,36.610000000000056,47.98999999999998
2023-09-17,7.4,39.02000000000005,54.729999999999976
2023-09-18,6.86,41.860000000000056,61.03999999999998
2023-09-19,4.7,18.960000000000058,63.93999999999998
2023-09-20,3.42,14.980000000000057,58.989999999999974
2023-09-21,4.08,12.200000000000058,58.079999999999984
2023-09-22,0.91,8.410000000000057,54.96999999999998
2023-09-23,4.18,9.170000000000057,31.549999999999976
2023-09-24,13.01,18.10000000000006,37.159999999999975
2023-09-25,16.03,33.220000000000056,46.32999999999997
2023-09-26,10.41,39.45000000000006,52.03999999999997
2023-09-27,4.95,31.39000000000006,53.56999999999998
2023-09-28,12.18,27.54000000000006,61.66999999999997
2023-09-29,9.79,26.92000000000006,70.54999999999997
2023-09-30,8.53,30.500000000000057,74.89999999999998
2023-10-01,1.19,19.51000000000006,63.07999999999998
2023-10-02,0.69,10.41000000000006,47.739999999999974
2023-10-03,0.64,2.5200000000000604,37.96999999999997
2023-10-04,5.0,6.3300000000000605,38.019999999999975
2023-10-05,3.78,9.42000000000006,29.619999999999973
2023-10-06,2.56,11.34000000000006,22.389999999999972
2023-10-07,1.1,7.44000000000006,14.959999999999974
2023-10-08,0.63,4.29000000000006,14.399999999999975
2023-10-09,0.4,2.1300000000000603,14.109999999999976
2023-10-10,2.95,3.9800000000000604,16.419999999999973
2023-10-11,2.44,5.79000000000006,13.859999999999975
2023-10-12,0.04,5.43000000000006,10.119999999999976
2023-10-13,0.7,3.18000000000006,8.259999999999975
2023-10-14,3.96,4.70000000000006,11.119999999999976
2023-10-15,0.86,5.52000000000006,11.349999999999975
2023-10-16,0.7,5.52000000000006,11.649999999999974
2023-10-17,0.24,1.8000000000000598,8.939999999999975
2023-10-18,0.01,0.9500000000000599,6.509999999999975
2023-10-19,0.0,0.25000000000005995,6.469999999999975
2023-10-20,0.26,0.27000000000005997,6.029999999999975
2023-10-21,7.89,8.150000000000059,9.959999999999976
2023-10-22,0.46,8.61000000000006,9.559999999999976
2023-10-23,0.01,8.36000000000006,8.869999999999974
2023-10-24,0.0,0.4700000000000604,8.629999999999974
2023-10-25,0.01,0.020000000000060397,8.629999999999974
2023-10-26,0.01,0.020000000000060397,8.639999999999974
2023-10-27,0.03,0.0500000000000604,8.409999999999975
2023-10-28,1.34,1.3800000000000605,1.8599999999999752
2023-10-29,7.24,8.61000000000006,8.639999999999976
2023-10-30,8.84,17.42000000000006,17.469999999999978
2023-10-31,1.3,17.38000000000006,18.769999999999975
2023-11-01,5.87,16.01000000000006,24.629999999999974
2023-11-02,5.84,13.010000000000058,30.459999999999976
2023-11-03,18.86,30.570000000000057,49.28999999999998
2023-11-04,24.68,49.38000000000006,72.62999999999998
2023-11-05,9.19,52.730000000000054,74.57999999999997
2023-11-06,8.74,42.610000000000056,74.47999999999998
2023-11-07,4.44,22.370000000000058,77.61999999999996
2023-11-08,5.75,18.930000000000057,77.49999999999997
2023-11-09,12.07,22.260000000000055,83.72999999999998
2023-11-10,1.73,19.550000000000054,66.59999999999998
2023-11-11,0.01,13.810000000000056,41.92999999999998
2023-11-12,0.03,1.770000000000055,32.76999999999998
2023-11-13,5.77,5.810000000000055,29.799999999999976
2023-11-14,40.48,46.28000000000005,65.83999999999997
2023-11-15,10.98,57.23000000000005,71.06999999999996
2023-11-16,3.49,54.95000000000005,62.48999999999997
2023-11-17,0.9,15.370000000000058,61.65999999999997
2023-11-18,0.76,5.150000000000057,62.40999999999997
2023-11-19,0.38,2.040000000000057,62.75999999999996
2023-11-20,18.5,19.640000000000057,75.48999999999997
2023-11-21,14.95,33.830000000000055,49.95999999999997
2023-11-22,11.15,44.60000000000006,50.129999999999974
2023-11-23,11.14,37.24000000000006,57.77999999999997
2023-11-24,14.33,36.62000000000006,71.20999999999998
2023-11-25,11.86,37.330000000000055,82.30999999999997
2023-11-26,7.68,33.87000000000006,89.60999999999997
2023-11-27,18.5,38.040000000000056,89.60999999999997
2023-11-28,14.1,40.28000000000006,88.75999999999998
2023-11-29,45.11,77.71000000000006,122.71999999999997
2023-11-30,19.95,79.16000000000005,131.52999999999997
2023-12-01,13.28,78.34000000000006,130.47999999999996
2023-12-02,35.1,68.33000000000006,153.71999999999997
2023-12-03,50.09,98.47000000000006,196.12999999999997
2023-12-04,187.88,273.07000000000005,365.51
2023-12-05,2.58,240.55000000000007,353.99
2023-12-06,1.83,192.29000000000005,310.71
2023-12-07,1.35,5.760000000000057,292.11
2023-12-08,0.69,3.870000000000057,279.52
2023-12-09,0.34,2.3800000000000567,244.75999999999996
2023-12-10,0.07,1.100000000000057,194.73999999999998
2023-12-11,0.08,0.4900000000000569,6.939999999999972
2023-12-12,0.12,0.27000000000005686,4.479999999999972
2023-12-13,0.02,0.22000000000005684,2.6699999999999715
2023-12-14,0.03,0.17000000000005686,1.3499999999999714
2023-12-15,7.0,7.050000000000057,7.659999999999972
2023-12-16,1.85,8.880000000000058,9.169999999999972
2023-12-17,0.13,8.980000000000055,9.229999999999972
2023-12-18,0.04,2.020000000000057,9.189999999999971
2023-12-19,0.01,0.18000000000005684,9.079999999999972
2023-12-20,0.01,0.06000000000005684,9.069999999999972
2023-12-21,0.02,0.040000000000056844,9.059999999999972
2023-12-22,0.0,0.030000000000056842,2.0599999999999716
2023-12-23,0.0,0.020000000000056844,0.2099999999999716
2023-12-24,0.01,0.010000000000056844,0.08999999999997157
2023-12-25,0.02,0.030000000000056842,0.06999999999997158
2023-12-26,0.0,0.030000000000056846,0.059999999999971576
2023-12-27,0.02,0.04000000000005685,0.06999999999997158
2023-12-28,0.15,0.17000000000005683,0.1999999999999716
2023-12-29,0.21,0.38000000000005685,0.40999999999997155
2023-12-30,0.01,0.37000000000005684,0.41999999999997156
2023-12-31,0.01,0.23000000000005685,0.41999999999997156
2024-01-01,0.23,0.25000000000005684,0.6299999999999716
2024-01-02,0.04,0.28000000000005687,0.6699999999999716
2024-01-03,1.01,1.2800000000000569,1.6599999999999717
2024-01-04,2.55,3.6000000000000565,4.059999999999972
2024-01-05,1.07,4.630000000000057,4.9199999999999715
2024-01-06,2.85,6.470000000000057,7.759999999999972
2024-01-07,40.16,44.080000000000055,47.90999999999997
2024-01-08,8.1,51.110000000000056,55.77999999999997
2024-01-09,0.68,48.940000000000055,56.419999999999966
2024-01-10,0.02,8.800000000000056,55.429999999999964
2024-01-11,0.0,0.7000000000000569,52.87999999999997
2024-01-12,0.0,0.020000000000056844,51.80999999999997
2024-01-13,0.0,0.0,48.959999999999965
2024-01-14,0.0,0.0,8.79999999999997
2024-01-15,0.0,0.0,0.6999999999999716
2024-01-16,0.0,0.0,0.01999999999997158
2024-01-17,0.0,0.0,0.0
2024-01-18,0.0,0.0,0.0
2024-01-19,0.01,0.010000000000056844,0.009999999999971578
2024-01-20,0.0,0.010000000000056844,0.009999999999971578
2024-01-21,0.0,0.010000000000056844,0.009999999999971578
2024-01-22,0.0,0.0,0.009999999999971578
2024-01-23,0.0,0.0,0.009999999999971578
2024-01-24,0.0,0.0,0.009999999999971578
2024-01-25,0.0,0.0,0.009999999999971578
2024-01-26,0.02,0.020000000000056844,0.01999999999997158
2024-01-27,0.05,0.07000000000005685,0.06999999999997158
2024-01-28,0.0,0.07000000000005685,0.06999999999997158
2024-01-29,0.0,0.050000000000056846,0.06999999999997158
2024-01-30,0.0,0.0,0.06999999999997158
2024-01-31,0.0,0.0,0.06999999999997158
2024-02-01,0.02,0.020000000000056844,0.08999999999997159
2024-02-02,0.02,0.040000000000056844,0.08999999999997157
2024-02-03,0.0,0.040000000000056844,0.03999999999997158
2024-02-04,0.0,0.020000000000056844,0.03999999999997158
2024-02-05,0.0,0.0,0.03999999999997158
2024-02-06,0.0,0.0,0.03999999999997158
2024-02-07,0.0,0.0,0.03999999999997158
2024-02-08,0.0,0.0,0.01999999999997158
2024-02-09,0.0,0.0,0.0
2024-02-10,0.0,0.0,0.0
2024-02-11,0.0,0.0,0.0
2024-02-12,0.0,0.0,0.0
2024-02-13,0.0,0.0,0.0
2024-02-14,0.0,0.0,0.0
2024-02-15,0.0,0.0,0.0
2024-02-16,0.0,0.0,0.0
2024-02-17,0.0,0.0,0.0
2024-02-18,0.0,0.0,0.0
2024-02-19,0.0,0.0,0.0
2024-02-20,0.0,0.0,0.0
2024-02-21,0.0,0.0,0.0
2024-02-22,0.0,0.0,0.0
2024-02-23,0.01,0.010000000000056844,0.009999999999971578
2024-02-24,0.0,0.010000000000056844,0.009999999999971578
2024-02-25,0.0,0.010000000000056844,0.009999999999971578
2024-02-26,0.0,0.0,0.009999999999971578
2024-02-27,0.0,0.0,0.009999999999971578
2024-02-28,0.0,0.0,0.009999999999971578
2024-02-29,0.0,0.0,0.009999999999971578
2024-03-01,0.0,0.0,0.0
2024-03-02,0.0,0.0,0.0
2024-03-03,0.0,0.0,0.0
2024-03-04,0.0,0.0,0.0
2024-03-05,0.0,0.0,0.0
2024-03-06,0.0,0.0,0.0
2024-03-07,0.0,0.0,0.0
2024-03-08,0.0,0.0,0.0
2024-03-09,0.0,0.0,0.0
2024-03-10,0.0,0.0,0.0
2024-03-11,0.01,0.010000000000056844,0.009999999999971578
2024-03-12,0.0,0.010000000000056844,0.009999999999971578
2024-03-13,0.0,0.010000000000056844,0.009999999999971578
2024-03-14,0.0,0.0,0.009999999999971578
2024-03-15,0.0,0.0,0.009999999999971578
2024-03-16,0.0,0.0,0.009999999999971578
2024-03-17,0.0,0.0,0.009999999999971578
2024-03-18,0.0,0.0,0.0
2024-03-19,0.0,0.0,0.0
2024-03-20,0.0,0.0,0.0
2024-03-21,0.02,0.020000000000056844,0.01999999999997158
2024-03-22,0.0,0.020000000000056844,0.01999999999997158
2024-03-23,0.0,0.020000000000056844,0.01999999999997158
2024-03-24,0.0,0.0,0.01999999999997158
2024-03-25,0.0,0.0,0.01999999999997158
2024-03-26,0.0,0.0,0.01999999999997158
2024-03-27,0.0,0.0,0.01999999999997158
2024-03-28,0.0,0.0,0.0
2024-03-29,0.0,0.0,0.0
2024-03-30,0.0,0.0,0.0
2024-03-31,0.0,0.0,0.0
2024-04-01,0.0,0.0,0.0
2024-04-02,0.0,0.0,0.0
2024-04-03,0.0,0.0,0.0
2024-04-04,0.0,0.0,0.0
2024-04-05,0.0,0.0,0.0
2024-04-06,0.0,0.0,0.0
2024-04-07,0.0,0.0,0.0
2024-04-08,0.0,0.0,0.0
2024-04-09,0.0,0.0,0.0
2024-04-10,0.0,0.0,0.0
2024-04-11,0.03,0.030000000000056842,0.029999999999971577
2024-04-12,0.05,0.08000000000005685,0.07999999999997158
2024-04-13,0.06,0.14000000000005686,0.1399999999999716
2024-04-14,0.04,0.15000000000005684,0.17999999999997157
2024-04-15,0.0,0.10000000000005685,0.17999999999997157
2024-04-16,0.0,0.040000000000056844,0.17999999999997157
2024-04-17,0.0,0.0,0.17999999999997157
2024-04-18,0.0,0.0,0.14999999999997157
2024-04-19,0.0,0.0,0.09999999999997158
2024-04-20,0.01,0.010000000000056844,0.04999999999997158
2024-04-21,0.01,0.020000000000056844,0.01999999999997158
2024-04-22,0.0,0.020000000000056844,0.01999999999997158
2024-04-23,0.0,0.010000000000056844,0.01999999999997158
2024-04-24,0.0,0.0,0.01999999999997158
2024-04-25,0.0,0.0,0.01999999999997158
2024-04-26,0.0,0.0,0.01999999999997158
2024-04-27,0.0,0.0,0.009999999999971578
2024-04-28,0.0,0.0,0.0
2024-04-29,0.0,0.0,0.0
2024-04-30,0.0,0.0,0.0
2024-05-01,0.01,0.010000000000056844,0.009999999999971578
2024-05-02,0.01,0.020000000000056844,0.01999999999997158
2024-05-03,0.03,0.050000000000056846,0.04999999999997158
2024-05-04,0.86,0.9000000000000569,0.9099999999999716
2024-05-05,0.29,1.1800000000000568,1.1999999999999715
2024-05-06,0.64,1.7900000000000569,1.8399999999999717
2024-05-07,2.35,3.280000000000057,4.189999999999972
2024-05-08,4.73,7.7200000000000575,8.909999999999972
2024-05-09,0.83,7.910000000000058,9.729999999999972
2024-05-10,0.98,6.540000000000057,10.679999999999971
2024-05-11,0.31,2.120000000000057,10.129999999999972
2024-05-12,0.41,1.7000000000000566,10.249999999999973
2024-05-13,0.64,1.3600000000000567,10.249999999999972
2024-05-14,0.59,1.6400000000000567,8.489999999999972
2024-05-15,0.4,1.6300000000000567,4.159999999999972
2024-05-16,7.7,8.690000000000056,11.029999999999973
2024-05-17,2.99,11.090000000000057,13.03999999999997
2024-05-18,1.74,12.430000000000057,14.469999999999972
2024-05-19,2.76,7.490000000000057,16.819999999999972
2024-05-20,4.13,8.630000000000056,20.309999999999974
2024-05-21,1.98,8.870000000000056,21.69999999999997
2024-05-22,0.73,6.840000000000057,22.029999999999973
2024-05-23,0.34,3.0500000000000567,14.669999999999972
2024-05-24,0.03,1.100000000000057,11.70999999999997
2024-05-25,1.18,1.5500000000000569,11.149999999999972
2024-05-26,0.05,1.2600000000000569,8.439999999999973
2024-05-27,0.01,1.2400000000000568,4.319999999999972
2024-05-28,0.01,0.07000000000005685,2.3499999999999717
2024-05-29,0.01,0.03,1.6299999999999717
2024-05-30,0.26,0.28000000000005687,1.5499999999999716
2024-05-31,0.29,0.5600000000000569,1.8099999999999716
2024-06-01,6.81,7.360000000000056,7.439999999999971
2024-06-02,12.36,19.460000000000058,19.74999999999997
2024-06-03,1.7,20.870000000000058,21.43999999999997
2024-06-04,5.73,19.790000000000056,27.15999999999997
2024-06-05,22.77,30.200000000000056,49.91999999999997
2024-06-06,13.65,42.150000000000055,63.309999999999974
2024-06-07,11.92,48.34000000000005,74.93999999999997
2024-06-08,4.97,30.540000000000056,73.09999999999997
2024-06-09,2.93,19.820000000000057,63.66999999999997
2024-06-10,1.81,9.710000000000058,63.779999999999966
2024-06-11,4.55,9.290000000000056,62.59999999999997
2024-06-12,6.39,12.750000000000057,46.21999999999997
2024-06-13,1.3,12.240000000000057,33.86999999999997
2024-06-14,0.07,7.760000000000057,22.01999999999997
2024-06-15,0.96,2.330000000000057,18.009999999999973
2024-06-16,6.97,8.000000000000057,22.04999999999997
2024-06-17,13.08,21.010000000000055,33.31999999999997
2024-06-18,36.01,56.06000000000005,64.77999999999997
2024-06-19,5.54,54.63000000000005,63.929999999999964
2024-06-20,2.52,44.07000000000006,65.14999999999996
2024-06-21,4.92,12.980000000000057,69.99999999999996
2024-06-22,3.38,10.820000000000057,72.41999999999997
2024-06-23,2.96,11.260000000000058,68.40999999999997
2024-06-24,1.01,7.350000000000057,56.33999999999997
2024-06-25,0.63,4.600000000000057,20.959999999999965
2024-06-26,0.66,2.3000000000000576,16.079999999999966
2024-06-27,0.07,1.3600000000000578,13.629999999999963
2024-06-28,0.0,0.7300000000000577,8.709999999999964
2024-06-29,0.04,0.11000000000005775,5.369999999999965
2024-06-30,17.07,17.110000000000056,19.479999999999965
2024-07-01,2.41,19.520000000000056,20.879999999999963
2024-07-02,0.89,20.370000000000058,21.139999999999965
2024-07-03,19.5,22.800000000000058,39.97999999999996
2024-07-04,2.61,23.000000000000057,42.51999999999997
2024-07-05,22.96,45.07000000000006,65.47999999999996
2024-07-06,9.82,35.39000000000006,75.25999999999998
2024-07-07,11.48,44.26000000000006,69.66999999999996
2024-07-08,2.77,24.070000000000057,70.02999999999997
2024-07-09,3.48,17.730000000000057,72.61999999999998
2024-07-10,4.31,10.560000000000056,57.42999999999997
2024-07-11,17.07,24.860000000000056,71.88999999999996
2024-07-12,29.31,50.690000000000055,78.23999999999997
2024-07-13,8.48,54.860000000000056,76.89999999999996
2024-07-14,7.89,45.68000000000006,73.30999999999996
2024-07-15,5.31,21.680000000000057,75.84999999999997
2024-07-16,1.88,15.080000000000055,74.24999999999997
2024-07-17,1.21,8.400000000000055,71.14999999999996
2024-07-18,4.56,7.650000000000056,58.63999999999996
2024-07-19,0.46,6.230000000000056,29.789999999999964
2024-07-20,0.36,5.380000000000057,21.669999999999963
2024-07-21,0.18,1.0000000000000568,13.959999999999962
2024-07-22,0.02,0.5600000000000569,8.669999999999964
2024-07-23,0.66,0.8600000000000569,7.449999999999964
2024-07-24,0.27,0.9500000000000569,6.509999999999964
2024-07-25,0.05,0.9800000000000569,1.9999999999999645
2024-07-26,0.47,0.7900000000000569,2.0099999999999647
2024-07-27,0.02,0.5400000000000568,1.6699999999999644
2024-07-28,0.01,0.5000000000000568,1.4999999999999645
2024-07-29,1.08,1.110000000000057,2.5599999999999645
2024-07-30,3.44,4.530000000000057,5.339999999999964
2024-07-31,0.93,5.450000000000057,5.9999999999999645
2024-08-01,1.33,5.700000000000057,7.279999999999964
2024-08-02,3.04,5.300000000000057,9.849999999999964
2024-08-03,4.58,8.950000000000056,14.409999999999965
2024-08-04,14.82,22.440000000000055,29.219999999999963
2024-08-05,15.59,34.99000000000006,43.72999999999996
2024-08-06,25.91,56.32000000000005,66.19999999999996
2024-08-07,9.33,50.830000000000055,74.59999999999997
2024-08-08,12.35,47.590000000000046,85.61999999999996
2024-08-09,10.74,32.42000000000005,93.31999999999996
2024-08-10,11.65,34.74000000000005,100.38999999999997
2024-08-11,19.28,41.67000000000006,104.84999999999997
2024-08-12,16.13,47.06000000000005,105.38999999999996
2024-08-13,0.35,35.760000000000055,79.82999999999997
2024-08-14,0.63,17.110000000000053,71.12999999999997
2024-08-15,0.6,1.5800000000000534,59.37999999999997
2024-08-16,0.24,1.470000000000053,48.87999999999996
2024-08-17,0.94,1.780000000000053,38.169999999999966
2024-08-18,1.34,2.5200000000000533,20.229999999999965
2024-08-19,0.21,2.4900000000000535,4.309999999999965
2024-08-20,1.12,2.6700000000000537,5.0799999999999645
2024-08-21,0.49,1.8200000000000534,4.939999999999965
2024-08-22,0.04,1.6500000000000534,4.379999999999965
2024-08-23,0.03,0.5600000000000532,4.169999999999964
2024-08-24,0.06,0.1300000000000533,3.289999999999965
2024-08-25,0.05,0.14000000000005328,1.9999999999999645
2024-08-26,0.05,0.1600000000000533,1.8399999999999646
2024-08-27,2.37,2.4700000000000535,3.0899999999999643
2024-08-28,1.33,3.7500000000000537,3.929999999999964
2024-08-29,1.95,5.650000000000054,5.839999999999964
2024-08-30,12.54,15.820000000000054,18.349999999999962
2024-08-31,4.11,18.600000000000055,22.399999999999963
2024-09-01,0.87,17.520000000000053,23.219999999999963
2024-09-02,8.19,13.170000000000055,31.359999999999964
2024-09-03,5.58,14.640000000000056,34.569999999999965
2024-09-04,1.23,15.000000000000055,34.46999999999996
2024-09-05,3.24,10.050000000000056,35.75999999999996
2024-09-06,3.45,7.920000000000055,26.669999999999963
2024-09-07,0.82,7.510000000000055,23.379999999999963
2024-09-08,0.16,4.430000000000055,22.669999999999963
2024-09-09,0.95,1.930000000000055,15.429999999999962
2024-09-10,0.04,1.150000000000055,9.889999999999963
2024-09-11,0.04,1.030000000000055,8.699999999999962
2024-09-12,0.01,0.09000000000005506,5.4699999999999624
2024-09-13,0.01,0.060000000000055065,2.0299999999999625
2024-09-14,0.02,0.04000000000005507,1.229999999999963
2024-09-15,0.01,0.04000000000005507,1.0799999999999625
2024-09-16,0.01,0.04000000000005507,0.1399999999999627
2024-09-17,0.14,0.16000000000005507,0.23999999999996272
2024-09-18,4.48,4.630000000000056,4.679999999999963
2024-09-19,0.56,5.180000000000057,5.229999999999963
2024-09-20,1.55,6.590000000000056,6.769999999999964
2024-09-21,5.32,7.430000000000056,12.069999999999965
2024-09-22,2.59,9.460000000000056,14.649999999999963
2024-09-23,6.34,14.250000000000055,20.979999999999965
2024-09-24,19.09,28.020000000000053,39.929999999999964
2024-09-25,23.58,49.010000000000055,59.02999999999996
2024-09-26,4.18,46.85000000000006,62.64999999999996
2024-09-27,2.41,30.170000000000055,63.50999999999996
2024-09-28,3.84,10.430000000000057,62.02999999999996
2024-09-29,0.39,6.6400000000000565,59.82999999999996
2024-09-30,0.21,4.440000000000056,53.69999999999996
2024-10-01,0.1,0.7000000000000568,34.709999999999965
2024-10-02,1.93,2.2400000000000566,13.059999999999963
2024-10-03,7.28,9.310000000000057,16.159999999999965
2024-10-04,4.02,13.230000000000057,17.769999999999964
2024-10-05,4.03,15.330000000000057,17.959999999999965
2024-10-06,1.16,9.210000000000056,18.729999999999965
2024-10-07,2.79,7.980000000000056,21.309999999999963
2024-10-08,5.44,9.390000000000057,26.649999999999967
2024-10-09,7.55,15.780000000000056,32.26999999999997
2024-10-10,7.17,20.160000000000053,32.15999999999997
2024-10-11,8.53,23.250000000000057,36.669999999999966
2024-10-12,6.25,21.950000000000053,38.889999999999965
2024-10-13,5.78,20.560000000000056,43.50999999999997
2024-10-14,43.95,55.98000000000006,84.66999999999997
2024-10-15,69.18,118.91000000000007,148.40999999999997
2024-10-16,42.95,156.08000000000007,183.80999999999997
2024-10-17,6.4,118.53000000000007,183.04
2024-10-18,11.4,60.75000000000006,185.91
2024-10-19,15.22,33.02000000000006,194.88
2024-10-20,4.84,31.460000000000058,193.94
2024-10-21,2.64,22.700000000000056,152.62999999999997
2024-10-22,1.8,9.280000000000056,85.24999999999996
2024-10-23,1.17,5.610000000000057,43.469999999999956
2024-10-24,0.63,3.600000000000057,37.69999999999996
2024-10-25,0.45,2.250000000000057,26.749999999999957
2024-10-26,0.0,1.080000000000057,11.529999999999957
2024-10-27,0.05,0.5000000000000568,6.739999999999958
2024-10-28,0.21,0.26000000000005685,4.309999999999957
2024-10-29,2.6,2.860000000000057,5.109999999999957
2024-10-30,16.49,19.300000000000054,20.429999999999957
2024-10-31,8.62,27.710000000000058,28.419999999999952
2024-11-01,4.86,29.970000000000056,32.829999999999956
2024-11-02,6.99,20.47000000000006,39.81999999999996
2024-11-03,4.73,16.580000000000062,44.49999999999995
2024-11-04,0.1,11.820000000000062,44.38999999999996
2024-11-05,0.34,5.170000000000061,42.12999999999995
2024-11-06,9.46,9.900000000000063,35.09999999999995
2024-11-07,12.07,21.87000000000006,38.549999999999955
2024-11-08,1.3,22.830000000000062,34.98999999999996
2024-11-09,0.71,14.080000000000062,28.709999999999958
2024-11-10,0.21,2.2200000000000624,24.189999999999955
2024-11-11,4.45,5.370000000000062,28.539999999999957
2024-11-12,32.81,37.47000000000006,61.00999999999996
2024-11-13,21.94,59.20000000000006,73.48999999999997
2024-11-14,19.89,74.64000000000006,81.30999999999996
2024-11-15,14.61,56.440000000000055,94.61999999999996
2024-11-16,22.68,57.180000000000064,116.58999999999996
2024-11-17,2.12,39.41000000000006,118.49999999999996
2024-11-18,0.03,24.830000000000055,114.07999999999996
2024-11-19,0.02,2.1700000000000568,81.28999999999996
2024-11-20,0.01,0.06000000000005684,59.359999999999964
2024-11-21,0.01,0.040000000000056844,39.479999999999954
2024-11-22,0.07,0.09000000000005685,24.93999999999996
2024-11-23,1.37,1.450000000000057,3.6299999999999577
2024-11-24,0.5,1.940000000000057,2.0099999999999576
2024-11-25,2.11,3.980000000000057,4.089999999999957
2024-11-26,41.96,44.57000000000006,46.02999999999996
2024-11-27,2.84,46.91000000000005,48.85999999999996
2024-11-28,33.16,77.96000000000005,82.00999999999995
2024-11-29,13.71,49.71000000000005,95.64999999999995
2024-11-30,128.29,175.16000000000003,222.56999999999994
2024-12-01,26.52,168.52000000000007,248.58999999999995
2024-12-02,15.65,170.46000000000004,262.12999999999994
2024-12-03,3.13,45.300000000000054,223.29999999999995
2024-12-04,9.92,28.700000000000056,230.37999999999994
2024-12-05,3.32,16.370000000000054,200.53999999999994
2024-12-06,1.01,14.250000000000057,187.83999999999995
2024-12-07,0.12,4.450000000000055,59.669999999999945
2024-12-08,0.03,1.160000000000055,33.17999999999994
2024-12-09,0.11,0.2600000000000551,17.63999999999994
2024-12-10,0.17,0.31000000000005506,14.679999999999941
2024-12-11,20.16,20.440000000000055,24.919999999999945
2024-12-12,79.36,99.69000000000005,100.95999999999995
2024-12-13,1.73,101.25000000000006,101.67999999999994
2024-12-14,0.64,81.73000000000006,102.19999999999995
2024-12-15,0.26,2.6300000000000567,102.42999999999994
2024-12-16,4.15,5.0500000000000576,106.46999999999994
2024-12-17,3.95,8.360000000000058,110.24999999999994
2024-12-18,9.15,17.250000000000057,99.23999999999994
2024-12-19,4.99,18.090000000000057,24.86999999999993
2024-12-20,1.4,15.540000000000058,24.539999999999928
2024-12-21,0.26,6.650000000000057,24.15999999999993
2024-12-22,0.08,1.7400000000000568,23.97999999999993
2024-12-23,0.4,0.7400000000000568,20.22999999999993
2024-12-24,4.83,5.310000000000057,21.10999999999993
2024-12-25,7.4,12.630000000000058,19.35999999999993
2024-12-26,11.98,24.210000000000058,26.34999999999993
2024-12-27,12.62,32.00000000000006,37.56999999999993
2024-12-28,0.23,24.830000000000055,37.53999999999993
2024-12-29,1.31,14.160000000000057,38.769999999999925
2024-12-30,1.47,3.0100000000000566,39.839999999999925
2024-12-31,0.0,2.780000000000057,35.00999999999993
2025-01-01,0.0,1.4700000000000568,27.60999999999993
2025-01-02,0.03,0.030000000000056842,15.659999999999926
2025-01-03,0.01,0.040000000000056844,3.049999999999927
2025-01-04,0.02,0.06000000000005684,2.839999999999927
2025-01-05,0.0,0.030000000000056842,1.5299999999999272
2025-01-06,0.0,0.02000000000005684,0.05999999999992717
2025-01-07,0.0,0.0,0.05999999999992717
2025-01-08,0.0,0.0,0.05999999999992717
2025-01-09,0.05,0.050000000000056846,0.07999999999992717
2025-01-10,0.13,0.18000000000005684,0.19999999999992718
2025-01-11,0.04,0.22000000000005684,0.21999999999992717
2025-01-12,1.95,2.120000000000057,2.169999999999927
2025-01-13,4.08,6.070000000000057,6.249999999999927
2025-01-14,0.23,6.2600000000000575,6.479999999999928
2025-01-15,0.07,4.380000000000057,6.549999999999927
2025-01-16,0.16,0.46000000000005686,6.659999999999927
2025-01-17,0.36,0.5900000000000568,6.889999999999928
2025-01-18,14.07,14.590000000000057,20.919999999999927
2025-01-19,23.57,38.00000000000006,42.53999999999993
2025-01-20,0.04,37.68000000000006,38.49999999999993
2025-01-21,0.04,23.650000000000055,38.309999999999924
2025-01-22,0.01,0.09000000000005684,38.24999999999993
2025-01-23,0.02,0.07000000000005685,38.10999999999993
2025-01-24,0.03,0.06000000000005684,37.77999999999993
2025-01-25,0.01,0.06000000000005684,23.719999999999928
2025-01-26,0.0,0.040000000000056844,0.14999999999992894
2025-01-27,0.0,0.010000000000056844,0.10999999999992893
2025-01-28,0.0,0.0,0.06999999999992894
2025-01-29,0.0,0.0,0.059999999999928944
2025-01-30,0.0,0.0,0.03999999999992895
2025-01-31,0.08,0.08000000000005685,0.08999999999992894
2025-02-01,0.03,0.11000000000005684,0.10999999999992896
2025-02-02,0.02,0.13000000000005685,0.12999999999992895
2025-02-03,0.0,0.050000000000056846,0.12999999999992895
2025-02-04,0.0,0.020000000000056844,0.12999999999992895
2025-02-05,0.0,0.0,0.12999999999992895
2025-02-06,0.0,0.0,0.12999999999992895
2025-02-07,0.0,0.0,0.04999999999992896
2025-02-08,0.0,0.0,0.01999999999992896
2025-02-09,0.0,0.0,0.0
2025-02-10,0.0,0.0,0.0
2025-02-11,0.0,0.0,0.0
2025-02-12,0.0,0.0,0.0
2025-02-13,0.0,0.0,0.0
2025-02-14,0.0,0.0,0.0
2025-02-15,0.0,0.0,0.0
2025-02-16,0.0,0.0,0.0
2025-02-17,0.0,0.0,0.0
2025-02-18,0.0,0.0,0.0
2025-02-19,0.0,0.0,0.0
2025-02-20,0.0,0.0,0.0
2025-02-21,0.0,0.0,0.0
2025-02-22,0.0,0.0,0.0
2025-02-23,0.0,0.0,0.0
2025-02-24,0.0,0.0,0.0
2025-02-25,0.0,0.0,0.0
2025-02-26,0.0,0.0,0.0
2025-02-27,0.0,0.0,0.0
2025-02-28,0.05,0.050000000000056846,0.04999999999992896
2025-03-01,1.14,1.1900000000000568,1.189999999999929
2025-03-02,0.04,1.2300000000000568,1.229999999999929
2025-03-03,0.0,1.1800000000000568,1.229999999999929
2025-03-04,0.0,0.040000000000056844,1.229999999999929
2025-03-05,0.0,0.0,1.229999999999929
2025-03-06,0.0,0.0,1.229999999999929
2025-03-07,0.0,0.0,1.1799999999999289
2025-03-08,0.0,0.0,0.03999999999992895
2025-03-09,0.0,0.0,0.0
2025-03-10,0.07,0.07000000000005685,0.06999999999992895
2025-03-11,10.2,10.270000000000056,10.269999999999929
2025-03-12,2.97,13.240000000000057,13.23999999999993
2025-03-13,0.01,13.180000000000057,13.249999999999929
2025-03-14,0.0,2.980000000000057,13.249999999999929
2025-03-15,0.0,0.010000000000056844,13.249999999999929
2025-03-16,0.0,0.0,13.249999999999929
2025-03-17,0.0,0.0,13.179999999999929
2025-03-18,0.01,0.010000000000056844,2.989999999999929
2025-03-19,0.01,0.020000000000056844,0.029999999999928945
2025-03-20,0.01,0.03,0.029999999999928945
2025-03-21,0.0,0.02000000000005684,0.029999999999928945
2025-03-22,0.02,0.030000000000056846,0.04999999999992895
2025-03-23,0.02,0.04000000000005685,0.06999999999992895
2025-03-24,0.0,0.04000000000005685,0.06999999999992895
2025-03-25,0.02,0.040000000000056844,0.07999999999992895
2025-03-26,0.01,0.030000000000056842,0.07999999999992895
2025-03-27,0.02,0.050000000000056846,0.08999999999992894
2025-03-28,0.0,0.030000000000056846,0.08999999999992894
2025-03-29,0.0,0.020000000000056847,0.06999999999992895
2025-03-30,0.0,0.0,0.04999999999992895
2025-03-31,0.0,0.0,0.04999999999992895
2025-04-01,0.01,0.010000000000056844,0.03999999999992895
2025-04-02,1.78,1.7900000000000569,1.809999999999929
2025-04-03,4.87,6.660000000000057,6.659999999999929
2025-04-04,0.32,6.9700000000000575,6.979999999999929
2025-04-05,1.57,6.760000000000057,8.54999999999993
2025-04-06,0.07,1.960000000000057,8.61999999999993
2025-04-07,0.04,1.680000000000057,8.659999999999929
2025-04-08,0.04,0.15000000000005687,8.68999999999993
2025-04-09,0.12,0.20000000000005685,7.029999999999929
2025-04-10,0.32,0.4800000000000568,2.479999999999929
2025-04-11,2.77,3.210000000000057,4.929999999999929
2025-04-12,0.69,3.7800000000000566,4.049999999999929
2025-04-13,2.15,5.610000000000056,6.129999999999929
2025-04-14,0.53,3.370000000000057,6.619999999999929
2025-04-15,1.65,4.330000000000057,8.22999999999993
2025-04-16,8.33,10.510000000000057,16.43999999999993
2025-04-17,2.91,12.890000000000057,19.02999999999993
2025-04-18,0.45,11.690000000000056,16.70999999999993
2025-04-19,2.5,5.860000000000057,18.51999999999993
2025-04-20,3.16,6.110000000000057,19.52999999999993
2025-04-21,0.46,6.120000000000057,19.45999999999993
2025-04-22,0.0,3.620000000000057,17.80999999999993
2025-04-23,0.0,0.46000000000005686,9.47999999999993
2025-04-24,0.0,0.0,6.569999999999929
2025-04-25,0.0,0.0,6.119999999999929
2025-04-26,0.01,0.010000000000056844,3.6299999999999293
2025-04-27,0.08,0.09000000000005684,0.549999999999929
2025-04-28,0.01,0.10000000000005684,0.09999999999992894
2025-04-29,0.01,0.10000000000005685,0.10999999999992895
2025-04-30,0.01,0.03,0.11999999999992894
2025-05-01,0.2,0.22000000000005684,0.31999999999992895
2025-05-02,0.24,0.4500000000000568,0.559999999999929
2025-05-03,0.4,0.8400000000000568,0.9499999999999289
2025-05-04,4.57,5.210000000000057,5.439999999999929
2025-05-05,2.52,7.490000000000057,7.94999999999993
2025-05-06,3.14,10.230000000000057,11.079999999999929
2025-05-07,5.05,10.710000000000058,16.11999999999993
2025-05-08,2.69,10.880000000000058,18.60999999999993
2025-05-09,3.37,11.110000000000056,21.739999999999927
2025-05-10,0.39,6.450000000000057,21.72999999999993
2025-05-11,0.51,4.270000000000057,17.66999999999993
2025-05-12,0.22,1.120000000000057,15.36999999999993
2025-05-13,0.09,0.8200000000000569,12.31999999999993
2025-05-14,0.39,0.7000000000000568,7.659999999999929
2025-05-15,0.48,0.9600000000000568,5.449999999999929
2025-05-16,1.55,2.4200000000000568,3.629999999999929
2025-05-17,7.68,9.710000000000056,10.919999999999929
2025-05-18,8.05,17.280000000000058,18.45999999999993
2025-05-19,8.72,24.45000000000006,26.95999999999993
2025-05-20,15.23,32.00000000000006,42.09999999999993
2025-05-21,3.43,27.38000000000006,45.13999999999993
2025-05-22,0.22,18.88000000000006,44.879999999999924
2025-05-23,4.82,8.470000000000057,48.149999999999935
2025-05-24,3.01,8.050000000000058,43.47999999999993
2025-05-25,2.32,10.150000000000057,37.749999999999936
2025-05-26,1.7,7.030000000000056,30.72999999999993
2025-05-27,0.86,4.880000000000057,16.35999999999993
2025-05-28,1.02,3.580000000000057,13.94999999999993
2025-05-29,0.66,2.540000000000057,14.38999999999993
2025-05-30,12.93,14.610000000000056,22.49999999999993
2025-05-31,0.1,13.690000000000056,19.589999999999932
2025-06-01,0.03,13.060000000000057,17.29999999999993
2025-06-02,0.53,0.6600000000000569,16.129999999999928
2025-06-03,3.77,4.330000000000057,19.03999999999993
2025-06-04,1.65,5.950000000000056,19.66999999999993
2025-06-05,1.14,6.560000000000057,20.14999999999993
2025-06-06,0.75,3.540000000000057,7.969999999999929
2025-06-07,1.99,3.8800000000000567,9.859999999999928
2025-06-08,1.5,4.240000000000057,11.329999999999927
2025-06-09,3.45,6.940000000000057,14.249999999999929
2025-06-10,2.86,7.810000000000057,13.339999999999929
2025-06-11,7.73,14.040000000000058,19.41999999999993
2025-06-12,5.97,16.560000000000056,24.24999999999993
2025-06-13,5.61,19.31000000000006,29.10999999999993
2025-06-14,1.56,13.140000000000057,28.67999999999993
2025-06-15,0.63,7.8000000000000576,27.80999999999993
2025-06-16,0.01,2.200000000000057,24.369999999999926
2025-06-17,0.07,0.7100000000000568,21.579999999999927
2025-06-18,0.39,0.4700000000000569,14.23999999999993
2025-06-19,0.55,1.0100000000000569,8.81999999999993
2025-06-20,3.09,4.030000000000057,6.299999999999929
2025-06-21,1.3,4.940000000000056,6.039999999999929
2025-06-22,6.11,10.500000000000057,11.519999999999929
2025-06-23,0.74,8.150000000000057,12.249999999999929
2025-06-24,0.37,7.2200000000000575,12.549999999999928
2025-06-25,0.52,1.6300000000000567,12.67999999999993
2025-06-26,0.14,1.0300000000000569,12.269999999999929
2025-06-27,0.33,0.9900000000000568,9.509999999999929
2025-06-28,1.9,2.370000000000057,10.109999999999928
2025-06-29,0.16,2.3900000000000565,4.159999999999929
2025-06-30,1.05,3.1100000000000563,4.469999999999929
2025-07-01,0.43,1.6400000000000567,4.529999999999928
2025-07-02,3.16,4.640000000000057,7.169999999999929
2025-07-03,1.29,4.880000000000058,8.31999999999993
2025-07-04,0.35,4.800000000000057,8.339999999999929
2025-07-05,0.44,2.080000000000057,6.879999999999929
2025-07-06,0.47,1.2600000000000569,7.189999999999929
2025-07-07,0.27,1.1800000000000568,6.409999999999929
2025-07-08,4.39,5.130000000000057,10.36999999999993
2025-07-09,0.94,5.6000000000000565,8.14999999999993
2025-07-10,0.79,6.120000000000056,7.6499999999999275
2025-07-11,2.88,4.610000000000056,10.179999999999929
2025-07-12,8.4,12.070000000000057,18.13999999999993
2025-07-13,3.24,14.520000000000058,20.909999999999933
2025-07-14,3.44,15.080000000000057,24.079999999999927
2025-07-15,2.87,9.550000000000058,22.55999999999993
2025-07-16,16.17,22.48000000000006,37.789999999999935
2025-07-17,8.42,27.460000000000058,45.41999999999993
2025-07-18,19.59,44.180000000000064,62.12999999999993
2025-07-19,13.86,41.87000000000006,67.58999999999993
2025-07-20,3.97,37.42000000000006,68.31999999999994
2025-07-21,4.67,22.500000000000064,69.54999999999993
2025-07-22,0.62,9.260000000000064,67.29999999999994
2025-07-23,3.52,8.810000000000064,54.649999999999935
2025-07-24,1.54,5.680000000000064,47.76999999999993
2025-07-25,0.88,5.940000000000064,29.059999999999928
2025-07-26,0.6,3.020000000000064,15.79999999999993
2025-07-27,0.01,1.490000000000064,11.839999999999929
2025-07-28,0.01,0.6200000000000639,7.179999999999929
2025-07-29,0.07,0.09000000000006396,6.629999999999929
2025-07-30,0.2,0.280000000000064,3.309999999999929
2025-07-31,0.12,0.39000000000006396,1.889999999999929
2025-08-01,0.69,1.010000000000064,1.6999999999999291
2025-08-02,3.41,4.220000000000065,4.509999999999929
2025-08-03,2.9,7.000000000000064,7.399999999999929
2025-08-04,10.4,16.710000000000065,17.789999999999928
2025-08-05,3.79,17.090000000000064,21.50999999999993
2025-08-06,7.22,21.410000000000064,28.52999999999993
2025-08-07,8.47,19.480000000000064,36.87999999999993
2025-08-08,13.42,29.110000000000063,49.60999999999993
2025-08-09,2.09,23.980000000000068,48.28999999999993
2025-08-10,6.63,22.140000000000065,52.01999999999993
2025-08-11,5.99,14.710000000000065,47.60999999999993
2025-08-12,3.55,16.170000000000066,47.36999999999993
2025-08-13,3.22,12.760000000000066,43.36999999999993
2025-08-14,1.13,7.900000000000064,36.02999999999993
2025-08-15,5.37,9.720000000000063,27.97999999999993
2025-08-16,6.26,12.760000000000062,32.14999999999993
2025-08-17,12.03,23.660000000000064,37.549999999999926
2025-08-18,1.55,19.840000000000064,33.10999999999993
2025-08-19,1.86,15.440000000000063,31.41999999999993
2025-08-20,0.31,3.720000000000064,28.509999999999927
2025-08-21,5.29,7.460000000000064,32.66999999999993
2025-08-22,25.69,31.290000000000063,52.989999999999924
2025-08-23,17.58,48.560000000000066,64.30999999999993
2025-08-24,4.46,47.73000000000007,56.739999999999924
2025-08-25,0.06,22.100000000000062,55.24999999999993
2025-08-26,0.21,4.7300000000000635,53.59999999999993
2025-08-27,0.93,1.2000000000000641,54.21999999999993
2025-08-28,0.76,1.9000000000000639,49.68999999999993
2025-08-29,0.97,2.660000000000064,24.969999999999924
2025-08-30,13.45,15.180000000000064,20.839999999999925
2025-08-31,10.11,24.530000000000065,26.489999999999924
2025-09-01,8.21,31.770000000000067,34.63999999999993
2025-09-02,3.33,21.650000000000063,37.75999999999993
2025-09-03,2.16,13.700000000000065,38.989999999999924
2025-09-04,1.66,7.150000000000064,39.88999999999993
2025-09-05,1.34,5.160000000000064,40.25999999999993
2025-09-06,3.3,6.300000000000064,30.109999999999925
2025-09-07,4.69,9.330000000000064,24.689999999999927
2025-09-08,2.33,10.320000000000064,18.809999999999924
2025-09-09,0.34,7.360000000000064,15.819999999999926
2025-09-10,4.93,7.600000000000064,18.589999999999925
2025-09-11,4.48,9.750000000000064,21.409999999999926
2025-09-12,4.13,13.540000000000063,24.199999999999925
2025-09-13,5.7,14.310000000000064,26.599999999999923
2025-09-14,2.34,12.170000000000064,24.24999999999993
2025-09-15,2.9,10.940000000000063,24.819999999999926
2025-09-16,23.12,28.360000000000063,47.59999999999992
2025-09-17,10.36,36.38000000000007,53.02999999999993
2025-09-18,12.65,46.13000000000007,61.199999999999925
2025-09-19,32.99,56.00000000000007,90.05999999999993
2025-09-20,2.88,48.52000000000007,87.23999999999992
2025-09-21,2.84,38.710000000000065,87.73999999999992
2025-09-22,6.84,12.560000000000063,91.67999999999994
2025-09-23,3.03,12.710000000000065,71.58999999999993
2025-09-24,0.07,9.940000000000065,61.299999999999926
2025-09-25,3.02,6.120000000000063,51.66999999999993
2025-09-26,1.68,4.7700000000000635,20.35999999999993
2025-09-27,2.89,7.590000000000064,20.36999999999993
2025-09-28,1.08,5.650000000000064,18.60999999999993
2025-09-29,2.11,6.080000000000064,13.87999999999993
2025-09-30,1.05,4.240000000000064,11.899999999999928
2025-10-01,0.73,3.8900000000000636,12.559999999999928
2025-10-02,4.88,6.660000000000064,14.419999999999927
2025-10-03,15.28,20.89000000000006,28.01999999999993
2025-10-04,3.09,23.25000000000006,28.219999999999928
2025-10-05,8.16,26.53000000000006,35.299999999999926
2025-10-06,6.04,17.29000000000006,39.22999999999993
2025-10-07,2.45,16.650000000000063,40.629999999999924
2025-10-08,1.86,10.35000000000006,41.75999999999993
2025-10-09,2.08,6.390000000000061,38.95999999999993
2025-10-10,3.36,7.300000000000061,27.039999999999928
2025-10-11,1.78,7.22000000000006,25.72999999999993
2025-10-12,5.67,10.81000000000006,23.23999999999993
2025-10-13,5.7,13.15000000000006,22.89999999999993
2025-10-14,5.44,16.81000000000006,25.88999999999993
2025-10-15,8.9,20.040000000000063,32.92999999999993
2025-10-16,11.8,26.140000000000065,42.649999999999935
2025-10-17,15.75,36.45000000000006,55.039999999999935
2025-10-18,16.69,44.240000000000066,69.94999999999993
2025-10-19,3.9,36.34000000000007,68.17999999999994
2025-10-20,30.24,50.83000000000006,92.71999999999993
2025-10-21,46.95,81.09000000000006,134.22999999999993
2025-10-22,41.19,118.38000000000007,166.51999999999992
2025-10-23,12.37,100.51000000000008,167.08999999999992
2025-10-24,20.42,73.98000000000006,171.7599999999999
2025-10-25,7.48,40.27000000000007,162.54999999999993
2025-10-26,6.08,33.98000000000007,164.7299999999999
2025-10-27,16.29,29.850000000000065,150.77999999999992
2025-10-28,26.33,48.70000000000006,130.1599999999999
2025-10-29,0.04,42.66000000000007,89.00999999999993
2025-10-30,0.13,26.500000000000068,76.76999999999992
2025-10-31,0.07,0.24000000000006752,56.41999999999993
2025-11-01,0.02,0.2200000000000675,48.95999999999992
2025-11-02,0.39,0.4800000000000675,43.269999999999925
2025-11-03,0.86,1.2700000000000675,27.83999999999993
2025-11-04,4.18,5.430000000000067,5.6899999999999284
2025-11-05,4.79,9.830000000000068,10.439999999999928
2025-11-06,10.41,19.380000000000067,20.719999999999928
2025-11-07,0.94,16.140000000000068,21.58999999999993
2025-11-08,0.35,11.700000000000067,21.919999999999927
2025-11-09,0.02,1.3100000000000673,21.549999999999926
2025-11-10,0.05,0.4200000000000675,20.739999999999927
2025-11-11,0.07,0.14000000000006751,16.629999999999928
2025-11-12,0.02,0.14000000000006751,11.859999999999928
2025-11-13,0.65,0.7400000000000675,2.099999999999929
2025-11-14,0.02,0.6900000000000674,1.1799999999999289
2025-11-15,0.4,1.0700000000000676,1.229999999999929
2025-11-16,3.91,4.330000000000068,5.119999999999929
2025-11-17,11.36,15.670000000000067,16.42999999999993
2025-11-18,24.32,39.59000000000007,40.67999999999993
2025-11-19,1.21,36.890000000000065,41.869999999999926
2025-11-20,2.51,28.040000000000067,43.729999999999926
2025-11-21,7.87,11.590000000000067,51.57999999999993
2025-11-22,7.69,18.070000000000068,58.869999999999926
2025-11-23,6.74,22.300000000000068,61.69999999999993
2025-11-24,2.33,16.76000000000007,52.66999999999993
2025-11-25,0.32,9.390000000000066,28.66999999999993
2025-11-26,0.04,2.6900000000000674,27.49999999999993
2025-11-27,0.15,0.5100000000000675,25.13999999999993
2025-11-28,0.83,1.0200000000000675,18.09999999999993
2025-11-29,18.97,19.950000000000067,29.379999999999928
2025-11-30,19.99,39.79000000000006,42.629999999999924
2025-12-01,18.38,57.34000000000007,58.67999999999993
2025-12-02,97.64,136.01000000000005,155.99999999999994
2025-12-03,10.99,127.01000000000006,166.94999999999993
2025-12-04,17.1,125.73000000000008,183.89999999999992
2025-12-05,3.6,31.690000000000076,186.66999999999993
2025-12-06,0.7,21.400000000000073,168.39999999999992
2025-12-07,0.08,4.380000000000071,148.48999999999995
2025-12-08,0.03,0.810000000000071,130.13999999999996
2025-12-09,0.29,0.400000000000071,32.789999999999935
2025-12-10,0.0,0.320000000000071,21.79999999999993
2025-12-11,0.0,0.29000000000007103,4.699999999999929
2025-12-12,0.06,0.06000000000007105,1.1599999999999289
2025-12-13,0.0,0.06000000000007105,0.4599999999999289
2025-12-14,0.0,0.06000000000007105,0.3799999999999289
2025-12-15,0.03,0.030000000000071053,0.37999999999992895
2025-12-16,6.23,6.260000000000072,6.319999999999929
2025-12-17,0.35,6.610000000000071,6.669999999999929
2025-12-18,0.0,6.580000000000071,6.669999999999929
2025-12-19,0.0,0.35000000000007103,6.609999999999929
2025-12-20,0.01,0.010000000000071054,6.61999999999993
2025-12-21,0.0,0.010000000000071054,6.61999999999993
2025-12-22,0.0,0.010000000000071054,6.58999999999993
2025-12-23,0.0,0.0,0.35999999999992893
2025-12-24,0.0,0.0,0.009999999999928946
2025-12-25,0.03,0.030000000000071053,0.03999999999992895
2025-12-26,0.0,0.030000000000071053,0.03999999999992895
2025-12-27,0.01,0.040000000000071055,0.03999999999992895
2025-12-28,0.02,0.030000000000071053,0.059999999999928944
2025-12-29,0.02,0.05000000000007106,0.07999999999992895
2025-12-30,0.33,0.37000000000007105,0.409999999999929
2025-12-31,5.15,5.500000000000071,5.559999999999929
