date,rainfall_mm,rainfall_24h,rainfall_3day,rainfall_72h,rainfall_7day,rainfall_30day
2000-01-01,0.04,0.04,0.04,0.04,0.04,0.04
2000-01-02,0.02,0.02,0.06,0.06,0.06,0.06
2000-01-03,0.01,0.01,0.07,0.07,0.07,0.07
2000-01-04,0.0,0.0,0.03,0.03,0.07,0.07
2000-01-05,0.21,0.21,0.22,0.22,0.28,0.28
2000-01-06,0.37,0.37,0.58,0.58,0.65,0.65
2000-01-07,0.01,0.01,0.59,0.59,0.66,0.66
2000-01-08,0.05,0.05,0.43,0.43,0.67,0.71
2000-01-09,0.14,0.14,0.2,0.2,0.79,0.85
2000-01-10,1.54,1.54,1.73,1.73,2.32,2.39
2000-01-11,0.33,0.33,2.01,2.01,2.65,2.72
2000-01-12,0.01,0.01,1.88,1.88,2.45,2.73
2000-01-13,0.0,0.0,0.34,0.34,2.08,2.73
2000-01-14,0.0,0.0,0.01,0.01,2.07,2.73
2000-01-15,0.0,0.0,0.0,0.0,2.02,2.73
2000-01-16,0.0,0.0,0.0,0.0,1.88,2.73
2000-01-17,0.0,0.0,0.0,0.0,0.34,2.73
2000-01-18,0.0,0.0,0.0,0.0,0.01,2.73
2000-01-19,0.0,0.0,0.0,0.0,0.0,2.73
2000-01-20,0.0,0.0,0.0,0.0,0.0,2.73
2000-01-21,0.0,0.0,0.0,0.0,0.0,2.73
2000-01-22,0.0,0.0,0.0,0.0,0.0,2.73
2000-01-23,0.0,0.0,0.0,0.0,0.0,2.73
2000-01-24,0.0,0.0,0.0,0.0,0.0,2.73
2000-01-25,0.0,0.0,0.0,0.0,0.0,2.73
2000-01-26,0.0,0.0,0.0,0.0,0.0,2.73
2000-01-27,0.0,0.0,0.0,0.0,0.0,2.73
2000-01-28,0.0,0.0,0.0,0.0,0.0,2.73
2000-01-29,0.0,0.0,0.0,0.0,0.0,2.73
2000-01-30,0.0,0.0,0.0,0.0,0.0,2.73
2000-01-31,0.0,0.0,0.0,0.0,0.0,2.69
2000-02-01,0.0,0.0,0.0,0.0,0.0,2.67
2000-02-02,0.01,0.01,0.01,0.01,0.01,2.67
2000-02-03,0.28,0.28,0.29,0.29,0.29,2.95
2000-02-04,0.21,0.21,0.5,0.5,0.5,2.95
2000-02-05,0.04,0.04,0.53,0.53,0.54,2.62
2000-02-06,0.01,0.01,0.26,0.26,0.55,2.62
2000-02-07,0.47,0.47,0.52,0.52,1.02,3.04
2000-02-08,1.17,1.17,1.65,1.65,2.19,4.07
2000-02-09,0.09,0.09,1.73,1.73,2.27,2.62
2000-02-10,0.03,0.03,1.29,1.29,2.02,2.32
2000-02-11,0.0,0.0,0.12,0.12,1.81,2.31
2000-02-12,0.0,0.0,0.03,0.03,1.77,2.31
2000-02-13,0.0,0.0,0.0,0.0,1.76,2.31
2000-02-14,0.0,0.0,0.0,0.0,1.29,2.31
2000-02-15,0.0,0.0,0.0,0.0,0.12,2.31
2000-02-16,0.0,0.0,0.0,0.0,0.03,2.31
2000-02-17,0.0,0.0,0.0,0.0,0.0,2.31
2000-02-18,0.0,0.0,0.0,0.0,0.0,2.31
2000-02-19,0.0,0.0,0.0,0.0,0.0,2.31
2000-02-20,0.33,0.33,0.33,0.33,0.33,2.64
2000-02-21,0.51,0.51,0.84,0.84,0.84,3.15
2000-02-22,0.35,0.35,1.19,1.19,1.19,3.5
2000-02-23,11.66,11.66,12.52,12.52,12.85,15.16
2000-02-24,28.68,28.68,40.69,40.69,41.53,43.84
2000-02-25,22.28,22.28,62.62,62.62,63.81,66.12
2000-02-26,23.85,23.85,74.81,74.81,87.66,89.97
2000-02-27,18.26,18.26,64.39,64.39,105.59,108.23
2000-02-28,3.03,3.03,45.14,45.14,108.11,111.26
2000-02-29,0.01,0.01,21.3,21.3,107.77,111.27
2000-03-01,0.0,0.0,3.04,3.04,96.11,111.27
2000-03-02,0.0,0.0,0.01,0.01,67.43,111.27
2000-03-03,0.0,0.0,0.0,0.0,45.15,111.26
2000-03-04,0.0,0.0,0.0,0.0,21.3,110.98
2000-03-05,0.0,0.0,0.0,0.0,3.04,110.77
2000-03-06,0.0,0.0,0.0,0.0,0.01,110.73
2000-03-07,0.01,0.01,0.01,0.01,0.01,110.73
2000-03-08,0.01,0.01,0.02,0.02,0.02,110.27
2000-03-09,0.0,0.0,0.02,0.02,0.02,109.1
2000-03-10,0.0,0.0,0.01,0.01,0.02,109.01
2000-03-11,0.0,0.0,0.0,0.0,0.02,108.98
2000-03-12,0.0,0.0,0.0,0.0,0.02,108.98
2000-03-13,0.0,0.0,0.0,0.0,0.02,108.98
2000-03-14,0.0,0.0,0.0,0.0,0.01,108.98
2000-03-15,0.0,0.0,0.0,0.0,0.0,108.98
2000-03-16,0.0,0.0,0.0,0.0,0.0,108.98
2000-03-17,0.0,0.0,0.0,0.0,0.0,108.98
2000-03-18,0.0,0.0,0.0,0.0,0.0,108.98
2000-03-19,0.0,0.0,0.0,0.0,0.0,108.98
2000-03-20,0.0,0.0,0.0,0.0,0.0,108.98
2000-03-21,0.0,0.0,0.0,0.0,0.0,108.65
2000-03-22,0.0,0.0,0.0,0.0,0.0,108.14
2000-03-23,0.0,0.0,0.0,0.0,0.0,107.79
2000-03-24,0.02,0.02,0.02,0.02,0.02,96.15
2000-03-25,0.0,0.0,0.02,0.02,0.02,67.47
2000-03-26,0.33,0.33,0.35,0.35,0.35,45.52
2000-03-27,0.7,0.7,1.03,1.03,1.05,22.37
2000-03-28,0.96,0.96,1.99,1.99,2.01,5.07
2000-03-29,0.1,0.1,1.76,1.76,2.11,2.14
2000-03-30,0.0,0.0,1.06,1.06,2.11,2.13
2000-03-31,0.0,0.0,0.1,0.1,2.09,2.13
2000-04-01,12.01,12.01,12.01,12.01,14.1,14.14
2000-04-02,0.67,0.67,12.68,12.68,14.44,14.81
2000-04-03,0.51,0.51,13.19,13.19,14.25,15.32
2000-04-04,0.14,0.14,1.32,1.32,13.43,15.46
2000-04-05,0.11,0.11,0.76,0.76,13.44,15.57
2000-04-06,0.0,0.0,0.25,0.25,13.44,15.56
2000-04-07,0.0,0.0,0.11,0.11,13.44,15.55
2000-04-08,0.0,0.0,0.0,0.0,1.43,15.55
2000-04-09,0.0,0.0,0.0,0.0,0.76,15.55
2000-04-10,0.04,0.04,0.04,0.04,0.29,15.59
2000-04-11,0.01,0.01,0.05,0.05,0.16,15.6
2000-04-12,0.04,0.04,0.09,0.09,0.09,15.64
2000-04-13,0.14,0.14,0.19,0.19,0.23,15.78
2000-04-14,0.88,0.88,1.06,1.06,1.11,16.66
2000-04-15,0.25,0.25,1.27,1.27,1.36,16.91
2000-04-16,0.04,0.04,1.17,1.17,1.4,16.95
2000-04-17,0.33,0.33,0.62,0.62,1.69,17.28
2000-04-18,0.05,0.05,0.42,0.42,1.73,17.33
2000-04-19,0.01,0.01,0.39,0.39,1.7,17.34
2000-04-20,0.01,0.01,0.07,0.07,1.57,17.35
2000-04-21,0.02,0.02,0.04,0.04,0.71,17.37
2000-04-22,0.02,0.02,0.05,0.05,0.48,17.39
2000-04-23,0.11,0.11,0.15,0.15,0.55,17.48
2000-04-24,0.71,0.71,0.84,0.84,0.93,18.19
2000-04-25,0.03,0.03,0.85,0.85,0.91,17.89
2000-04-26,0.0,0.0,0.74,0.74,0.9,17.19
2000-04-27,0.02,0.02,0.05,0.05,0.91,16.25
2000-04-28,0.0,0.0,0.02,0.02,0.89,16.15
2000-04-29,0.0,0.0,0.02,0.02,0.87,16.15
2000-04-30,0.01,0.01,0.01,0.01,0.77,16.16
2000-05-01,0.58,0.58,0.59,0.59,0.64,4.73
2000-05-02,0.44,0.44,1.03,1.03,1.05,4.5
2000-05-03,2.51,2.51,3.53,3.53,3.56,6.5
2000-05-04,0.63,0.63,3.58,3.58,4.17,6.99
2000-05-05,0.84,0.84,3.98,3.98,5.01,7.72
2000-05-06,1.87,1.87,3.34,3.34,6.88,9.59
2000-05-07,1.04,1.04,3.75,3.75,7.91,10.63
2000-05-08,4.77,4.77,7.68,7.68,12.1,15.4
2000-05-09,1.58,1.58,7.39,7.39,13.24,16.98
2000-05-10,1.22,1.22,7.57,7.57,11.95,18.16
2000-05-11,0.39,0.39,3.19,3.19,11.71,18.54
2000-05-12,0.02,0.02,1.63,1.63,10.89,18.52
2000-05-13,0.0,0.0,0.41,0.41,9.02,18.38
2000-05-14,0.0,0.0,0.02,0.02,7.98,17.5
2000-05-15,0.09,0.09,0.09,0.09,3.3,17.34
2000-05-16,2.93,2.93,3.02,3.02,4.65,20.23
2000-05-17,0.78,0.78,3.8,3.8,4.21,20.68
2000-05-18,0.05,0.05,3.76,3.76,3.87,20.68
2000-05-19,0.47,0.47,1.3,1.3,4.32,21.14
2000-05-20,0.01,0.01,0.53,0.53,4.33,21.14
2000-05-21,0.05,0.05,0.53,0.53,4.38,21.17
2000-05-22,0.0,0.0,0.06,0.06,4.29,21.15
2000-05-23,0.09,0.09,0.14,0.14,1.45,21.13
2000-05-24,0.47,0.47,0.56,0.56,1.14,20.89
2000-05-25,0.13,0.13,0.69,0.69,1.22,20.99
2000-05-26,0.21,0.21,0.81,0.81,0.96,21.2
2000-05-27,0.13,0.13,0.47,0.47,1.08,21.31
2000-05-28,0.44,0.44,0.78,0.78,1.47,21.75
2000-05-29,0.04,0.04,0.61,0.61,1.51,21.79
2000-05-30,1.65,1.65,2.13,2.13,3.07,23.43
2000-05-31,2.3,2.3,3.99,3.99,4.9,25.15
2000-06-01,1.43,1.43,5.38,5.38,6.2,26.14
2000-06-02,0.69,0.69,4.42,4.42,6.68,24.32
2000-06-03,3.37,3.37,5.49,5.49,9.92,27.06
2000-06-04,2.64,2.64,6.7,6.7,12.12,28.86
2000-06-05,0.34,0.34,6.35,6.35,12.42,27.33
2000-06-06,0.06,0.06,3.04,3.04,10.83,26.35
2000-06-07,0.01,0.01,0.41,0.41,8.54,21.59
2000-06-08,0.0,0.0,0.07,0.07,7.11,20.01
2000-06-09,0.0,0.0,0.01,0.01,6.42,18.79
2000-06-10,0.58,0.58,0.58,0.58,3.63,18.98
2000-06-11,1.54,1.54,2.12,2.12,2.53,20.5
2000-06-12,5.5,5.5,7.62,7.62,7.69,26.0
2000-06-13,0.47,0.47,7.51,7.51,8.1,26.47
2000-06-14,0.22,0.22,6.19,6.19,8.31,26.6
2000-06-15,0.13,0.13,0.82,0.82,8.44,23.8
2000-06-16,0.69,0.69,1.04,1.04,9.13,23.71
2000-06-17,0.51,0.51,1.33,1.33,9.06,24.17
2000-06-18,1.27,1.27,2.47,2.47,8.79,24.97
2000-06-19,15.54,15.54,17.32,17.32,18.83,40.5
2000-06-20,0.86,0.86,17.67,17.67,19.22,41.31
2000-06-21,1.33,1.33,17.73,17.73,20.33,42.64
2000-06-22,4.97,4.97,7.16,7.16,25.17,47.52
2000-06-23,3.16,3.16,9.46,9.46,27.64,50.21
2000-06-24,0.01,0.01,8.14,8.14,27.14,50.09
2000-06-25,0.12,0.12,3.29,3.29,25.99,50.0
2000-06-26,0.44,0.44,0.57,0.57,10.89,50.31
2000-06-27,2.78,2.78,3.34,3.34,12.81,52.65
2000-06-28,4.55,4.55,7.77,7.77,16.03,57.16
2000-06-29,2.0,2.0,9.33,9.33,13.06,57.51
2000-06-30,1.23,1.23,7.78,7.78,11.13,56.44
2000-07-01,1.75,1.75,4.98,4.98,12.87,56.76
2000-07-02,6.83,6.83,9.81,9.81,19.58,62.9
2000-07-03,6.1,6.1,14.68,14.68,25.24,65.63
2000-07-04,12.68,12.68,25.61,25.61,35.14,75.67
2000-07-05,4.79,4.79,23.57,23.57,35.38,80.12
2000-07-06,4.62,4.62,22.09,22.09,38.0,84.68
2000-07-07,0.66,0.66,10.07,10.07,37.43,85.33
2000-07-08,0.44,0.44,5.72,5.72,36.12,85.77
2000-07-09,0.24,0.24,1.34,1.34,29.53,86.01
2000-07-10,0.42,0.42,1.1,1.1,23.85,85.85
2000-07-11,1.2,1.2,1.86,1.86,12.37,85.51
2000-07-12,0.46,0.46,2.08,2.08,8.04,80.47
2000-07-13,0.11,0.11,1.77,1.77,3.53,80.11
2000-07-14,0.03,0.03,0.6,0.6,2.9,79.92
2000-07-15,0.48,0.48,0.62,0.62,2.94,80.27
2000-07-16,0.63,0.63,1.14,1.14,3.33,80.21
2000-07-17,2.15,2.15,3.26,3.26,5.06,81.85
2000-07-18,0.03,0.03,2.81,2.81,3.89,80.61
2000-07-19,0.46,0.46,2.64,2.64,3.89,65.53
2000-07-20,5.61,5.61,6.1,6.1,9.39,70.28
2000-07-21,8.26,8.26,14.33,14.33,17.62,77.21
2000-07-22,4.17,4.17,18.04,18.04,21.31,76.41
2000-07-23,2.65,2.65,15.08,15.08,23.33,75.9
2000-07-24,18.97,18.97,25.79,25.79,40.15,94.86
2000-07-25,1.79,1.79,23.41,23.41,41.91,96.53
2000-07-26,3.55,3.55,24.31,24.31,45.0,99.64
2000-07-27,1.04,1.04,6.38,6.38,40.43,97.9
2000-07-28,11.43,11.43,16.02,16.02,43.6,104.78
2000-07-29,9.86,9.86,22.33,22.33,49.29,112.64
2000-07-30,2.88,2.88,24.17,24.17,49.52,114.29
2000-07-31,2.68,2.68,15.42,15.42,33.23,115.22
2000-08-01,3.06,3.06,8.62,8.62,34.5,111.45
2000-08-02,0.21,0.21,5.95,5.95,31.16,105.56
2000-08-03,1.0,1.0,4.27,4.27,31.12,93.88
2000-08-04,0.87,0.87,2.08,2.08,20.56,89.96
2000-08-05,0.88,0.88,2.75,2.75,11.58,86.22
2000-08-06,6.08,6.08,7.83,7.83,14.78,91.64
2000-08-07,9.0,9.0,15.96,15.96,21.1,100.2
2000-08-08,4.06,4.06,19.14,19.14,22.1,104.02
2000-08-09,4.51,4.51,17.57,17.57,26.4,108.11
2000-08-10,2.07,2.07,10.64,10.64,27.47,108.98
2000-08-11,0.23,0.23,6.81,6.81,26.83,108.75
2000-08-12,0.18,0.18,2.48,2.48,26.13,108.82
2000-08-13,6.29,6.29,6.7,6.7,26.34,115.08
2000-08-14,4.27,4.27,10.74,10.74,21.61,118.87
2000-08-15,0.99,0.99,11.55,11.55,18.54,119.23
2000-08-16,0.66,0.66,5.92,5.92,14.69,117.74
2000-08-17,4.15,4.15,5.8,5.8,16.77,121.86
2000-08-18,2.89,2.89,7.7,7.7,19.43,124.29
2000-08-19,2.69,2.69,9.73,9.73,21.94,121.37
2000-08-20,7.99,7.99,13.57,13.57,23.64,121.1
2000-08-21,10.78,10.78,21.46,21.46,30.15,127.71
2000-08-22,14.67,14.67,33.44,33.44,43.83,139.73
2000-08-23,2.74,2.74,28.19,28.19,45.91,123.5
2000-08-24,0.44,0.44,17.85,17.85,42.2,122.15
2000-08-25,1.17,1.17,4.35,4.35,40.48,119.77
2000-08-26,0.83,0.83,2.44,2.44,38.62,119.56
2000-08-27,0.16,0.16,2.16,2.16,30.79,108.29
2000-08-28,0.43,0.43,1.42,1.42,20.44,98.86
2000-08-29,2.03,2.03,2.62,2.62,7.8,98.01
2000-08-30,1.54,1.54,4.0,4.0,6.6,96.87
2000-08-31,0.83,0.83,4.4,4.4,6.99,94.64
2000-09-01,2.69,2.69,5.06,5.06,8.51,97.12
2000-09-02,1.12,1.12,4.64,4.64,8.8,97.24
2000-09-03,6.15,6.15,9.96,9.96,14.79,102.52
2000-09-04,1.12,1.12,8.39,8.39,15.48,102.76
2000-09-05,1.05,1.05,8.32,8.32,14.5,97.73
2000-09-06,2.04,2.04,4.21,4.21,15.0,90.77
2000-09-07,3.48,3.48,6.57,6.57,17.65,90.19
2000-09-08,11.03,11.03,16.55,16.55,25.99,96.71
2000-09-09,6.44,6.44,20.95,20.95,31.31,101.08
2000-09-10,1.1,1.1,18.57,18.57,26.26,101.95
2000-09-11,0.91,0.91,8.45,8.45,26.05,102.68
2000-09-12,3.9,3.9,5.91,5.91,28.9,100.29
2000-09-13,0.11,0.11,4.92,4.92,26.97,96.13
2000-09-14,0.3,0.3,4.31,4.31,23.79,95.44
2000-09-15,0.67,0.67,1.08,1.08,13.43,95.45
2000-09-16,1.74,1.74,2.71,2.71,8.73,93.04
2000-09-17,1.49,1.49,3.9,3.9,9.12,91.64
2000-09-18,7.1,7.1,10.33,10.33,15.31,96.05
2000-09-19,5.03,5.03,13.62,13.62,16.44,93.09
2000-09-20,8.11,8.11,20.24,20.24,24.44,90.42
2000-09-21,13.78,13.78,26.92,26.92,37.92,89.53
2000-09-22,5.9,5.9,27.79,27.79,43.15,92.69
2000-09-23,4.75,4.75,24.43,24.43,46.16,97.0
2000-09-24,5.34,5.34,15.99,15.99,50.01,101.17
2000-09-25,11.04,11.04,21.13,21.13,53.95,111.38
2000-09-26,10.71,10.71,27.09,27.09,59.63,121.93
2000-09-27,5.66,5.66,27.41,27.41,57.18,127.16
2000-09-28,3.24,3.24,19.61,19.61,46.64,128.37
2000-09-29,10.75,10.75,19.65,19.65,51.49,137.58
2000-09-30,3.84,3.84,17.83,17.83,50.58,140.59
2000-10-01,4.75,4.75,19.34,19.34,49.99,142.65
2000-10-02,1.53,1.53,10.12,10.12,40.48,143.06
2000-10-03,11.98,11.98,18.26,18.26,41.75,148.89
2000-10-04,18.56,18.56,32.07,32.07,54.65,166.33
2000-10-05,10.3,10.3,40.84,40.84,61.71,175.58
2000-10-06,42.33,42.33,71.19,71.19,93.29,215.87
2000-10-07,12.84,12.84,65.47,65.47,102.29,225.23
2000-10-08,11.2,11.2,66.37,66.37,108.74,225.4
2000-10-09,6.59,6.59,30.63,30.63,113.8,225.55
2000-10-10,5.24,5.24,23.03,23.03,107.06,229.69
2000-10-11,8.34,8.34,20.17,20.17,96.84,237.12
2000-10-12,11.23,11.23,24.81,24.81,97.77,244.45
2000-10-13,2.77,2.77,22.34,22.34,58.21,247.11
2000-10-14,0.09,0.09,14.09,14.09,45.46,246.9
2000-10-15,0.05,0.05,2.91,2.91,34.31,246.28
2000-10-16,1.66,1.66,1.8,1.8,29.38,246.2
2000-10-17,0.1,0.1,1.81,1.81,24.24,244.81
2000-10-18,5.5,5.5,7.26,7.26,21.4,243.21
2000-10-19,14.28,14.28,19.88,19.88,24.45,252.46
2000-10-20,35.94,35.94,55.72,55.72,57.62,280.29
2000-10-21,15.35,15.35,65.57,65.57,72.88,281.86
2000-10-22,11.89,11.89,63.18,63.18,84.72,287.85
2000-10-23,2.61,2.61,29.85,29.85,85.67,285.71
2000-10-24,0.04,0.04,14.54,14.54,85.61,280.41
2000-10-25,0.0,0.0,2.65,2.65,80.11,269.37
2000-10-26,0.0,0.0,0.04,0.04,65.83,258.66
2000-10-27,0.0,0.0,0.0,0.0,29.89,253.0
2000-10-28,0.0,0.0,0.0,0.0,14.54,249.76
2000-10-29,0.0,0.0,0.0,0.0,2.65,239.01
2000-10-30,0.0,0.0,0.0,0.0,0.04,235.17
2000-10-31,0.19,0.19,0.19,0.19,0.19,230.61
2000-11-01,0.32,0.32,0.51,0.51,0.51,229.4
2000-11-02,4.38,4.38,4.89,4.89,4.89,221.8
2000-11-03,3.67,3.67,8.37,8.37,8.56,206.91
2000-11-04,2.25,2.25,10.3,10.3,10.81,198.86
2000-11-05,0.11,0.11,6.03,6.03,10.92,156.64
2000-11-06,0.04,0.04,2.4,2.4,10.96,143.84
2000-11-07,0.2,0.2,0.35,0.35,10.97,132.84
2000-11-08,1.07,1.07,1.31,1.31,11.72,127.32
2000-11-09,2.95,2.95,4.22,4.22,10.29,125.03
2000-11-10,6.11,6.11,10.13,10.13,12.73,122.8
2000-11-11,6.53,6.53,15.59,15.59,17.01,118.1
2000-11-12,6.07,6.07,18.71,18.71,22.97,121.4
2000-11-13,1.31,1.31,13.91,13.91,24.24,122.62
2000-11-14,1.19,1.19,8.57,8.57,25.23,123.76
2000-11-15,0.48,0.48,2.98,2.98,24.64,122.58
2000-11-16,0.91,0.91,2.58,2.58,22.6,123.39
2000-11-17,0.98,0.98,2.37,2.37,17.47,118.87
2000-11-18,20.31,20.31,22.2,22.2,31.25,124.9
2000-11-19,7.65,7.65,28.94,28.94,32.83,96.61
2000-11-20,2.66,2.66,30.62,30.62,34.18,83.92
2000-11-21,8.7,8.7,19.01,19.01,41.69,80.73
2000-11-22,10.41,10.41,21.77,21.77,51.62,88.53
2000-11-23,7.31,7.31,26.42,26.42,58.02,95.8
2000-11-24,0.34,0.34,18.06,18.06,57.38,96.14
2000-11-25,0.0,0.0,7.65,7.65,37.07,96.14
2000-11-26,0.0,0.0,0.34,0.34,29.42,96.14
2000-11-27,0.31,0.31,0.31,0.31,27.07,96.45
2000-11-28,10.42,10.42,10.73,10.73,28.79,106.87
2000-11-29,37.99,37.99,48.72,48.72,56.37,144.86
2000-11-30,16.45,16.45,64.86,64.86,65.51,161.12
2000-12-01,2.74,2.74,57.18,57.18,67.91,163.54
2000-12-02,5.27,5.27,24.46,24.46,73.18,164.43
2000-12-03,17.23,17.23,25.24,25.24,90.41,177.99
2000-12-04,12.25,12.25,34.75,34.75,102.35,187.99
2000-12-05,0.25,0.25,29.73,29.73,92.18,188.13
2000-12-06,0.06,0.06,12.56,12.56,54.25,188.15
2000-12-07,0.0,0.0,0.31,0.31,37.8,187.95
2000-12-08,0.0,0.0,0.06,0.06,35.06,186.88
2000-12-09,0.01,0.01,0.01,0.01,29.8,183.94
2000-12-10,0.01,0.01,0.02,0.02,12.58,177.84
2000-12-11,0.0,0.0,0.02,0.02,0.33,171.31
2000-12-12,0.0,0.0,0.01,0.01,0.08,165.24
2000-12-13,0.0,0.0,0.0,0.0,0.02,163.93
2000-12-14,0.0,0.0,0.0,0.0,0.02,162.74
2000-12-15,0.0,0.0,0.0,0.0,0.02,162.26
2000-12-16,0.0,0.0,0.0,0.0,0.01,161.35
2000-12-17,0.0,0.0,0.0,0.0,0.0,160.37
2000-12-18,0.0,0.0,0.0,0.0,0.0,140.06
2000-12-19,0.0,0.0,0.0,0.0,0.0,132.41
2000-12-20,0.04,0.04,0.04,0.04,0.04,129.79
2000-12-21,0.08,0.08,0.12,0.12,0.12,121.17
2000-12-22,0.01,0.01,0.13,0.13,0.13,110.77
2000-12-23,0.0,0.0,0.09,0.09,0.13,103.46
2000-12-24,0.01,0.01,0.02,0.02,0.14,103.13
2000-12-25,0.0,0.0,0.01,0.01,0.14,103.13
2000-12-26,0.23,0.23,0.24,0.24,0.37,103.36
2000-12-27,2.75,2.75,2.98,2.98,3.08,105.8
2000-12-28,11.41,11.41,14.39,14.39,14.41,106.79
2000-12-29,13.21,13.21,27.37,27.37,27.61,82.01
2000-12-30,2.4,2.4,27.02,27.02,30.01,67.96
2000-12-31,1.02,1.02,16.63,16.63,31.02,66.24
2001-01-01,0.01,0.01,3.43,3.43,31.03,60.98
2001-01-02,0.05,0.05,1.08,1.08,30.85,43.8
2001-01-03,0.03,0.03,0.09,0.09,28.13,31.58
2001-01-04,0.0,0.0,0.08,0.08,16.72,31.33
2001-01-05,0.02,0.02,0.05,0.05,3.53,31.29
2001-01-06,0.24,0.24,0.26,0.26,1.37,31.53
2001-01-07,0.1,0.1,0.36,0.36,0.45,31.63
2001-01-08,0.02,0.02,0.36,0.36,0.46,31.64
2001-01-09,0.0,0.0,0.12,0.12,0.41,31.63
2001-01-10,0.0,0.0,0.02,0.02,0.38,31.63
2001-01-11,0.0,0.0,0.0,0.0,0.38,31.63
2001-01-12,0.0,0.0,0.0,0.0,0.36,31.63
2001-01-13,0.0,0.0,0.0,0.0,0.12,31.63
2001-01-14,0.0,0.0,0.0,0.0,0.02,31.63
2001-01-15,0.0,0.0,0.0,0.0,0.0,31.63
2001-01-16,0.0,0.0,0.0,0.0,0.0,31.63
2001-01-17,0.0,0.0,0.0,0.0,0.0,31.63
2001-01-18,0.0,0.0,0.0,0.0,0.0,31.63
2001-01-19,0.0,0.0,0.0,0.0,0.0,31.59
2001-01-20,0.0,0.0,0.0,0.0,0.0,31.51
2001-01-21,0.0,0.0,0.0,0.0,0.0,31.5
2001-01-22,0.0,0.0,0.0,0.0,0.0,31.5
2001-01-23,0.0,0.0,0.0,0.0,0.0,31.49
2001-01-24,0.0,0.0,0.0,0.0,0.0,31.49
2001-01-25,0.0,0.0,0.0,0.0,0.0,31.26
2001-01-26,0.0,0.0,0.0,0.0,0.0,28.51
2001-01-27,0.0,0.0,0.0,0.0,0.0,17.1
2001-01-28,0.0,0.0,0.0,0.0,0.0,3.89
2001-01-29,0.0,0.0,0.0,0.0,0.0,1.49
2001-01-30,0.0,0.0,0.0,0.0,0.0,0.47
2001-01-31,0.02,0.02,0.02,0.02,0.02,0.48
2001-02-01,0.03,0.03,0.05,0.05,0.05,0.46
2001-02-02,0.0,0.0,0.05,0.05,0.05,0.43
2001-02-03,0.0,0.0,0.03,0.03,0.05,0.43
2001-02-04,0.0,0.0,0.0,0.0,0.05,0.41
2001-02-05,0.0,0.0,0.0,0.0,0.05,0.17
2001-02-06,0.0,0.0,0.0,0.0,0.05,0.07
2001-02-07,0.0,0.0,0.0,0.0,0.03,0.05
2001-02-08,0.0,0.0,0.0,0.0,0.0,0.05
2001-02-09,0.0,0.0,0.0,0.0,0.0,0.05
2001-02-10,0.0,0.0,0.0,0.0,0.0,0.05
2001-02-11,0.0,0.0,0.0,0.0,0.0,0.05
2001-02-12,0.0,0.0,0.0,0.0,0.0,0.05
2001-02-13,0.0,0.0,0.0,0.0,0.0,0.05
2001-02-14,0.0,0.0,0.0,0.0,0.0,0.05
2001-02-15,0.0,0.0,0.0,0.0,0.0,0.05
2001-02-16,0.0,0.0,0.0,0.0,0.0,0.05
2001-02-17,0.0,0.0,0.0,0.0,0.0,0.05
2001-02-18,0.0,0.0,0.0,0.0,0.0,0.05
2001-02-19,0.0,0.0,0.0,0.0,0.0,0.05
2001-02-20,0.0,0.0,0.0,0.0,0.0,0.05
2001-02-21,0.0,0.0,0.0,0.0,0.0,0.05
2001-02-22,0.0,0.0,0.0,0.0,0.0,0.05
2001-02-23,0.0,0.0,0.0,0.0,0.0,0.05
2001-02-24,0.0,0.0,0.0,0.0,0.0,0.05
2001-02-25,0.0,0.0,0.0,0.0,0.0,0.05
2001-02-26,0.0,0.0,0.0,0.0,0.0,0.05
2001-02-27,0.0,0.0,0.0,0.0,0.0,0.05
2001-02-28,0.0,0.0,0.0,0.0,0.0,0.05
2001-03-01,0.0,0.0,0.0,0.0,0.0,0.05
2001-03-02,0.0,0.0,0.0,0.0,0.0,0.03
2001-03-03,0.0,0.0,0.0,0.0,0.0,0.0
2001-03-04,0.0,0.0,0.0,0.0,0.0,0.0
2001-03-05,0.0,0.0,0.0,0.0,0.0,0.0
2001-03-06,0.0,0.0,0.0,0.0,0.0,0.0
2001-03-07,0.01,0.01,0.01,0.01,0.01,0.01
2001-03-08,0.0,0.0,0.01,0.01,0.01,0.01
2001-03-09,0.0,0.0,0.01,0.01,0.01,0.01
2001-03-10,0.0,0.0,0.0,0.0,0.01,0.01
2001-03-11,0.0,0.0,0.0,0.0,0.01,0.01
2001-03-12,0.01,0.01,0.01,0.01,0.02,0.02
2001-03-13,0.02,0.02,0.03,0.03,0.04,0.04
2001-03-14,0.0,0.0,0.03,0.03,0.03,0.04
2001-03-15,0.0,0.0,0.02,0.02,0.03,0.04
2001-03-16,0.0,0.0,0.0,0.0,0.03,0.04
2001-03-17,0.0,0.0,0.0,0.0,0.03,0.04
2001-03-18,0.0,0.0,0.0,0.0,0.03,0.04
2001-03-19,0.0,0.0,0.0,0.0,0.02,0.04
2001-03-20,0.0,0.0,0.0,0.0,0.0,0.04
2001-03-21,0.0,0.0,0.0,0.0,0.0,0.04
2001-03-22,0.04,0.04,0.04,0.04,0.04,0.08
2001-03-23,0.0,0.0,0.04,0.04,0.04,0.08
2001-03-24,0.0,0.0,0.04,0.04,0.04,0.08
2001-03-25,0.0,0.0,0.0,0.0,0.04,0.08
2001-03-26,0.0,0.0,0.0,0.0,0.04,0.08
2001-03-27,0.0,0.0,0.0,0.0,0.04,0.08
2001-03-28,0.0,0.0,0.0,0.0,0.04,0.08
2001-03-29,0.0,0.0,0.0,0.0,0.0,0.08
2001-03-30,0.0,0.0,0.0,0.0,0.0,0.08
2001-03-31,0.0,0.0,0.0,0.0,0.0,0.08
2001-04-01,0.0,0.0,0.0,0.0,0.0,0.08
2001-04-02,0.0,0.0,0.0,0.0,0.0,0.08
2001-04-03,0.0,0.0,0.0,0.0,0.0,0.08
2001-04-04,0.0,0.0,0.0,0.0,0.0,0.08
2001-04-05,0.0,0.0,0.0,0.0,0.0,0.08
2001-04-06,0.01,0.01,0.01,0.01,0.01,0.08
2001-04-07,0.01,0.01,0.02,0.02,0.02,0.09
2001-04-08,0.18,0.18,0.2,0.2,0.2,0.27
2001-04-09,0.69,0.69,0.88,0.88,0.89,0.96
2001-04-10,5.66,5.66,6.53,6.53,6.55,6.62
2001-04-11,18.81,18.81,25.16,25.16,25.36,25.42
2001-04-12,15.45,15.45,39.92,39.92,40.81,40.85
2001-04-13,23.41,23.41,57.67,57.67,64.21,64.26
2001-04-14,17.27,17.27,56.13,56.13,81.47,81.53
2001-04-15,3.36,3.36,44.04,44.04,84.65,84.89
2001-04-16,1.47,1.47,22.1,22.1,85.43,86.36
2001-04-17,1.55,1.55,6.38,6.38,81.32,87.91
2001-04-18,2.1,2.1,5.12,5.12,64.61,90.01
2001-04-19,0.86,0.86,4.51,4.51,50.02,90.87
2001-04-20,0.19,0.19,3.15,3.15,26.8,91.06
2001-04-21,0.05,0.05,1.1,1.1,9.58,91.07
2001-04-22,0.0,0.0,0.24,0.24,6.22,91.07
2001-04-23,0.0,0.0,0.05,0.05,4.75,91.07
2001-04-24,0.0,0.0,0.0,0.0,3.2,91.07
2001-04-25,0.0,0.0,0.0,0.0,1.1,91.07
2001-04-26,0.0,0.0,0.0,0.0,0.24,91.07
2001-04-27,0.01,0.01,0.01,0.01,0.06,91.08
2001-04-28,0.01,0.01,0.02,0.02,0.02,91.09
2001-04-29,0.02,0.02,0.04,0.04,0.04,91.11
2001-04-30,0.02,0.02,0.05,0.05,0.06,91.13
2001-05-01,0.02,0.02,0.06,0.06,0.08,91.15
2001-05-02,0.01,0.01,0.05,0.05,0.09,91.16
2001-05-03,0.6,0.6,0.63,0.63,0.69,91.76
2001-05-04,0.49,0.49,1.1,1.1,1.17,92.25
2001-05-05,0.11,0.11,1.2,1.2,1.27,92.36
2001-05-06,1.01,1.01,1.61,1.61,2.26,93.36
2001-05-07,0.38,0.38,1.5,1.5,2.62,93.73
2001-05-08,0.16,0.16,1.55,1.55,2.76,93.71
2001-05-09,0.09,0.09,0.63,0.63,2.84,93.11
2001-05-10,0.02,0.02,0.27,0.27,2.26,87.47
2001-05-11,0.24,0.24,0.35,0.35,2.01,68.9
2001-05-12,5.0,5.0,5.26,5.26,6.9,58.45
2001-05-13,0.25,0.25,5.49,5.49,6.14,35.29
2001-05-14,0.0,0.0,5.25,5.25,5.76,18.02
2001-05-15,0.47,0.47,0.72,0.72,6.07,15.13
2001-05-16,0.01,0.01,0.48,0.48,5.99,13.67
2001-05-17,0.13,0.13,0.61,0.61,6.1,12.25
2001-05-18,1.44,1.44,1.58,1.58,7.3,11.59
2001-05-19,0.46,0.46,2.03,2.03,2.76,11.19
2001-05-20,4.12,4.12,6.02,6.02,6.63,15.12
2001-05-21,1.55,1.55,6.13,6.13,8.18,16.62
2001-05-22,0.08,0.08,5.75,5.75,7.79,16.7
2001-05-23,0.39,0.39,2.02,2.02,8.17,17.09
2001-05-24,0.02,0.02,0.49,0.49,8.06,17.11
2001-05-25,0.0,0.0,0.41,0.41,6.62,17.11
2001-05-26,0.09,0.09,0.11,0.11,6.25,17.2
2001-05-27,0.05,0.05,0.14,0.14,2.18,17.24
2001-05-28,1.63,1.63,1.77,1.77,2.26,18.86
2001-05-29,0.15,0.15,1.83,1.83,2.33,18.99
2001-05-30,0.04,0.04,1.82,1.82,1.98,19.01
2001-05-31,0.05,0.05,0.24,0.24,2.01,19.04
2001-06-01,0.26,0.26,0.35,0.35,2.27,19.29
2001-06-02,2.62,2.62,2.93,2.93,4.8,21.31
2001-06-03,13.12,13.12,16.0,16.0,17.87,33.94
2001-06-04,17.09,17.09,32.83,32.83,33.33,50.92
2001-06-05,5.11,5.11,35.32,35.32,38.29,55.02
2001-06-06,0.26,0.26,22.46,22.46,38.51,54.9
2001-06-07,0.02,0.02,5.39,5.39,38.48,54.76
2001-06-08,0.23,0.23,0.51,0.51,38.45,54.9
2001-06-09,0.05,0.05,0.3,0.3,35.88,54.93
2001-06-10,0.02,0.02,0.3,0.3,22.78,54.71
2001-06-11,2.04,2.04,2.11,2.11,7.73,51.75
2001-06-12,0.94,0.94,3.0,3.0,3.56,52.44
2001-06-13,0.45,0.45,3.43,3.43,3.75,52.89
2001-06-14,0.14,0.14,1.53,1.53,3.87,52.56
2001-06-15,0.04,0.04,0.63,0.63,3.68,52.59
2001-06-16,0.0,0.0,0.18,0.18,3.63,52.46
2001-06-17,0.0,0.0,0.04,0.04,3.61,51.02
2001-06-18,0.17,0.17,0.17,0.17,1.74,50.73
2001-06-19,0.36,0.36,0.53,0.53,1.16,46.97
2001-06-20,2.61,2.61,3.14,3.14,3.32,48.03
2001-06-21,0.2,0.2,3.17,3.17,3.38,48.15
2001-06-22,2.19,2.19,5.0,5.0,5.53,49.95
2001-06-23,0.11,0.11,2.5,2.5,5.64,50.04
2001-06-24,0.0,0.0,2.3,2.3,5.64,50.04
2001-06-25,0.03,0.03,0.14,0.14,5.5,49.98
2001-06-26,1.01,1.01,1.04,1.04,6.15,50.94
2001-06-27,0.44,0.44,1.48,1.48,3.98,49.75
2001-06-28,0.22,0.22,1.67,1.67,4.0,49.82
2001-06-29,1.34,1.34,2.0,2.0,3.15,51.12
2001-06-30,8.48,8.48,10.04,10.04,11.52,59.55
2001-07-01,0.72,0.72,10.54,10.54,12.24,60.01
2001-07-02,2.35,2.35,11.55,11.55,14.56,59.74
2001-07-03,4.27,4.27,7.34,7.34,17.82,50.89
2001-07-04,1.38,1.38,8.0,8.0,18.76,35.18
2001-07-05,0.23,0.23,5.88,5.88,18.77,30.3
2001-07-06,0.1,0.1,1.71,1.71,17.53,30.14
2001-07-07,0.03,0.03,0.36,0.36,9.08,30.15
2001-07-08,0.33,0.33,0.46,0.46,8.69,30.25
2001-07-09,0.22,0.22,0.58,0.58,6.56,30.42
2001-07-10,0.55,0.55,1.1,1.1,2.84,30.95
2001-07-11,0.93,0.93,1.7,1.7,2.39,29.84
2001-07-12,8.08,8.08,9.56,9.56,10.24,36.98
2001-07-13,9.57,9.57,18.58,18.58,19.71,46.1
2001-07-14,6.86,6.86,24.51,24.51,26.54,52.82
2001-07-15,11.08,11.08,27.51,27.51,37.29,63.86
2001-07-16,21.14,21.14,39.08,39.08,58.21,85.0
2001-07-17,6.02,6.02,38.24,38.24,63.68,91.02
2001-07-18,0.15,0.15,27.31,27.31,62.9,91.0
2001-07-19,0.02,0.02,6.19,6.19,54.84,90.66
2001-07-20,0.16,0.16,0.33,0.33,45.43,88.21
2001-07-21,1.47,1.47,1.65,1.65,40.04,89.48
2001-07-22,1.48,1.48,3.11,3.11,30.44,88.77
2001-07-23,0.64,0.64,3.59,3.59,9.94,89.3
2001-07-24,16.07,16.07,18.19,18.19,19.99,105.37
2001-07-25,4.4,4.4,21.11,21.11,24.24,109.74
2001-07-26,6.23,6.23,26.7,26.7,30.45,114.96
2001-07-27,2.21,2.21,12.84,12.84,32.5,116.73
2001-07-28,20.78,20.78,29.22,29.22,51.81,137.29
2001-07-29,2.73,2.73,25.72,25.72,53.06,138.68
2001-07-30,0.93,0.93,24.44,24.44,53.35,131.13
2001-07-31,5.76,5.76,9.42,9.42,43.04,136.17
2001-08-01,5.63,5.63,12.32,12.32,44.27,139.45
2001-08-02,2.49,2.49,13.88,13.88,40.53,137.67
2001-08-03,1.14,1.14,9.26,9.26,39.46,137.43
2001-08-04,0.61,0.61,4.24,4.24,19.29,137.81
2001-08-05,0.91,0.91,2.66,2.66,17.47,138.62
2001-08-06,0.43,0.43,1.95,1.95,16.97,139.02
2001-08-07,0.03,0.03,1.37,1.37,11.24,138.72
2001-08-08,1.12,1.12,1.58,1.58,6.73,139.62
2001-08-09,0.68,0.68,1.83,1.83,4.92,139.75
2001-08-10,5.01,5.01,6.81,6.81,8.79,143.83
2001-08-11,2.47,2.47,8.16,8.16,10.65,138.22
2001-08-12,0.92,0.92,8.4,8.4,10.66,129.57
2001-08-13,1.52,1.52,4.91,4.91,11.75,124.23
2001-08-14,0.47,0.47,2.91,2.91,12.19,113.62
2001-08-15,0.04,0.04,2.03,2.03,11.11,92.52
2001-08-16,3.06,3.06,3.57,3.57,13.49,89.56
2001-08-17,0.19,0.19,3.29,3.29,8.67,89.6
2001-08-18,0.74,0.74,3.99,3.99,6.94,90.32
2001-08-19,0.67,0.67,1.6,1.6,6.69,90.83
2001-08-20,0.48,0.48,1.89,1.89,5.65,89.84
2001-08-21,0.4,0.4,1.55,1.55,5.58,88.76
2001-08-22,0.14,0.14,1.02,1.02,5.68,88.26
2001-08-23,4.1,4.1,4.64,4.64,6.72,76.29
2001-08-24,1.88,1.88,6.12,6.12,8.41,73.77
2001-08-25,3.66,3.66,9.64,9.64,11.33,71.2
2001-08-26,8.27,8.27,13.81,13.81,18.93,77.26
2001-08-27,1.53,1.53,13.46,13.46,19.98,58.01
2001-08-28,0.68,0.68,10.48,10.48,20.26,55.96
2001-08-29,0.13,0.13,2.34,2.34,20.25,55.16
2001-08-30,0.12,0.12,0.93,0.93,16.27,49.52
2001-08-31,0.03,0.03,0.28,0.28,14.42,43.92
2001-09-01,0.01,0.01,0.16,0.16,10.77,41.44
2001-09-02,0.78,0.78,0.82,0.82,3.28,41.08
2001-09-03,0.55,0.55,1.34,1.34,2.3,41.02
2001-09-04,7.42,7.42,8.75,8.75,9.04,47.53
2001-09-05,0.4,0.4,8.37,8.37,9.31,47.5
2001-09-06,0.13,0.13,7.95,7.95,9.32,47.6
2001-09-07,0.09,0.09,0.62,0.62,9.38,46.57
2001-09-08,0.35,0.35,0.57,0.57,9.72,46.24
2001-09-09,0.62,0.62,1.06,1.06,9.56,41.85
2001-09-10,39.71,39.71,40.68,40.68,48.72,79.09
2001-09-11,17.81,17.81,58.14,58.14,59.11,95.98
2001-09-12,7.18,7.18,64.7,64.7,65.89,101.64
2001-09-13,2.83,2.83,27.82,27.82,68.59,104.0
2001-09-14,1.71,1.71,11.72,11.72,70.21,105.67
2001-09-15,0.42,0.42,4.96,4.96,70.28,103.03
2001-09-16,1.21,1.21,3.34,3.34,70.87,104.05
2001-09-17,0.92,0.92,2.55,2.55,32.08,104.23
2001-09-18,2.65,2.65,4.78,4.78,16.92,106.21
2001-09-19,4.17,4.17,7.74,7.74,13.91,109.9
2001-09-20,1.61,1.61,8.43,8.43,12.69,111.11
2001-09-21,3.79,3.79,9.57,9.57,14.77,114.76
2001-09-22,1.09,1.09,6.49,6.49,15.44,111.75
2001-09-23,2.25,2.25,7.13,7.13,16.48,112.12
2001-09-24,5.4,5.4,8.74,8.74,20.96,113.86
2001-09-25,6.19,6.19,13.84,13.84,24.5,111.78
2001-09-26,10.59,10.59,22.18,22.18,30.92,120.84
2001-09-27,8.5,8.5,25.28,25.28,37.81,128.66
2001-09-28,8.77,8.77,27.86,27.86,42.79,137.3
2001-09-29,9.27,9.27,26.54,26.54,50.97,146.45
2001-09-30,2.71,2.71,20.75,20.75,51.43,149.13
2001-10-01,1.63,1.63,13.61,13.61,47.66,150.75
2001-10-02,2.51,2.51,6.85,6.85,43.98,152.48
2001-10-03,6.01,6.01,10.15,10.15,39.4,157.94
2001-10-04,29.51,29.51,38.03,38.03,60.41,180.03
2001-10-05,71.89,71.89,107.41,107.41,123.53,251.52
2001-10-06,58.45,58.45,159.85,159.85,172.71,309.84
2001-10-07,4.49,4.49,134.83,134.83,174.49,314.24
2001-10-08,3.7,3.7,66.64,66.64,176.56,317.59
2001-10-09,1.54,1.54,9.73,9.73,175.59,318.51
2001-10-10,0.44,0.44,5.68,5.68,170.02,279.24
2001-10-11,1.99,1.99,3.97,3.97,142.5,263.42
2001-10-12,4.53,4.53,6.96,6.96,75.14,260.77
2001-10-13,6.86,6.86,13.38,13.38,23.55,264.8
2001-10-14,18.62,18.62,30.01,30.01,37.68,281.71
2001-10-15,30.36,30.36,55.84,55.84,64.34,311.65
2001-10-16,19.87,19.87,68.85,68.85,82.67,330.31
2001-10-17,2.66,2.66,52.89,52.89,84.89,332.05
2001-10-18,2.21,2.21,24.74,24.74,85.11,331.61
2001-10-19,0.33,0.33,5.2,5.2,80.91,327.77
2001-10-20,0.53,0.53,3.07,3.07,74.58,326.69
2001-10-21,0.34,0.34,1.2,1.2,56.3,323.24
2001-10-22,1.03,1.03,1.9,1.9,26.97,323.18
2001-10-23,15.08,15.08,16.45,16.45,22.18,336.01
2001-10-24,36.51,36.51,52.62,52.62,56.03,367.12
2001-10-25,12.91,12.91,64.5,64.5,66.73,373.84
2001-10-26,11.71,11.71,61.13,61.13,78.11,374.96
2001-10-27,1.96,1.96,26.58,26.58,79.54,368.42
2001-10-28,0.37,0.37,14.04,14.04,79.57,360.02
2001-10-29,0.0,0.0,2.33,2.33,78.54,350.75
2001-10-30,0.0,0.0,0.37,0.37,63.46,348.04
2001-10-31,0.0,0.0,0.0,0.0,26.95,346.41
2001-11-01,0.46,0.46,0.46,0.46,14.5,344.36
2001-11-02,14.74,14.74,15.2,15.2,17.53,353.09
2001-11-03,8.18,8.18,23.38,23.38,23.75,331.76
2001-11-04,10.83,10.83,33.75,33.75,34.21,270.7
2001-11-05,11.46,11.46,30.47,30.47,45.67,223.71
2001-11-06,19.99,19.99,42.28,42.28,65.66,239.21
2001-11-07,17.91,17.91,49.36,49.36,83.57,253.42
2001-11-08,20.64,20.64,58.54,58.54,103.75,272.52
2001-11-09,14.21,14.21,52.76,52.76,103.22,286.29
2001-11-10,3.8,3.8,38.65,38.65,98.84,288.1
2001-11-11,1.25,1.25,19.26,19.26,89.26,284.82
2001-11-12,0.22,0.22,5.27,5.27,78.02,278.18
2001-11-13,0.06,0.06,1.53,1.53,58.09,259.62
2001-11-14,0.3,0.3,0.58,0.58,40.48,229.56
2001-11-15,7.86,7.86,8.22,8.22,27.7,217.55
2001-11-16,3.61,3.61,11.77,11.77,17.1,218.5
2001-11-17,13.14,13.14,24.61,24.61,26.44,229.43
2001-11-18,10.83,10.83,27.58,27.58,36.02,239.93
2001-11-19,1.32,1.32,25.29,25.29,37.12,240.72
2001-11-20,3.38,3.38,15.53,15.53,40.44,243.76
2001-11-21,26.1,26.1,30.8,30.8,66.24,268.83
2001-11-22,7.17,7.17,36.65,36.65,65.55,260.92
2001-11-23,0.67,0.67,33.94,33.94,62.61,225.08
2001-11-24,0.08,0.08,7.92,7.92,49.55,212.25
2001-11-25,0.3,0.3,1.05,1.05,39.02,200.84
2001-11-26,3.08,3.08,3.46,3.46,40.78,201.96
2001-11-27,2.21,2.21,5.59,5.59,39.61,203.8
2001-11-28,0.24,0.24,5.53,5.53,13.75,204.04
2001-11-29,0.22,0.22,2.67,2.67,6.8,204.26
2001-11-30,7.63,7.63,8.09,8.09,13.76,211.89
2001-12-01,7.32,7.32,15.17,15.17,21.0,218.75
2001-12-02,0.22,0.22,15.17,15.17,20.92,204.23
2001-12-03,0.02,0.02,7.56,7.56,17.86,196.07
2001-12-04,0.0,0.0,0.24,0.24,15.65,185.24
2001-12-05,0.0,0.0,0.02,0.02,15.41,173.78
2001-12-06,0.0,0.0,0.0,0.0,15.19,153.79
2001-12-07,0.0,0.0,0.0,0.0,7.56,135.88
2001-12-08,0.0,0.0,0.0,0.0,0.24,115.24
2001-12-09,0.0,0.0,0.0,0.0,0.02,101.03
2001-12-10,0.0,0.0,0.0,0.0,0.0,97.23
2001-12-11,0.0,0.0,0.0,0.0,0.0,95.98
2001-12-12,0.0,0.0,0.0,0.0,0.0,95.76
2001-12-13,0.0,0.0,0.0,0.0,0.0,95.7
2001-12-14,0.02,0.02,0.02,0.02,0.02,95.42
2001-12-15,0.03,0.03,0.05,0.05,0.05,87.59
2001-12-16,0.07,0.07,0.12,0.12,0.12,84.05
2001-12-17,8.5,8.5,8.6,8.6,8.62,79.41
2001-12-18,11.17,11.17,19.74,19.74,19.79,79.75
2001-12-19,1.07,1.07,20.74,20.74,20.86,79.5
2001-12-20,32.76,32.76,45.0,45.0,53.62,108.88
2001-12-21,58.95,58.95,92.78,92.78,112.55,141.73
2001-12-22,30.07,30.07,121.78,121.78,142.59,164.63
2001-12-23,21.95,21.95,110.97,110.97,164.47,185.91
2001-12-24,8.71,8.71,60.73,60.73,164.68,194.54
2001-12-25,4.25,4.25,34.91,34.91,157.76,198.49
2001-12-26,2.29,2.29,15.25,15.25,158.98,197.7
2001-12-27,0.05,0.05,6.59,6.59,126.27,195.54
2001-12-28,0.01,0.01,2.35,2.35,67.33,195.31
2001-12-29,0.05,0.05,0.11,0.11,37.31,195.14
2001-12-30,0.02,0.02,0.08,0.08,15.38,187.53
2001-12-31,0.0,0.0,0.07,0.07,6.67,180.21
2002-01-01,0.15,0.15,0.17,0.17,2.57,180.14
2002-01-02,0.01,0.01,0.16,0.16,0.29,180.13
2002-01-03,0.23,0.23,0.39,0.39,0.47,180.36
2002-01-04,6.35,6.35,6.59,6.59,6.81,186.71
2002-01-05,10.34,10.34,16.92,16.92,17.1,197.05
2002-01-06,12.24,12.24,28.93,28.93,29.32,209.29
2002-01-07,13.2,13.2,35.78,35.78,42.52,222.49
2002-01-08,20.11,20.11,45.55,45.55,62.48,242.6
2002-01-09,12.52,12.52,45.83,45.83,74.99,255.12
2002-01-10,2.3,2.3,34.93,34.93,77.06,257.42
2002-01-11,0.0,0.0,14.82,14.82,70.71,257.42
2002-01-12,0.0,0.0,2.3,2.3,60.37,257.42
2002-01-13,0.0,0.0,0.0,0.0,48.13,257.4
2002-01-14,0.0,0.0,0.0,0.0,34.93,257.37
2002-01-15,0.0,0.0,0.0,0.0,14.82,257.3
2002-01-16,0.0,0.0,0.0,0.0,2.3,248.8
2002-01-17,0.01,0.01,0.01,0.01,0.01,237.64
2002-01-18,0.05,0.05,0.06,0.06,0.06,236.62
2002-01-19,0.21,0.21,0.27,0.27,0.27,204.07
2002-01-20,2.55,2.55,2.81,2.81,2.82,147.67
2002-01-21,1.48,1.48,4.24,4.24,4.3,119.08
2002-01-22,0.02,0.02,4.05,4.05,4.32,97.15
2002-01-23,0.0,0.0,1.5,1.5,4.32,88.44
2002-01-24,0.0,0.0,0.02,0.02,4.31,84.19
2002-01-25,0.0,0.0,0.0,0.0,4.26,81.9
2002-01-26,0.0,0.0,0.0,0.0,4.05,81.85
2002-01-27,0.0,0.0,0.0,0.0,1.5,81.84
2002-01-28,0.06,0.06,0.06,0.06,0.08,81.85
2002-01-29,0.0,0.0,0.06,0.06,0.06,81.83
2002-01-30,0.24,0.24,0.3,0.3,0.3,82.07
2002-01-31,5.51,5.51,5.75,5.75,5.81,87.43
2002-02-01,10.84,10.84,16.59,16.59,16.65,98.26
2002-02-02,7.32,7.32,23.67,23.67,23.97,105.35
2002-02-03,0.4,0.4,18.56,18.56,24.37,99.4
2002-02-04,0.08,0.08,7.8,7.8,24.39,89.14
2002-02-05,0.04,0.04,0.52,0.52,24.43,76.94
2002-02-06,0.0,0.0,0.12,0.12,24.19,63.74
2002-02-07,0.01,0.01,0.05,0.05,18.69,43.64
2002-02-08,0.01,0.01,0.02,0.02,7.86,31.13
2002-02-09,0.0,0.0,0.02,0.02,0.54,28.83
2002-02-10,0.0,0.0,0.01,0.01,0.14,28.83
2002-02-11,0.0,0.0,0.0,0.0,0.06,28.83
2002-02-12,0.02,0.02,0.02,0.02,0.04,28.85
2002-02-13,0.01,0.01,0.03,0.03,0.05,28.86
2002-02-14,0.01,0.01,0.04,0.04,0.05,28.87
2002-02-15,0.0,0.0,0.02,0.02,0.04,28.87
2002-02-16,0.0,0.0,0.01,0.01,0.04,28.86
2002-02-17,0.0,0.0,0.0,0.0,0.04,28.81
2002-02-18,0.0,0.0,0.0,0.0,0.04,28.6
2002-02-19,0.0,0.0,0.0,0.0,0.02,26.05
2002-02-20,0.0,0.0,0.0,0.0,0.01,24.57
2002-02-21,0.0,0.0,0.0,0.0,0.0,24.55
2002-02-22,0.0,0.0,0.0,0.0,0.0,24.55
2002-02-23,0.0,0.0,0.0,0.0,0.0,24.55
2002-02-24,0.0,0.0,0.0,0.0,0.0,24.55
2002-02-25,0.0,0.0,0.0,0.0,0.0,24.55
2002-02-26,0.0,0.0,0.0,0.0,0.0,24.55
2002-02-27,0.0,0.0,0.0,0.0,0.0,24.49
2002-02-28,0.0,0.0,0.0,0.0,0.0,24.49
2002-03-01,0.0,0.0,0.0,0.0,0.0,24.25
2002-03-02,0.0,0.0,0.0,0.0,0.0,18.74
2002-03-03,0.0,0.0,0.0,0.0,0.0,7.9
2002-03-04,0.0,0.0,0.0,0.0,0.0,0.58
2002-03-05,0.0,0.0,0.0,0.0,0.0,0.18
2002-03-06,0.0,0.0,0.0,0.0,0.0,0.1
2002-03-07,0.0,0.0,0.0,0.0,0.0,0.06
2002-03-08,0.0,0.0,0.0,0.0,0.0,0.06
2002-03-09,0.0,0.0,0.0,0.0,0.0,0.05
2002-03-10,0.0,0.0,0.0,0.0,0.0,0.04
2002-03-11,0.0,0.0,0.0,0.0,0.0,0.04
2002-03-12,0.0,0.0,0.0,0.0,0.0,0.04
2002-03-13,0.0,0.0,0.0,0.0,0.0,0.04
2002-03-14,0.0,0.0,0.0,0.0,0.0,0.02
2002-03-15,0.0,0.0,0.0,0.0,0.0,0.01
2002-03-16,0.0,0.0,0.0,0.0,0.0,0.0
2002-03-17,0.0,0.0,0.0,0.0,0.0,0.0
2002-03-18,0.0,0.0,0.0,0.0,0.0,0.0
2002-03-19,0.0,0.0,0.0,0.0,0.0,0.0
2002-03-20,0.0,0.0,0.0,0.0,0.0,0.0
2002-03-21,0.0,0.0,0.0,0.0,0.0,0.0
2002-03-22,0.0,0.0,0.0,0.0,0.0,0.0
2002-03-23,0.0,0.0,0.0,0.0,0.0,0.0
2002-03-24,0.0,0.0,0.0,0.0,0.0,0.0
2002-03-25,0.0,0.0,0.0,0.0,0.0,0.0
2002-03-26,0.0,0.0,0.0,0.0,0.0,0.0
2002-03-27,0.0,0.0,0.0,0.0,0.0,0.0
2002-03-28,0.0,0.0,0.0,0.0,0.0,0.0
2002-03-29,0.01,0.01,0.01,0.01,0.01,0.01
2002-03-30,0.01,0.01,0.02,0.02,0.02,0.02
2002-03-31,0.11,0.11,0.13,0.13,0.13,0.13
2002-04-01,0.03,0.03,0.15,0.15,0.16,0.16
2002-04-02,0.04,0.04,0.18,0.18,0.2,0.2
2002-04-03,0.02,0.02,0.09,0.09,0.22,0.22
2002-04-04,0.11,0.11,0.17,0.17,0.33,0.33
2002-04-05,0.08,0.08,0.21,0.21,0.4,0.41
2002-04-06,0.0,0.0,0.19,0.19,0.39,0.41
2002-04-07,0.0,0.0,0.08,0.08,0.28,0.41
2002-04-08,0.0,0.0,0.0,0.0,0.25,0.41
2002-04-09,0.0,0.0,0.0,0.0,0.21,0.41
2002-04-10,0.0,0.0,0.0,0.0,0.19,0.41
2002-04-11,0.01,0.01,0.01,0.01,0.09,0.42
2002-04-12,0.02,0.02,0.03,0.03,0.03,0.44
2002-04-13,0.02,0.02,0.05,0.05,0.05,0.46
2002-04-14,0.01,0.01,0.05,0.05,0.06,0.47
2002-04-15,0.0,0.0,0.03,0.03,0.06,0.47
2002-04-16,0.0,0.0,0.01,0.01,0.06,0.47
2002-04-17,0.0,0.0,0.0,0.0,0.06,0.47
2002-04-18,0.0,0.0,0.0,0.0,0.05,0.47
2002-04-19,0.01,0.01,0.01,0.01,0.04,0.48
2002-04-20,0.02,0.02,0.03,0.03,0.04,0.5
2002-04-21,0.01,0.01,0.04,0.04,0.04,0.51
2002-04-22,0.03,0.03,0.06,0.06,0.07,0.54
2002-04-23,0.01,0.01,0.05,0.05,0.08,0.55
2002-04-24,0.01,0.01,0.05,0.05,0.09,0.56
2002-04-25,0.02,0.02,0.04,0.04,0.11,0.58
2002-04-26,0.02,0.02,0.05,0.05,0.12,0.6
2002-04-27,0.01,0.01,0.05,0.05,0.11,0.61
2002-04-28,0.02,0.02,0.05,0.05,0.12,0.62
2002-04-29,0.0,0.0,0.03,0.03,0.09,0.61
2002-04-30,0.0,0.0,0.02,0.02,0.08,0.5
2002-05-01,0.01,0.01,0.01,0.01,0.08,0.48
2002-05-02,0.29,0.29,0.3,0.3,0.35,0.73
2002-05-03,0.7,0.7,1.0,1.0,1.03,1.41
2002-05-04,0.73,0.73,1.72,1.72,1.75,2.03
2002-05-05,0.02,0.02,1.45,1.45,1.75,1.97
2002-05-06,0.03,0.03,0.78,0.78,1.78,2.0
2002-05-07,0.64,0.64,0.69,0.69,2.42,2.64
2002-05-08,0.18,0.18,0.85,0.85,2.59,2.82
2002-05-09,0.1,0.1,0.92,0.92,2.4,2.92
2002-05-10,0.33,0.33,0.61,0.61,2.03,3.25
2002-05-11,5.38,5.38,5.81,5.81,6.68,8.62
2002-05-12,1.01,1.01,6.72,6.72,7.67,9.61
2002-05-13,0.06,0.06,6.45,6.45,7.7,9.65
2002-05-14,0.06,0.06,1.13,1.13,7.12,9.7
2002-05-15,0.28,0.28,0.4,0.4,7.22,9.98
2002-05-16,5.46,5.46,5.8,5.8,12.58,15.44
2002-05-17,2.02,2.02,7.76,7.76,14.27,17.46
2002-05-18,0.24,0.24,7.72,7.72,9.13,17.7
2002-05-19,0.03,0.03,2.29,2.29,8.15,17.72
2002-05-20,0.2,0.2,0.47,0.47,8.29,17.9
2002-05-21,0.02,0.02,0.25,0.25,8.25,17.91
2002-05-22,0.04,0.04,0.26,0.26,8.01,17.92
2002-05-23,0.1,0.1,0.16,0.16,2.65,18.01
2002-05-24,0.15,0.15,0.29,0.29,0.78,18.15
2002-05-25,2.14,2.14,2.39,2.39,2.68,20.27
2002-05-26,0.34,0.34,2.63,2.63,2.99,20.59
2002-05-27,0.96,0.96,3.44,3.44,3.75,21.54
2002-05-28,0.51,0.51,1.81,1.81,4.24,22.03
2002-05-29,5.82,5.82,7.29,7.29,10.02,27.85
2002-05-30,1.25,1.25,7.58,7.58,11.17,29.1
2002-05-31,0.24,0.24,7.31,7.31,11.26,29.33
2002-06-01,1.14,1.14,2.63,2.63,10.26,30.18
2002-06-02,0.11,0.11,1.49,1.49,10.03,29.59
2002-06-03,0.05,0.05,1.3,1.3,9.12,28.91
2002-06-04,0.12,0.12,0.28,0.28,8.73,29.01
2002-06-05,0.44,0.44,0.61,0.61,3.35,29.42
2002-06-06,0.37,0.37,0.93,0.93,2.47,29.15
2002-06-07,3.55,3.55,4.36,4.36,5.78,32.52
2002-06-08,1.44,1.44,5.36,5.36,6.08,33.86
2002-06-09,1.27,1.27,6.26,6.26,7.24,34.8
2002-06-10,0.55,0.55,3.26,3.26,7.74,29.97
2002-06-11,1.39,1.39,3.21,3.21,9.01,30.35
2002-06-12,0.28,0.28,2.22,2.22,8.85,30.57
2002-06-13,0.66,0.66,2.33,2.33,9.14,31.17
2002-06-14,1.12,1.12,2.06,2.06,6.71,32.01
2002-06-15,0.76,0.76,2.54,2.54,6.03,27.31
2002-06-16,1.67,1.67,3.55,3.55,6.43,26.96
2002-06-17,0.54,0.54,2.97,2.97,6.42,27.26
2002-06-18,12.01,12.01,14.22,14.22,17.04,39.24
2002-06-19,2.94,2.94,15.49,15.49,19.7,41.98
2002-06-20,1.25,1.25,16.2,16.2,20.29,43.21
2002-06-21,0.24,0.24,4.43,4.43,19.41,43.41
2002-06-22,0.14,0.14,1.63,1.63,18.79,43.45
2002-06-23,0.04,0.04,0.42,0.42,17.16,43.34
2002-06-24,0.29,0.29,0.47,0.47,16.91,41.49
2002-06-25,0.1,0.1,0.43,0.43,5.0,41.25
2002-06-26,0.0,0.0,0.39,0.39,2.06,40.29
2002-06-27,0.0,0.0,0.1,0.1,0.81,39.78
2002-06-28,0.16,0.16,0.16,0.16,0.73,34.12
2002-06-29,0.46,0.46,0.62,0.62,1.05,33.33
2002-06-30,0.01,0.01,0.63,0.63,1.02,33.1
2002-07-01,0.01,0.01,0.48,0.48,0.74,31.97
2002-07-02,0.02,0.02,0.04,0.04,0.66,31.88
2002-07-03,0.0,0.0,0.03,0.03,0.66,31.83
2002-07-04,0.09,0.09,0.11,0.11,0.75,31.8
2002-07-05,0.11,0.11,0.2,0.2,0.7,31.47
2002-07-06,0.02,0.02,0.22,0.22,0.26,31.12
2002-07-07,0.05,0.05,0.18,0.18,0.3,27.62
2002-07-08,3.06,3.06,3.13,3.13,3.35,29.24
2002-07-09,0.4,0.4,3.51,3.51,3.73,28.37
2002-07-10,0.39,0.39,3.85,3.85,4.12,28.21
2002-07-11,12.65,12.65,13.44,13.44,16.68,39.47
2002-07-12,2.23,2.23,15.27,15.27,18.8,41.42
2002-07-13,0.28,0.28,15.16,15.16,19.06,41.04
2002-07-14,0.11,0.11,2.62,2.62,19.12,40.03
2002-07-15,1.5,1.5,1.89,1.89,17.56,40.77
2002-07-16,2.99,2.99,4.6,4.6,20.15,42.09
2002-07-17,0.72,0.72,5.21,5.21,20.48,42.27
2002-07-18,0.48,0.48,4.19,4.19,8.31,30.74
2002-07-19,0.06,0.06,1.26,1.26,6.14,27.86
2002-07-20,0.03,0.03,0.57,0.57,5.89,26.64
2002-07-21,0.46,0.46,0.55,0.55,6.24,26.86
2002-07-22,0.37,0.37,0.86,0.86,5.11,27.09
2002-07-23,0.5,0.5,1.33,1.33,2.62,27.55
2002-07-24,2.04,2.04,2.91,2.91,3.94,29.3
2002-07-25,0.28,0.28,2.82,2.82,3.74,29.48
2002-07-26,0.32,0.32,2.64,2.64,4.0,29.8
2002-07-27,1.14,1.14,1.74,1.74,5.11,30.94
2002-07-28,5.94,5.94,7.4,7.4,10.59,36.72
2002-07-29,4.34,4.34,11.42,11.42,14.56,40.6
2002-07-30,2.79,2.79,13.07,13.07,16.85,43.38
2002-07-31,1.48,1.48,8.61,8.61,16.29,44.85
2002-08-01,0.97,0.97,5.24,5.24,16.98,45.8
2002-08-02,0.73,0.73,3.18,3.18,17.39,46.53
2002-08-03,23.95,23.95,25.65,25.65,40.2,70.39
2002-08-04,3.61,3.61,28.29,28.29,37.87,73.89
2002-08-05,0.68,0.68,28.24,28.24,34.21,74.55
2002-08-06,2.68,2.68,6.97,6.97,34.1,77.18
2002-08-07,0.67,0.67,4.03,4.03,33.29,74.79
2002-08-08,4.56,4.56,7.91,7.91,36.88,78.95
2002-08-09,1.1,1.1,6.33,6.33,37.25,79.66
2002-08-10,0.32,0.32,5.98,5.98,13.62,67.33
2002-08-11,0.42,0.42,1.84,1.84,10.43,65.52
2002-08-12,0.14,0.14,0.88,0.88,9.89,65.38
2002-08-13,1.17,1.17,1.73,1.73,8.38,66.44
2002-08-14,0.31,0.31,1.62,1.62,8.02,65.25
2002-08-15,1.81,1.81,3.29,3.29,5.27,64.07
2002-08-16,7.99,7.99,10.11,10.11,12.16,71.34
2002-08-17,1.97,1.97,11.77,11.77,13.81,72.83
2002-08-18,1.91,1.91,11.87,11.87,15.3,74.68
2002-08-19,3.33,3.33,7.21,7.21,18.49,77.98
2002-08-20,2.18,2.18,7.42,7.42,19.5,79.7
2002-08-21,2.24,2.24,7.75,7.75,21.43,81.57
2002-08-22,0.65,0.65,5.07,5.07,20.27,81.72
2002-08-23,0.91,0.91,3.8,3.8,13.19,80.59
2002-08-24,2.23,2.23,3.79,3.79,13.45,82.54
2002-08-25,3.44,3.44,6.58,6.58,14.98,85.66
2002-08-26,2.78,2.78,8.45,8.45,14.43,87.3
2002-08-27,5.52,5.52,11.74,11.74,17.77,86.88
2002-08-28,23.35,23.35,31.65,31.65,38.88,105.89
2002-08-29,15.03,15.03,43.9,43.9,53.26,118.13
2002-08-30,4.98,4.98,43.36,43.36,57.33,121.63
2002-08-31,6.56,6.56,26.57,26.57,61.66,127.22
2002-09-01,7.84,7.84,19.38,19.38,66.06,134.33
2002-09-02,30.09,30.09,44.49,44.49,93.37,140.47
2002-09-03,23.0,23.0,60.93,60.93,110.85,159.86
2002-09-04,2.41,2.41,55.5,55.5,89.91,161.59
2002-09-05,0.8,0.8,26.21,26.21,75.68,159.71
2002-09-06,1.9,1.9,5.11,5.11,72.6,160.94
2002-09-07,1.87,1.87,4.57,4.57,67.91,158.25
2002-09-08,0.04,0.04,3.81,3.81,60.11,157.19
2002-09-09,1.27,1.27,3.18,3.18,31.29,158.14
2002-09-10,0.01,0.01,1.32,1.32,8.3,157.73
2002-09-11,0.0,0.0,1.28,1.28,5.89,157.59
2002-09-12,0.55,0.55,0.56,0.56,5.64,156.97
2002-09-13,0.73,0.73,1.28,1.28,4.47,157.39
2002-09-14,0.55,0.55,1.83,1.83,3.15,156.13
2002-09-15,6.64,6.64,7.92,7.92,9.75,154.78
2002-09-16,1.46,1.46,8.65,8.65,9.94,154.27
2002-09-17,5.79,5.79,13.89,13.89,15.72,158.15
2002-09-18,8.25,8.25,15.5,15.5,23.97,163.07
2002-09-19,1.05,1.05,15.09,15.09,24.47,161.94
2002-09-20,1.73,1.73,11.03,11.03,25.47,161.43
2002-09-21,0.48,0.48,3.26,3.26,25.4,161.26
2002-09-22,0.14,0.14,2.35,2.35,18.9,160.49
2002-09-23,0.23,0.23,0.85,0.85,17.67,158.49
2002-09-24,0.0,0.0,0.37,0.37,11.88,155.05
2002-09-25,0.0,0.0,0.23,0.23,3.63,152.27
2002-09-26,0.1,0.1,0.1,0.1,2.68,146.85
2002-09-27,0.54,0.54,0.64,0.64,1.49,124.04
2002-09-28,0.07,0.07,0.71,0.71,1.08,109.08
2002-09-29,0.03,0.03,0.64,0.64,0.97,104.13
2002-09-30,0.01,0.01,0.11,0.11,0.75,97.58
2002-10-01,0.16,0.16,0.2,0.2,0.91,89.9
2002-10-02,0.06,0.06,0.23,0.23,0.97,59.87
2002-10-03,0.3,0.3,0.52,0.52,1.17,37.17
2002-10-04,0.63,0.63,0.99,0.99,1.26,35.39
2002-10-05,1.68,1.68,2.61,2.61,2.87,36.27
2002-10-06,2.44,2.44,4.75,4.75,5.28,36.81
2002-10-07,5.46,5.46,9.58,9.58,10.73,40.4
2002-10-08,16.15,16.15,24.05,24.05,26.72,56.51
2002-10-09,20.44,20.44,42.05,42.05,47.1,75.68
2002-10-10,12.15,12.15,48.74,48.74,58.95,87.82
2002-10-11,23.65,23.65,56.24,56.24,81.97,111.47
2002-10-12,13.32,13.32,49.12,49.12,93.61,124.24
2002-10-13,5.16,5.16,42.13,42.13,96.33,128.67
2002-10-14,6.69,6.69,25.17,25.17,97.56,134.81
2002-10-15,5.28,5.28,17.13,17.13,86.69,133.45
2002-10-16,4.41,4.41,16.38,16.38,70.66,136.4
2002-10-17,26.86,26.86,36.55,36.55,85.37,157.47
2002-10-18,8.09,8.09,39.36,39.36,69.81,157.31
2002-10-19,2.2,2.2,37.15,37.15,58.69,158.46
2002-10-20,0.18,0.18,10.47,10.47,53.71,156.91
2002-10-21,0.27,0.27,2.65,2.65,47.29,156.7
2002-10-22,0.58,0.58,1.03,1.03,42.59,157.14
2002-10-23,7.18,7.18,8.03,8.03,45.36,164.09
2002-10-24,7.03,7.03,14.79,14.79,25.53,171.12
2002-10-25,12.59,12.59,26.8,26.8,30.03,183.71
2002-10-26,36.35,36.35,55.97,55.97,64.18,219.96
2002-10-27,16.37,16.37,65.31,65.31,80.37,235.79
2002-10-28,12.37,12.37,65.09,65.09,92.47,248.09
2002-10-29,43.7,43.7,72.44,72.44,135.59,291.76
2002-10-30,35.82,35.82,91.89,91.89,164.23,327.57
2002-10-31,41.17,41.17,120.69,120.69,198.37,368.58
2002-11-01,58.8,58.8,135.79,135.79,244.58,427.32
2002-11-02,6.6,6.6,106.57,106.57,214.83,433.62
2002-11-03,2.05,2.05,67.45,67.45,200.51,435.04
2002-11-04,2.63,2.63,11.28,11.28,190.77,435.99
2002-11-05,6.37,6.37,11.05,11.05,153.44,439.92
2002-11-06,4.94,4.94,13.94,13.94,122.56,439.4
2002-11-07,18.84,18.84,30.15,30.15,100.23,442.09
2002-11-08,33.8,33.8,57.58,57.58,75.23,455.45
2002-11-09,26.71,26.71,79.35,79.35,95.34,470.01
2002-11-10,24.77,24.77,85.28,85.28,118.06,471.13
2002-11-11,1.45,1.45,52.93,52.93,116.88,459.26
2002-11-12,0.0,0.0,26.22,26.22,110.51,454.1
2002-11-13,0.53,0.53,1.98,1.98,106.1,447.94
2002-11-14,0.14,0.14,0.67,0.67,87.4,442.8
2002-11-15,0.03,0.03,0.7,0.7,53.63,438.42
2002-11-16,0.08,0.08,0.25,0.25,27.0,411.64
2002-11-17,0.02,0.02,0.13,0.13,2.25,403.57
2002-11-18,0.45,0.45,0.55,0.55,1.25,401.82
2002-11-19,0.29,0.29,0.76,0.76,1.54,401.93
2002-11-20,1.46,1.46,2.2,2.2,2.47,403.12
2002-11-21,0.09,0.09,1.84,1.84,2.42,402.63
2002-11-22,0.2,0.2,1.75,1.75,2.59,395.65
2002-11-23,0.01,0.01,0.3,0.3,2.52,388.63
2002-11-24,0.0,0.0,0.21,0.21,2.5,376.04
2002-11-25,0.0,0.0,0.01,0.01,2.05,339.69
2002-11-26,0.0,0.0,0.0,0.0,1.76,323.32
2002-11-27,0.0,0.0,0.0,0.0,0.3,310.95
2002-11-28,0.0,0.0,0.0,0.0,0.21,267.25
2002-11-29,0.0,0.0,0.0,0.0,0.01,231.43
2002-11-30,0.0,0.0,0.0,0.0,0.0,190.26
2002-12-01,0.0,0.0,0.0,0.0,0.0,131.46
2002-12-02,0.01,0.01,0.01,0.01,0.01,124.87
2002-12-03,0.26,0.26,0.27,0.27,0.27,123.08
2002-12-04,0.11,0.11,0.38,0.38,0.38,120.56
2002-12-05,0.42,0.42,0.79,0.79,0.8,114.61
2002-12-06,32.76,32.76,33.29,33.29,33.56,142.43
2002-12-07,12.64,12.64,45.82,45.82,46.2,136.23
2002-12-08,0.96,0.96,46.36,46.36,47.16,103.39
2002-12-09,0.05,0.05,13.65,13.65,47.2,76.73
2002-12-10,0.03,0.03,1.04,1.04,46.97,51.99
2002-12-11,0.01,0.01,0.09,0.09,46.87,50.55
2002-12-12,0.0,0.0,0.04,0.04,46.45,50.55
2002-12-13,0.0,0.0,0.01,0.01,13.69,50.02
2002-12-14,0.0,0.0,0.0,0.0,1.05,49.88
2002-12-15,0.0,0.0,0.0,0.0,0.09,49.85
2002-12-16,0.02,0.02,0.02,0.02,0.06,49.79
2002-12-17,0.0,0.0,0.02,0.02,0.03,49.77
2002-12-18,0.0,0.0,0.02,0.02,0.02,49.32
2002-12-19,0.0,0.0,0.0,0.0,0.02,49.03
2002-12-20,0.0,0.0,0.0,0.0,0.02,47.57
2002-12-21,0.0,0.0,0.0,0.0,0.02,47.48
2002-12-22,0.0,0.0,0.0,0.0,0.02,47.28
2002-12-23,0.0,0.0,0.0,0.0,0.0,47.27
2002-12-24,0.0,0.0,0.0,0.0,0.0,47.27
2002-12-25,0.0,0.0,0.0,0.0,0.0,47.27
2002-12-26,0.0,0.0,0.0,0.0,0.0,47.27
2002-12-27,0.0,0.0,0.0,0.0,0.0,47.27
2002-12-28,0.0,0.0,0.0,0.0,0.0,47.27
2002-12-29,0.0,0.0,0.0,0.0,0.0,47.27
2002-12-30,0.0,0.0,0.0,0.0,0.0,47.27
2002-12-31,0.0,0.0,0.0,0.0,0.0,47.27
2003-01-01,0.0,0.0,0.0,0.0,0.0,47.26
2003-01-02,0.0,0.0,0.0,0.0,0.0,47.0
2003-01-03,0.04,0.04,0.04,0.04,0.04,46.93
2003-01-04,0.0,0.0,0.04,0.04,0.04,46.51
2003-01-05,0.0,0.0,0.04,0.04,0.04,13.75
2003-01-06,0.0,0.0,0.0,0.0,0.04,1.11
2003-01-07,0.0,0.0,0.0,0.0,0.04,0.15
2003-01-08,0.0,0.0,0.0,0.0,0.04,0.1
2003-01-09,0.0,0.0,0.0,0.0,0.04,0.07
2003-01-10,0.01,0.01,0.01,0.01,0.01,0.07
2003-01-11,0.0,0.0,0.01,0.01,0.01,0.07
2003-01-12,0.0,0.0,0.01,0.01,0.01,0.07
2003-01-13,0.0,0.0,0.0,0.0,0.01,0.07
2003-01-14,0.0,0.0,0.0,0.0,0.01,0.07
2003-01-15,0.0,0.0,0.0,0.0,0.01,0.05
2003-01-16,0.0,0.0,0.0,0.0,0.01,0.05
2003-01-17,0.01,0.01,0.01,0.01,0.01,0.06
2003-01-18,0.17,0.17,0.18,0.18,0.18,0.23
2003-01-19,0.3,0.3,0.48,0.48,0.48,0.53
2003-01-20,0.07,0.07,0.54,0.54,0.55,0.6
2003-01-21,0.0,0.0,0.37,0.37,0.55,0.6
2003-01-22,0.0,0.0,0.07,0.07,0.55,0.6
2003-01-23,0.0,0.0,0.0,0.0,0.55,0.6
2003-01-24,0.0,0.0,0.0,0.0,0.54,0.6
2003-01-25,0.0,0.0,0.0,0.0,0.37,0.6
2003-01-26,0.0,0.0,0.0,0.0,0.07,0.6
2003-01-27,0.0,0.0,0.0,0.0,0.0,0.6
2003-01-28,0.0,0.0,0.0,0.0,0.0,0.6
2003-01-29,0.0,0.0,0.0,0.0,0.0,0.6
2003-01-30,0.0,0.0,0.0,0.0,0.0,0.6
2003-01-31,0.0,0.0,0.0,0.0,0.0,0.6
2003-02-01,0.0,0.0,0.0,0.0,0.0,0.6
2003-02-02,0.01,0.01,0.01,0.01,0.01,0.57
2003-02-03,0.0,0.0,0.01,0.01,0.01,0.57
2003-02-04,0.01,0.01,0.02,0.02,0.02,0.58
2003-02-05,0.02,0.02,0.03,0.03,0.04,0.6
2003-02-06,0.0,0.0,0.03,0.03,0.04,0.6
2003-02-07,0.0,0.0,0.02,0.02,0.04,0.6
2003-02-08,0.0,0.0,0.0,0.0,0.04,0.6
2003-02-09,0.0,0.0,0.0,0.0,0.03,0.59
2003-02-10,0.0,0.0,0.0,0.0,0.03,0.59
2003-02-11,0.0,0.0,0.0,0.0,0.02,0.59
2003-02-12,0.01,0.01,0.01,0.01,0.01,0.6
2003-02-13,0.0,0.0,0.01,0.01,0.01,0.6
2003-02-14,0.0,0.0,0.01,0.01,0.01,0.6
2003-02-15,0.0,0.0,0.0,0.0,0.01,0.6
2003-02-16,0.0,0.0,0.0,0.0,0.01,0.59
2003-02-17,0.0,0.0,0.0,0.0,0.01,0.42
2003-02-18,0.0,0.0,0.0,0.0,0.01,0.12
2003-02-19,0.0,0.0,0.0,0.0,0.0,0.05
2003-02-20,0.0,0.0,0.0,0.0,0.0,0.05
2003-02-21,0.0,0.0,0.0,0.0,0.0,0.05
2003-02-22,0.0,0.0,0.0,0.0,0.0,0.05
2003-02-23,0.0,0.0,0.0,0.0,0.0,0.05
2003-02-24,0.0,0.0,0.0,0.0,0.0,0.05
2003-02-25,0.16,0.16,0.16,0.16,0.16,0.21
2003-02-26,0.0,0.0,0.16,0.16,0.16,0.21
2003-02-27,0.0,0.0,0.16,0.16,0.16,0.21
2003-02-28,0.0,0.0,0.0,0.0,0.16,0.21
2003-03-01,0.0,0.0,0.0,0.0,0.16,0.21
2003-03-02,0.0,0.0,0.0,0.0,0.16,0.21
2003-03-03,0.0,0.0,0.0,0.0,0.16,0.21
2003-03-04,0.0,0.0,0.0,0.0,0.0,0.2
2003-03-05,0.0,0.0,0.0,0.0,0.0,0.2
2003-03-06,0.0,0.0,0.0,0.0,0.0,0.19
2003-03-07,0.0,0.0,0.0,0.0,0.0,0.17
2003-03-08,0.0,0.0,0.0,0.0,0.0,0.17
2003-03-09,0.0,0.0,0.0,0.0,0.0,0.17
2003-03-10,0.0,0.0,0.0,0.0,0.0,0.17
2003-03-11,0.0,0.0,0.0,0.0,0.0,0.17
2003-03-12,0.0,0.0,0.0,0.0,0.0,0.17
2003-03-13,0.02,0.02,0.02,0.02,0.02,0.19
2003-03-14,0.01,0.01,0.03,0.03,0.03,0.19
2003-03-15,0.01,0.01,0.04,0.04,0.04,0.2
2003-03-16,0.06,0.06,0.08,0.08,0.1,0.26
2003-03-17,10.02,10.02,10.09,10.09,10.12,10.28
2003-03-18,2.39,2.39,12.47,12.47,12.51,12.67
2003-03-19,0.13,0.13,12.54,12.54,12.64,12.8
2003-03-20,0.13,0.13,2.65,2.65,12.75,12.93
2003-03-21,0.0,0.0,0.26,0.26,12.74,12.93
2003-03-22,0.0,0.0,0.13,0.13,12.73,12.93
2003-03-23,0.0,0.0,0.0,0.0,12.67,12.93
2003-03-24,0.0,0.0,0.0,0.0,2.65,12.93
2003-03-25,0.0,0.0,0.0,0.0,0.26,12.93
2003-03-26,0.0,0.0,0.0,0.0,0.13,12.93
2003-03-27,0.01,0.01,0.01,0.01,0.01,12.78
2003-03-28,0.04,0.04,0.05,0.05,0.05,12.82
2003-03-29,0.41,0.41,0.46,0.46,0.46,13.23
2003-03-30,0.0,0.0,0.45,0.45,0.46,13.23
2003-03-31,0.0,0.0,0.41,0.41,0.46,13.23
2003-04-01,0.08,0.08,0.08,0.08,0.54,13.31
2003-04-02,0.13,0.13,0.21,0.21,0.67,13.44
2003-04-03,0.03,0.03,0.24,0.24,0.69,13.47
2003-04-04,0.04,0.04,0.2,0.2,0.69,13.51
2003-04-05,0.04,0.04,0.11,0.11,0.32,13.55
2003-04-06,0.0,0.0,0.08,0.08,0.32,13.55
2003-04-07,0.0,0.0,0.04,0.04,0.32,13.55
2003-04-08,0.0,0.0,0.0,0.0,0.24,13.55
2003-04-09,0.0,0.0,0.0,0.0,0.11,13.55
2003-04-10,0.0,0.0,0.0,0.0,0.08,13.55
2003-04-11,0.44,0.44,0.44,0.44,0.48,13.99
2003-04-12,0.05,0.05,0.49,0.49,0.49,14.02
2003-04-13,0.0,0.0,0.49,0.49,0.49,14.01
2003-04-14,0.0,0.0,0.05,0.05,0.49,14.0
2003-04-15,0.03,0.03,0.03,0.03,0.52,13.97
2003-04-16,0.04,0.04,0.07,0.07,0.56,3.99
2003-04-17,0.0,0.0,0.07,0.07,0.56,1.6
2003-04-18,0.0,0.0,0.04,0.04,0.12,1.47
2003-04-19,0.34,0.34,0.34,0.34,0.41,1.68
2003-04-20,0.08,0.08,0.42,0.42,0.49,1.76
2003-04-21,0.08,0.08,0.5,0.5,0.57,1.84
2003-04-22,0.02,0.02,0.18,0.18,0.56,1.86
2003-04-23,0.0,0.0,0.1,0.1,0.52,1.86
2003-04-24,0.01,0.01,0.03,0.03,0.53,1.87
2003-04-25,0.0,0.0,0.01,0.01,0.53,1.87
2003-04-26,0.01,0.01,0.02,0.02,0.2,1.87
2003-04-27,0.11,0.11,0.12,0.12,0.23,1.94
2003-04-28,1.04,1.04,1.16,1.16,1.19,2.57
2003-04-29,0.45,0.45,1.6,1.6,1.62,3.02
2003-04-30,0.2,0.2,1.69,1.69,1.82,3.22
2003-05-01,0.09,0.09,0.74,0.74,1.9,3.23
2003-05-02,0.02,0.02,0.31,0.31,1.92,3.12
2003-05-03,0.01,0.01,0.12,0.12,1.92,3.1
2003-05-04,0.01,0.01,0.04,0.04,1.82,3.07
2003-05-05,0.1,0.1,0.12,0.12,0.88,3.13
2003-05-06,0.07,0.07,0.18,0.18,0.5,3.2
2003-05-07,0.02,0.02,0.19,0.19,0.32,3.22
2003-05-08,0.01,0.01,0.1,0.1,0.24,3.23
2003-05-09,0.09,0.09,0.12,0.12,0.31,3.32
2003-05-10,0.02,0.02,0.12,0.12,0.32,3.34
2003-05-11,0.06,0.06,0.17,0.17,0.37,2.96
2003-05-12,0.22,0.22,0.3,0.3,0.49,3.13
2003-05-13,2.97,2.97,3.25,3.25,3.39,6.1
2003-05-14,6.6,6.6,9.79,9.79,9.97,12.7
2003-05-15,0.15,0.15,9.72,9.72,10.11,12.82
2003-05-16,0.14,0.14,6.89,6.89,10.16,12.92
2003-05-17,3.62,3.62,3.91,3.91,13.76,16.54
2003-05-18,1.07,1.07,4.83,4.83,14.77,17.61
2003-05-19,0.0,0.0,4.69,4.69,14.55,17.27
2003-05-20,0.0,0.0,1.07,1.07,11.58,17.19
2003-05-21,0.22,0.22,0.22,0.22,5.2,17.33
2003-05-22,0.03,0.03,0.25,0.25,5.08,17.34
2003-05-23,0.05,0.05,0.3,0.3,4.99,17.39
2003-05-24,0.03,0.03,0.11,0.11,1.4,17.41
2003-05-25,0.16,0.16,0.24,0.24,0.49,17.57
2003-05-26,0.27,0.27,0.46,0.46,0.76,17.83
2003-05-27,0.06,0.06,0.49,0.49,0.82,17.78
2003-05-28,0.03,0.03,0.36,0.36,0.63,16.77
2003-05-29,2.55,2.55,2.64,2.64,3.15,18.87
2003-05-30,0.01,0.01,2.59,2.59,3.11,18.68
2003-05-31,0.17,0.17,2.73,2.73,3.25,18.76
2003-06-01,0.14,0.14,0.32,0.32,3.23,18.88
2003-06-02,0.02,0.02,0.33,0.33,2.98,18.89
2003-06-03,0.03,0.03,0.19,0.19,2.95,18.91
2003-06-04,0.44,0.44,0.49,0.49,3.36,19.25
2003-06-05,0.12,0.12,0.59,0.59,0.93,19.3
2003-06-06,0.08,0.08,0.64,0.64,1.0,19.36
2003-06-07,0.68,0.68,0.88,0.88,1.51,20.03
2003-06-08,0.09,0.09,0.85,0.85,1.46,20.03
2003-06-09,0.01,0.01,0.78,0.78,1.45,20.02
2003-06-10,0.0,0.0,0.1,0.1,1.42,19.96
2003-06-11,0.02,0.02,0.03,0.03,1.0,19.76
2003-06-12,1.1,1.1,1.12,1.12,1.98,17.89
2003-06-13,0.94,0.94,2.06,2.06,2.84,12.23
2003-06-14,0.4,0.4,2.44,2.44,2.56,12.48
2003-06-15,0.13,0.13,1.47,1.47,2.6,12.47
2003-06-16,0.07,0.07,0.6,0.6,2.66,8.92
2003-06-17,0.1,0.1,0.3,0.3,2.76,7.95
2003-06-18,1.75,1.75,1.92,1.92,4.49,9.7
2003-06-19,0.18,0.18,2.03,2.03,3.57,9.88
2003-06-20,0.3,0.3,2.23,2.23,2.93,9.96
2003-06-21,0.51,0.51,0.99,0.99,3.04,10.44
2003-06-22,0.5,0.5,1.31,1.31,3.41,10.89
2003-06-23,4.01,4.01,5.02,5.02,7.35,14.87
2003-06-24,1.05,1.05,5.56,5.56,8.3,15.76
2003-06-25,0.33,0.33,5.39,5.39,6.88,15.82
2003-06-26,0.07,0.07,1.45,1.45,6.77,15.83
2003-06-27,1.65,1.65,2.05,2.05,8.12,17.45
2003-06-28,30.73,30.73,32.45,32.45,38.34,45.63
2003-06-29,6.94,6.94,39.32,39.32,44.78,52.56
2003-06-30,4.16,4.16,41.83,41.83,44.93,56.55
2003-07-01,11.6,11.6,22.7,22.7,55.48,68.01
2003-07-02,0.53,0.53,16.29,16.29,55.68,68.52
2003-07-03,2.06,2.06,14.19,14.19,57.67,70.55
2003-07-04,1.57,1.57,4.16,4.16,57.59,71.68
2003-07-05,2.06,2.06,5.69,5.69,28.92,73.62
2003-07-06,1.01,1.01,4.64,4.64,22.99,74.55
2003-07-07,0.46,0.46,3.53,3.53,19.29,74.33
2003-07-08,0.48,0.48,1.95,1.95,8.17,74.72
2003-07-09,22.61,22.61,23.55,23.55,30.25,97.32
2003-07-10,39.34,39.34,62.43,62.43,67.53,136.66
2003-07-11,7.71,7.71,69.66,69.66,73.67,144.35
2003-07-12,0.97,0.97,48.02,48.02,72.58,144.22
2003-07-13,2.6,2.6,11.28,11.28,74.17,145.88
2003-07-14,3.83,3.83,7.4,7.4,77.54,149.31
2003-07-15,1.97,1.97,8.4,8.4,79.03,151.15
2003-07-16,7.55,7.55,13.35,13.35,63.97,158.63
2003-07-17,0.82,0.82,10.34,10.34,25.45,159.35
2003-07-18,2.24,2.24,10.61,10.61,19.98,159.84
2003-07-19,4.95,4.95,8.01,8.01,23.96,164.61
2003-07-20,4.52,4.52,11.71,11.71,25.88,168.83
2003-07-21,5.05,5.05,14.52,14.52,27.1,173.37
2003-07-22,10.16,10.16,19.73,19.73,35.29,183.03
2003-07-23,5.22,5.22,20.43,20.43,32.96,184.24
2003-07-24,1.41,1.41,16.79,16.79,33.55,184.6
2003-07-25,1.38,1.38,8.01,8.01,32.69,185.65
2003-07-26,0.66,0.66,3.45,3.45,28.4,186.24
2003-07-27,1.4,1.4,3.44,3.44,25.28,185.99
2003-07-28,0.16,0.16,2.22,2.22,20.39,155.42
2003-07-29,9.74,9.74,11.3,11.3,19.97,158.22
2003-07-30,4.76,4.76,14.66,14.66,19.51,158.82
2003-07-31,1.77,1.77,16.27,16.27,19.87,148.99
2003-08-01,2.32,2.32,8.85,8.85,20.81,150.78
2003-08-02,6.91,6.91,11.0,11.0,27.06,155.63
2003-08-03,19.44,19.44,28.67,28.67,45.1,173.5
2003-08-04,7.91,7.91,34.26,34.26,52.85,179.35
2003-08-05,1.33,1.33,28.68,28.68,44.44,179.67
2003-08-06,1.46,1.46,10.7,10.7,41.14,180.67
2003-08-07,0.58,0.58,3.37,3.37,39.95,180.77
2003-08-08,1.54,1.54,3.58,3.58,39.17,159.7
2003-08-09,1.17,1.17,3.29,3.29,33.43,121.53
2003-08-10,2.9,2.9,5.61,5.61,16.89,116.72
2003-08-11,21.58,21.58,25.65,25.65,30.56,137.33
2003-08-12,12.39,12.39,36.87,36.87,41.62,147.12
2003-08-13,13.82,13.82,47.79,47.79,53.98,157.11
2003-08-14,6.28,6.28,32.49,32.49,59.68,161.42
2003-08-15,3.77,3.77,23.87,23.87,61.91,157.64
2003-08-16,10.43,10.43,20.48,20.48,71.17,167.25
2003-08-17,2.7,2.7,16.9,16.9,70.97,167.71
2003-08-18,1.35,1.35,14.48,14.48,50.74,164.11
2003-08-19,1.36,1.36,5.41,5.41,39.71,160.95
2003-08-20,2.07,2.07,4.78,4.78,27.96,157.97
2003-08-21,4.05,4.05,7.48,7.48,25.73,151.86
2003-08-22,4.32,4.32,10.44,10.44,26.28,150.96
2003-08-23,0.11,0.11,8.48,8.48,15.96,149.66
2003-08-24,5.37,5.37,9.8,9.8,18.63,153.65
2003-08-25,2.27,2.27,7.75,7.75,19.55,155.26
2003-08-26,0.97,0.97,8.61,8.61,19.16,154.83
2003-08-27,1.75,1.75,4.99,4.99,18.84,156.42
2003-08-28,0.94,0.94,3.66,3.66,15.73,147.62
2003-08-29,0.08,0.08,2.77,2.77,11.49,142.94
2003-08-30,0.51,0.51,1.53,1.53,11.89,141.68
2003-08-31,0.49,0.49,1.08,1.08,7.01,139.85
2003-09-01,2.45,2.45,3.45,3.45,7.19,135.39
2003-09-02,3.01,3.01,5.95,5.95,9.23,118.96
2003-09-03,3.57,3.57,9.03,9.03,11.05,114.62
2003-09-04,4.62,4.62,11.2,11.2,14.73,117.91
2003-09-05,0.38,0.38,8.57,8.57,15.03,116.83
2003-09-06,0.61,0.61,5.61,5.61,15.13,116.86
2003-09-07,1.29,1.29,2.28,2.28,15.93,116.61
2003-09-08,0.18,0.18,2.08,2.08,13.66,115.62
2003-09-09,0.44,0.44,1.91,1.91,11.09,113.16
2003-09-10,0.42,0.42,1.04,1.04,7.94,92.0
2003-09-11,0.01,0.01,0.87,0.87,3.33,79.62
2003-09-12,0.01,0.01,0.44,0.44,2.96,65.81
2003-09-13,0.31,0.31,0.33,0.33,2.66,59.84
2003-09-14,0.65,0.65,0.97,0.97,2.02,56.72
2003-09-15,0.48,0.48,1.44,1.44,2.32,46.77
2003-09-16,4.17,4.17,5.3,5.3,6.05,48.24
2003-09-17,4.25,4.25,8.9,8.9,9.88,51.14
2003-09-18,0.59,0.59,9.01,9.01,10.46,50.37
2003-09-19,0.65,0.65,5.49,5.49,11.1,48.95
2003-09-20,0.01,0.01,1.25,1.25,10.8,44.91
2003-09-21,0.34,0.34,1.0,1.0,10.49,40.93
2003-09-22,3.51,3.51,3.86,3.86,13.52,44.33
2003-09-23,3.08,3.08,6.93,6.93,12.43,42.04
2003-09-24,0.76,0.76,7.35,7.35,8.94,40.53
2003-09-25,18.74,18.74,22.58,22.58,27.09,58.3
2003-09-26,26.57,26.57,46.07,46.07,53.01,83.12
2003-09-27,6.36,6.36,51.67,51.67,59.36,88.54
2003-09-28,1.52,1.52,34.45,34.45,60.54,89.98
2003-09-29,0.65,0.65,8.53,8.53,57.68,90.12
2003-09-30,0.3,0.3,2.47,2.47,54.9,89.93
2003-10-01,0.55,0.55,1.5,1.5,54.69,88.03
2003-10-02,2.93,2.93,3.78,3.78,38.88,87.95
2003-10-03,2.63,2.63,6.11,6.11,14.94,87.01
2003-10-04,3.75,3.75,9.31,9.31,12.33,86.14
2003-10-05,4.75,4.75,11.13,11.13,15.56,90.51
2003-10-06,2.64,2.64,11.14,11.14,17.55,92.54
2003-10-07,0.64,0.64,8.03,8.03,17.89,91.89
2003-10-08,0.54,0.54,3.82,3.82,17.88,92.25
2003-10-09,0.21,0.21,1.39,1.39,15.16,92.02
2003-10-10,0.24,0.24,0.99,0.99,12.77,91.84
2003-10-11,6.4,6.4,6.85,6.85,15.42,98.23
2003-10-12,4.79,4.79,11.43,11.43,15.46,103.01
2003-10-13,21.34,21.34,32.53,32.53,34.16,124.04
2003-10-14,6.3,6.3,32.43,32.43,39.82,129.69
2003-10-15,2.6,2.6,30.24,30.24,41.88,131.81
2003-10-16,2.28,2.28,11.18,11.18,43.95,129.92
2003-10-17,5.75,5.75,10.63,10.63,49.46,131.42
2003-10-18,6.87,6.87,14.9,14.9,49.93,137.7
2003-10-19,21.16,21.16,33.78,33.78,66.3,158.21
2003-10-20,27.9,27.9,55.93,55.93,72.86,186.1
2003-10-21,38.26,38.26,87.32,87.32,104.82,224.02
2003-10-22,13.43,13.43,79.59,79.59,115.65,233.94
2003-10-23,34.16,34.16,85.85,85.85,147.53,265.02
2003-10-24,10.68,10.68,58.27,58.27,152.46,274.94
2003-10-25,3.3,3.3,48.14,48.14,148.89,259.5
2003-10-26,0.0,0.0,13.98,13.98,127.73,232.93
2003-10-27,0.05,0.05,3.35,3.35,99.88,226.62
2003-10-28,0.01,0.01,0.06,0.06,61.63,225.11
2003-10-29,0.27,0.27,0.33,0.33,48.47,224.73
2003-10-30,4.34,4.34,4.62,4.62,18.65,228.77
2003-10-31,1.19,1.19,5.8,5.8,9.16,229.41
2003-11-01,1.28,1.28,6.81,6.81,7.14,227.76
2003-11-02,5.17,5.17,7.64,7.64,12.31,230.3
2003-11-03,3.24,3.24,9.69,9.69,15.5,229.79
2003-11-04,2.75,2.75,11.16,11.16,18.24,227.79
2003-11-05,1.75,1.75,7.74,7.74,19.72,226.9
2003-11-06,8.39,8.39,12.89,12.89,23.77,234.65
2003-11-07,11.72,11.72,21.86,21.86,34.3,245.83
2003-11-08,27.05,27.05,47.16,47.16,60.07,272.67
2003-11-09,10.55,10.55,49.32,49.32,65.45,282.98
2003-11-10,0.86,0.86,38.46,38.46,63.07,277.44
2003-11-11,0.89,0.89,12.3,12.3,61.21,273.54
2003-11-12,2.12,2.12,3.87,3.87,61.58,254.32
2003-11-13,12.36,12.36,15.37,15.37,65.55,260.38
2003-11-14,3.13,3.13,17.61,17.61,56.96,260.91
2003-11-15,2.89,2.89,18.38,18.38,32.8,261.52
2003-11-16,0.07,0.07,6.09,6.09,22.32,255.84
2003-11-17,0.0,0.0,2.96,2.96,21.46,248.97
2003-11-18,0.0,0.0,0.07,0.07,20.57,227.81
2003-11-19,1.29,1.29,1.29,1.29,19.74,201.2
2003-11-20,1.88,1.88,3.17,3.17,9.26,164.82
2003-11-21,10.52,10.52,13.69,13.69,16.65,161.91
2003-11-22,3.01,3.01,15.41,15.41,16.77,130.76
2003-11-23,0.01,0.01,13.54,13.54,16.71,120.09
2003-11-24,0.04,0.04,3.06,3.06,16.75,116.83
2003-11-25,0.0,0.0,0.05,0.05,16.75,116.83
2003-11-26,0.0,0.0,0.04,0.04,15.46,116.78
2003-11-27,1.35,1.35,1.35,1.35,14.93,118.12
2003-11-28,4.03,4.03,5.38,5.38,8.44,121.88
2003-11-29,18.98,18.98,24.36,24.36,24.41,136.52
2003-11-30,1.22,1.22,24.23,24.23,25.62,136.55
2003-12-01,0.18,0.18,20.38,20.38,25.76,135.45
2003-12-02,0.0,0.0,1.4,1.4,25.76,130.28
2003-12-03,0.0,0.0,0.18,0.18,25.76,127.04
2003-12-04,0.0,0.0,0.0,0.0,24.41,124.29
2003-12-05,0.01,0.01,0.01,0.01,20.39,122.55
2003-12-06,0.0,0.0,0.01,0.01,1.41,114.16
2003-12-07,0.0,0.0,0.01,0.01,0.19,102.44
2003-12-08,0.0,0.0,0.0,0.0,0.01,75.39
2003-12-09,0.0,0.0,0.0,0.0,0.01,64.84
2003-12-10,0.0,0.0,0.0,0.0,0.01,63.98
2003-12-11,0.08,0.08,0.08,0.08,0.09,63.17
2003-12-12,0.06,0.06,0.14,0.14,0.14,61.11
2003-12-13,0.06,0.06,0.2,0.2,0.2,48.81
2003-12-14,4.66,4.66,4.78,4.78,4.86,50.34
2003-12-15,9.77,9.77,14.49,14.49,14.63,57.22
2003-12-16,0.0,0.0,14.43,14.43,14.63,57.15
2003-12-17,0.01,0.01,9.78,9.78,14.64,57.16
2003-12-18,0.0,0.0,0.01,0.01,14.56,57.16
2003-12-19,0.0,0.0,0.01,0.01,14.5,55.87
2003-12-20,0.01,0.01,0.01,0.01,14.45,54.0
2003-12-21,0.0,0.0,0.01,0.01,9.79,43.48
2003-12-22,0.06,0.06,0.07,0.07,0.08,40.53
2003-12-23,6.99,6.99,7.05,7.05,7.07,47.51
2003-12-24,11.8,11.8,18.85,18.85,18.86,59.27
2003-12-25,2.91,2.91,21.7,21.7,21.77,62.18
2003-12-26,1.85,1.85,16.56,16.56,23.62,64.03
2003-12-27,2.62,2.62,7.38,7.38,26.23,65.3
2003-12-28,0.33,0.33,4.8,4.8,26.56,61.6
2003-12-29,0.09,0.09,3.04,3.04,26.59,42.71
2003-12-30,0.98,0.98,1.4,1.4,20.58,42.47
2003-12-31,1.6,1.6,2.67,2.67,10.38,43.89
2004-01-01,0.22,0.22,2.8,2.8,7.69,44.11
2004-01-02,0.0,0.0,1.82,1.82,5.84,44.11
2004-01-03,0.02,0.02,0.24,0.24,3.24,44.13
2004-01-04,0.09,0.09,0.11,0.11,3.0,44.21
2004-01-05,0.09,0.09,0.2,0.2,3.0,44.3
2004-01-06,0.04,0.04,0.22,0.22,2.06,44.34
2004-01-07,0.0,0.0,0.13,0.13,0.46,44.34
2004-01-08,0.0,0.0,0.04,0.04,0.24,44.34
2004-01-09,0.0,0.0,0.0,0.0,0.24,44.34
2004-01-10,0.0,0.0,0.0,0.0,0.22,44.26
2004-01-11,0.0,0.0,0.0,0.0,0.13,44.2
2004-01-12,0.0,0.0,0.0,0.0,0.04,44.14
2004-01-13,0.0,0.0,0.0,0.0,0.0,39.48
2004-01-14,0.0,0.0,0.0,0.0,0.0,29.71
2004-01-15,0.0,0.0,0.0,0.0,0.0,29.71
2004-01-16,0.0,0.0,0.0,0.0,0.0,29.7
2004-01-17,0.0,0.0,0.0,0.0,0.0,29.7
2004-01-18,0.0,0.0,0.0,0.0,0.0,29.7
2004-01-19,0.0,0.0,0.0,0.0,0.0,29.69
2004-01-20,0.0,0.0,0.0,0.0,0.0,29.69
2004-01-21,0.01,0.01,0.01,0.01,0.01,29.64
2004-01-22,0.05,0.05,0.06,0.06,0.06,22.7
2004-01-23,0.03,0.03,0.09,0.09,0.09,10.93
2004-01-24,0.0,0.0,0.08,0.08,0.09,8.02
2004-01-25,0.17,0.17,0.2,0.2,0.26,6.34
2004-01-26,10.95,10.95,11.12,11.12,11.21,14.67
2004-01-27,1.0,1.0,12.12,12.12,12.21,15.34
2004-01-28,0.27,0.27,12.22,12.22,12.47,15.52
2004-01-29,1.04,1.04,2.31,2.31,13.46,15.58
2004-01-30,0.52,0.52,1.83,1.83,13.95,14.5
2004-01-31,0.07,0.07,1.63,1.63,14.02,14.35
2004-02-01,0.0,0.0,0.59,0.59,13.85,14.35
2004-02-02,0.0,0.0,0.07,0.07,2.9,14.33
2004-02-03,0.0,0.0,0.0,0.0,1.9,14.24
2004-02-04,0.0,0.0,0.0,0.0,1.63,14.15
2004-02-05,0.0,0.0,0.0,0.0,0.59,14.11
2004-02-06,0.0,0.0,0.0,0.0,0.07,14.11
2004-02-07,0.01,0.01,0.01,0.01,0.01,14.12
2004-02-08,0.0,0.0,0.01,0.01,0.01,14.12
2004-02-09,0.0,0.0,0.01,0.01,0.01,14.12
2004-02-10,0.0,0.0,0.0,0.0,0.01,14.12
2004-02-11,0.01,0.01,0.01,0.01,0.02,14.13
2004-02-12,0.01,0.01,0.02,0.02,0.03,14.14
2004-02-13,0.0,0.0,0.02,0.02,0.03,14.14
2004-02-14,0.0,0.0,0.01,0.01,0.02,14.14
2004-02-15,0.0,0.0,0.0,0.0,0.02,14.14
2004-02-16,0.0,0.0,0.0,0.0,0.02,14.14
2004-02-17,0.0,0.0,0.0,0.0,0.02,14.14
2004-02-18,0.0,0.0,0.0,0.0,0.01,14.14
2004-02-19,0.0,0.0,0.0,0.0,0.0,14.14
2004-02-20,0.0,0.0,0.0,0.0,0.0,14.13
2004-02-21,0.0,0.0,0.0,0.0,0.0,14.08
2004-02-22,0.0,0.0,0.0,0.0,0.0,14.05
2004-02-23,0.0,0.0,0.0,0.0,0.0,14.05
2004-02-24,0.0,0.0,0.0,0.0,0.0,13.88
2004-02-25,0.0,0.0,0.0,0.0,0.0,2.93
2004-02-26,0.0,0.0,0.0,0.0,0.0,1.93
2004-02-27,0.0,0.0,0.0,0.0,0.0,1.66
2004-02-28,0.0,0.0,0.0,0.0,0.0,0.62
2004-02-29,0.0,0.0,0.0,0.0,0.0,0.1
2004-03-01,0.0,0.0,0.0,0.0,0.0,0.03
2004-03-02,0.0,0.0,0.0,0.0,0.0,0.03
2004-03-03,0.0,0.0,0.0,0.0,0.0,0.03
2004-03-04,0.0,0.0,0.0,0.0,0.0,0.03
2004-03-05,0.0,0.0,0.0,0.0,0.0,0.03
2004-03-06,0.0,0.0,0.0,0.0,0.0,0.03
2004-03-07,0.0,0.0,0.0,0.0,0.0,0.03
2004-03-08,0.0,0.0,0.0,0.0,0.0,0.02
2004-03-09,0.01,0.01,0.01,0.01,0.01,0.03
2004-03-10,0.0,0.0,0.01,0.01,0.01,0.03
2004-03-11,0.0,0.0,0.01,0.01,0.01,0.03
2004-03-12,0.0,0.0,0.0,0.0,0.01,0.02
2004-03-13,0.0,0.0,0.0,0.0,0.01,0.01
2004-03-14,0.0,0.0,0.0,0.0,0.01,0.01
2004-03-15,0.0,0.0,0.0,0.0,0.01,0.01
2004-03-16,0.0,0.0,0.0,0.0,0.0,0.01
2004-03-17,0.0,0.0,0.0,0.0,0.0,0.01
2004-03-18,0.0,0.0,0.0,0.0,0.0,0.01
2004-03-19,0.0,0.0,0.0,0.0,0.0,0.01
2004-03-20,0.0,0.0,0.0,0.0,0.0,0.01
2004-03-21,0.0,0.0,0.0,0.0,0.0,0.01
2004-03-22,0.0,0.0,0.0,0.0,0.0,0.01
2004-03-23,0.0,0.0,0.0,0.0,0.0,0.01
2004-03-24,0.0,0.0,0.0,0.0,0.0,0.01
2004-03-25,0.0,0.0,0.0,0.0,0.0,0.01
2004-03-26,0.0,0.0,0.0,0.0,0.0,0.01
2004-03-27,0.02,0.02,0.02,0.02,0.02,0.03
2004-03-28,1.93,1.93,1.95,1.95,1.95,1.96
2004-03-29,0.43,0.43,2.38,2.38,2.38,2.39
2004-03-30,0.36,0.36,2.72,2.72,2.74,2.75
2004-03-31,0.29,0.29,1.08,1.08,3.03,3.04
2004-04-01,0.17,0.17,0.82,0.82,3.2,3.21
2004-04-02,0.13,0.13,0.59,0.59,3.33,3.34
2004-04-03,0.03,0.03,0.33,0.33,3.34,3.37
2004-04-04,0.08,0.08,0.24,0.24,1.49,3.45
2004-04-05,0.14,0.14,0.25,0.25,1.2,3.59
2004-04-06,1.61,1.61,1.83,1.83,2.45,5.2
2004-04-07,0.34,0.34,2.09,2.09,2.5,5.54
2004-04-08,0.36,0.36,2.31,2.31,2.69,5.89
2004-04-09,0.25,0.25,0.95,0.95,2.81,6.14
2004-04-10,0.06,0.06,0.67,0.67,2.84,6.2
2004-04-11,0.0,0.0,0.31,0.31,2.76,6.2
2004-04-12,0.0,0.0,0.06,0.06,2.62,6.2
2004-04-13,0.0,0.0,0.0,0.0,1.01,6.2
2004-04-14,0.0,0.0,0.0,0.0,0.67,6.2
2004-04-15,0.0,0.0,0.0,0.0,0.31,6.2
2004-04-16,0.0,0.0,0.0,0.0,0.06,6.2
2004-04-17,0.0,0.0,0.0,0.0,0.0,6.2
2004-04-18,0.0,0.0,0.0,0.0,0.0,6.2
2004-04-19,0.0,0.0,0.0,0.0,0.0,6.2
2004-04-20,0.03,0.03,0.03,0.03,0.03,6.23
2004-04-21,0.63,0.63,0.66,0.66,0.66,6.86
2004-04-22,1.25,1.25,1.91,1.91,1.91,8.11
2004-04-23,0.55,0.55,2.43,2.43,2.46,8.66
2004-04-24,0.76,0.76,2.56,2.56,3.22,9.42
2004-04-25,7.68,7.68,8.99,8.99,10.9,17.1
2004-04-26,1.31,1.31,9.75,9.75,12.21,18.39
2004-04-27,0.03,0.03,9.02,9.02,12.21,16.49
2004-04-28,0.01,0.01,1.35,1.35,11.59,16.07
2004-04-29,0.0,0.0,0.04,0.04,10.34,15.71
2004-04-30,0.03,0.03,0.04,0.04,9.82,15.45
2004-05-01,2.97,2.97,3.0,3.0,12.03,18.25
2004-05-02,34.42,34.42,37.42,37.42,38.77,52.54
2004-05-03,60.77,60.77,98.16,98.16,98.23,113.28
2004-05-04,55.21,55.21,150.4,150.4,153.41,168.41
2004-05-05,29.26,29.26,145.24,145.24,182.66,197.53
2004-05-06,8.34,8.34,92.81,92.81,191.0,204.26
2004-05-07,5.55,5.55,43.15,43.15,196.52,209.47
2004-05-08,2.17,2.17,16.06,16.06,195.72,211.28
2004-05-09,0.88,0.88,8.6,8.6,162.18,211.91
2004-05-10,10.24,10.24,13.29,13.29,111.65,222.09
2004-05-11,0.73,0.73,11.85,11.85,57.17,222.82
2004-05-12,0.29,0.29,11.26,11.26,28.2,223.11
2004-05-13,0.61,0.61,1.63,1.63,20.47,223.72
2004-05-14,0.47,0.47,1.37,1.37,15.39,224.19
2004-05-15,6.25,6.25,7.33,7.33,19.47,230.44
2004-05-16,19.22,19.22,25.94,25.94,37.81,249.66
2004-05-17,8.4,8.4,33.87,33.87,35.97,258.06
2004-05-18,0.94,0.94,28.56,28.56,36.18,259.0
2004-05-19,0.06,0.06,9.4,9.4,35.95,259.06
2004-05-20,0.35,0.35,1.35,1.35,35.69,259.38
2004-05-21,0.01,0.01,0.42,0.42,35.23,258.76
2004-05-22,0.35,0.35,0.71,0.71,29.33,257.86
2004-05-23,6.58,6.58,6.94,6.94,16.69,263.89
2004-05-24,2.81,2.81,9.74,9.74,11.1,265.94
2004-05-25,1.33,1.33,10.72,10.72,11.49,259.59
2004-05-26,0.97,0.97,5.11,5.11,12.4,259.25
2004-05-27,0.91,0.91,3.21,3.21,12.96,260.13
2004-05-28,0.21,0.21,2.09,2.09,13.16,260.33
2004-05-29,0.42,0.42,1.54,1.54,13.23,260.75
2004-05-30,0.07,0.07,0.7,0.7,6.72,260.79
2004-05-31,13.21,13.21,13.7,13.7,17.12,271.03
2004-06-01,6.0,6.0,19.28,19.28,21.79,242.61
2004-06-02,3.57,3.57,22.78,22.78,24.39,185.41
2004-06-03,1.01,1.01,10.58,10.58,24.49,131.21
2004-06-04,9.72,9.72,14.3,14.3,34.0,111.67
2004-06-05,1.77,1.77,12.5,12.5,35.35,105.1
2004-06-06,1.02,1.02,12.51,12.51,36.3,100.57
2004-06-07,1.15,1.15,3.94,3.94,24.24,99.55
2004-06-08,7.56,7.56,9.73,9.73,25.8,106.23
2004-06-09,2.31,2.31,11.02,11.02,24.54,98.3
2004-06-10,1.97,1.97,11.84,11.84,25.5,99.54
2004-06-11,0.74,0.74,5.02,5.02,16.52,99.99
2004-06-12,1.96,1.96,4.67,4.67,16.71,101.34
2004-06-13,0.78,0.78,3.48,3.48,16.47,101.65
2004-06-14,0.13,0.13,2.87,2.87,15.45,95.53
2004-06-15,0.0,0.0,0.91,0.91,7.89,76.31
2004-06-16,0.12,0.12,0.25,0.25,5.7,68.03
2004-06-17,0.01,0.01,0.13,0.13,3.74,67.1
2004-06-18,0.04,0.04,0.17,0.17,3.04,67.08
2004-06-19,0.0,0.0,0.05,0.05,1.08,66.73
2004-06-20,0.0,0.0,0.04,0.04,0.3,66.72
2004-06-21,0.0,0.0,0.0,0.0,0.17,66.37
2004-06-22,0.0,0.0,0.0,0.0,0.17,59.79
2004-06-23,0.0,0.0,0.0,0.0,0.05,56.98
2004-06-24,0.07,0.07,0.07,0.07,0.11,55.72
2004-06-25,0.0,0.0,0.07,0.07,0.07,54.75
2004-06-26,0.1,0.1,0.17,0.17,0.17,53.94
2004-06-27,2.33,2.33,2.43,2.43,2.5,56.06
2004-06-28,10.91,10.91,13.34,13.34,13.41,66.55
2004-06-29,3.48,3.48,16.72,16.72,16.89,69.96
2004-06-30,1.19,1.19,15.58,15.58,18.08,57.94
2004-07-01,1.14,1.14,5.81,5.81,19.15,53.08
2004-07-02,0.74,0.74,3.07,3.07,19.89,50.25
2004-07-03,8.02,8.02,9.9,9.9,27.81,57.26
2004-07-04,0.12,0.12,8.88,8.88,25.6,47.66
2004-07-05,0.63,0.63,8.77,8.77,15.32,46.52
2004-07-06,1.94,1.94,2.69,2.69,13.78,47.44
2004-07-07,1.67,1.67,4.24,4.24,14.26,47.96
2004-07-08,3.26,3.26,6.87,6.87,16.38,43.66
2004-07-09,2.76,2.76,7.69,7.69,18.4,44.11
2004-07-10,2.66,2.66,8.68,8.68,13.04,44.8
2004-07-11,7.16,7.16,12.58,12.58,20.08,51.22
2004-07-12,6.55,6.55,16.37,16.37,26.0,55.81
2004-07-13,1.06,1.06,14.77,14.77,25.12,56.09
2004-07-14,0.56,0.56,8.17,8.17,24.01,56.52
2004-07-15,0.26,0.26,1.88,1.88,21.01,56.78
2004-07-16,0.57,0.57,1.39,1.39,18.82,57.23
2004-07-17,0.06,0.06,0.89,0.89,16.22,57.28
2004-07-18,2.56,2.56,3.19,3.19,11.62,59.8
2004-07-19,0.44,0.44,3.06,3.06,5.51,60.24
2004-07-20,0.24,0.24,3.24,3.24,4.69,60.48
2004-07-21,2.9,2.9,3.58,3.58,7.03,63.38
2004-07-22,0.3,0.3,3.44,3.44,7.07,63.68
2004-07-23,2.54,2.54,5.74,5.74,9.04,66.22
2004-07-24,1.37,1.37,4.21,4.21,10.35,67.52
2004-07-25,0.55,0.55,4.46,4.46,8.34,68.07
2004-07-26,0.71,0.71,2.63,2.63,8.61,68.68
2004-07-27,0.28,0.28,1.54,1.54,8.65,66.63
2004-07-28,1.56,1.56,2.55,2.55,7.31,57.28
2004-07-29,4.69,4.69,6.53,6.53,11.7,58.49
2004-07-30,2.26,2.26,8.51,8.51,11.42,59.56
2004-07-31,2.06,2.06,9.01,9.01,12.11,60.48
2004-08-01,0.55,0.55,4.87,4.87,12.11,60.29
2004-08-02,0.58,0.58,3.19,3.19,11.98,52.85
2004-08-03,1.5,1.5,2.63,2.63,13.2,54.23
2004-08-04,1.26,1.26,3.34,3.34,12.9,54.86
2004-08-05,2.02,2.02,4.78,4.78,10.23,54.94
2004-08-06,2.2,2.2,5.48,5.48,10.17,55.47
2004-08-07,0.85,0.85,5.07,5.07,8.96,53.06
2004-08-08,1.89,1.89,4.94,4.94,10.3,52.19
2004-08-09,0.25,0.25,2.99,2.99,9.97,49.78
2004-08-10,0.03,0.03,2.17,2.17,8.5,42.65
2004-08-11,0.05,0.05,0.33,0.33,7.29,36.15
2004-08-12,0.09,0.09,0.17,0.17,5.36,35.18
2004-08-13,0.48,0.48,0.62,0.62,3.64,35.1
2004-08-14,0.03,0.03,0.6,0.6,2.82,34.87
2004-08-15,0.52,0.52,1.03,1.03,1.45,34.82
2004-08-16,0.59,0.59,1.14,1.14,1.79,35.35
2004-08-17,0.18,0.18,1.29,1.29,1.94,32.97
2004-08-18,0.24,0.24,1.01,1.01,2.13,32.77
2004-08-19,0.17,0.17,0.59,0.59,2.21,32.7
2004-08-20,0.66,0.66,1.07,1.07,2.39,30.46
2004-08-21,0.29,0.29,1.12,1.12,2.65,30.45
2004-08-22,1.47,1.47,2.42,2.42,3.6,29.38
2004-08-23,1.37,1.37,3.13,3.13,4.38,29.38
2004-08-24,0.4,0.4,3.24,3.24,4.6,29.23
2004-08-25,0.7,0.7,2.47,2.47,5.06,29.22
2004-08-26,1.59,1.59,2.69,2.69,6.48,30.53
2004-08-27,13.35,13.35,15.64,15.64,19.17,42.32
2004-08-28,7.71,7.71,22.65,22.65,26.59,45.34
2004-08-29,2.49,2.49,23.55,23.55,27.61,45.57
2004-08-30,2.33,2.33,12.53,12.53,28.57,45.84
2004-08-31,2.08,2.08,6.9,6.9,30.25,47.37
2004-09-01,0.0,0.0,4.41,4.41,29.55,46.79
2004-09-02,0.3,0.3,2.38,2.38,28.26,45.59
2004-09-03,4.03,4.03,4.33,4.33,18.94,48.36
2004-09-04,9.02,9.02,13.35,13.35,20.25,55.36
2004-09-05,15.54,15.54,28.59,28.59,33.3,68.7
2004-09-06,12.51,12.51,37.07,37.07,43.48,80.36
2004-09-07,0.69,0.69,28.74,28.74,42.09,79.16
2004-09-08,1.49,1.49,14.69,14.69,43.58,80.4
2004-09-09,16.02,16.02,18.2,18.2,59.3,96.39
2004-09-10,8.21,8.21,25.72,25.72,63.48,104.55
2004-09-11,5.54,5.54,29.77,29.77,60.0,110.0
2004-09-12,1.43,1.43,15.18,15.18,45.89,110.95
2004-09-13,0.36,0.36,7.33,7.33,33.74,111.28
2004-09-14,5.41,5.41,7.2,7.2,38.46,116.17
2004-09-15,17.47,17.47,23.24,23.24,54.44,133.05
2004-09-16,2.53,2.53,25.41,25.41,40.95,135.4
2004-09-17,1.11,1.11,21.11,21.11,33.85,136.27
2004-09-18,0.57,0.57,4.21,4.21,28.88,136.67
2004-09-19,37.17,37.17,38.85,38.85,64.62,173.18
2004-09-20,22.3,22.3,60.04,60.04,86.56,195.19
2004-09-21,8.58,8.58,68.05,68.05,89.73,202.3
2004-09-22,8.18,8.18,39.06,39.06,80.44,209.11
2004-09-23,7.97,7.97,24.73,24.73,85.88,216.68
2004-09-24,8.28,8.28,24.43,24.43,93.05,224.26
2004-09-25,6.0,6.0,22.25,22.25,98.48,228.67
2004-09-26,9.83,9.83,24.11,24.11,71.14,225.15
2004-09-27,15.45,15.45,31.28,31.28,64.29,232.89
2004-09-28,17.89,17.89,43.17,43.17,73.6,248.29
2004-09-29,5.64,5.64,38.98,38.98,71.06,251.6
2004-09-30,1.25,1.25,24.78,24.78,64.34,250.77
2004-10-01,1.38,1.38,8.27,8.27,57.44,252.15
2004-10-02,4.12,4.12,6.75,6.75,55.56,255.97
2004-10-03,1.19,1.19,6.69,6.69,46.92,253.13
2004-10-04,0.97,0.97,6.28,6.28,32.44,245.08
2004-10-05,0.09,0.09,2.25,2.25,14.64,229.63
2004-10-06,0.02,0.02,1.08,1.08,9.02,217.14
2004-10-07,0.0,0.0,0.11,0.11,7.77,216.45
2004-10-08,0.07,0.07,0.09,0.09,6.46,215.03
2004-10-09,0.66,0.66,0.73,0.73,3.0,199.67
2004-10-10,2.44,2.44,3.17,3.17,4.25,193.9
2004-10-11,2.1,2.1,5.2,5.2,5.38,190.46
2004-10-12,8.88,8.88,13.42,13.42,14.17,197.91
2004-10-13,14.33,14.33,25.31,25.31,28.48,211.88
2004-10-14,2.16,2.16,25.37,25.37,30.64,208.63
2004-10-15,4.38,4.38,20.87,20.87,34.95,195.54
2004-10-16,2.85,2.85,9.39,9.39,37.14,195.86
2004-10-17,11.14,11.14,18.37,18.37,45.84,205.89
2004-10-18,17.87,17.87,31.86,31.86,61.61,223.19
2004-10-19,16.58,16.58,45.59,45.59,69.31,202.6
2004-10-20,8.47,8.47,42.92,42.92,63.45,188.77
2004-10-21,7.02,7.02,32.07,32.07,68.31,187.21
2004-10-22,11.1,11.1,26.59,26.59,75.03,190.13
2004-10-23,17.68,17.68,35.8,35.8,89.86,199.84
2004-10-24,11.45,11.45,40.23,40.23,90.17,203.01
2004-10-25,10.92,10.92,40.05,40.05,83.22,207.93
2004-10-26,8.27,8.27,30.64,30.64,74.91,206.37
2004-10-27,22.13,22.13,41.32,41.32,88.57,213.05
2004-10-28,42.49,42.49,72.89,72.89,124.04,237.65
2004-10-29,40.3,40.3,104.92,104.92,153.24,272.31
2004-10-30,45.34,45.34,128.13,128.13,180.9,316.4
2004-10-31,44.61,44.61,130.25,130.25,214.06,359.63
2004-11-01,7.12,7.12,97.07,97.07,210.26,362.63
2004-11-02,6.95,6.95,58.68,58.68,208.94,368.39
2004-11-03,0.26,0.26,14.33,14.33,187.07,367.68
2004-11-04,0.72,0.72,7.93,7.93,145.3,368.31
2004-11-05,55.75,55.75,56.73,56.73,160.75,424.04
2004-11-06,71.07,71.07,127.54,127.54,186.48,495.11
2004-11-07,17.83,17.83,144.65,144.65,159.7,512.87
2004-11-08,8.15,8.15,97.05,97.05,160.73,520.36
2004-11-09,5.9,5.9,31.88,31.88,159.68,523.82
2004-11-10,5.47,5.47,19.52,19.52,164.89,527.19
2004-11-11,5.52,5.52,16.89,16.89,169.69,523.83
2004-11-12,44.29,44.29,55.28,55.28,158.23,553.79
2004-11-13,2.43,2.43,52.24,52.24,89.59,554.06
2004-11-14,2.12,2.12,48.84,48.84,73.88,551.8
2004-11-15,0.63,0.63,5.18,5.18,66.36,549.58
2004-11-16,0.27,0.27,3.02,3.02,60.73,538.71
2004-11-17,0.08,0.08,0.98,0.98,55.34,520.92
2004-11-18,0.0,0.0,0.35,0.35,49.82,504.34
2004-11-19,0.0,0.0,0.08,0.08,5.53,495.87
2004-11-20,0.0,0.0,0.0,0.0,3.1,488.85
2004-11-21,0.01,0.01,0.01,0.01,0.99,477.76
2004-11-22,0.4,0.4,0.41,0.41,0.76,460.48
2004-11-23,0.85,0.85,1.26,1.26,1.34,449.88
2004-11-24,1.88,1.88,3.13,3.13,3.14,440.84
2004-11-25,3.95,3.95,6.68,6.68,7.09,436.52
2004-11-26,13.03,13.03,18.86,18.86,20.12,427.42
2004-11-27,1.26,1.26,18.24,18.24,21.38,386.19
2004-11-28,0.0,0.0,14.29,14.29,21.37,345.89
2004-11-29,0.0,0.0,1.26,1.26,20.97,300.55
2004-11-30,0.0,0.0,0.0,0.0,20.12,255.94
2004-12-01,0.0,0.0,0.0,0.0,18.24,248.82
2004-12-02,6.9,6.9,6.9,6.9,21.19,248.77
2004-12-03,0.69,0.69,7.59,7.59,8.85,249.2
2004-12-04,0.0,0.0,7.59,7.59,7.59,248.48
2004-12-05,0.0,0.0,0.69,0.69,7.59,192.73
2004-12-06,0.0,0.0,0.0,0.0,7.59,121.66
2004-12-07,0.21,0.21,0.21,0.21,7.8,104.04
2004-12-08,2.69,2.69,2.9,2.9,10.49,98.58
2004-12-09,0.83,0.83,3.73,3.73,4.42,93.51
2004-12-10,0.0,0.0,3.52,3.52,3.73,88.04
2004-12-11,0.16,0.16,0.99,0.99,3.89,82.68
2004-12-12,0.62,0.62,0.78,0.78,4.51,39.01
2004-12-13,2.72,2.72,3.5,3.5,7.23,39.3
2004-12-14,0.95,0.95,4.29,4.29,7.97,38.13
2004-12-15,0.0,0.0,3.67,3.67,5.28,37.5
2004-12-16,0.01,0.01,0.96,0.96,4.46,37.24
2004-12-17,0.0,0.0,0.01,0.01,4.46,37.16
2004-12-18,0.0,0.0,0.01,0.01,4.3,37.16
2004-12-19,0.0,0.0,0.0,0.0,3.68,37.16
2004-12-20,0.0,0.0,0.0,0.0,0.96,37.16
2004-12-21,0.0,0.0,0.0,0.0,0.01,37.15
2004-12-22,0.0,0.0,0.0,0.0,0.01,36.75
2004-12-23,0.02,0.02,0.02,0.02,0.02,35.92
2004-12-24,0.05,0.05,0.07,0.07,0.07,34.09
2004-12-25,0.0,0.0,0.07,0.07,0.07,30.14
2004-12-26,0.01,0.01,0.06,0.06,0.08,17.12
2004-12-27,0.03,0.03,0.04,0.04,0.11,15.89
2004-12-28,0.0,0.0,0.04,0.04,0.11,15.89
2004-12-29,0.16,0.16,0.19,0.19,0.27,16.05
2004-12-30,0.06,0.06,0.22,0.22,0.31,16.11
2004-12-31,0.13,0.13,0.35,0.35,0.39,16.24
2005-01-01,0.0,0.0,0.19,0.19,0.39,9.34
2005-01-02,0.02,0.02,0.15,0.15,0.4,8.67
2005-01-03,0.01,0.01,0.03,0.03,0.38,8.68
2005-01-04,0.02,0.02,0.05,0.05,0.4,8.7
2005-01-05,0.0,0.0,0.03,0.03,0.24,8.7
2005-01-06,0.01,0.01,0.03,0.03,0.19,8.5
2005-01-07,0.0,0.0,0.01,0.01,0.06,5.81
2005-01-08,0.0,0.0,0.01,0.01,0.06,4.98
2005-01-09,0.0,0.0,0.0,0.0,0.04,4.98
2005-01-10,0.0,0.0,0.0,0.0,0.03,4.82
2005-01-11,0.0,0.0,0.0,0.0,0.01,4.2
2005-01-12,0.0,0.0,0.0,0.0,0.01,1.48
2005-01-13,0.0,0.0,0.0,0.0,0.0,0.53
2005-01-14,0.01,0.01,0.01,0.01,0.01,0.54
2005-01-15,0.0,0.0,0.01,0.01,0.01,0.53
2005-01-16,0.01,0.01,0.02,0.02,0.02,0.54
2005-01-17,0.01,0.01,0.02,0.02,0.03,0.55
2005-01-18,0.0,0.0,0.02,0.02,0.03,0.55
2005-01-19,0.0,0.0,0.01,0.01,0.03,0.55
2005-01-20,0.0,0.0,0.0,0.0,0.03,0.55
2005-01-21,0.42,0.42,0.42,0.42,0.44,0.97
2005-01-22,0.21,0.21,0.63,0.63,0.65,1.16
2005-01-23,0.03,0.03,0.66,0.66,0.67,1.14
2005-01-24,0.05,0.05,0.29,0.29,0.71,1.19
2005-01-25,0.0,0.0,0.08,0.08,0.71,1.18
2005-01-26,0.0,0.0,0.05,0.05,0.71,1.15
2005-01-27,0.01,0.01,0.01,0.01,0.72,1.16
2005-01-28,0.03,0.03,0.04,0.04,0.33,1.03
2005-01-29,0.01,0.01,0.05,0.05,0.13,0.98
2005-01-30,0.04,0.04,0.08,0.08,0.14,0.89
2005-01-31,0.37,0.37,0.42,0.42,0.46,1.26
2005-02-01,2.48,2.48,2.89,2.89,2.94,3.72
2005-02-02,0.7,0.7,3.55,3.55,3.64,4.41
2005-02-03,1.95,1.95,5.13,5.13,5.58,6.34
2005-02-04,0.24,0.24,2.89,2.89,5.79,6.58
2005-02-05,0.0,0.0,2.19,2.19,5.78,6.57
2005-02-06,0.0,0.0,0.24,0.24,5.74,6.57
2005-02-07,0.0,0.0,0.0,0.0,5.37,6.57
2005-02-08,0.0,0.0,0.0,0.0,2.89,6.57
2005-02-09,0.0,0.0,0.0,0.0,2.19,6.57
2005-02-10,0.0,0.0,0.0,0.0,0.24,6.57
2005-02-11,0.0,0.0,0.0,0.0,0.0,6.57
2005-02-12,0.0,0.0,0.0,0.0,0.0,6.57
2005-02-13,0.0,0.0,0.0,0.0,0.0,6.56
2005-02-14,0.0,0.0,0.0,0.0,0.0,6.56
2005-02-15,0.0,0.0,0.0,0.0,0.0,6.55
2005-02-16,0.0,0.0,0.0,0.0,0.0,6.54
2005-02-17,0.0,0.0,0.0,0.0,0.0,6.54
2005-02-18,0.0,0.0,0.0,0.0,0.0,6.54
2005-02-19,0.0,0.0,0.0,0.0,0.0,6.54
2005-02-20,0.0,0.0,0.0,0.0,0.0,6.12
2005-02-21,0.0,0.0,0.0,0.0,0.0,5.91
2005-02-22,0.05,0.05,0.05,0.05,0.05,5.93
2005-02-23,0.02,0.02,0.07,0.07,0.07,5.9
2005-02-24,0.0,0.0,0.07,0.07,0.07,5.9
2005-02-25,0.0,0.0,0.02,0.02,0.07,5.9
2005-02-26,0.0,0.0,0.0,0.0,0.07,5.89
2005-02-27,0.0,0.0,0.0,0.0,0.07,5.86
2005-02-28,0.0,0.0,0.0,0.0,0.07,5.85
2005-03-01,0.0,0.0,0.0,0.0,0.02,5.81
2005-03-02,0.0,0.0,0.0,0.0,0.0,5.44
2005-03-03,0.0,0.0,0.0,0.0,0.0,2.96
2005-03-04,0.0,0.0,0.0,0.0,0.0,2.26
2005-03-05,0.04,0.04,0.04,0.04,0.04,0.35
2005-03-06,0.01,0.01,0.05,0.05,0.05,0.12
2005-03-07,0.01,0.01,0.06,0.06,0.06,0.13
2005-03-08,0.46,0.46,0.48,0.48,0.52,0.59
2005-03-09,0.71,0.71,1.18,1.18,1.23,1.3
2005-03-10,0.09,0.09,1.26,1.26,1.32,1.39
2005-03-11,0.72,0.72,1.52,1.52,2.04,2.11
2005-03-12,0.16,0.16,0.97,0.97,2.16,2.27
2005-03-13,0.2,0.2,1.08,1.08,2.35,2.47
2005-03-14,0.05,0.05,0.41,0.41,2.39,2.52
2005-03-15,0.0,0.0,0.25,0.25,1.93,2.52
2005-03-16,0.0,0.0,0.05,0.05,1.22,2.52
2005-03-17,0.0,0.0,0.0,0.0,1.13,2.52
2005-03-18,0.0,0.0,0.0,0.0,0.41,2.52
2005-03-19,0.0,0.0,0.0,0.0,0.25,2.52
2005-03-20,0.0,0.0,0.0,0.0,0.05,2.52
2005-03-21,0.0,0.0,0.0,0.0,0.0,2.52
2005-03-22,0.0,0.0,0.0,0.0,0.0,2.52
2005-03-23,0.0,0.0,0.0,0.0,0.0,2.52
2005-03-24,0.4,0.4,0.4,0.4,0.4,2.87
2005-03-25,0.11,0.11,0.51,0.51,0.51,2.96
2005-03-26,0.01,0.01,0.52,0.52,0.52,2.97
2005-03-27,0.04,0.04,0.16,0.16,0.56,3.01
2005-03-28,0.0,0.0,0.05,0.05,0.56,3.01
2005-03-29,0.0,0.0,0.04,0.04,0.56,3.01
2005-03-30,0.01,0.01,0.01,0.01,0.57,3.02
2005-03-31,0.04,0.04,0.05,0.05,0.21,3.06
2005-04-01,0.07,0.07,0.12,0.12,0.17,3.13
2005-04-02,2.64,2.64,2.75,2.75,2.8,5.77
2005-04-03,17.55,17.55,20.26,20.26,20.31,23.32
2005-04-04,26.63,26.63,46.82,46.82,46.94,49.91
2005-04-05,74.07,74.07,118.25,118.25,121.01,123.97
2005-04-06,24.12,24.12,124.82,124.82,145.12,148.08
2005-04-07,3.29,3.29,101.48,101.48,148.37,150.91
2005-04-08,0.84,0.84,28.25,28.25,149.14,151.04
2005-04-09,0.81,0.81,4.94,4.94,147.31,151.76
2005-04-10,0.41,0.41,2.06,2.06,130.17,151.45
2005-04-11,0.25,0.25,1.47,1.47,103.79,151.54
2005-04-12,0.06,0.06,0.72,0.72,29.78,151.4
2005-04-13,0.03,0.03,0.34,0.34,5.69,151.38
2005-04-14,0.01,0.01,0.1,0.1,2.41,151.39
2005-04-15,0.02,0.02,0.06,0.06,1.59,151.41
2005-04-16,0.01,0.01,0.04,0.04,0.79,151.42
2005-04-17,0.01,0.01,0.04,0.04,0.39,151.43
2005-04-18,0.21,0.21,0.23,0.23,0.35,151.64
2005-04-19,1.33,1.33,1.55,1.55,1.62,152.97
2005-04-20,1.59,1.59,3.13,3.13,3.18,154.56
2005-04-21,0.06,0.06,2.98,2.98,3.23,154.62
2005-04-22,0.02,0.02,1.67,1.67,3.23,154.64
2005-04-23,0.03,0.03,0.11,0.11,3.25,154.27
2005-04-24,0.02,0.02,0.07,0.07,3.26,154.18
2005-04-25,0.08,0.08,0.13,0.13,3.13,154.25
2005-04-26,0.83,0.83,0.93,0.93,2.63,155.04
2005-04-27,0.05,0.05,0.96,0.96,1.09,155.09
2005-04-28,0.27,0.27,1.15,1.15,1.3,155.36
2005-04-29,0.2,0.2,0.52,0.52,1.48,155.55
2005-04-30,0.29,0.29,0.76,0.76,1.74,155.8
2005-05-01,17.75,17.75,18.24,18.24,19.47,173.48
2005-05-02,11.58,11.58,29.62,29.62,30.97,182.42
2005-05-03,10.75,10.75,40.08,40.08,40.89,175.62
2005-05-04,14.58,14.58,36.91,36.91,55.42,163.57
2005-05-05,2.2,2.2,27.53,27.53,57.35,91.7
2005-05-06,1.17,1.17,17.95,17.95,58.32,68.75
2005-05-07,0.07,0.07,3.44,3.44,58.1,65.53
2005-05-08,0.08,0.08,1.32,1.32,40.43,64.77
2005-05-09,0.09,0.09,0.24,0.24,28.94,64.05
2005-05-10,0.02,0.02,0.19,0.19,18.21,63.66
2005-05-11,0.06,0.06,0.17,0.17,3.69,63.47
2005-05-12,0.0,0.0,0.08,0.08,1.49,63.41
2005-05-13,0.0,0.0,0.06,0.06,0.32,63.38
2005-05-14,0.0,0.0,0.0,0.0,0.25,63.37
2005-05-15,0.02,0.02,0.02,0.02,0.19,63.37
2005-05-16,0.0,0.0,0.02,0.02,0.1,63.36
2005-05-17,0.0,0.0,0.02,0.02,0.08,63.35
2005-05-18,0.0,0.0,0.0,0.0,0.02,63.14
2005-05-19,0.0,0.0,0.0,0.0,0.02,61.81
2005-05-20,0.0,0.0,0.0,0.0,0.02,60.22
2005-05-21,0.16,0.16,0.16,0.16,0.18,60.32
2005-05-22,0.25,0.25,0.41,0.41,0.41,60.55
2005-05-23,0.35,0.35,0.76,0.76,0.76,60.87
2005-05-24,0.25,0.25,0.85,0.85,1.01,61.1
2005-05-25,0.16,0.16,0.76,0.76,1.17,61.18
2005-05-26,0.42,0.42,0.83,0.83,1.59,60.77
2005-05-27,1.48,1.48,2.06,2.06,3.07,62.2
2005-05-28,0.24,0.24,2.14,2.14,3.15,62.17
2005-05-29,0.72,0.72,2.44,2.44,3.62,62.69
2005-05-30,0.32,0.32,1.28,1.28,3.59,62.72
2005-05-31,1.26,1.26,2.3,2.3,4.6,46.23
2005-06-01,0.43,0.43,2.01,2.01,4.87,35.08
2005-06-02,0.48,0.48,2.17,2.17,4.93,24.81
2005-06-03,0.67,0.67,1.58,1.58,4.12,10.9
2005-06-04,0.38,0.38,1.53,1.53,4.26,9.08
2005-06-05,0.42,0.42,1.47,1.47,3.96,8.33
2005-06-06,0.17,0.17,0.97,0.97,3.81,8.43
2005-06-07,0.52,0.52,1.11,1.11,3.07,8.87
2005-06-08,1.76,1.76,2.45,2.45,4.4,10.54
2005-06-09,1.29,1.29,3.57,3.57,5.21,11.81
2005-06-10,0.32,0.32,3.37,3.37,4.86,12.07
2005-06-11,0.04,0.04,1.65,1.65,4.52,12.11
2005-06-12,0.02,0.02,0.38,0.38,4.12,12.13
2005-06-13,0.05,0.05,0.11,0.11,4.0,12.18
2005-06-14,0.02,0.02,0.09,0.09,3.5,12.18
2005-06-15,0.01,0.01,0.08,0.08,1.75,12.19
2005-06-16,0.01,0.01,0.04,0.04,0.47,12.2
2005-06-17,0.01,0.01,0.03,0.03,0.16,12.21
2005-06-18,0.0,0.0,0.02,0.02,0.12,12.21
2005-06-19,0.01,0.01,0.02,0.02,0.11,12.22
2005-06-20,1.11,1.11,1.12,1.12,1.17,13.17
2005-06-21,1.78,1.78,2.9,2.9,2.93,14.7
2005-06-22,1.58,1.58,4.47,4.47,4.5,15.93
2005-06-23,0.26,0.26,3.62,3.62,4.75,15.94
2005-06-24,1.82,1.82,3.66,3.66,6.56,17.6
2005-06-25,0.93,0.93,3.01,3.01,7.49,18.11
2005-06-26,0.09,0.09,2.84,2.84,7.57,16.72
2005-06-27,0.09,0.09,1.11,1.11,6.55,16.57
2005-06-28,0.03,0.03,0.21,0.21,4.8,15.88
2005-06-29,0.01,0.01,0.13,0.13,3.23,15.57
2005-06-30,0.16,0.16,0.2,0.2,3.13,14.47
2005-07-01,0.33,0.33,0.5,0.5,1.64,14.37
2005-07-02,0.56,0.56,1.05,1.05,1.27,14.45
2005-07-03,0.14,0.14,1.03,1.03,1.32,13.92
2005-07-04,0.5,0.5,1.2,1.2,1.73,14.04
2005-07-05,1.06,1.06,1.7,1.7,2.76,14.68
2005-07-06,0.17,0.17,1.73,1.73,2.92,14.68
2005-07-07,0.18,0.18,1.41,1.41,2.94,14.34
2005-07-08,0.56,0.56,0.91,0.91,3.17,13.14
2005-07-09,0.7,0.7,1.44,1.44,3.31,12.55
2005-07-10,1.59,1.59,2.85,2.85,4.76,13.82
2005-07-11,0.19,0.19,2.48,2.48,4.45,13.97
2005-07-12,0.17,0.17,1.95,1.95,3.56,14.12
2005-07-13,0.49,0.49,0.85,0.85,3.88,14.56
2005-07-14,1.61,1.61,2.27,2.27,5.31,16.15
2005-07-15,1.16,1.16,3.26,3.26,5.91,17.3
2005-07-16,1.01,1.01,3.78,3.78,6.22,18.3
2005-07-17,0.51,0.51,2.68,2.68,5.14,18.8
2005-07-18,0.05,0.05,1.57,1.57,5.0,18.85
2005-07-19,0.28,0.28,0.84,0.84,5.11,19.12
2005-07-20,15.78,15.78,16.11,16.11,20.4,33.79
2005-07-21,4.35,4.35,20.41,20.41,23.14,36.36
2005-07-22,7.81,7.81,27.94,27.94,29.79,42.59
2005-07-23,23.32,23.32,35.48,35.48,52.1,65.65
2005-07-24,5.69,5.69,36.82,36.82,57.28,69.52
2005-07-25,2.12,2.12,31.13,31.13,59.35,70.71
2005-07-26,0.62,0.62,8.43,8.43,59.69,71.24
2005-07-27,0.34,0.34,3.08,3.08,44.25,71.49
2005-07-28,1.61,1.61,2.57,2.57,41.51,73.07
2005-07-29,0.67,0.67,2.62,2.62,34.37,73.73
2005-07-30,0.14,0.14,2.42,2.42,11.19,73.71
2005-07-31,0.11,0.11,0.92,0.92,5.61,73.49
2005-08-01,0.05,0.05,0.3,0.3,3.54,72.98
2005-08-02,0.02,0.02,0.18,0.18,2.94,72.86
2005-08-03,0.01,0.01,0.08,0.08,2.61,72.37
2005-08-04,0.43,0.43,0.46,0.46,1.43,71.74
2005-08-05,0.63,0.63,1.07,1.07,1.39,72.2
2005-08-06,0.06,0.06,1.12,1.12,1.31,72.08
2005-08-07,0.09,0.09,0.78,0.78,1.29,71.61
2005-08-08,0.45,0.45,0.6,0.6,1.69,71.36
2005-08-09,0.6,0.6,1.14,1.14,2.27,70.37
2005-08-10,3.48,3.48,4.53,4.53,5.74,73.66
2005-08-11,0.82,0.82,4.9,4.9,6.13,74.31
2005-08-12,1.67,1.67,5.97,5.97,7.17,75.49
2005-08-13,1.02,1.02,3.51,3.51,8.13,74.9
2005-08-14,14.67,14.67,17.36,17.36,22.71,88.41
2005-08-15,13.74,13.74,29.43,29.43,36.0,101.14
2005-08-16,2.84,2.84,31.25,31.25,38.24,103.47
2005-08-17,0.74,0.74,17.32,17.32,35.5,104.16
2005-08-18,0.18,0.18,3.76,3.76,34.86,104.06
2005-08-19,3.41,3.41,4.33,4.33,36.6,91.69
2005-08-20,0.43,0.43,4.02,4.02,36.01,87.77
2005-08-21,0.05,0.05,3.89,3.89,21.39,80.01
2005-08-22,0.91,0.91,1.39,1.39,8.56,57.6
2005-08-23,3.25,3.25,4.21,4.21,8.97,55.16
2005-08-24,6.58,6.58,10.74,10.74,14.81,59.62
2005-08-25,9.55,9.55,19.38,19.38,24.18,68.55
2005-08-26,3.69,3.69,19.82,19.82,24.46,71.9
2005-08-27,3.31,3.31,16.55,16.55,27.34,73.6
2005-08-28,1.78,1.78,8.78,8.78,29.07,74.71
2005-08-29,0.77,0.77,5.86,5.86,28.93,75.34
2005-08-30,1.79,1.79,4.34,4.34,27.47,77.02
2005-08-31,1.91,1.91,4.47,4.47,22.8,78.88
2005-09-01,1.12,1.12,4.82,4.82,14.37,79.98
2005-09-02,1.16,1.16,4.19,4.19,11.84,81.13
2005-09-03,1.73,1.73,4.01,4.01,10.26,82.43
2005-09-04,5.39,5.39,8.28,8.28,13.87,87.19
2005-09-05,1.68,1.68,8.8,8.8,14.78,88.81
2005-09-06,6.98,6.98,14.05,14.05,19.97,95.7
2005-09-07,10.12,10.12,18.78,18.78,28.18,105.37
2005-09-08,18.46,18.46,35.56,35.56,45.52,123.23
2005-09-09,21.53,21.53,50.11,50.11,65.89,141.28
2005-09-10,9.47,9.47,49.46,49.46,73.63,149.93
2005-09-11,7.3,7.3,38.3,38.3,75.54,155.56
2005-09-12,2.92,2.92,19.69,19.69,76.78,157.46
2005-09-13,0.37,0.37,10.59,10.59,70.17,143.16
2005-09-14,0.1,0.1,3.39,3.39,60.15,129.52
2005-09-15,1.02,1.02,1.49,1.49,42.71,127.7
2005-09-16,0.27,0.27,1.39,1.39,21.45,127.23
2005-09-17,0.09,0.09,1.38,1.38,12.07,127.14
2005-09-18,0.02,0.02,0.38,0.38,4.79,123.75
2005-09-19,0.26,0.26,0.37,0.37,2.13,123.58
2005-09-20,0.29,0.29,0.57,0.57,2.05,123.82
2005-09-21,0.03,0.03,0.58,0.58,1.98,122.94
2005-09-22,0.08,0.08,0.4,0.4,1.04,119.77
2005-09-23,1.04,1.04,1.15,1.15,1.81,114.23
2005-09-24,11.07,11.07,12.19,12.19,12.79,115.75
2005-09-25,5.01,5.01,17.12,17.12,17.78,117.07
2005-09-26,1.37,1.37,17.45,17.45,18.89,115.13
2005-09-27,5.44,5.44,11.82,11.82,24.04,118.79
2005-09-28,9.71,9.71,16.52,16.52,33.72,127.73
2005-09-29,9.46,9.46,24.61,24.61,43.1,135.4
2005-09-30,2.32,2.32,21.49,21.49,44.38,135.81
2005-10-01,9.88,9.88,21.66,21.66,43.19,144.57
2005-10-02,4.4,4.4,16.6,16.6,42.58,147.81
2005-10-03,5.05,5.05,19.33,19.33,46.26,151.13
2005-10-04,3.67,3.67,13.12,13.12,44.49,149.41
2005-10-05,0.51,0.51,9.23,9.23,35.29,148.24
2005-10-06,5.3,5.3,9.48,9.48,31.13,146.56
2005-10-07,1.03,1.03,6.84,6.84,29.84,137.47
2005-10-08,4.1,4.1,10.43,10.43,24.06,123.11
2005-10-09,1.13,1.13,6.26,6.26,20.79,102.71
2005-10-10,17.01,17.01,22.24,22.24,32.75,110.25
2005-10-11,39.64,39.64,57.78,57.78,68.72,142.59
2005-10-12,58.96,58.96,115.61,115.61,127.17,198.63
2005-10-13,30.17,30.17,128.77,128.77,152.04,228.43
2005-10-14,4.37,4.37,93.5,93.5,155.38,232.7
2005-10-15,1.61,1.61,36.15,36.15,152.89,233.29
2005-10-16,1.8,1.8,7.78,7.78,153.56,234.82
2005-10-17,3.84,3.84,7.25,7.25,140.39,238.57
2005-10-18,17.39,17.39,23.03,23.03,118.14,255.94
2005-10-19,27.72,27.72,48.95,48.95,86.9,283.4
2005-10-20,9.44,9.44,54.55,54.55,66.17,292.55
2005-10-21,11.07,11.07,48.23,48.23,72.87,303.59
2005-10-22,26.53,26.53,47.04,47.04,97.79,330.04
2005-10-23,20.9,20.9,58.5,58.5,116.89,349.9
2005-10-24,17.86,17.86,65.29,65.29,130.91,356.69
2005-10-25,31.47,31.47,70.23,70.23,144.99,383.15
2005-10-26,20.14,20.14,69.47,69.47,137.41,401.92
2005-10-27,168.33,168.33,219.94,219.94,296.3,564.81
2005-10-28,3.33,3.33,191.8,191.8,288.56,558.43
2005-10-29,0.86,0.86,172.52,172.52,262.89,549.83
2005-10-30,1.3,1.3,5.49,5.49,243.29,548.81
2005-10-31,0.38,0.38,2.54,2.54,225.81,539.31
2005-11-01,2.14,2.14,3.82,3.82,196.48,537.05
2005-11-02,8.94,8.94,11.46,11.46,185.28,540.94
2005-11-03,15.36,15.36,26.44,26.44,32.31,552.63
2005-11-04,28.6,28.6,52.9,52.9,57.58,580.72
2005-11-05,40.58,40.58,84.54,84.54,97.3,616.0
2005-11-06,76.21,76.21,145.39,145.39,172.21,691.18
2005-11-07,80.25,80.25,197.04,197.04,252.08,767.33
2005-11-08,17.33,17.33,173.79,173.79,267.27,783.53
2005-11-09,11.01,11.01,108.59,108.59,269.34,777.53
2005-11-10,4.42,4.42,32.76,32.76,258.4,742.31
2005-11-11,11.61,11.61,27.04,27.04,241.41,694.96
2005-11-12,1.13,1.13,17.16,17.16,201.96,665.92
2005-11-13,0.22,0.22,12.96,12.96,125.97,661.77
2005-11-14,0.14,0.14,1.49,1.49,45.86,660.3
2005-11-15,0.0,0.0,0.36,0.36,28.53,658.5
2005-11-16,0.0,0.0,0.14,0.14,17.52,654.66
2005-11-17,0.0,0.0,0.0,0.0,13.1,637.27
2005-11-18,0.0,0.0,0.0,0.0,1.49,609.55
2005-11-19,0.09,0.09,0.09,0.09,0.45,600.2
2005-11-20,2.93,2.93,3.02,3.02,3.16,592.06
2005-11-21,59.03,59.03,62.05,62.05,62.05,624.56
2005-11-22,43.58,43.58,105.54,105.54,105.63,647.24
2005-11-23,52.94,52.94,155.55,155.55,158.57,682.32
2005-11-24,29.51,29.51,126.03,126.03,188.08,680.36
2005-11-25,30.39,30.39,112.84,112.84,218.47,690.61
2005-11-26,4.93,4.93,64.83,64.83,223.31,527.21
2005-11-27,1.94,1.94,37.26,37.26,222.32,525.82
2005-11-28,0.26,0.26,7.13,7.13,163.55,525.22
2005-11-29,0.08,0.08,2.28,2.28,120.05,524.0
2005-11-30,0.11,0.11,0.45,0.45,67.22,523.73
2005-12-01,1.23,1.23,1.42,1.42,38.94,522.82
2005-12-02,70.91,70.91,72.25,72.25,79.46,584.79
2005-12-03,109.33,109.33,181.47,181.47,183.86,678.76
2005-12-04,8.23,8.23,188.47,188.47,190.15,658.39
2005-12-05,3.36,3.36,120.92,120.92,193.25,621.17
2005-12-06,0.35,0.35,11.94,11.94,193.52,545.31
2005-12-07,0.0,0.0,3.71,3.71,193.41,465.06
2005-12-08,0.01,0.01,0.36,0.36,192.19,447.74
2005-12-09,5.96,5.96,5.97,5.97,127.24,442.69
2005-12-10,6.54,6.54,12.51,12.51,24.45,444.81
2005-12-11,5.62,5.62,18.12,18.12,21.84,438.82
2005-12-12,13.37,13.37,25.53,25.53,31.85,451.06
2005-12-13,8.31,8.31,27.3,27.3,39.81,459.15
2005-12-14,0.32,0.32,22.0,22.0,40.13,459.33
2005-12-15,0.08,0.08,8.71,8.71,40.2,459.41
2005-12-16,0.16,0.16,0.56,0.56,34.4,459.57
2005-12-17,19.43,19.43,19.67,19.67,47.29,479.0
2005-12-18,22.78,22.78,42.37,42.37,64.45,501.78
2005-12-19,8.01,8.01,50.22,50.22,59.09,509.7
2005-12-20,3.44,3.44,34.23,34.23,54.22,510.21
2005-12-21,0.77,0.77,12.22,12.22,54.67,451.95
2005-12-22,0.32,0.32,4.53,4.53,54.91,408.69
2005-12-23,0.0,0.0,1.09,1.09,54.75,355.75
2005-12-24,0.0,0.0,0.32,0.32,35.32,326.24
2005-12-25,0.0,0.0,0.0,0.0,12.54,295.85
2005-12-26,0.0,0.0,0.0,0.0,4.53,290.92
2005-12-27,0.1,0.1,0.1,0.1,1.19,289.08
2005-12-28,0.32,0.32,0.42,0.42,0.74,289.14
2005-12-29,0.0,0.0,0.42,0.42,0.42,289.06
2005-12-30,0.05,0.05,0.37,0.37,0.47,289.0
2005-12-31,0.17,0.17,0.22,0.22,0.64,287.94
2006-01-01,0.06,0.06,0.28,0.28,0.7,217.09
2006-01-02,0.06,0.06,0.29,0.29,0.76,107.82
2006-01-03,0.06,0.06,0.18,0.18,0.72,99.65
2006-01-04,0.46,0.46,0.58,0.58,0.86,96.75
2006-01-05,0.77,0.77,1.29,1.29,1.63,97.17
2006-01-06,0.02,0.02,1.25,1.25,1.6,97.19
2006-01-07,0.5,0.5,1.29,1.29,1.93,97.68
2006-01-08,1.0,1.0,1.52,1.52,2.87,92.72
2006-01-09,0.09,0.09,1.59,1.59,2.9,86.27
2006-01-10,0.01,0.01,1.1,1.1,2.85,80.66
2006-01-11,0.01,0.01,0.11,0.11,2.4,67.3
2006-01-12,0.02,0.02,0.04,0.04,1.65,59.01
2006-01-13,0.01,0.01,0.04,0.04,1.64,58.7
2006-01-14,0.06,0.06,0.09,0.09,1.2,58.68
2006-01-15,0.03,0.03,0.1,0.1,0.23,58.55
2006-01-16,0.01,0.01,0.1,0.1,0.15,39.13
2006-01-17,0.0,0.0,0.04,0.04,0.14,16.35
2006-01-18,0.0,0.0,0.01,0.01,0.13,8.34
2006-01-19,0.0,0.0,0.0,0.0,0.11,4.9
2006-01-20,0.0,0.0,0.0,0.0,0.1,4.13
2006-01-21,0.0,0.0,0.0,0.0,0.04,3.81
2006-01-22,0.0,0.0,0.0,0.0,0.01,3.81
2006-01-23,0.0,0.0,0.0,0.0,0.0,3.81
2006-01-24,0.0,0.0,0.0,0.0,0.0,3.81
2006-01-25,0.0,0.0,0.0,0.0,0.0,3.81
2006-01-26,0.45,0.45,0.45,0.45,0.45,4.16
2006-01-27,0.16,0.16,0.61,0.61,0.61,4.0
2006-01-28,0.0,0.0,0.61,0.61,0.61,4.0
2006-01-29,0.0,0.0,0.16,0.16,0.61,3.95
2006-01-30,0.0,0.0,0.0,0.0,0.61,3.78
2006-01-31,0.0,0.0,0.0,0.0,0.61,3.72
2006-02-01,0.01,0.01,0.01,0.01,0.62,3.67
2006-02-02,0.0,0.0,0.01,0.01,0.17,3.61
2006-02-03,0.0,0.0,0.01,0.01,0.01,3.15
2006-02-04,0.0,0.0,0.0,0.0,0.01,2.38
2006-02-05,0.0,0.0,0.0,0.0,0.01,2.36
2006-02-06,0.0,0.0,0.0,0.0,0.01,1.86
2006-02-07,0.0,0.0,0.0,0.0,0.01,0.86
2006-02-08,0.0,0.0,0.0,0.0,0.0,0.77
2006-02-09,0.0,0.0,0.0,0.0,0.0,0.76
2006-02-10,0.0,0.0,0.0,0.0,0.0,0.75
2006-02-11,0.0,0.0,0.0,0.0,0.0,0.73
2006-02-12,0.0,0.0,0.0,0.0,0.0,0.72
2006-02-13,0.0,0.0,0.0,0.0,0.0,0.66
2006-02-14,0.0,0.0,0.0,0.0,0.0,0.63
2006-02-15,0.0,0.0,0.0,0.0,0.0,0.62
2006-02-16,0.0,0.0,0.0,0.0,0.0,0.62
2006-02-17,0.0,0.0,0.0,0.0,0.0,0.62
2006-02-18,0.0,0.0,0.0,0.0,0.0,0.62
2006-02-19,0.0,0.0,0.0,0.0,0.0,0.62
2006-02-20,0.0,0.0,0.0,0.0,0.0,0.62
2006-02-21,0.0,0.0,0.0,0.0,0.0,0.62
2006-02-22,0.0,0.0,0.0,0.0,0.0,0.62
2006-02-23,0.0,0.0,0.0,0.0,0.0,0.62
2006-02-24,0.0,0.0,0.0,0.0,0.0,0.62
2006-02-25,0.0,0.0,0.0,0.0,0.0,0.17
2006-02-26,0.0,0.0,0.0,0.0,0.0,0.01
2006-02-27,0.0,0.0,0.0,0.0,0.0,0.01
2006-02-28,0.0,0.0,0.0,0.0,0.0,0.01
2006-03-01,0.0,0.0,0.0,0.0,0.0,0.01
2006-03-02,5.97,5.97,5.97,5.97,5.97,5.98
2006-03-03,14.15,14.15,20.12,20.12,20.12,20.12
2006-03-04,0.48,0.48,20.6,20.6,20.6,20.6
2006-03-05,4.45,4.45,19.08,19.08,25.05,25.05
2006-03-06,0.94,0.94,5.87,5.87,25.99,25.99
2006-03-07,0.08,0.08,5.47,5.47,26.07,26.07
2006-03-08,0.02,0.02,1.04,1.04,26.09,26.09
2006-03-09,1.12,1.12,1.22,1.22,21.24,27.21
2006-03-10,1.83,1.83,2.97,2.97,8.92,29.04
2006-03-11,2.3,2.3,5.25,5.25,10.74,31.34
2006-03-12,1.54,1.54,5.67,5.67,7.83,32.88
2006-03-13,0.01,0.01,3.85,3.85,6.9,32.89
2006-03-14,0.01,0.01,1.56,1.56,6.83,32.9
2006-03-15,0.0,0.0,0.02,0.02,6.81,32.9
2006-03-16,0.0,0.0,0.01,0.01,5.69,32.9
2006-03-17,0.01,0.01,0.01,0.01,3.87,32.91
2006-03-18,0.0,0.0,0.01,0.01,1.57,32.91
2006-03-19,0.09,0.09,0.1,0.1,0.12,33.0
2006-03-20,0.0,0.0,0.09,0.09,0.11,33.0
2006-03-21,0.0,0.0,0.09,0.09,0.1,33.0
2006-03-22,0.0,0.0,0.0,0.0,0.1,33.0
2006-03-23,0.0,0.0,0.0,0.0,0.1,33.0
2006-03-24,0.0,0.0,0.0,0.0,0.09,33.0
2006-03-25,0.0,0.0,0.0,0.0,0.09,33.0
2006-03-26,0.0,0.0,0.0,0.0,0.0,33.0
2006-03-27,0.0,0.0,0.0,0.0,0.0,33.0
2006-03-28,0.0,0.0,0.0,0.0,0.0,33.0
2006-03-29,0.02,0.02,0.02,0.02,0.02,33.02
2006-03-30,0.02,0.02,0.04,0.04,0.04,33.04
2006-03-31,0.0,0.0,0.04,0.04,0.04,33.04
2006-04-01,0.0,0.0,0.02,0.02,0.04,27.07
2006-04-02,0.0,0.0,0.0,0.0,0.04,12.92
2006-04-03,0.0,0.0,0.0,0.0,0.04,12.44
2006-04-04,0.01,0.01,0.01,0.01,0.05,8.0
2006-04-05,0.0,0.0,0.01,0.01,0.03,7.06
2006-04-06,0.0,0.0,0.01,0.01,0.01,6.98
2006-04-07,0.0,0.0,0.0,0.0,0.01,6.96
2006-04-08,0.0,0.0,0.0,0.0,0.01,5.84
2006-04-09,0.0,0.0,0.0,0.0,0.01,4.01
2006-04-10,0.0,0.0,0.0,0.0,0.01,1.71
2006-04-11,0.0,0.0,0.0,0.0,0.0,0.17
2006-04-12,0.0,0.0,0.0,0.0,0.0,0.16
2006-04-13,0.01,0.01,0.01,0.01,0.01,0.16
2006-04-14,0.14,0.14,0.15,0.15,0.15,0.3
2006-04-15,0.51,0.51,0.66,0.66,0.66,0.81
2006-04-16,2.88,2.88,3.53,3.53,3.54,3.68
2006-04-17,12.18,12.18,15.57,15.57,15.72,15.86
2006-04-18,2.3,2.3,17.36,17.36,18.02,18.07
2006-04-19,0.5,0.5,14.98,14.98,18.52,18.57
2006-04-20,0.26,0.26,3.06,3.06,18.77,18.83
2006-04-21,0.0,0.0,0.76,0.76,18.63,18.83
2006-04-22,0.0,0.0,0.26,0.26,18.12,18.83
2006-04-23,0.0,0.0,0.0,0.0,15.24,18.83
2006-04-24,0.0,0.0,0.0,0.0,3.06,18.83
2006-04-25,0.0,0.0,0.0,0.0,0.76,18.83
2006-04-26,0.03,0.03,0.03,0.03,0.29,18.86
2006-04-27,0.02,0.02,0.05,0.05,0.05,18.88
2006-04-28,0.02,0.02,0.07,0.07,0.07,18.88
2006-04-29,0.01,0.01,0.05,0.05,0.08,18.87
2006-04-30,0.01,0.01,0.04,0.04,0.09,18.88
2006-05-01,0.09,0.09,0.11,0.11,0.18,18.97
2006-05-02,0.35,0.35,0.45,0.45,0.53,19.32
2006-05-03,0.75,0.75,1.19,1.19,1.25,20.07
2006-05-04,0.2,0.2,1.3,1.3,1.43,20.26
2006-05-05,0.09,0.09,1.04,1.04,1.5,20.35
2006-05-06,0.05,0.05,0.34,0.34,1.54,20.4
2006-05-07,0.03,0.03,0.17,0.17,1.56,20.43
2006-05-08,0.23,0.23,0.31,0.31,1.7,20.66
2006-05-09,0.35,0.35,0.61,0.61,1.7,21.01
2006-05-10,0.43,0.43,1.01,1.01,1.38,21.44
2006-05-11,0.41,0.41,1.19,1.19,1.59,21.85
2006-05-12,0.6,0.6,1.44,1.44,2.1,22.45
2006-05-13,0.3,0.3,1.31,1.31,2.35,22.74
2006-05-14,0.02,0.02,0.92,0.92,2.34,22.62
2006-05-15,0.03,0.03,0.35,0.35,2.14,22.14
2006-05-16,0.89,0.89,0.94,0.94,2.68,20.15
2006-05-17,0.28,0.28,1.2,1.2,2.53,8.25
2006-05-18,2.28,2.28,3.45,3.45,4.4,8.23
2006-05-19,0.21,0.21,2.77,2.77,4.01,7.94
2006-05-20,0.07,0.07,2.56,2.56,3.78,7.75
2006-05-21,0.2,0.2,0.48,0.48,3.96,7.95
2006-05-22,0.03,0.03,0.3,0.3,3.96,7.98
2006-05-23,0.54,0.54,0.77,0.77,3.61,8.52
2006-05-24,0.99,0.99,1.56,1.56,4.32,9.51
2006-05-25,10.82,10.82,12.35,12.35,12.86,20.33
2006-05-26,4.22,4.22,16.03,16.03,16.87,24.52
2006-05-27,0.24,0.24,15.28,15.28,17.04,24.74
2006-05-28,0.38,0.38,4.84,4.84,17.22,25.1
2006-05-29,0.12,0.12,0.74,0.74,17.31,25.21
2006-05-30,0.12,0.12,0.62,0.62,16.89,25.32
2006-05-31,0.31,0.31,0.55,0.55,16.21,25.54
2006-06-01,0.43,0.43,0.86,0.86,5.82,25.62
2006-06-02,0.42,0.42,1.16,1.16,2.02,25.29
2006-06-03,9.36,9.36,10.21,10.21,11.14,34.45
2006-06-04,3.35,3.35,13.13,13.13,14.11,37.71
2006-06-05,1.5,1.5,14.21,14.21,15.49,39.16
2006-06-06,1.17,1.17,6.02,6.02,16.54,40.3
2006-06-07,0.51,0.51,3.18,3.18,16.74,40.58
2006-06-08,0.15,0.15,1.83,1.83,16.46,40.38
2006-06-09,0.06,0.06,0.72,0.72,16.1,40.01
2006-06-10,0.69,0.69,0.9,0.9,7.43,40.29
2006-06-11,0.01,0.01,0.76,0.76,4.09,39.7
2006-06-12,2.65,2.65,3.35,3.35,5.24,42.05
2006-06-13,7.79,7.79,10.45,10.45,11.86,49.82
2006-06-14,1.63,1.63,12.07,12.07,12.98,51.42
2006-06-15,1.56,1.56,10.98,10.98,14.39,52.09
2006-06-16,0.61,0.61,3.8,3.8,14.94,52.42
2006-06-17,0.3,0.3,2.47,2.47,14.55,50.44
2006-06-18,0.21,0.21,1.12,1.12,14.75,50.44
2006-06-19,2.52,2.52,3.03,3.03,14.62,52.89
2006-06-20,2.02,2.02,4.75,4.75,8.85,54.71
2006-06-21,2.94,2.94,7.48,7.48,10.16,57.62
2006-06-22,15.1,15.1,20.06,20.06,23.7,72.18
2006-06-23,5.6,5.6,23.64,23.64,28.69,76.79
2006-06-24,0.07,0.07,20.77,20.77,28.46,66.04
2006-06-25,2.91,2.91,8.58,8.58,31.16,64.73
2006-06-26,1.99,1.99,4.97,4.97,30.63,66.48
2006-06-27,2.77,2.77,7.67,7.67,31.38,68.87
2006-06-28,2.86,2.86,7.62,7.62,31.3,71.61
2006-06-29,0.38,0.38,6.01,6.01,16.58,71.87
2006-06-30,0.36,0.36,3.6,3.6,11.34,71.92
2006-07-01,0.01,0.01,0.75,0.75,11.28,71.5
2006-07-02,0.58,0.58,0.95,0.95,8.95,71.66
2006-07-03,0.0,0.0,0.59,0.59,6.96,62.3
2006-07-04,0.05,0.05,0.63,0.63,4.24,59.0
2006-07-05,0.0,0.0,0.05,0.05,1.38,57.5
2006-07-06,0.0,0.0,0.05,0.05,1.0,56.33
2006-07-07,0.01,0.01,0.01,0.01,0.65,55.83
2006-07-08,0.02,0.02,0.03,0.03,0.66,55.7
2006-07-09,0.6,0.6,0.63,0.63,0.68,56.24
2006-07-10,0.97,0.97,1.59,1.59,1.65,56.52
2006-07-11,8.68,8.68,10.25,10.25,10.28,65.19
2006-07-12,26.47,26.47,36.12,36.12,36.75,89.01
2006-07-13,2.92,2.92,38.07,38.07,39.67,84.14
2006-07-14,5.78,5.78,35.17,35.17,45.44,88.29
2006-07-15,4.73,4.73,13.43,13.43,50.15,91.46
2006-07-16,0.62,0.62,11.13,11.13,50.17,91.47
2006-07-17,2.05,2.05,7.4,7.4,51.25,93.22
2006-07-18,6.19,6.19,8.86,8.86,48.76,99.2
2006-07-19,6.99,6.99,15.23,15.23,29.28,103.67
2006-07-20,11.49,11.49,24.67,24.67,37.85,113.14
2006-07-21,1.09,1.09,19.57,19.57,33.16,111.29
2006-07-22,0.99,0.99,13.57,13.57,29.42,97.18
2006-07-23,0.94,0.94,3.02,3.02,29.74,92.52
2006-07-24,2.38,2.38,4.31,4.31,30.07,94.83
2006-07-25,1.3,1.3,4.62,4.62,25.18,93.22
2006-07-26,7.35,7.35,11.03,11.03,25.54,98.58
2006-07-27,6.93,6.93,15.58,15.58,20.98,102.74
2006-07-28,1.9,1.9,16.18,16.18,21.79,101.78
2006-07-29,0.01,0.01,8.84,8.84,20.81,101.41
2006-07-30,0.22,0.22,2.13,2.13,20.09,101.27
2006-07-31,1.23,1.23,1.46,1.46,18.94,102.49
2006-08-01,0.14,0.14,1.59,1.59,17.78,102.05
2006-08-02,0.07,0.07,1.44,1.44,10.5,102.12
2006-08-03,2.13,2.13,2.34,2.34,5.7,104.2
2006-08-04,0.08,0.08,2.28,2.28,3.88,104.28
2006-08-05,0.13,0.13,2.34,2.34,4.0,104.41
2006-08-06,1.27,1.27,1.48,1.48,5.05,105.67
2006-08-07,0.65,0.65,2.05,2.05,4.47,106.3
2006-08-08,2.13,2.13,4.05,4.05,6.46,107.83
2006-08-09,6.3,6.3,9.08,9.08,12.69,113.16
2006-08-10,2.59,2.59,11.02,11.02,13.15,107.07
2006-08-11,2.9,2.9,11.79,11.79,15.97,83.5
2006-08-12,1.82,1.82,7.31,7.31,17.66,82.4
2006-08-13,8.34,8.34,13.06,13.06,24.73,84.96
2006-08-14,3.89,3.89,14.05,14.05,27.97,84.12
2006-08-15,4.39,4.39,16.62,16.62,30.23,87.89
2006-08-16,6.32,6.32,14.6,14.6,30.25,92.16
2006-08-17,0.68,0.68,11.39,11.39,28.34,86.65
2006-08-18,0.26,0.26,7.26,7.26,25.7,79.92
2006-08-19,0.76,0.76,1.7,1.7,24.64,69.19
2006-08-20,1.08,1.08,2.1,2.1,17.38,69.18
2006-08-21,1.41,1.41,3.25,3.25,14.9,69.6
2006-08-22,0.84,0.84,3.33,3.33,11.35,69.5
2006-08-23,0.85,0.85,3.1,3.1,5.88,67.97
2006-08-24,5.75,5.75,7.44,7.44,10.95,72.42
2006-08-25,5.15,5.15,11.75,11.75,15.84,70.22
2006-08-26,26.79,26.79,37.69,37.69,41.87,90.08
2006-08-27,0.29,0.29,32.23,32.23,41.08,88.47
2006-08-28,1.12,1.12,28.2,28.2,40.79,89.58
2006-08-29,0.77,0.77,2.18,2.18,40.72,90.13
2006-08-30,0.07,0.07,1.96,1.96,39.94,88.97
2006-08-31,0.17,0.17,1.01,1.01,34.36,89.0
2006-09-01,3.23,3.23,3.47,3.47,32.44,92.16
2006-09-02,4.48,4.48,7.88,7.88,10.13,94.51
2006-09-03,22.74,22.74,30.45,30.45,32.58,117.17
2006-09-04,7.6,7.6,34.82,34.82,39.06,124.64
2006-09-05,1.69,1.69,32.03,32.03,39.98,125.06
2006-09-06,3.07,3.07,12.36,12.36,42.98,127.48
2006-09-07,1.5,1.5,6.26,6.26,44.31,126.85
2006-09-08,0.95,0.95,5.52,5.52,42.03,121.5
2006-09-09,0.9,0.9,3.35,3.35,38.45,119.81
2006-09-10,0.39,0.39,2.24,2.24,16.1,117.3
2006-09-11,0.79,0.79,2.08,2.08,9.29,116.27
2006-09-12,0.93,0.93,2.11,2.11,8.53,108.86
2006-09-13,1.68,1.68,3.4,3.4,7.14,106.65
2006-09-14,7.89,7.89,10.5,10.5,13.53,110.15
2006-09-15,3.44,3.44,13.01,13.01,16.02,107.27
2006-09-16,1.92,1.92,13.25,13.25,17.04,108.51
2006-09-17,1.02,1.02,6.38,6.38,17.67,109.27
2006-09-18,0.99,0.99,3.93,3.93,17.87,109.5
2006-09-19,5.74,5.74,7.75,7.75,22.68,114.16
2006-09-20,3.52,3.52,10.25,10.25,24.52,116.27
2006-09-21,0.9,0.9,10.16,10.16,17.53,116.33
2006-09-22,0.05,0.05,4.47,4.47,14.14,115.53
2006-09-23,0.36,0.36,1.31,1.31,12.58,110.14
2006-09-24,15.75,15.75,16.16,16.16,27.31,120.74
2006-09-25,8.36,8.36,24.47,24.47,34.68,102.31
2006-09-26,3.54,3.54,27.65,27.65,32.48,105.56
2006-09-27,3.8,3.8,15.7,15.7,32.76,108.24
2006-09-28,1.29,1.29,8.63,8.63,33.15,108.76
2006-09-29,1.11,1.11,6.2,6.2,34.21,109.8
2006-09-30,2.51,2.51,4.91,4.91,36.36,112.14
2006-10-01,0.92,0.92,4.54,4.54,21.53,109.83
2006-10-02,21.29,21.29,24.72,24.72,34.46,126.64
2006-10-03,8.23,8.23,30.44,30.44,39.15,112.13
2006-10-04,4.17,4.17,33.69,33.69,39.52,108.7
2006-10-05,1.17,1.17,13.57,13.57,39.4,108.18
2006-10-06,1.07,1.07,6.41,6.41,39.36,106.18
2006-10-07,1.43,1.43,3.67,3.67,38.28,106.11
2006-10-08,4.67,4.67,7.17,7.17,42.03,109.83
2006-10-09,0.7,0.7,6.8,6.8,21.44,109.63
2006-10-10,0.53,0.53,5.9,5.9,13.74,109.77
2006-10-11,2.52,2.52,3.75,3.75,12.09,111.5
2006-10-12,0.79,0.79,3.84,3.84,11.71,111.36
2006-10-13,0.0,0.0,3.31,3.31,10.64,109.68
2006-10-14,0.04,0.04,0.83,0.83,9.25,101.83
2006-10-15,1.28,1.28,1.32,1.32,5.86,99.67
2006-10-16,1.09,1.09,2.41,2.41,6.25,98.84
2006-10-17,0.9,0.9,3.27,3.27,6.62,98.72
2006-10-18,16.21,16.21,18.2,18.2,20.31,113.94
2006-10-19,9.53,9.53,26.64,26.64,29.05,117.73
2006-10-20,11.23,11.23,36.97,36.97,40.28,125.44
2006-10-21,7.88,7.88,28.64,28.64,48.12,132.42
2006-10-22,3.81,3.81,22.92,22.92,50.65,136.18
2006-10-23,25.12,25.12,36.81,36.81,74.68,160.94
2006-10-24,17.58,17.58,46.51,46.51,91.36,162.77
2006-10-25,74.95,74.95,117.65,117.65,150.1,229.36
2006-10-26,38.28,38.28,130.81,130.81,178.85,264.1
2006-10-27,95.98,95.98,209.21,209.21,263.6,356.28
2006-10-28,66.76,66.76,201.02,201.02,322.48,421.75
2006-10-29,38.48,38.48,201.22,201.22,357.15,459.12
2006-10-30,13.05,13.05,118.29,118.29,345.08,469.66
2006-10-31,6.23,6.23,57.76,57.76,333.73,474.97
2006-11-01,17.15,17.15,36.43,36.43,275.93,470.83
2006-11-02,18.28,18.28,41.66,41.66,255.93,480.88
2006-11-03,23.5,23.5,58.93,58.93,183.45,500.21
2006-11-04,7.56,7.56,49.34,49.34,124.25,506.6
2006-11-05,11.53,11.53,42.59,42.59,97.3,517.06
2006-11-06,11.82,11.82,30.91,30.91,96.07,527.45
2006-11-07,18.43,18.43,41.78,41.78,108.27,541.21
2006-11-08,16.79,16.79,47.04,47.04,107.91,557.3
2006-11-09,6.09,6.09,41.31,41.31,95.72,562.86
2006-11-10,7.56,7.56,30.44,30.44,79.78,567.9
2006-11-11,8.0,8.0,21.65,21.65,80.22,575.11
2006-11-12,9.47,9.47,25.03,25.03,78.16,584.58
2006-11-13,7.18,7.18,24.65,24.65,73.52,591.72
2006-11-14,5.86,5.86,22.51,22.51,60.95,596.3
2006-11-15,8.38,8.38,21.42,21.42,52.54,603.59
2006-11-16,6.55,6.55,20.79,20.79,53.0,609.24
2006-11-17,20.3,20.3,35.23,35.23,65.74,613.33
2006-11-18,35.74,35.74,62.59,62.59,93.48,639.54
2006-11-19,16.55,16.55,72.59,72.59,100.56,644.86
2006-11-20,6.66,6.66,58.95,58.95,100.04,643.64
2006-11-21,0.52,0.52,23.73,23.73,94.7,640.35
2006-11-22,0.35,0.35,7.53,7.53,86.67,615.58
2006-11-23,0.13,0.13,1.0,1.0,80.25,598.13
2006-11-24,0.01,0.01,0.49,0.49,59.96,523.19
2006-11-25,0.3,0.3,0.44,0.44,24.52,485.21
2006-11-26,0.98,0.98,1.29,1.29,8.95,390.21
2006-11-27,0.44,0.44,1.72,1.72,2.73,323.89
2006-11-28,0.54,0.54,1.96,1.96,2.75,285.95
2006-11-29,0.29,0.29,1.27,1.27,2.69,273.19
2006-11-30,0.15,0.15,0.98,0.98,2.71,267.11
2006-12-01,0.21,0.21,0.65,0.65,2.91,250.17
2006-12-02,0.01,0.01,0.37,0.37,2.62,231.9
2006-12-03,0.11,0.11,0.33,0.33,1.75,208.51
2006-12-04,0.02,0.02,0.14,0.14,1.33,200.97
2006-12-05,0.0,0.0,0.13,0.13,0.79,189.44
2006-12-06,0.0,0.0,0.02,0.02,0.5,177.62
2006-12-07,0.0,0.0,0.0,0.0,0.35,159.19
2006-12-08,0.08,0.08,0.08,0.08,0.22,142.48
2006-12-09,1.6,1.6,1.68,1.68,1.81,137.99
2006-12-10,17.67,17.67,19.35,19.35,19.37,148.1
2006-12-11,13.03,13.03,32.3,32.3,32.38,153.13
2006-12-12,1.77,1.77,32.47,32.47,34.15,145.43
2006-12-13,0.0,0.0,14.8,14.8,34.15,138.25
2006-12-14,0.0,0.0,1.77,1.77,34.15,132.39
2006-12-15,0.0,0.0,0.0,0.0,34.07,124.01
2006-12-16,0.0,0.0,0.0,0.0,32.47,117.46
2006-12-17,0.01,0.01,0.01,0.01,14.81,97.17
2006-12-18,0.0,0.0,0.01,0.01,1.78,61.43
2006-12-19,0.12,0.12,0.13,0.13,0.13,45.0
2006-12-20,0.31,0.31,0.43,0.43,0.44,38.65
2006-12-21,1.15,1.15,1.58,1.58,1.59,39.28
2006-12-22,0.32,0.32,1.78,1.78,1.91,39.25
2006-12-23,0.06,0.06,1.53,1.53,1.97,39.18
2006-12-24,0.09,0.09,0.47,0.47,2.05,39.26
2006-12-25,0.04,0.04,0.19,0.19,2.09,39.0
2006-12-26,0.04,0.04,0.17,0.17,2.01,38.06
2006-12-27,0.01,0.01,0.09,0.09,1.71,37.63
2006-12-28,0.0,0.0,0.05,0.05,0.56,37.09
2006-12-29,0.0,0.0,0.01,0.01,0.24,36.8
2006-12-30,0.0,0.0,0.0,0.0,0.18,36.65
2006-12-31,0.0,0.0,0.0,0.0,0.09,36.44
2007-01-01,0.0,0.0,0.0,0.0,0.05,36.43
2007-01-02,0.0,0.0,0.0,0.0,0.01,36.32
2007-01-03,0.0,0.0,0.0,0.0,0.0,36.3
2007-01-04,0.0,0.0,0.0,0.0,0.0,36.3
2007-01-05,0.0,0.0,0.0,0.0,0.0,36.3
2007-01-06,0.01,0.01,0.01,0.01,0.01,36.31
2007-01-07,0.01,0.01,0.02,0.02,0.02,36.24
2007-01-08,0.03,0.03,0.05,0.05,0.05,34.67
2007-01-09,0.01,0.01,0.05,0.05,0.06,17.01
2007-01-10,0.0,0.0,0.04,0.04,0.06,3.98
2007-01-11,0.0,0.0,0.01,0.01,0.06,2.21
2007-01-12,0.0,0.0,0.0,0.0,0.06,2.21
2007-01-13,0.0,0.0,0.0,0.0,0.05,2.21
2007-01-14,0.0,0.0,0.0,0.0,0.04,2.21
2007-01-15,0.0,0.0,0.0,0.0,0.01,2.21
2007-01-16,0.0,0.0,0.0,0.0,0.0,2.2
2007-01-17,0.0,0.0,0.0,0.0,0.0,2.2
2007-01-18,0.0,0.0,0.0,0.0,0.0,2.08
2007-01-19,0.0,0.0,0.0,0.0,0.0,1.77
2007-01-20,0.0,0.0,0.0,0.0,0.0,0.62
2007-01-21,0.0,0.0,0.0,0.0,0.0,0.3
2007-01-22,0.0,0.0,0.0,0.0,0.0,0.24
2007-01-23,0.0,0.0,0.0,0.0,0.0,0.15
2007-01-24,0.0,0.0,0.0,0.0,0.0,0.11
2007-01-25,0.0,0.0,0.0,0.0,0.0,0.07
2007-01-26,0.01,0.01,0.01,0.01,0.01,0.07
2007-01-27,0.01,0.01,0.02,0.02,0.02,0.08
2007-01-28,0.01,0.01,0.03,0.03,0.03,0.09
2007-01-29,0.0,0.0,0.02,0.02,0.03,0.09
2007-01-30,0.0,0.0,0.01,0.01,0.03,0.09
2007-01-31,0.0,0.0,0.0,0.0,0.03,0.09
2007-02-01,0.0,0.0,0.0,0.0,0.03,0.09
2007-02-02,0.0,0.0,0.0,0.0,0.02,0.09
2007-02-03,0.0,0.0,0.0,0.0,0.01,0.09
2007-02-04,0.0,0.0,0.0,0.0,0.0,0.09
2007-02-05,0.0,0.0,0.0,0.0,0.0,0.08
2007-02-06,0.0,0.0,0.0,0.0,0.0,0.07
2007-02-07,0.0,0.0,0.0,0.0,0.0,0.04
2007-02-08,0.0,0.0,0.0,0.0,0.0,0.03
2007-02-09,0.0,0.0,0.0,0.0,0.0,0.03
2007-02-10,0.25,0.25,0.25,0.25,0.25,0.28
2007-02-11,0.18,0.18,0.43,0.43,0.43,0.46
2007-02-12,0.05,0.05,0.48,0.48,0.48,0.51
2007-02-13,2.57,2.57,2.8,2.8,3.05,3.08
2007-02-14,1.05,1.05,3.67,3.67,4.1,4.13
2007-02-15,0.9,0.9,4.52,4.52,5.0,5.03
2007-02-16,1.52,1.52,3.47,3.47,6.52,6.55
2007-02-17,11.13,11.13,13.55,13.55,17.4,17.68
2007-02-18,1.81,1.81,14.46,14.46,19.03,19.49
2007-02-19,0.09,0.09,13.03,13.03,19.07,19.58
2007-02-20,0.0,0.0,1.9,1.9,16.5,19.58
2007-02-21,0.0,0.0,0.09,0.09,15.45,19.58
2007-02-22,0.0,0.0,0.0,0.0,14.55,19.58
2007-02-23,0.0,0.0,0.0,0.0,13.03,19.58
2007-02-24,0.0,0.0,0.0,0.0,1.9,19.58
2007-02-25,0.0,0.0,0.0,0.0,0.09,19.57
2007-02-26,0.0,0.0,0.0,0.0,0.0,19.56
2007-02-27,0.0,0.0,0.0,0.0,0.0,19.55
2007-02-28,0.0,0.0,0.0,0.0,0.0,19.55
2007-03-01,0.0,0.0,0.0,0.0,0.0,19.55
2007-03-02,0.0,0.0,0.0,0.0,0.0,19.55
2007-03-03,0.0,0.0,0.0,0.0,0.0,19.55
2007-03-04,0.0,0.0,0.0,0.0,0.0,19.55
2007-03-05,0.0,0.0,0.0,0.0,0.0,19.55
2007-03-06,0.0,0.0,0.0,0.0,0.0,19.55
2007-03-07,0.0,0.0,0.0,0.0,0.0,19.55
2007-03-08,0.0,0.0,0.0,0.0,0.0,19.55
2007-03-09,0.0,0.0,0.0,0.0,0.0,19.55
2007-03-10,0.0,0.0,0.0,0.0,0.0,19.55
2007-03-11,0.0,0.0,0.0,0.0,0.0,19.55
2007-03-12,0.0,0.0,0.0,0.0,0.0,19.3
2007-03-13,0.0,0.0,0.0,0.0,0.0,19.12
2007-03-14,0.0,0.0,0.0,0.0,0.0,19.07
2007-03-15,0.0,0.0,0.0,0.0,0.0,16.5
2007-03-16,0.01,0.01,0.01,0.01,0.01,15.46
2007-03-17,0.0,0.0,0.01,0.01,0.01,14.56
2007-03-18,0.0,0.0,0.01,0.01,0.01,13.04
2007-03-19,0.0,0.0,0.0,0.0,0.01,1.91
2007-03-20,0.0,0.0,0.0,0.0,0.01,0.1
2007-03-21,0.0,0.0,0.0,0.0,0.01,0.01
2007-03-22,0.0,0.0,0.0,0.0,0.01,0.01
2007-03-23,0.0,0.0,0.0,0.0,0.0,0.01
2007-03-24,0.0,0.0,0.0,0.0,0.0,0.01
2007-03-25,0.0,0.0,0.0,0.0,0.0,0.01
2007-03-26,0.0,0.0,0.0,0.0,0.0,0.01
2007-03-27,0.0,0.0,0.0,0.0,0.0,0.01
2007-03-28,0.0,0.0,0.0,0.0,0.0,0.01
2007-03-29,0.0,0.0,0.0,0.0,0.0,0.01
2007-03-30,0.0,0.0,0.0,0.0,0.0,0.01
2007-03-31,0.02,0.02,0.02,0.02,0.02,0.03
2007-04-01,0.01,0.01,0.03,0.03,0.03,0.04
2007-04-02,0.0,0.0,0.03,0.03,0.03,0.04
2007-04-03,0.0,0.0,0.01,0.01,0.03,0.04
2007-04-04,0.0,0.0,0.0,0.0,0.03,0.04
2007-04-05,0.0,0.0,0.0,0.0,0.03,0.04
2007-04-06,0.0,0.0,0.0,0.0,0.03,0.04
2007-04-07,0.01,0.01,0.01,0.01,0.02,0.05
2007-04-08,0.01,0.01,0.02,0.02,0.02,0.06
2007-04-09,0.04,0.04,0.06,0.06,0.06,0.1
2007-04-10,0.06,0.06,0.11,0.11,0.12,0.16
2007-04-11,0.46,0.46,0.56,0.56,0.58,0.62
2007-04-12,0.76,0.76,1.28,1.28,1.34,1.38
2007-04-13,5.4,5.4,6.62,6.62,6.74,6.78
2007-04-14,1.73,1.73,7.89,7.89,8.46,8.51
2007-04-15,0.87,0.87,8.0,8.0,9.32,9.37
2007-04-16,0.29,0.29,2.89,2.89,9.57,9.66
2007-04-17,0.11,0.11,1.27,1.27,9.62,9.77
2007-04-18,1.47,1.47,1.87,1.87,10.63,11.24
2007-04-19,1.17,1.17,2.75,2.75,11.04,12.41
2007-04-20,0.53,0.53,3.17,3.17,6.17,12.94
2007-04-21,1.47,1.47,3.17,3.17,5.91,14.41
2007-04-22,0.11,0.11,2.11,2.11,5.15,14.52
2007-04-23,0.1,0.1,1.68,1.68,4.96,14.62
2007-04-24,0.06,0.06,0.27,0.27,4.91,14.68
2007-04-25,0.01,0.01,0.17,0.17,3.45,14.69
2007-04-26,0.02,0.02,0.09,0.09,2.3,14.71
2007-04-27,0.01,0.01,0.04,0.04,1.78,14.72
2007-04-28,0.01,0.01,0.04,0.04,0.32,14.73
2007-04-29,0.01,0.01,0.03,0.03,0.22,14.74
2007-04-30,0.0,0.0,0.02,0.02,0.12,14.72
2007-05-01,0.17,0.17,0.18,0.18,0.23,14.88
2007-05-02,2.91,2.91,3.08,3.08,3.13,17.79
2007-05-03,2.95,2.95,6.03,6.03,6.06,20.74
2007-05-04,0.83,0.83,6.69,6.69,6.88,21.57
2007-05-05,0.34,0.34,4.12,4.12,7.21,21.91
2007-05-06,0.69,0.69,1.86,1.86,7.89,22.6
2007-05-07,0.1,0.1,1.13,1.13,7.99,22.69
2007-05-08,0.45,0.45,1.24,1.24,8.27,23.13
2007-05-09,0.1,0.1,0.65,0.65,5.46,23.19
2007-05-10,0.01,0.01,0.56,0.56,2.52,23.14
2007-05-11,0.0,0.0,0.11,0.11,1.69,22.68
2007-05-12,0.18,0.18,0.19,0.19,1.53,22.1
2007-05-13,0.03,0.03,0.21,0.21,0.87,16.73
2007-05-14,1.31,1.31,1.52,1.52,2.08,16.31
2007-05-15,0.09,0.09,1.43,1.43,1.72,15.53
2007-05-16,0.01,0.01,1.41,1.41,1.63,15.25
2007-05-17,0.0,0.0,0.1,0.1,1.62,15.14
2007-05-18,0.0,0.0,0.01,0.01,1.62,13.67
2007-05-19,0.01,0.01,0.01,0.01,1.45,12.51
2007-05-20,0.0,0.0,0.01,0.01,1.42,11.98
2007-05-21,0.05,0.05,0.06,0.06,0.16,10.56
2007-05-22,0.13,0.13,0.18,0.18,0.2,10.58
2007-05-23,0.56,0.56,0.74,0.74,0.75,11.04
2007-05-24,0.44,0.44,1.13,1.13,1.19,11.42
2007-05-25,0.66,0.66,1.66,1.66,1.85,12.07
2007-05-26,0.46,0.46,1.56,1.56,2.3,12.51
2007-05-27,0.27,0.27,1.39,1.39,2.57,12.77
2007-05-28,0.06,0.06,0.79,0.79,2.58,12.82
2007-05-29,0.04,0.04,0.37,0.37,2.49,12.85
2007-05-30,0.01,0.01,0.11,0.11,1.94,12.86
2007-05-31,0.0,0.0,0.05,0.05,1.5,12.69
2007-06-01,0.0,0.0,0.01,0.01,0.84,9.78
2007-06-02,0.11,0.11,0.11,0.11,0.49,6.94
2007-06-03,0.29,0.29,0.4,0.4,0.51,6.4
2007-06-04,0.11,0.11,0.51,0.51,0.56,6.17
2007-06-05,0.99,0.99,1.39,1.39,1.51,6.47
2007-06-06,4.46,4.46,5.56,5.56,5.96,10.83
2007-06-07,2.64,2.64,8.09,8.09,8.6,13.02
2007-06-08,1.16,1.16,8.26,8.26,9.76,14.08
2007-06-09,0.45,0.45,4.25,4.25,10.1,14.52
2007-06-10,1.01,1.01,2.62,2.62,10.82,15.53
2007-06-11,0.57,0.57,2.03,2.03,11.28,15.92
2007-06-12,0.15,0.15,1.73,1.73,10.44,16.04
2007-06-13,0.16,0.16,0.88,0.88,6.14,14.89
2007-06-14,2.09,2.09,2.4,2.4,5.59,16.89
2007-06-15,2.06,2.06,4.31,4.31,6.49,18.94
2007-06-16,7.87,7.87,12.02,12.02,13.91,26.81
2007-06-17,2.31,2.31,12.24,12.24,15.21,29.12
2007-06-18,8.62,8.62,18.8,18.8,23.26,37.73
2007-06-19,2.9,2.9,13.83,13.83,26.01,40.63
2007-06-20,3.87,3.87,15.39,15.39,29.72,44.45
2007-06-21,14.92,14.92,21.69,21.69,42.55,59.24
2007-06-22,6.96,6.96,25.75,25.75,47.45,65.64
2007-06-23,2.14,2.14,24.02,24.02,41.72,67.34
2007-06-24,0.52,0.52,9.62,9.62,39.93,67.2
2007-06-25,1.12,1.12,3.78,3.78,32.43,67.86
2007-06-26,2.51,2.51,4.15,4.15,32.04,70.1
2007-06-27,6.14,6.14,9.77,9.77,34.31,76.18
2007-06-28,5.41,5.41,14.06,14.06,24.8,81.55
2007-06-29,8.65,8.65,20.2,20.2,26.49,90.19
2007-06-30,0.36,0.36,14.42,14.42,24.71,90.55
2007-07-01,0.07,0.07,9.08,9.08,24.26,90.62
2007-07-02,0.01,0.01,0.44,0.44,23.15,90.52
2007-07-03,0.0,0.0,0.08,0.08,20.64,90.23
2007-07-04,0.02,0.02,0.03,0.03,14.52,90.14
2007-07-05,0.88,0.88,0.9,0.9,9.99,90.03
2007-07-06,0.13,0.13,1.03,1.03,1.47,85.7
2007-07-07,0.13,0.13,1.14,1.14,1.24,83.19
2007-07-08,1.42,1.42,1.68,1.68,2.59,83.45
2007-07-09,1.26,1.26,2.81,2.81,3.84,84.26
2007-07-10,2.66,2.66,5.34,5.34,6.5,85.91
2007-07-11,8.53,8.53,12.45,12.45,15.01,93.87
2007-07-12,22.06,22.06,33.25,33.25,36.19,115.78
2007-07-13,8.75,8.75,39.34,39.34,44.81,124.37
2007-07-14,1.94,1.94,32.75,32.75,46.62,124.22
2007-07-15,1.03,1.03,11.72,11.72,46.23,123.19
2007-07-16,4.48,4.48,7.45,7.45,49.45,119.8
2007-07-17,0.92,0.92,6.43,6.43,47.71,118.41
2007-07-18,3.43,3.43,8.83,8.83,42.61,113.22
2007-07-19,4.31,4.31,8.66,8.66,24.86,114.63
2007-07-20,1.17,1.17,8.91,8.91,17.28,111.93
2007-07-21,3.34,3.34,8.82,8.82,18.68,100.35
2007-07-22,1.69,1.69,6.2,6.2,19.34,95.08
2007-07-23,3.4,3.4,8.43,8.43,18.26,96.34
2007-07-24,1.43,1.43,6.52,6.52,18.77,97.25
2007-07-25,3.73,3.73,8.56,8.56,19.07,99.86
2007-07-26,8.16,8.16,13.32,13.32,22.92,105.51
2007-07-27,23.7,23.7,35.59,35.59,45.45,123.07
2007-07-28,17.67,17.67,49.53,49.53,59.78,135.33
2007-07-29,27.83,27.83,69.2,69.2,85.92,154.51
2007-07-30,12.76,12.76,58.26,58.26,95.28,166.91
2007-07-31,13.58,13.58,54.17,54.17,107.43,180.42
2007-08-01,18.76,18.76,45.1,45.1,122.46,199.17
2007-08-02,6.87,6.87,39.21,39.21,121.17,206.04
2007-08-03,1.95,1.95,27.58,27.58,99.42,207.97
2007-08-04,1.34,1.34,10.16,10.16,83.09,208.43
2007-08-05,2.49,2.49,5.78,5.78,57.75,210.79
2007-08-06,0.37,0.37,4.2,4.2,45.36,211.03
2007-08-07,0.0,0.0,2.86,2.86,31.78,209.61
2007-08-08,0.06,0.06,0.43,0.43,13.08,208.41
2007-08-09,1.14,1.14,1.2,1.2,7.35,206.89
2007-08-10,0.3,0.3,1.5,1.5,5.7,198.66
2007-08-11,4.16,4.16,5.6,5.6,8.52,180.76
2007-08-12,4.91,4.91,9.37,9.37,10.94,176.92
2007-08-13,0.2,0.2,9.27,9.27,10.77,175.18
2007-08-14,0.12,0.12,5.23,5.23,10.89,174.27
2007-08-15,0.01,0.01,0.33,0.33,10.84,169.8
2007-08-16,12.03,12.03,12.16,12.16,21.73,180.91
2007-08-17,16.79,16.79,28.83,28.83,38.22,194.27
2007-08-18,18.12,18.12,46.94,46.94,52.18,208.08
2007-08-19,4.83,4.83,39.74,39.74,52.1,211.74
2007-08-20,12.04,12.04,34.99,34.99,63.94,220.44
2007-08-21,9.2,9.2,26.07,26.07,73.02,227.95
2007-08-22,12.83,12.83,34.07,34.07,85.84,237.38
2007-08-23,8.27,8.27,30.3,30.3,82.08,244.22
2007-08-24,2.8,2.8,23.9,23.9,68.09,243.29
2007-08-25,1.48,1.48,12.55,12.55,51.45,236.61
2007-08-26,7.9,7.9,12.18,12.18,54.52,220.81
2007-08-27,3.51,3.51,12.89,12.89,45.99,206.65
2007-08-28,3.05,3.05,14.46,14.46,39.84,181.87
2007-08-29,16.01,16.01,22.57,22.57,43.02,185.12
2007-08-30,11.68,11.68,30.74,30.74,46.43,183.22
2007-08-31,5.27,5.27,32.96,32.96,48.9,169.73
2007-09-01,5.82,5.82,22.77,22.77,53.24,168.68
2007-09-02,2.68,2.68,13.77,13.77,48.02,169.41
2007-09-03,0.93,0.93,9.43,9.43,45.44,169.0
2007-09-04,0.42,0.42,4.03,4.03,42.81,166.93
2007-09-05,24.91,24.91,26.26,26.26,51.71,191.47
2007-09-06,7.28,7.28,32.61,32.61,47.31,198.75
2007-09-07,1.31,1.31,33.5,33.5,43.35,200.0
2007-09-08,0.54,0.54,9.13,9.13,38.07,199.4
2007-09-09,0.54,0.54,2.39,2.39,35.93,199.64
2007-09-10,0.12,0.12,1.2,1.2,35.12,195.6
2007-09-11,0.05,0.05,0.71,0.71,34.75,190.74
2007-09-12,1.47,1.47,1.64,1.64,11.31,192.01
2007-09-13,10.19,10.19,11.71,11.71,14.22,202.08
2007-09-14,8.78,8.78,20.44,20.44,21.69,210.85
2007-09-15,8.09,8.09,27.06,27.06,29.24,206.91
2007-09-16,2.7,2.7,19.57,19.57,31.4,192.82
2007-09-17,9.98,9.98,20.77,20.77,41.26,184.68
2007-09-18,8.47,8.47,21.15,21.15,49.68,188.32
2007-09-19,0.47,0.47,18.92,18.92,48.68,176.75
2007-09-20,0.62,0.62,9.56,9.56,39.11,168.17
2007-09-21,0.18,0.18,1.27,1.27,30.51,155.52
2007-09-22,0.15,0.15,0.95,0.95,22.57,147.4
2007-09-23,0.12,0.12,0.45,0.45,19.99,144.72
2007-09-24,0.08,0.08,0.35,0.35,10.09,143.32
2007-09-25,0.51,0.51,0.71,0.71,2.13,135.93
2007-09-26,2.78,2.78,3.37,3.37,4.44,135.2
2007-09-27,14.4,14.4,17.69,17.69,18.22,146.55
2007-09-28,1.33,1.33,18.51,18.51,19.37,131.87
2007-09-29,12.19,12.19,27.92,27.92,31.41,132.38
2007-09-30,3.52,3.52,17.04,17.04,34.81,130.63
2007-10-01,2.63,2.63,18.34,18.34,37.36,127.44
2007-10-02,0.39,0.39,6.54,6.54,37.24,125.15
2007-10-03,0.05,0.05,3.07,3.07,34.51,124.27
2007-10-04,0.04,0.04,0.48,0.48,20.15,123.89
2007-10-05,0.03,0.03,0.12,0.12,18.85,99.01
2007-10-06,0.04,0.04,0.11,0.11,6.7,91.77
2007-10-07,0.02,0.02,0.09,0.09,3.2,90.48
2007-10-08,0.0,0.0,0.06,0.06,0.57,89.94
2007-10-09,0.0,0.0,0.02,0.02,0.18,89.4
2007-10-10,0.02,0.02,0.02,0.02,0.15,89.3
2007-10-11,0.06,0.06,0.08,0.08,0.17,89.31
2007-10-12,0.01,0.01,0.09,0.09,0.15,87.85
2007-10-13,0.05,0.05,0.12,0.12,0.16,77.71
2007-10-14,0.0,0.0,0.06,0.06,0.14,68.93
2007-10-15,0.0,0.0,0.05,0.05,0.14,60.84
2007-10-16,0.03,0.03,0.03,0.03,0.17,58.17
2007-10-17,1.85,1.85,1.88,1.88,2.0,50.04
2007-10-18,3.44,3.44,5.32,5.32,5.38,45.01
2007-10-19,4.26,4.26,9.55,9.55,9.63,48.8
2007-10-20,8.95,8.95,16.65,16.65,18.53,57.13
2007-10-21,8.44,8.44,21.65,21.65,26.97,65.39
2007-10-22,8.36,8.36,25.75,25.75,35.33,73.6
2007-10-23,18.91,18.91,35.71,35.71,54.21,92.39
2007-10-24,30.27,30.27,57.54,57.54,82.63,122.58
2007-10-25,18.52,18.52,67.7,67.7,97.71,140.59
2007-10-26,22.04,22.04,70.83,70.83,115.49,159.85
2007-10-27,25.81,25.81,66.37,66.37,132.35,171.26
2007-10-28,86.6,86.6,134.45,134.45,210.51,256.53
2007-10-29,67.5,67.5,179.91,179.91,269.65,311.84
2007-10-30,22.85,22.85,176.95,176.95,273.59,331.17
2007-10-31,15.66,15.66,106.01,106.01,258.98,344.2
2007-11-01,10.2,10.2,48.71,48.71,250.66,354.01
2007-11-02,5.12,5.12,30.98,30.98,233.74,359.08
2007-11-03,10.43,10.43,25.75,25.75,218.36,369.47
2007-11-04,14.0,14.0,29.55,29.55,145.76,383.44
2007-11-05,3.26,3.26,27.69,27.69,81.52,386.66
2007-11-06,2.34,2.34,19.6,19.6,61.01,388.98
2007-11-07,0.03,0.03,5.63,5.63,45.38,389.01
2007-11-08,0.01,0.01,2.38,2.38,35.19,389.02
2007-11-09,0.02,0.02,0.06,0.06,30.09,389.02
2007-11-10,0.19,0.19,0.22,0.22,19.85,389.15
2007-11-11,0.11,0.11,0.32,0.32,5.96,389.25
2007-11-12,0.01,0.01,0.31,0.31,2.71,389.21
2007-11-13,0.0,0.0,0.12,0.12,0.37,389.21
2007-11-14,0.0,0.0,0.01,0.01,0.34,389.21
2007-11-15,0.0,0.0,0.0,0.0,0.33,389.18
2007-11-16,0.0,0.0,0.0,0.0,0.31,387.33
2007-11-17,0.0,0.0,0.0,0.0,0.12,383.89
2007-11-18,2.68,2.68,2.68,2.68,2.69,382.31
2007-11-19,18.16,18.16,20.84,20.84,20.84,391.52
2007-11-20,26.96,26.96,47.8,47.8,47.8,410.04
2007-11-21,0.37,0.37,45.49,45.49,48.17,402.05
2007-11-22,0.0,0.0,27.33,27.33,48.17,383.14
2007-11-23,0.0,0.0,0.37,0.37,48.17,352.87
2007-11-24,0.0,0.0,0.0,0.0,48.17,334.35
2007-11-25,0.0,0.0,0.0,0.0,45.49,312.31
2007-11-26,0.02,0.02,0.02,0.02,27.35,286.52
2007-11-27,1.3,1.3,1.32,1.32,1.69,201.22
2007-11-28,0.22,0.22,1.54,1.54,1.54,133.94
2007-11-29,0.0,0.0,1.52,1.52,1.54,111.09
2007-11-30,0.03,0.03,0.25,0.25,1.57,95.46
2007-12-01,0.02,0.02,0.05,0.05,1.59,85.28
2007-12-02,4.18,4.18,4.23,4.23,5.77,84.34
2007-12-03,5.23,5.23,9.43,9.43,10.98,79.14
2007-12-04,2.21,2.21,11.62,11.62,11.89,67.35
2007-12-05,6.7,6.7,14.14,14.14,18.37,70.79
2007-12-06,10.24,10.24,19.15,19.15,28.61,78.69
2007-12-07,1.96,1.96,18.9,18.9,30.54,80.62
2007-12-08,0.36,0.36,12.56,12.56,30.88,80.97
2007-12-09,0.1,0.1,2.42,2.42,26.8,81.05
2007-12-10,0.02,0.02,0.48,0.48,21.59,80.88
2007-12-11,0.07,0.07,0.19,0.19,19.45,80.84
2007-12-12,0.08,0.08,0.17,0.17,12.83,80.91
2007-12-13,8.26,8.26,8.41,8.41,10.85,89.17
2007-12-14,3.05,3.05,11.39,11.39,11.94,92.22
2007-12-15,1.14,1.14,12.45,12.45,12.72,93.36
2007-12-16,0.22,0.22,4.41,4.41,12.84,93.58
2007-12-17,12.17,12.17,13.53,13.53,24.99,105.75
2007-12-18,52.48,52.48,64.87,64.87,77.4,155.55
2007-12-19,58.06,58.06,122.71,122.71,135.38,195.45
2007-12-20,9.17,9.17,119.71,119.71,136.29,177.66
2007-12-21,0.39,0.39,67.62,67.62,133.63,177.68
2007-12-22,0.0,0.0,9.56,9.56,132.49,177.68
2007-12-23,0.0,0.0,0.39,0.39,132.27,177.68
2007-12-24,0.0,0.0,0.0,0.0,120.1,177.68
2007-12-25,0.0,0.0,0.0,0.0,67.62,177.68
2007-12-26,0.0,0.0,0.0,0.0,9.56,177.66
2007-12-27,0.0,0.0,0.0,0.0,0.39,176.36
2007-12-28,0.0,0.0,0.0,0.0,0.0,176.14
2007-12-29,0.0,0.0,0.0,0.0,0.0,176.14
2007-12-30,0.0,0.0,0.0,0.0,0.0,176.11
2007-12-31,0.0,0.0,0.0,0.0,0.0,176.09
2008-01-01,0.0,0.0,0.0,0.0,0.0,171.91
2008-01-02,0.14,0.14,0.14,0.14,0.14,166.82
2008-01-03,6.11,6.11,6.25,6.25,6.25,170.72
2008-01-04,53.24,53.24,59.49,59.49,59.49,217.26
2008-01-05,1.96,1.96,61.31,61.31,61.45,208.98
2008-01-06,0.03,0.03,55.23,55.23,61.48,207.05
2008-01-07,0.0,0.0,1.99,1.99,61.48,206.69
2008-01-08,0.0,0.0,0.03,0.03,61.48,206.59
2008-01-09,0.01,0.01,0.01,0.01,61.35,206.58
2008-01-10,0.0,0.0,0.01,0.01,55.24,206.51
2008-01-11,0.0,0.0,0.01,0.01,2.0,206.43
2008-01-12,0.0,0.0,0.0,0.0,0.04,198.17
2008-01-13,0.0,0.0,0.0,0.0,0.01,195.12
2008-01-14,0.0,0.0,0.0,0.0,0.01,193.98
2008-01-15,0.0,0.0,0.0,0.0,0.01,193.76
2008-01-16,0.0,0.0,0.0,0.0,0.0,181.59
2008-01-17,0.0,0.0,0.0,0.0,0.0,129.11
2008-01-18,0.0,0.0,0.0,0.0,0.0,71.05
2008-01-19,0.0,0.0,0.0,0.0,0.0,61.88
2008-01-20,0.0,0.0,0.0,0.0,0.0,61.49
2008-01-21,0.01,0.01,0.01,0.01,0.01,61.5
2008-01-22,0.0,0.0,0.01,0.01,0.01,61.5
2008-01-23,0.0,0.0,0.01,0.01,0.01,61.5
2008-01-24,0.0,0.0,0.0,0.0,0.01,61.5
2008-01-25,0.0,0.0,0.0,0.0,0.01,61.5
2008-01-26,0.0,0.0,0.0,0.0,0.01,61.5
2008-01-27,0.0,0.0,0.0,0.0,0.01,61.5
2008-01-28,0.03,0.03,0.03,0.03,0.03,61.53
2008-01-29,0.01,0.01,0.04,0.04,0.04,61.54
2008-01-30,0.0,0.0,0.04,0.04,0.04,61.54
2008-01-31,0.0,0.0,0.01,0.01,0.04,61.54
2008-02-01,0.0,0.0,0.0,0.0,0.04,61.4
2008-02-02,0.0,0.0,0.0,0.0,0.04,55.29
2008-02-03,0.0,0.0,0.0,0.0,0.04,2.05
2008-02-04,0.09,0.09,0.09,0.09,0.1,0.18
2008-02-05,0.04,0.04,0.13,0.13,0.13,0.19
2008-02-06,0.02,0.02,0.15,0.15,0.15,0.21
2008-02-07,0.0,0.0,0.06,0.06,0.15,0.21
2008-02-08,0.54,0.54,0.56,0.56,0.69,0.74
2008-02-09,2.34,2.34,2.88,2.88,3.03,3.08
2008-02-10,1.71,1.71,4.59,4.59,4.74,4.79
2008-02-11,0.53,0.53,4.58,4.58,5.18,5.32
2008-02-12,1.13,1.13,3.37,3.37,6.27,6.45
2008-02-13,0.16,0.16,1.82,1.82,6.41,6.61
2008-02-14,1.18,1.18,2.47,2.47,7.59,7.79
2008-02-15,3.54,3.54,4.88,4.88,10.59,11.33
2008-02-16,0.2,0.2,4.92,4.92,8.45,11.53
2008-02-17,0.0,0.0,3.74,3.74,6.74,11.53
2008-02-18,0.0,0.0,0.2,0.2,6.21,11.53
2008-02-19,0.0,0.0,0.0,0.0,5.08,11.53
2008-02-20,0.0,0.0,0.0,0.0,4.92,11.52
2008-02-21,0.0,0.0,0.0,0.0,3.74,11.52
2008-02-22,0.0,0.0,0.0,0.0,0.2,11.52
2008-02-23,0.0,0.0,0.0,0.0,0.0,11.52
2008-02-24,0.0,0.0,0.0,0.0,0.0,11.52
2008-02-25,0.0,0.0,0.0,0.0,0.0,11.52
2008-02-26,0.0,0.0,0.0,0.0,0.0,11.52
2008-02-27,0.0,0.0,0.0,0.0,0.0,11.49
2008-02-28,0.0,0.0,0.0,0.0,0.0,11.48
2008-02-29,0.0,0.0,0.0,0.0,0.0,11.48
2008-03-01,0.7,0.7,0.7,0.7,0.7,12.18
2008-03-02,0.16,0.16,0.86,0.86,0.86,12.34
2008-03-03,0.0,0.0,0.86,0.86,0.86,12.34
2008-03-04,0.0,0.0,0.16,0.16,0.86,12.34
2008-03-05,0.0,0.0,0.0,0.0,0.86,12.25
2008-03-06,0.0,0.0,0.0,0.0,0.86,12.21
2008-03-07,0.0,0.0,0.0,0.0,0.86,12.19
2008-03-08,0.0,0.0,0.0,0.0,0.16,12.19
2008-03-09,0.0,0.0,0.0,0.0,0.0,11.65
2008-03-10,0.0,0.0,0.0,0.0,0.0,9.31
2008-03-11,4.49,4.49,4.49,4.49,4.49,12.09
2008-03-12,8.85,8.85,13.34,13.34,13.34,20.41
2008-03-13,8.68,8.68,22.02,22.02,22.02,27.96
2008-03-14,10.82,10.82,28.35,28.35,32.84,38.62
2008-03-15,2.1,2.1,21.6,21.6,34.94,39.54
2008-03-16,0.21,0.21,13.13,13.13,35.15,36.21
2008-03-17,0.33,0.33,2.64,2.64,35.48,36.34
2008-03-18,0.74,0.74,1.28,1.28,31.73,37.08
2008-03-19,1.37,1.37,2.44,2.44,24.25,38.45
2008-03-20,12.26,12.26,14.37,14.37,27.83,50.71
2008-03-21,41.15,41.15,54.78,54.78,58.16,91.86
2008-03-22,13.68,13.68,67.09,67.09,69.74,105.54
2008-03-23,3.81,3.81,58.64,58.64,73.34,109.35
2008-03-24,19.9,19.9,37.39,37.39,92.91,129.25
2008-03-25,7.17,7.17,30.88,30.88,99.34,136.42
2008-03-26,1.96,1.96,29.03,29.03,99.93,138.38
2008-03-27,0.51,0.51,9.64,9.64,88.18,138.89
2008-03-28,0.18,0.18,2.65,2.65,47.21,139.07
2008-03-29,0.37,0.37,1.06,1.06,33.9,139.44
2008-03-30,0.92,0.92,1.47,1.47,31.01,140.36
2008-03-31,10.47,10.47,11.76,11.76,21.58,150.13
2008-04-01,2.87,2.87,14.26,14.26,17.28,152.84
2008-04-02,0.11,0.11,13.45,13.45,15.43,152.95
2008-04-03,0.02,0.02,3.0,3.0,14.94,152.97
2008-04-04,0.03,0.03,0.16,0.16,14.79,153.0
2008-04-05,0.03,0.03,0.08,0.08,14.45,153.03
2008-04-06,0.03,0.03,0.09,0.09,13.56,153.06
2008-04-07,0.03,0.03,0.09,0.09,3.12,153.09
2008-04-08,0.07,0.07,0.13,0.13,0.32,153.16
2008-04-09,0.0,0.0,0.1,0.1,0.21,153.16
2008-04-10,0.01,0.01,0.08,0.08,0.2,148.68
2008-04-11,0.0,0.0,0.01,0.01,0.17,139.83
2008-04-12,0.01,0.01,0.02,0.02,0.15,131.16
2008-04-13,0.02,0.02,0.03,0.03,0.14,120.36
2008-04-14,0.0,0.0,0.03,0.03,0.11,118.26
2008-04-15,0.0,0.0,0.02,0.02,0.04,118.05
2008-04-16,0.01,0.01,0.01,0.01,0.05,117.73
2008-04-17,0.0,0.0,0.01,0.01,0.04,116.99
2008-04-18,0.0,0.0,0.01,0.01,0.04,115.62
2008-04-19,0.01,0.01,0.01,0.01,0.04,103.37
2008-04-20,0.0,0.0,0.01,0.01,0.02,62.22
2008-04-21,0.0,0.0,0.01,0.01,0.02,48.54
2008-04-22,0.01,0.01,0.01,0.01,0.03,44.74
2008-04-23,0.07,0.07,0.08,0.08,0.09,24.91
2008-04-24,0.0,0.0,0.08,0.08,0.09,17.74
2008-04-25,0.28,0.28,0.35,0.35,0.37,16.06
2008-04-26,0.13,0.13,0.41,0.41,0.49,15.68
2008-04-27,0.01,0.01,0.42,0.42,0.5,15.51
2008-04-28,0.01,0.01,0.15,0.15,0.51,15.15
2008-04-29,0.06,0.06,0.08,0.08,0.56,14.29
2008-04-30,0.41,0.41,0.48,0.48,0.9,4.23
2008-05-01,0.07,0.07,0.54,0.54,0.97,1.43
2008-05-02,0.01,0.01,0.49,0.49,0.7,1.33
2008-05-03,0.13,0.13,0.21,0.21,0.7,1.44
2008-05-04,0.0,0.0,0.14,0.14,0.69,1.41
2008-05-05,0.0,0.0,0.13,0.13,0.68,1.38
2008-05-06,0.01,0.01,0.01,0.01,0.63,1.36
2008-05-07,0.06,0.06,0.07,0.07,0.28,1.39
2008-05-08,0.03,0.03,0.1,0.1,0.24,1.35
2008-05-09,0.01,0.01,0.1,0.1,0.24,1.36
2008-05-10,0.02,0.02,0.06,0.06,0.13,1.37
2008-05-11,0.01,0.01,0.04,0.04,0.14,1.38
2008-05-12,3.0,3.0,3.03,3.03,3.14,4.37
2008-05-13,0.51,0.51,3.52,3.52,3.64,4.86
2008-05-14,1.46,1.46,4.97,4.97,5.04,6.32
2008-05-15,0.01,0.01,1.98,1.98,5.02,6.33
2008-05-16,0.11,0.11,1.58,1.58,5.12,6.43
2008-05-17,0.01,0.01,0.13,0.13,5.11,6.44
2008-05-18,0.0,0.0,0.12,0.12,5.1,6.44
2008-05-19,0.03,0.03,0.04,0.04,2.13,6.46
2008-05-20,0.42,0.42,0.45,0.45,2.04,6.88
2008-05-21,0.73,0.73,1.18,1.18,1.31,7.61
2008-05-22,2.44,2.44,3.59,3.59,3.74,10.04
2008-05-23,0.39,0.39,3.56,3.56,4.02,10.36
2008-05-24,0.25,0.25,3.08,3.08,4.26,10.61
2008-05-25,0.13,0.13,0.77,0.77,4.39,10.46
2008-05-26,0.09,0.09,0.47,0.47,4.45,10.42
2008-05-27,0.05,0.05,0.27,0.27,4.08,10.46
2008-05-28,0.11,0.11,0.25,0.25,3.46,10.56
2008-05-29,0.07,0.07,0.23,0.23,1.09,10.57
2008-05-30,0.05,0.05,0.23,0.23,0.75,10.21
2008-05-31,1.7,1.7,1.82,1.82,2.2,11.84
2008-06-01,0.98,0.98,2.73,2.73,3.05,12.81
2008-06-02,0.23,0.23,2.91,2.91,3.19,12.91
2008-06-03,0.34,0.34,1.55,1.55,3.48,13.25
2008-06-04,0.14,0.14,0.71,0.71,3.51,13.39
2008-06-05,0.13,0.13,0.61,0.61,3.57,13.51
2008-06-06,0.01,0.01,0.28,0.28,3.53,13.46
2008-06-07,0.61,0.61,0.75,0.75,2.44,14.04
2008-06-08,4.97,4.97,5.59,5.59,6.43,19.0
2008-06-09,1.62,1.62,7.2,7.2,7.82,20.6
2008-06-10,0.2,0.2,6.79,6.79,7.68,20.79
2008-06-11,10.72,10.72,12.54,12.54,18.26,28.51
2008-06-12,0.91,0.91,11.83,11.83,19.04,28.91
2008-06-13,0.04,0.04,11.67,11.67,19.07,27.49
2008-06-14,0.31,0.31,1.26,1.26,18.77,27.79
2008-06-15,0.04,0.04,0.39,0.39,13.84,27.72
2008-06-16,0.04,0.04,0.39,0.39,12.26,27.75
2008-06-17,0.03,0.03,0.11,0.11,12.09,27.78
2008-06-18,0.23,0.23,0.3,0.3,1.6,27.98
2008-06-19,0.08,0.08,0.34,0.34,0.77,27.64
2008-06-20,0.07,0.07,0.38,0.38,0.8,26.98
2008-06-21,16.97,16.97,17.12,17.12,17.46,41.51
2008-06-22,3.08,3.08,20.12,20.12,20.5,44.2
2008-06-23,0.36,0.36,20.41,20.41,20.82,44.31
2008-06-24,0.32,0.32,3.76,3.76,21.11,44.5
2008-06-25,2.23,2.23,2.91,2.91,23.11,46.64
2008-06-26,0.5,0.5,3.05,3.05,23.53,47.09
2008-06-27,0.49,0.49,3.22,3.22,23.95,47.47
2008-06-28,1.0,1.0,1.99,1.99,7.98,48.4
2008-06-29,0.04,0.04,1.53,1.53,4.94,48.39
2008-06-30,0.07,0.07,1.11,1.11,4.65,46.76
2008-07-01,1.67,1.67,1.78,1.78,6.0,47.45
2008-07-02,0.73,0.73,2.47,2.47,4.5,47.95
2008-07-03,0.41,0.41,2.81,2.81,4.41,48.02
2008-07-04,0.71,0.71,1.85,1.85,4.63,48.59
2008-07-05,1.08,1.08,2.2,2.2,4.71,49.54
2008-07-06,1.07,1.07,2.86,2.86,5.74,50.6
2008-07-07,3.03,3.03,5.18,5.18,8.7,53.02
2008-07-08,0.5,0.5,4.6,4.6,7.53,48.55
2008-07-09,5.11,5.11,8.64,8.64,11.91,52.04
2008-07-10,1.45,1.45,7.06,7.06,12.95,53.29
2008-07-11,0.0,0.0,6.56,6.56,12.24,42.57
2008-07-12,0.0,0.0,1.45,1.45,11.16,41.66
2008-07-13,0.02,0.02,0.02,0.02,10.11,41.64
2008-07-14,1.16,1.16,1.18,1.18,8.24,42.49
2008-07-15,2.28,2.28,3.46,3.46,10.02,44.73
2008-07-16,0.28,0.28,3.72,3.72,5.19,44.97
2008-07-17,1.45,1.45,4.01,4.01,5.19,46.39
2008-07-18,0.43,0.43,2.16,2.16,5.62,46.59
2008-07-19,1.17,1.17,3.05,3.05,6.79,47.68
2008-07-20,9.77,9.77,11.37,11.37,16.54,57.38
2008-07-21,1.2,1.2,12.14,12.14,16.58,41.61
2008-07-22,0.85,0.85,11.82,11.82,15.15,39.38
2008-07-23,0.65,0.65,2.7,2.7,15.52,39.67
2008-07-24,5.99,5.99,7.49,7.49,20.06,45.34
2008-07-25,2.5,2.5,9.14,9.14,22.13,45.61
2008-07-26,2.75,2.75,11.24,11.24,23.71,47.86
2008-07-27,8.99,8.99,14.24,14.24,22.93,56.36
2008-07-28,2.24,2.24,13.98,13.98,23.97,57.6
2008-07-29,1.32,1.32,12.55,12.55,24.44,58.88
2008-07-30,0.96,0.96,4.52,4.52,24.75,59.77
2008-07-31,1.94,1.94,4.22,4.22,20.7,60.04
2008-08-01,4.16,4.16,7.06,7.06,22.36,63.47
2008-08-02,1.28,1.28,7.38,7.38,20.89,64.34
2008-08-03,7.61,7.61,13.05,13.05,19.51,71.24
2008-08-04,2.78,2.78,11.67,11.67,20.05,72.94
2008-08-05,0.67,0.67,11.06,11.06,19.4,72.54
2008-08-06,0.86,0.86,4.31,4.31,19.3,70.37
2008-08-07,1.47,1.47,3.0,3.0,18.83,71.34
2008-08-08,4.86,4.86,7.19,7.19,19.53,71.09
2008-08-09,2.66,2.66,8.99,8.99,20.91,72.3
2008-08-10,0.69,0.69,8.21,8.21,13.99,72.99
2008-08-11,0.18,0.18,3.53,3.53,11.39,73.17
2008-08-12,0.14,0.14,1.01,1.01,10.86,73.29
2008-08-13,0.56,0.56,0.88,0.88,10.56,72.69
2008-08-14,7.88,7.88,8.58,8.58,16.97,78.29
2008-08-15,2.27,2.27,10.71,10.71,14.38,80.28
2008-08-16,2.03,2.03,12.18,12.18,13.75,80.86
2008-08-17,9.37,9.37,13.67,13.67,22.43,89.8
2008-08-18,4.08,4.08,15.48,15.48,26.33,92.71
2008-08-19,18.84,18.84,32.29,32.29,45.03,101.78
2008-08-20,9.38,9.38,32.3,32.3,53.85,109.96
2008-08-21,7.55,7.55,35.77,35.77,53.52,116.66
2008-08-22,2.77,2.77,19.7,19.7,54.02,118.78
2008-08-23,1.02,1.02,11.34,11.34,53.01,113.81
2008-08-24,1.07,1.07,4.86,4.86,44.71,112.38
2008-08-25,1.41,1.41,3.5,3.5,42.04,111.04
2008-08-26,2.59,2.59,5.07,5.07,25.79,104.64
2008-08-27,2.59,2.59,6.59,6.59,19.0,104.99
2008-08-28,0.12,0.12,5.3,5.3,11.57,103.79
2008-08-29,0.92,0.92,3.63,3.63,9.72,103.75
2008-08-30,1.81,1.81,2.85,2.85,10.51,103.62
2008-08-31,3.95,3.95,6.68,6.68,13.39,103.41
2008-09-01,5.36,5.36,11.12,11.12,17.34,107.49
2008-09-02,15.45,15.45,24.76,24.76,30.2,115.33
2008-09-03,6.82,6.82,27.63,27.63,34.43,119.37
2008-09-04,0.77,0.77,23.04,23.04,35.08,119.47
2008-09-05,1.79,1.79,9.38,9.38,35.95,120.4
2008-09-06,3.25,3.25,5.81,5.81,37.39,122.18
2008-09-07,3.62,3.62,8.66,8.66,37.06,120.94
2008-09-08,2.47,2.47,9.34,9.34,34.17,120.75
2008-09-09,0.97,0.97,7.06,7.06,19.69,121.03
2008-09-10,2.1,2.1,5.54,5.54,14.97,122.95
2008-09-11,0.26,0.26,3.33,3.33,14.46,123.07
2008-09-12,0.07,0.07,2.43,2.43,12.74,122.58
2008-09-13,0.06,0.06,0.39,0.39,9.55,114.76
2008-09-14,5.28,5.28,5.41,5.41,11.21,117.77
2008-09-15,0.69,0.69,6.03,6.03,9.43,116.43
2008-09-16,0.38,0.38,6.35,6.35,8.84,107.44
2008-09-17,0.11,0.11,1.18,1.18,6.85,103.47
2008-09-18,0.02,0.02,0.51,0.51,6.61,84.65
2008-09-19,0.16,0.16,0.29,0.29,6.7,75.43
2008-09-20,11.42,11.42,11.6,11.6,18.06,79.3
2008-09-21,3.61,3.61,15.19,15.19,16.39,80.14
2008-09-22,2.03,2.03,17.06,17.06,17.73,81.15
2008-09-23,0.5,0.5,6.14,6.14,17.85,80.58
2008-09-24,16.05,16.05,18.58,18.58,33.79,95.22
2008-09-25,3.36,3.36,19.91,19.91,37.13,95.99
2008-09-26,0.78,0.78,20.19,20.19,37.75,94.18
2008-09-27,0.31,0.31,4.45,4.45,26.64,94.37
2008-09-28,1.82,1.82,2.91,2.91,24.85,95.27
2008-09-29,3.02,3.02,5.15,5.15,25.84,96.48
2008-09-30,0.53,0.53,5.37,5.37,25.87,93.06
2008-10-01,0.02,0.02,3.57,3.57,9.84,87.72
2008-10-02,0.95,0.95,1.5,1.5,7.43,73.22
2008-10-03,3.46,3.46,4.43,4.43,10.11,69.86
2008-10-04,0.79,0.79,5.2,5.2,10.59,69.88
2008-10-05,0.49,0.49,4.74,4.74,9.26,68.58
2008-10-06,1.51,1.51,2.79,2.79,7.75,66.84
2008-10-07,0.22,0.22,2.22,2.22,7.44,63.44
2008-10-08,0.81,0.81,2.54,2.54,8.23,61.78
2008-10-09,1.03,1.03,2.06,2.06,8.31,61.84
2008-10-10,1.25,1.25,3.09,3.09,6.1,60.99
2008-10-11,12.14,12.14,14.42,14.42,17.45,72.87
2008-10-12,21.17,21.17,34.56,34.56,38.13,93.97
2008-10-13,17.81,17.81,51.12,51.12,54.43,111.72
2008-10-14,10.04,10.04,49.02,49.02,64.25,116.48
2008-10-15,10.42,10.42,38.27,38.27,73.86,126.21
2008-10-16,12.4,12.4,32.86,32.86,85.23,138.23
2008-10-17,12.6,12.6,35.42,35.42,96.58,150.72
2008-10-18,18.59,18.59,43.59,43.59,103.03,169.29
2008-10-19,14.48,14.48,45.67,45.67,96.34,183.61
2008-10-20,50.84,50.84,83.91,83.91,129.37,223.03
2008-10-21,45.18,45.18,110.5,110.5,164.51,264.6
2008-10-22,42.3,42.3,138.32,138.32,196.39,304.87
2008-10-23,16.74,16.74,104.22,104.22,200.73,321.11
2008-10-24,17.48,17.48,76.52,76.52,205.61,322.54
2008-10-25,2.24,2.24,36.46,36.46,189.26,321.42
2008-10-26,1.64,1.64,21.36,21.36,176.42,322.28
2008-10-27,0.0,0.0,3.88,3.88,125.58,321.97
2008-10-28,0.0,0.0,1.64,1.64,80.4,320.15
2008-10-29,0.0,0.0,0.0,0.0,38.1,317.13
2008-10-30,0.0,0.0,0.0,0.0,21.36,316.6
2008-10-31,0.0,0.0,0.0,0.0,3.88,316.58
2008-11-01,0.0,0.0,0.0,0.0,1.64,315.63
2008-11-02,0.0,0.0,0.0,0.0,0.0,312.17
2008-11-03,0.0,0.0,0.0,0.0,0.0,311.38
2008-11-04,0.0,0.0,0.0,0.0,0.0,310.89
2008-11-05,0.0,0.0,0.0,0.0,0.0,309.38
2008-11-06,0.0,0.0,0.0,0.0,0.0,309.16
2008-11-07,0.04,0.04,0.04,0.04,0.04,308.39
2008-11-08,0.08,0.08,0.12,0.12,0.12,307.44
2008-11-09,1.1,1.1,1.22,1.22,1.22,307.29
2008-11-10,4.04,4.04,5.22,5.22,5.26,299.19
2008-11-11,0.79,0.79,5.93,5.93,6.05,278.81
2008-11-12,1.11,1.11,5.94,5.94,7.16,262.11
2008-11-13,3.09,3.09,4.99,4.99,10.25,255.16
2008-11-14,1.49,1.49,5.69,5.69,11.7,246.23
2008-11-15,10.88,10.88,15.46,15.46,22.5,244.71
2008-11-16,2.72,2.72,15.09,15.09,24.12,234.83
2008-11-17,1.19,1.19,14.79,14.79,21.27,217.43
2008-11-18,4.77,4.77,8.68,8.68,25.25,207.72
2008-11-19,5.16,5.16,11.12,11.12,29.3,162.04
2008-11-20,1.13,1.13,11.06,11.06,27.34,117.99
2008-11-21,19.17,19.17,25.46,25.46,45.02,94.86
2008-11-22,39.32,39.32,59.62,59.62,73.46,117.44
2008-11-23,25.24,25.24,83.73,83.73,95.98,125.2
2008-11-24,20.12,20.12,84.68,84.68,114.91,143.08
2008-11-25,27.89,27.89,73.25,73.25,138.03,169.33
2008-11-26,104.86,104.86,152.87,152.87,237.73,274.19
2008-11-27,178.98,178.98,311.73,311.73,415.58,453.17
2008-11-28,59.76,59.76,343.6,343.6,456.17,512.93
2008-11-29,27.26,27.26,266.0,266.0,444.11,540.19
2008-11-30,4.43,4.43,91.45,91.45,423.3,544.62
2008-12-01,2.02,2.02,33.71,33.71,405.2,546.64
2008-12-02,0.01,0.01,6.46,6.46,377.32,546.65
2008-12-03,0.02,0.02,2.05,2.05,272.48,546.67
2008-12-04,0.0,0.0,0.03,0.03,93.5,546.67
2008-12-05,0.06,0.06,0.08,0.08,33.8,546.73
2008-12-06,0.08,0.08,0.14,0.14,6.62,546.81
2008-12-07,0.23,0.23,0.37,0.37,2.42,547.0
2008-12-08,5.58,5.58,5.89,5.89,5.98,552.5
2008-12-09,4.99,4.99,10.8,10.8,10.96,556.39
2008-12-10,0.35,0.35,10.92,10.92,11.29,552.7
2008-12-11,0.01,0.01,5.35,5.35,11.3,551.92
2008-12-12,0.1,0.1,0.46,0.46,11.34,550.91
2008-12-13,0.26,0.26,0.37,0.37,11.52,548.08
2008-12-14,2.12,2.12,2.48,2.48,13.41,548.71
2008-12-15,1.16,1.16,3.54,3.54,8.99,538.99
2008-12-16,0.32,0.32,3.6,3.6,4.32,536.59
2008-12-17,0.13,0.13,1.61,1.61,4.1,535.53
2008-12-18,0.04,0.04,0.49,0.49,4.13,530.8
2008-12-19,0.02,0.02,0.19,0.19,4.05,525.66
2008-12-20,0.0,0.0,0.06,0.06,3.79,524.53
2008-12-21,0.0,0.0,0.02,0.02,1.67,505.36
2008-12-22,0.0,0.0,0.0,0.0,0.51,466.04
2008-12-23,0.04,0.04,0.04,0.04,0.23,440.84
2008-12-24,0.18,0.18,0.22,0.22,0.28,420.9
2008-12-25,0.01,0.01,0.23,0.23,0.25,393.02
2008-12-26,0.0,0.0,0.19,0.19,0.23,288.16
2008-12-27,0.0,0.0,0.01,0.01,0.23,109.18
2008-12-28,0.0,0.0,0.0,0.0,0.23,49.42
2008-12-29,0.0,0.0,0.0,0.0,0.23,22.16
2008-12-30,0.0,0.0,0.0,0.0,0.19,17.73
2008-12-31,0.0,0.0,0.0,0.0,0.01,15.71
2009-01-01,0.0,0.0,0.0,0.0,0.0,15.7
2009-01-02,0.01,0.01,0.01,0.01,0.01,15.69
2009-01-03,0.0,0.0,0.01,0.01,0.01,15.69
2009-01-04,0.01,0.01,0.02,0.02,0.02,15.64
2009-01-05,0.0,0.0,0.01,0.01,0.02,15.56
2009-01-06,1.21,1.21,1.22,1.22,1.23,16.54
2009-01-07,16.36,16.36,17.57,17.57,17.59,27.32
2009-01-08,2.23,2.23,19.8,19.8,19.82,24.56
2009-01-09,0.86,0.86,19.45,19.45,20.67,25.07
2009-01-10,0.29,0.29,3.38,3.38,20.96,25.35
2009-01-11,0.0,0.0,1.15,1.15,20.95,25.25
2009-01-12,0.01,0.01,0.3,0.3,20.96,25.0
2009-01-13,0.25,0.25,0.26,0.26,20.0,23.13
2009-01-14,0.37,0.37,0.63,0.63,4.01,22.34
2009-01-15,4.59,4.59,5.21,5.21,6.37,26.61
2009-01-16,0.04,0.04,5.0,5.0,5.55,26.52
2009-01-17,0.0,0.0,4.63,4.63,5.26,26.48
2009-01-18,0.0,0.0,0.04,0.04,5.26,26.46
2009-01-19,0.0,0.0,0.0,0.0,5.25,26.46
2009-01-20,0.0,0.0,0.0,0.0,5.0,26.46
2009-01-21,0.0,0.0,0.0,0.0,4.63,26.46
2009-01-22,0.0,0.0,0.0,0.0,0.04,26.42
2009-01-23,0.0,0.0,0.0,0.0,0.0,26.24
2009-01-24,0.0,0.0,0.0,0.0,0.0,26.23
2009-01-25,0.01,0.01,0.01,0.01,0.01,26.24
2009-01-26,0.08,0.08,0.09,0.09,0.09,26.32
2009-01-27,0.01,0.01,0.1,0.1,0.1,26.33
2009-01-28,0.01,0.01,0.1,0.1,0.11,26.34
2009-01-29,0.0,0.0,0.02,0.02,0.11,26.34
2009-01-30,0.0,0.0,0.01,0.01,0.11,26.34
2009-01-31,0.0,0.0,0.0,0.0,0.11,26.34
2009-02-01,0.0,0.0,0.0,0.0,0.1,26.33
2009-02-02,0.0,0.0,0.0,0.0,0.02,26.33
2009-02-03,0.0,0.0,0.0,0.0,0.01,26.32
2009-02-04,0.0,0.0,0.0,0.0,0.0,26.32
2009-02-05,0.0,0.0,0.0,0.0,0.0,25.11
2009-02-06,0.0,0.0,0.0,0.0,0.0,8.75
2009-02-07,0.0,0.0,0.0,0.0,0.0,6.52
2009-02-08,0.03,0.03,0.03,0.03,0.03,5.69
2009-02-09,0.0,0.0,0.03,0.03,0.03,5.4
2009-02-10,0.0,0.0,0.03,0.03,0.03,5.4
2009-02-11,0.0,0.0,0.0,0.0,0.03,5.39
2009-02-12,0.0,0.0,0.0,0.0,0.03,5.14
2009-02-13,0.0,0.0,0.0,0.0,0.03,4.77
2009-02-14,0.0,0.0,0.0,0.0,0.03,0.18
2009-02-15,0.0,0.0,0.0,0.0,0.0,0.14
2009-02-16,0.0,0.0,0.0,0.0,0.0,0.14
2009-02-17,0.0,0.0,0.0,0.0,0.0,0.14
2009-02-18,0.0,0.0,0.0,0.0,0.0,0.14
2009-02-19,0.0,0.0,0.0,0.0,0.0,0.14
2009-02-20,0.0,0.0,0.0,0.0,0.0,0.14
2009-02-21,0.0,0.0,0.0,0.0,0.0,0.14
2009-02-22,0.0,0.0,0.0,0.0,0.0,0.14
2009-02-23,0.0,0.0,0.0,0.0,0.0,0.14
2009-02-24,0.0,0.0,0.0,0.0,0.0,0.13
2009-02-25,0.0,0.0,0.0,0.0,0.0,0.05
2009-02-26,0.0,0.0,0.0,0.0,0.0,0.04
2009-02-27,0.0,0.0,0.0,0.0,0.0,0.03
2009-02-28,0.0,0.0,0.0,0.0,0.0,0.03
2009-03-01,0.0,0.0,0.0,0.0,0.0,0.03
2009-03-02,0.0,0.0,0.0,0.0,0.0,0.03
2009-03-03,0.0,0.0,0.0,0.0,0.0,0.03
2009-03-04,0.0,0.0,0.0,0.0,0.0,0.03
2009-03-05,0.0,0.0,0.0,0.0,0.0,0.03
2009-03-06,0.0,0.0,0.0,0.0,0.0,0.03
2009-03-07,0.0,0.0,0.0,0.0,0.0,0.03
2009-03-08,0.0,0.0,0.0,0.0,0.0,0.03
2009-03-09,0.62,0.62,0.62,0.62,0.62,0.65
2009-03-10,9.26,9.26,9.88,9.88,9.88,9.88
2009-03-11,7.18,7.18,17.06,17.06,17.06,17.06
2009-03-12,0.1,0.1,16.54,16.54,17.16,17.16
2009-03-13,0.0,0.0,7.28,7.28,17.16,17.16
2009-03-14,0.06,0.06,0.16,0.16,17.22,17.22
2009-03-15,0.2,0.2,0.26,0.26,17.42,17.42
2009-03-16,0.58,0.58,0.84,0.84,17.38,18.0
2009-03-17,0.0,0.0,0.78,0.78,8.12,18.0
2009-03-18,0.0,0.0,0.58,0.58,0.94,18.0
2009-03-19,0.0,0.0,0.0,0.0,0.84,18.0
2009-03-20,0.0,0.0,0.0,0.0,0.84,18.0
2009-03-21,0.0,0.0,0.0,0.0,0.78,18.0
2009-03-22,0.0,0.0,0.0,0.0,0.58,18.0
2009-03-23,0.01,0.01,0.01,0.01,0.01,18.01
2009-03-24,0.0,0.0,0.01,0.01,0.01,18.01
2009-03-25,0.0,0.0,0.01,0.01,0.01,18.01
2009-03-26,0.0,0.0,0.0,0.0,0.01,18.01
2009-03-27,0.0,0.0,0.0,0.0,0.01,18.01
2009-03-28,0.0,0.0,0.0,0.0,0.01,18.01
2009-03-29,0.01,0.01,0.01,0.01,0.02,18.02
2009-03-30,0.0,0.0,0.01,0.01,0.01,18.02
2009-03-31,0.0,0.0,0.01,0.01,0.01,18.02
2009-04-01,0.0,0.0,0.0,0.0,0.01,18.02
2009-04-02,0.0,0.0,0.0,0.0,0.01,18.02
2009-04-03,0.0,0.0,0.0,0.0,0.01,18.02
2009-04-04,0.0,0.0,0.0,0.0,0.01,18.02
2009-04-05,0.01,0.01,0.01,0.01,0.01,18.03
2009-04-06,0.08,0.08,0.09,0.09,0.09,18.11
2009-04-07,0.07,0.07,0.16,0.16,0.16,18.18
2009-04-08,0.13,0.13,0.28,0.28,0.29,17.69
2009-04-09,0.34,0.34,0.54,0.54,0.63,8.77
2009-04-10,2.66,2.66,3.13,3.13,3.29,4.25
2009-04-11,0.86,0.86,3.86,3.86,4.15,5.01
2009-04-12,0.26,0.26,3.78,3.78,4.4,5.27
2009-04-13,0.02,0.02,1.14,1.14,4.34,5.23
2009-04-14,0.0,0.0,0.28,0.28,4.27,5.03
2009-04-15,0.0,0.0,0.02,0.02,4.14,4.45
2009-04-16,0.0,0.0,0.0,0.0,3.8,4.45
2009-04-17,0.01,0.01,0.01,0.01,1.15,4.46
2009-04-18,0.0,0.0,0.01,0.01,0.29,4.46
2009-04-19,0.31,0.31,0.32,0.32,0.34,4.77
2009-04-20,0.07,0.07,0.38,0.38,0.39,4.84
2009-04-21,0.04,0.04,0.42,0.42,0.43,4.88
2009-04-22,0.4,0.4,0.51,0.51,0.83,5.27
2009-04-23,0.1,0.1,0.54,0.54,0.93,5.37
2009-04-24,0.05,0.05,0.55,0.55,0.97,5.42
2009-04-25,0.08,0.08,0.23,0.23,1.05,5.5
2009-04-26,0.01,0.01,0.14,0.14,0.75,5.51
2009-04-27,0.01,0.01,0.1,0.1,0.69,5.52
2009-04-28,0.0,0.0,0.02,0.02,0.65,5.51
2009-04-29,0.0,0.0,0.01,0.01,0.25,5.51
2009-04-30,0.01,0.01,0.01,0.01,0.16,5.52
2009-05-01,0.11,0.11,0.12,0.12,0.22,5.63
2009-05-02,0.22,0.22,0.34,0.34,0.36,5.85
2009-05-03,0.3,0.3,0.63,0.63,0.65,6.15
2009-05-04,0.98,0.98,1.5,1.5,1.62,7.13
2009-05-05,0.19,0.19,1.47,1.47,1.81,7.31
2009-05-06,0.04,0.04,1.21,1.21,1.85,7.27
2009-05-07,0.04,0.04,0.27,0.27,1.88,7.24
2009-05-08,0.33,0.33,0.41,0.41,2.1,7.44
2009-05-09,0.04,0.04,0.41,0.41,1.92,7.14
2009-05-10,0.02,0.02,0.39,0.39,1.64,4.5
2009-05-11,0.58,0.58,0.64,0.64,1.24,4.22
2009-05-12,0.96,0.96,1.56,1.56,2.01,4.92
2009-05-13,0.67,0.67,2.21,2.21,2.64,5.57
2009-05-14,1.0,1.0,2.63,2.63,3.6,6.57
2009-05-15,11.34,11.34,13.01,13.01,14.61,17.91
2009-05-16,2.24,2.24,14.58,14.58,16.81,20.15
2009-05-17,0.3,0.3,13.88,13.88,17.09,20.44
2009-05-18,0.3,0.3,2.84,2.84,16.81,20.74
2009-05-19,0.25,0.25,0.85,0.85,16.1,20.68
2009-05-20,0.17,0.17,0.72,0.72,15.6,20.78
2009-05-21,2.35,2.35,2.77,2.77,16.95,23.09
2009-05-22,0.65,0.65,3.17,3.17,6.26,23.34
2009-05-23,8.67,8.67,11.67,11.67,12.69,31.91
2009-05-24,2.08,2.08,11.4,11.4,14.47,33.94
2009-05-25,0.2,0.2,10.95,10.95,14.37,34.06
2009-05-26,1.46,1.46,3.74,3.74,15.58,35.51
2009-05-27,1.18,1.18,2.84,2.84,16.59,36.68
2009-05-28,0.29,0.29,2.93,2.93,14.53,36.97
2009-05-29,0.07,0.07,1.54,1.54,13.95,37.04
2009-05-30,0.17,0.17,0.53,0.53,5.45,37.2
2009-05-31,1.55,1.55,1.79,1.79,4.92,38.64
2009-06-01,0.02,0.02,1.74,1.74,4.74,38.44
2009-06-02,0.01,0.01,1.58,1.58,3.29,38.15
2009-06-03,0.0,0.0,0.03,0.03,2.11,37.17
2009-06-04,0.19,0.19,0.2,0.2,2.01,37.17
2009-06-05,0.05,0.05,0.24,0.24,1.99,37.18
2009-06-06,0.01,0.01,0.25,0.25,1.83,37.15
2009-06-07,0.0,0.0,0.06,0.06,0.28,36.82
2009-06-08,0.05,0.05,0.06,0.06,0.31,36.83
2009-06-09,0.0,0.0,0.05,0.05,0.3,36.81
2009-06-10,1.78,1.78,1.83,1.83,2.08,38.01
2009-06-11,1.51,1.51,3.29,3.29,3.4,38.56
2009-06-12,5.92,5.92,9.21,9.21,9.27,43.81
2009-06-13,0.83,0.83,8.26,8.26,10.09,43.64
2009-06-14,1.11,1.11,7.86,7.86,11.2,33.41
2009-06-15,0.51,0.51,2.45,2.45,11.66,31.68
2009-06-16,0.01,0.01,1.63,1.63,11.67,31.39
2009-06-17,0.02,0.02,0.54,0.54,9.91,31.11
2009-06-18,0.09,0.09,0.12,0.12,8.49,30.95
2009-06-19,0.13,0.13,0.24,0.24,2.7,30.91
2009-06-20,0.72,0.72,0.94,0.94,2.59,29.28
2009-06-21,0.29,0.29,1.14,1.14,1.77,28.92
2009-06-22,2.65,2.65,3.66,3.66,3.91,22.9
2009-06-23,0.22,0.22,3.16,3.16,4.12,21.04
2009-06-24,0.58,0.58,3.45,3.45,4.68,21.42
2009-06-25,2.16,2.16,2.96,2.96,6.75,22.12
2009-06-26,1.78,1.78,4.52,4.52,8.4,22.72
2009-06-27,3.37,3.37,7.31,7.31,11.05,25.8
2009-06-28,0.4,0.4,5.55,5.55,11.16,26.13
2009-06-29,0.24,0.24,4.01,4.01,8.75,26.2
2009-06-30,1.78,1.78,2.42,2.42,10.31,26.43
2009-07-01,0.51,0.51,2.53,2.53,10.24,26.92
2009-07-02,2.0,2.0,4.29,4.29,10.08,28.91
2009-07-03,1.62,1.62,4.13,4.13,9.92,30.53
2009-07-04,4.58,4.58,8.2,8.2,11.13,34.92
2009-07-05,0.05,0.05,6.25,6.25,10.78,34.92
2009-07-06,0.39,0.39,5.02,5.02,10.93,35.3
2009-07-07,0.07,0.07,0.51,0.51,9.22,35.37
2009-07-08,0.63,0.63,1.09,1.09,9.34,35.95
2009-07-09,0.11,0.11,0.81,0.81,7.45,36.06
2009-07-10,0.0,0.0,0.74,0.74,5.83,34.28
2009-07-11,0.0,0.0,0.11,0.11,1.25,32.77
2009-07-12,0.22,0.22,0.22,0.22,1.42,27.07
2009-07-13,0.01,0.01,0.23,0.23,1.04,26.25
2009-07-14,0.08,0.08,0.31,0.31,1.05,25.22
2009-07-15,1.63,1.63,1.72,1.72,2.05,26.34
2009-07-16,1.45,1.45,3.16,3.16,3.39,27.78
2009-07-17,0.19,0.19,3.27,3.27,3.58,27.95
2009-07-18,0.16,0.16,1.8,1.8,3.74,28.02
2009-07-19,2.09,2.09,2.44,2.44,5.61,29.98
2009-07-20,0.1,0.1,2.35,2.35,5.7,29.36
2009-07-21,0.02,0.02,2.21,2.21,5.64,29.09
2009-07-22,0.01,0.01,0.13,0.13,4.02,26.45
2009-07-23,0.0,0.0,0.03,0.03,2.57,26.23
2009-07-24,0.01,0.01,0.02,0.02,2.39,25.66
2009-07-25,0.56,0.56,0.57,0.57,2.79,24.06
2009-07-26,1.01,1.01,1.58,1.58,1.71,23.29
2009-07-27,7.17,7.17,8.74,8.74,8.78,27.09
2009-07-28,1.5,1.5,9.68,9.68,10.26,28.19
2009-07-29,9.84,9.84,18.51,18.51,20.09,37.79
2009-07-30,18.64,18.64,29.98,29.98,38.73,54.65
2009-07-31,17.49,17.49,45.97,45.97,56.21,71.63
2009-08-01,13.79,13.79,49.92,49.92,69.44,83.42
2009-08-02,2.42,2.42,33.7,33.7,70.85,84.22
2009-08-03,0.01,0.01,16.22,16.22,63.69,79.65
2009-08-04,8.33,8.33,10.76,10.76,70.52,87.93
2009-08-05,0.27,0.27,8.61,8.61,60.95,87.81
2009-08-06,0.42,0.42,9.02,9.02,42.73,88.16
2009-08-07,0.14,0.14,0.83,0.83,25.38,87.67
2009-08-08,1.64,1.64,2.2,2.2,13.23,89.2
2009-08-09,0.32,0.32,2.1,2.1,11.13,89.52
2009-08-10,1.22,1.22,3.18,3.18,12.34,90.74
2009-08-11,0.36,0.36,1.9,1.9,4.37,90.88
2009-08-12,0.14,0.14,1.72,1.72,4.24,91.01
2009-08-13,0.99,0.99,1.49,1.49,4.81,91.92
2009-08-14,17.66,17.66,18.79,18.79,22.33,107.95
2009-08-15,9.11,9.11,27.76,27.76,29.8,115.61
2009-08-16,6.04,6.04,32.81,32.81,35.52,121.46
2009-08-17,13.31,13.31,28.46,28.46,47.61,134.61
2009-08-18,3.8,3.8,23.15,23.15,51.05,136.32
2009-08-19,2.07,2.07,19.18,19.18,52.98,138.29
2009-08-20,1.5,1.5,7.37,7.37,53.49,139.77
2009-08-21,1.88,1.88,5.45,5.45,37.71,141.64
2009-08-22,3.48,3.48,6.86,6.86,32.08,145.12
2009-08-23,5.59,5.59,10.95,10.95,31.63,150.7
2009-08-24,3.91,3.91,12.98,12.98,22.23,154.05
2009-08-25,0.61,0.61,10.11,10.11,19.04,153.65
2009-08-26,8.22,8.22,12.74,12.74,25.19,154.7
2009-08-27,0.19,0.19,9.02,9.02,23.88,153.39
2009-08-28,0.11,0.11,8.52,8.52,22.11,143.66
2009-08-29,0.08,0.08,0.38,0.38,18.71,125.1
2009-08-30,12.41,12.41,12.6,12.6,25.53,120.02
2009-08-31,19.87,19.87,32.36,32.36,41.49,126.1
2009-09-01,18.73,18.73,51.01,51.01,59.61,142.41
2009-09-02,8.61,8.61,47.21,47.21,60.0,151.01
2009-09-03,11.33,11.33,38.67,38.67,71.14,154.01
2009-09-04,0.89,0.89,20.83,20.83,71.92,154.63
2009-09-05,0.61,0.61,12.83,12.83,72.45,154.82
2009-09-06,1.52,1.52,3.02,3.02,61.56,156.2
2009-09-07,0.48,0.48,2.61,2.61,42.17,155.04
2009-09-08,0.01,0.01,2.01,2.01,23.45,154.73
2009-09-09,0.0,0.0,0.49,0.49,14.84,153.51
2009-09-10,0.01,0.01,0.02,0.02,3.52,153.16
2009-09-11,0.19,0.19,0.2,0.2,2.82,153.21
2009-09-12,0.1,0.1,0.3,0.3,2.31,152.32
2009-09-13,9.22,9.22,9.51,9.51,10.01,143.88
2009-09-14,3.27,3.27,12.59,12.59,12.8,138.04
2009-09-15,24.83,24.83,37.32,37.32,37.62,156.83
2009-09-16,4.47,4.47,32.57,32.57,42.09,147.99
2009-09-17,5.56,5.56,34.86,34.86,47.64,149.75
2009-09-18,3.8,3.8,13.83,13.83,51.25,151.48
2009-09-19,16.65,16.65,26.01,26.01,67.8,166.63
2009-09-20,4.63,4.63,25.08,25.08,63.21,169.38
2009-09-21,2.5,2.5,23.78,23.78,62.44,168.4
2009-09-22,3.16,3.16,10.29,10.29,40.77,165.97
2009-09-23,23.94,23.94,29.6,29.6,60.24,186.0
2009-09-24,8.06,8.06,35.16,35.16,62.74,193.45
2009-09-25,3.2,3.2,35.2,35.2,62.14,188.43
2009-09-26,3.37,3.37,14.63,14.63,48.86,191.61
2009-09-27,17.66,17.66,24.23,24.23,61.89,209.16
2009-09-28,1.0,1.0,22.03,22.03,60.39,210.08
2009-09-29,4.32,4.32,22.98,22.98,61.55,201.99
2009-09-30,0.92,0.92,6.24,6.24,38.53,183.04
2009-10-01,0.44,0.44,5.68,5.68,30.91,164.75
2009-10-02,0.2,0.2,1.56,1.56,27.91,156.34
2009-10-03,0.01,0.01,0.65,0.65,24.55,145.02
2009-10-04,0.0,0.0,0.21,0.21,6.89,144.13
2009-10-05,0.0,0.0,0.01,0.01,5.89,143.52
2009-10-06,0.0,0.0,0.0,0.0,1.57,142.0
2009-10-07,0.0,0.0,0.0,0.0,0.65,141.52
2009-10-08,0.01,0.01,0.01,0.01,0.22,141.52
2009-10-09,0.12,0.12,0.13,0.13,0.14,141.64
2009-10-10,2.73,2.73,2.86,2.86,2.86,144.36
2009-10-11,0.37,0.37,3.22,3.22,3.23,144.54
2009-10-12,0.25,0.25,3.35,3.35,3.48,144.69
2009-10-13,0.04,0.04,0.66,0.66,3.52,135.51
2009-10-14,0.0,0.0,0.29,0.29,3.52,132.24
2009-10-15,0.0,0.0,0.04,0.04,3.51,107.41
2009-10-16,0.03,0.03,0.03,0.03,3.42,102.97
2009-10-17,0.06,0.06,0.09,0.09,0.75,97.47
2009-10-18,0.0,0.0,0.09,0.09,0.38,93.67
2009-10-19,0.07,0.07,0.13,0.13,0.2,77.09
2009-10-20,0.0,0.0,0.07,0.07,0.16,72.46
2009-10-21,0.0,0.0,0.07,0.07,0.16,69.96
2009-10-22,0.0,0.0,0.0,0.0,0.16,66.8
2009-10-23,0.0,0.0,0.0,0.0,0.13,42.86
2009-10-24,0.0,0.0,0.0,0.0,0.07,34.8
2009-10-25,0.0,0.0,0.0,0.0,0.07,31.6
2009-10-26,0.2,0.2,0.2,0.2,0.2,28.43
2009-10-27,4.38,4.38,4.58,4.58,4.58,15.15
2009-10-28,17.12,17.12,21.7,21.7,21.7,31.27
2009-10-29,8.91,8.91,30.41,30.41,30.61,35.86
2009-10-30,4.27,4.27,30.3,30.3,34.88,39.21
2009-10-31,2.12,2.12,15.3,15.3,37.0,40.89
2009-11-01,1.89,1.89,8.28,8.28,38.89,42.58
2009-11-02,8.12,8.12,12.13,12.13,46.81,50.69
2009-11-03,17.65,17.65,27.66,27.66,60.08,68.34
2009-11-04,48.08,48.08,73.85,73.85,91.04,116.42
2009-11-05,55.51,55.51,121.24,121.24,137.64,171.93
2009-11-06,49.27,49.27,152.86,152.86,182.64,221.2
2009-11-07,72.42,72.42,177.2,177.2,252.94,293.61
2009-11-08,55.45,55.45,177.14,177.14,306.5,348.94
2009-11-09,23.73,23.73,151.6,151.6,322.11,369.94
2009-11-10,15.68,15.68,94.86,94.86,320.14,385.25
2009-11-11,5.38,5.38,44.79,44.79,277.44,390.38
2009-11-12,0.8,0.8,21.86,21.86,222.73,391.14
2009-11-13,2.53,2.53,8.71,8.71,175.99,393.67
2009-11-14,31.0,31.0,34.33,34.33,134.57,424.67
2009-11-15,17.29,17.29,50.82,50.82,96.41,441.93
2009-11-16,11.39,11.39,59.68,59.68,84.07,453.26
2009-11-17,3.29,3.29,31.97,31.97,71.68,456.55
2009-11-18,17.28,17.28,31.96,31.96,83.58,473.76
2009-11-19,4.11,4.11,24.68,24.68,86.89,477.87
2009-11-20,1.3,1.3,22.69,22.69,85.66,479.17
2009-11-21,4.9,4.9,10.31,10.31,59.56,484.07
2009-11-22,2.43,2.43,8.63,8.63,44.7,486.5
2009-11-23,1.66,1.66,8.99,8.99,34.97,488.16
2009-11-24,0.67,0.67,4.76,4.76,32.35,488.83
2009-11-25,0.08,0.08,2.41,2.41,15.15,488.71
2009-11-26,0.0,0.0,0.75,0.75,11.04,484.33
2009-11-27,0.0,0.0,0.08,0.08,9.74,467.21
2009-11-28,0.28,0.28,0.28,0.28,5.12,458.58
2009-11-29,0.68,0.68,0.96,0.96,3.37,454.99
2009-11-30,0.73,0.73,1.69,1.69,2.44,453.6
2009-12-01,9.02,9.02,10.43,10.43,10.79,460.73
2009-12-02,17.38,17.38,27.13,27.13,28.09,469.99
2009-12-03,29.27,29.27,55.67,55.67,57.36,481.61
2009-12-04,5.81,5.81,52.46,52.46,63.17,439.34
2009-12-05,0.0,0.0,35.08,35.08,62.89,383.83
2009-12-06,0.53,0.53,6.34,6.34,62.74,335.09
2009-12-07,0.09,0.09,0.62,0.62,62.1,262.76
2009-12-08,0.08,0.08,0.7,0.7,53.16,207.39
2009-12-09,0.09,0.09,0.26,0.26,35.87,183.75
2009-12-10,0.03,0.03,0.2,0.2,6.63,168.1
2009-12-11,0.08,0.08,0.2,0.2,0.9,162.8
2009-12-12,15.24,15.24,15.35,15.35,16.14,177.24
2009-12-13,6.08,6.08,21.4,21.4,21.69,180.79
2009-12-14,3.74,3.74,25.06,25.06,25.34,153.53
2009-12-15,25.54,25.54,35.36,35.36,50.8,161.78
2009-12-16,14.41,14.41,43.69,43.69,65.12,164.8
2009-12-17,7.62,7.62,47.57,47.57,72.71,169.13
2009-12-18,1.68,1.68,23.71,23.71,74.31,153.53
2009-12-19,0.74,0.74,10.04,10.04,59.81,150.16
2009-12-20,11.67,11.67,14.09,14.09,65.4,160.53
2009-12-21,8.99,8.99,21.4,21.4,70.65,164.62
2009-12-22,1.91,1.91,22.57,22.57,47.02,164.1
2009-12-23,0.05,0.05,10.95,10.95,32.66,162.49
2009-12-24,0.0,0.0,1.96,1.96,25.04,161.82
2009-12-25,0.02,0.02,0.07,0.07,23.38,161.76
2009-12-26,0.0,0.0,0.02,0.02,22.64,161.76
2009-12-27,0.01,0.01,0.03,0.03,10.98,161.77
2009-12-28,0.0,0.0,0.01,0.01,1.99,161.49
2009-12-29,0.0,0.0,0.01,0.01,0.08,160.81
2009-12-30,0.02,0.02,0.02,0.02,0.05,160.1
2009-12-31,0.02,0.02,0.04,0.04,0.07,151.1
2010-01-01,0.0,0.0,0.04,0.04,0.05,133.72
2010-01-02,0.01,0.01,0.03,0.03,0.06,104.46
2010-01-03,0.01,0.01,0.02,0.02,0.06,98.66
2010-01-04,0.0,0.0,0.02,0.02,0.06,98.66
2010-01-05,0.0,0.0,0.01,0.01,0.06,98.13
2010-01-06,0.01,0.01,0.01,0.01,0.05,98.05
2010-01-07,0.12,0.12,0.13,0.13,0.15,98.09
2010-01-08,3.18,3.18,3.31,3.31,3.33,101.18
2010-01-09,1.69,1.69,4.99,4.99,5.01,102.84
2010-01-10,11.31,11.31,16.18,16.18,16.31,114.07
2010-01-11,0.74,0.74,13.74,13.74,17.05,99.57
2010-01-12,0.08,0.08,12.13,12.13,17.13,93.57
2010-01-13,0.07,0.07,0.89,0.89,17.19,89.9
2010-01-14,0.01,0.01,0.16,0.16,17.08,64.37
2010-01-15,0.0,0.0,0.08,0.08,13.9,49.96
2010-01-16,0.08,0.08,0.09,0.09,12.29,42.42
2010-01-17,0.36,0.36,0.44,0.44,1.34,41.1
2010-01-18,0.19,0.19,0.63,0.63,0.79,40.55
2010-01-19,0.0,0.0,0.55,0.55,0.71,28.88
2010-01-20,0.0,0.0,0.19,0.19,0.64,19.89
2010-01-21,0.0,0.0,0.0,0.0,0.63,17.98
2010-01-22,0.0,0.0,0.0,0.0,0.63,17.93
2010-01-23,0.05,0.05,0.05,0.05,0.6,17.98
2010-01-24,0.1,0.1,0.15,0.15,0.34,18.06
2010-01-25,0.02,0.02,0.17,0.17,0.17,18.08
2010-01-26,0.27,0.27,0.39,0.39,0.44,18.34
2010-01-27,0.72,0.72,1.01,1.01,1.16,19.06
2010-01-28,0.0,0.0,0.99,0.99,1.16,19.06
2010-01-29,0.0,0.0,0.72,0.72,1.16,19.04
2010-01-30,0.0,0.0,0.0,0.0,1.11,19.02
2010-01-31,0.0,0.0,0.0,0.0,1.01,19.02
2010-02-01,0.0,0.0,0.0,0.0,0.99,19.01
2010-02-02,0.0,0.0,0.0,0.0,0.72,19.0
2010-02-03,0.0,0.0,0.0,0.0,0.0,19.0
2010-02-04,0.0,0.0,0.0,0.0,0.0,19.0
2010-02-05,0.0,0.0,0.0,0.0,0.0,18.99
2010-02-06,0.0,0.0,0.0,0.0,0.0,18.87
2010-02-07,0.0,0.0,0.0,0.0,0.0,15.69
2010-02-08,0.0,0.0,0.0,0.0,0.0,14.0
2010-02-09,0.0,0.0,0.0,0.0,0.0,2.69
2010-02-10,0.0,0.0,0.0,0.0,0.0,1.95
2010-02-11,0.01,0.01,0.01,0.01,0.01,1.88
2010-02-12,0.02,0.02,0.03,0.03,0.03,1.83
2010-02-13,0.02,0.02,0.05,0.05,0.05,1.84
2010-02-14,0.0,0.0,0.04,0.04,0.05,1.84
2010-02-15,0.0,0.0,0.02,0.02,0.05,1.76
2010-02-16,0.0,0.0,0.0,0.0,0.05,1.4
2010-02-17,0.0,0.0,0.0,0.0,0.05,1.21
2010-02-18,0.0,0.0,0.0,0.0,0.04,1.21
2010-02-19,0.0,0.0,0.0,0.0,0.02,1.21
2010-02-20,0.0,0.0,0.0,0.0,0.0,1.21
2010-02-21,0.0,0.0,0.0,0.0,0.0,1.21
2010-02-22,0.0,0.0,0.0,0.0,0.0,1.16
2010-02-23,0.0,0.0,0.0,0.0,0.0,1.06
2010-02-24,0.0,0.0,0.0,0.0,0.0,1.04
2010-02-25,0.0,0.0,0.0,0.0,0.0,0.77
2010-02-26,0.0,0.0,0.0,0.0,0.0,0.05
2010-02-27,0.0,0.0,0.0,0.0,0.0,0.05
2010-02-28,0.0,0.0,0.0,0.0,0.0,0.05
2010-03-01,0.0,0.0,0.0,0.0,0.0,0.05
2010-03-02,0.0,0.0,0.0,0.0,0.0,0.05
2010-03-03,0.0,0.0,0.0,0.0,0.0,0.05
2010-03-04,0.0,0.0,0.0,0.0,0.0,0.05
2010-03-05,0.0,0.0,0.0,0.0,0.0,0.05
2010-03-06,0.0,0.0,0.0,0.0,0.0,0.05
2010-03-07,0.0,0.0,0.0,0.0,0.0,0.05
2010-03-08,0.0,0.0,0.0,0.0,0.0,0.05
2010-03-09,0.0,0.0,0.0,0.0,0.0,0.05
2010-03-10,0.0,0.0,0.0,0.0,0.0,0.05
2010-03-11,0.01,0.01,0.01,0.01,0.01,0.06
2010-03-12,0.0,0.0,0.01,0.01,0.01,0.06
2010-03-13,0.0,0.0,0.01,0.01,0.01,0.05
2010-03-14,0.0,0.0,0.0,0.0,0.01,0.03
2010-03-15,0.0,0.0,0.0,0.0,0.01,0.01
2010-03-16,0.0,0.0,0.0,0.0,0.01,0.01
2010-03-17,0.0,0.0,0.0,0.0,0.01,0.01
2010-03-18,0.0,0.0,0.0,0.0,0.0,0.01
2010-03-19,0.0,0.0,0.0,0.0,0.0,0.01
2010-03-20,0.0,0.0,0.0,0.0,0.0,0.01
2010-03-21,0.0,0.0,0.0,0.0,0.0,0.01
2010-03-22,0.0,0.0,0.0,0.0,0.0,0.01
2010-03-23,0.0,0.0,0.0,0.0,0.0,0.01
2010-03-24,0.0,0.0,0.0,0.0,0.0,0.01
2010-03-25,0.0,0.0,0.0,0.0,0.0,0.01
2010-03-26,0.0,0.0,0.0,0.0,0.0,0.01
2010-03-27,0.02,0.02,0.02,0.02,0.02,0.03
2010-03-28,0.02,0.02,0.04,0.04,0.04,0.05
2010-03-29,0.02,0.02,0.06,0.06,0.06,0.07
2010-03-30,0.03,0.03,0.07,0.07,0.09,0.1
2010-03-31,0.04,0.04,0.09,0.09,0.13,0.14
2010-04-01,0.04,0.04,0.11,0.11,0.17,0.18
2010-04-02,0.03,0.03,0.11,0.11,0.2,0.21
2010-04-03,0.0,0.0,0.07,0.07,0.18,0.21
2010-04-04,0.0,0.0,0.03,0.03,0.16,0.21
2010-04-05,0.0,0.0,0.0,0.0,0.14,0.21
2010-04-06,0.01,0.01,0.01,0.01,0.12,0.22
2010-04-07,0.0,0.0,0.01,0.01,0.08,0.22
2010-04-08,0.04,0.04,0.05,0.05,0.08,0.26
2010-04-09,0.0,0.0,0.04,0.04,0.05,0.26
2010-04-10,0.0,0.0,0.04,0.04,0.05,0.25
2010-04-11,0.0,0.0,0.0,0.0,0.05,0.25
2010-04-12,0.01,0.01,0.01,0.01,0.06,0.26
2010-04-13,0.01,0.01,0.02,0.02,0.06,0.27
2010-04-14,0.01,0.01,0.03,0.03,0.07,0.28
2010-04-15,0.02,0.02,0.04,0.04,0.05,0.3
2010-04-16,0.01,0.01,0.04,0.04,0.06,0.31
2010-04-17,0.07,0.07,0.1,0.1,0.13,0.38
2010-04-18,0.03,0.03,0.11,0.11,0.16,0.41
2010-04-19,0.04,0.04,0.14,0.14,0.19,0.45
2010-04-20,0.68,0.68,0.75,0.75,0.86,1.13
2010-04-21,0.91,0.91,1.63,1.63,1.76,2.04
2010-04-22,0.06,0.06,1.65,1.65,1.8,2.1
2010-04-23,0.06,0.06,1.03,1.03,1.85,2.16
2010-04-24,0.07,0.07,0.19,0.19,1.85,2.23
2010-04-25,0.07,0.07,0.2,0.2,1.89,2.3
2010-04-26,0.21,0.21,0.35,0.35,2.06,2.49
2010-04-27,0.27,0.27,0.55,0.55,1.65,2.74
2010-04-28,0.14,0.14,0.62,0.62,0.88,2.86
2010-04-29,0.19,0.19,0.6,0.6,1.01,3.02
2010-04-30,5.3,5.3,5.63,5.63,6.25,8.28
2010-05-01,2.34,2.34,7.83,7.83,8.52,10.58
2010-05-02,0.26,0.26,7.9,7.9,8.71,10.81
2010-05-03,0.18,0.18,2.78,2.78,8.68,10.99
2010-05-04,0.63,0.63,1.07,1.07,9.04,11.62
2010-05-05,0.29,0.29,1.1,1.1,9.19,11.91
2010-05-06,0.07,0.07,0.99,0.99,9.07,11.97
2010-05-07,0.07,0.07,0.43,0.43,3.84,12.04
2010-05-08,0.03,0.03,0.17,0.17,1.53,12.03
2010-05-09,0.03,0.03,0.13,0.13,1.3,12.06
2010-05-10,0.03,0.03,0.09,0.09,1.15,12.09
2010-05-11,0.01,0.01,0.07,0.07,0.53,12.1
2010-05-12,0.0,0.0,0.04,0.04,0.24,12.09
2010-05-13,0.0,0.0,0.01,0.01,0.17,12.08
2010-05-14,0.0,0.0,0.0,0.0,0.1,12.07
2010-05-15,0.03,0.03,0.03,0.03,0.1,12.08
2010-05-16,1.53,1.53,1.56,1.56,1.6,13.6
2010-05-17,1.83,1.83,3.39,3.39,3.4,15.36
2010-05-18,10.03,10.03,13.39,13.39,13.42,25.36
2010-05-19,80.79,80.79,92.65,92.65,94.21,106.11
2010-05-20,17.2,17.2,108.02,108.02,111.41,122.63
2010-05-21,1.15,1.15,99.14,99.14,112.56,122.87
2010-05-22,3.32,3.32,21.67,21.67,115.85,126.13
2010-05-23,5.88,5.88,10.35,10.35,120.2,131.95
2010-05-24,0.16,0.16,9.36,9.36,118.53,132.04
2010-05-25,0.27,0.27,6.31,6.31,108.77,132.24
2010-05-26,0.0,0.0,0.43,0.43,27.98,132.03
2010-05-27,0.0,0.0,0.27,0.27,10.78,131.76
2010-05-28,0.52,0.52,0.52,0.52,10.15,132.14
2010-05-29,1.74,1.74,2.26,2.26,8.57,133.69
2010-05-30,0.16,0.16,2.42,2.42,2.85,128.55
2010-05-31,0.19,0.19,2.09,2.09,2.88,126.4
2010-06-01,0.05,0.05,0.4,0.4,2.66,126.19
2010-06-02,0.13,0.13,0.37,0.37,2.79,126.14
2010-06-03,0.27,0.27,0.45,0.45,3.06,125.78
2010-06-04,3.91,3.91,4.31,4.31,6.45,129.4
2010-06-05,6.69,6.69,10.87,10.87,11.4,136.02
2010-06-06,7.6,7.6,18.2,18.2,18.84,143.55
2010-06-07,0.77,0.77,15.06,15.06,19.42,144.29
2010-06-08,1.24,1.24,9.61,9.61,20.61,145.5
2010-06-09,5.51,5.51,7.52,7.52,25.99,150.98
2010-06-10,12.05,12.05,18.8,18.8,37.77,163.02
2010-06-11,11.86,11.86,29.42,29.42,45.72,174.88
2010-06-12,8.0,8.0,31.91,31.91,47.03,182.88
2010-06-13,1.65,1.65,21.51,21.51,41.08,184.53
2010-06-14,0.27,0.27,9.92,9.92,40.58,184.77
2010-06-15,2.01,2.01,3.93,3.93,41.35,185.25
2010-06-16,0.41,0.41,2.69,2.69,36.25,183.83
2010-06-17,2.0,2.0,4.42,4.42,26.2,175.8
2010-06-18,0.6,0.6,3.01,3.01,14.94,95.61
2010-06-19,3.68,3.68,6.28,6.28,10.62,82.09
2010-06-20,0.69,0.69,4.97,4.97,9.66,81.63
2010-06-21,5.71,5.71,10.08,10.08,15.1,84.02
2010-06-22,2.19,2.19,8.59,8.59,15.28,80.33
2010-06-23,4.44,4.44,12.34,12.34,19.31,84.61
2010-06-24,3.96,3.96,10.59,10.59,21.27,88.3
2010-06-25,2.53,2.53,10.93,10.93,23.2,90.83
2010-06-26,10.93,10.93,17.42,17.42,30.45,101.76
2010-06-27,5.94,5.94,19.4,19.4,35.7,107.18
2010-06-28,0.83,0.83,17.7,17.7,30.82,106.27
2010-06-29,1.24,1.24,8.01,8.01,29.87,107.35
2010-06-30,1.62,1.62,3.69,3.69,27.05,108.78
2010-07-01,0.66,0.66,3.52,3.52,23.75,109.39
2010-07-02,0.1,0.1,2.38,2.38,21.32,109.36
2010-07-03,0.02,0.02,0.78,0.78,10.41,109.11
2010-07-04,0.07,0.07,0.19,0.19,4.54,105.27
2010-07-05,6.62,6.62,6.71,6.71,10.33,105.2
2010-07-06,2.52,2.52,9.21,9.21,11.61,100.12
2010-07-07,3.06,3.06,12.2,12.2,13.05,102.41
2010-07-08,5.32,5.32,10.9,10.9,17.71,106.49
2010-07-09,3.57,3.57,11.95,11.95,21.18,104.55
2010-07-10,8.13,8.13,17.02,17.02,29.29,100.63
2010-07-11,0.77,0.77,12.47,12.47,29.99,89.54
2010-07-12,17.78,17.78,26.68,26.68,41.15,99.32
2010-07-13,3.6,3.6,22.15,22.15,42.23,101.27
2010-07-14,0.84,0.84,22.22,22.22,40.01,101.84
2010-07-15,0.54,0.54,4.98,4.98,35.23,100.37
2010-07-16,16.08,16.08,17.46,17.46,47.74,116.04
2010-07-17,4.79,4.79,21.41,21.41,44.4,118.83
2010-07-18,5.76,5.76,26.63,26.63,49.39,123.99
2010-07-19,2.48,2.48,13.03,13.03,34.09,122.79
2010-07-20,6.68,6.68,14.92,14.92,37.17,128.78
2010-07-21,1.63,1.63,10.79,10.79,37.96,124.7
2010-07-22,0.56,0.56,8.87,8.87,37.98,123.07
2010-07-23,0.16,0.16,2.35,2.35,22.06,118.79
2010-07-24,0.1,0.1,0.82,0.82,17.37,114.93
2010-07-25,1.01,1.01,1.27,1.27,12.62,113.41
2010-07-26,1.14,1.14,2.25,2.25,11.28,103.62
2010-07-27,5.36,5.36,7.51,7.51,9.96,103.04
2010-07-28,3.89,3.89,10.39,10.39,12.22,106.1
2010-07-29,13.2,13.2,22.45,22.45,24.86,118.06
2010-07-30,0.96,0.96,18.05,18.05,25.66,117.4
2010-07-31,1.0,1.0,15.16,15.16,26.56,117.74
2010-08-01,0.3,0.3,2.26,2.26,25.85,117.94
2010-08-02,0.46,0.46,1.76,1.76,25.17,118.38
2010-08-03,0.73,0.73,1.49,1.49,20.54,119.04
2010-08-04,0.65,0.65,1.84,1.84,17.3,113.07
2010-08-05,0.33,0.33,1.71,1.71,4.43,110.88
2010-08-06,0.56,0.56,1.54,1.54,4.03,108.38
2010-08-07,2.32,2.32,3.21,3.21,5.35,105.38
2010-08-08,4.96,4.96,7.84,7.84,10.01,106.77
2010-08-09,0.33,0.33,7.61,7.61,9.88,98.97
2010-08-10,0.16,0.16,5.45,5.45,9.31,98.36
2010-08-11,0.47,0.47,0.96,0.96,9.13,81.05
2010-08-12,4.31,4.31,4.94,4.94,13.11,81.76
2010-08-13,5.51,5.51,10.29,10.29,18.06,86.43
2010-08-14,3.2,3.2,13.02,13.02,18.94,89.09
2010-08-15,4.53,4.53,13.24,13.24,18.51,77.54
2010-08-16,4.84,4.84,12.57,12.57,23.02,77.59
2010-08-17,10.35,10.35,19.72,19.72,33.21,82.18
2010-08-18,5.04,5.04,20.23,20.23,37.78,84.74
2010-08-19,2.46,2.46,17.85,17.85,35.93,80.52
2010-08-20,14.55,14.55,22.05,22.05,44.97,93.44
2010-08-21,23.23,23.23,40.24,40.24,65.0,116.11
2010-08-22,23.47,23.47,61.25,61.25,83.94,139.42
2010-08-23,13.11,13.11,59.81,59.81,92.21,152.43
2010-08-24,12.71,12.71,49.29,49.29,94.57,164.13
2010-08-25,9.02,9.02,34.84,34.84,98.55,172.01
2010-08-26,2.83,2.83,24.56,24.56,98.92,169.48
2010-08-27,0.92,0.92,12.77,12.77,85.29,166.51
2010-08-28,3.35,3.35,7.1,7.1,65.41,156.66
2010-08-29,2.87,2.87,7.14,7.14,44.81,158.57
2010-08-30,6.9,6.9,13.12,13.12,38.6,164.47
2010-08-31,2.78,2.78,12.55,12.55,28.67,166.95
2010-09-01,0.08,0.08,9.76,9.76,19.73,166.57
2010-09-02,1.79,1.79,4.65,4.65,18.69,167.63
2010-09-03,2.55,2.55,4.42,4.42,20.32,169.53
2010-09-04,7.41,7.41,11.75,11.75,24.38,176.61
2010-09-05,1.43,1.43,11.39,11.39,22.94,177.48
2010-09-06,1.15,1.15,9.99,9.99,17.19,176.31
2010-09-07,0.75,0.75,3.33,3.33,15.16,172.1
2010-09-08,1.14,1.14,3.04,3.04,16.22,172.91
2010-09-09,3.99,3.99,5.88,5.88,18.42,176.74
2010-09-10,18.8,18.8,23.93,23.93,34.67,195.07
2010-09-11,15.77,15.77,38.56,38.56,43.03,206.53
2010-09-12,13.18,13.18,47.75,47.75,54.78,214.2
2010-09-13,24.08,24.08,53.03,53.03,77.71,235.08
2010-09-14,3.58,3.58,40.84,40.84,80.54,234.13
2010-09-15,2.44,2.44,30.1,30.1,81.84,231.73
2010-09-16,1.3,1.3,7.32,7.32,79.15,222.68
2010-09-17,0.7,0.7,4.44,4.44,61.05,218.34
2010-09-18,0.56,0.56,2.56,2.56,45.84,216.44
2010-09-19,0.37,0.37,1.63,1.63,33.03,202.26
2010-09-20,0.84,0.84,1.77,1.77,9.79,179.87
2010-09-21,0.64,0.64,1.85,1.85,6.85,157.04
2010-09-22,0.25,0.25,1.73,1.73,4.66,144.18
2010-09-23,0.69,0.69,1.58,1.58,4.05,132.16
2010-09-24,3.97,3.97,4.91,4.91,7.32,127.11
2010-09-25,2.76,2.76,7.42,7.42,9.52,127.04
2010-09-26,10.35,10.35,17.08,17.08,19.5,136.47
2010-09-27,4.84,4.84,17.95,17.95,23.5,137.96
2010-09-28,1.34,1.34,16.53,16.53,24.2,136.43
2010-09-29,4.39,4.39,10.57,10.57,28.34,133.92
2010-09-30,1.55,1.55,7.28,7.28,29.2,132.69
2010-10-01,1.66,1.66,7.6,7.6,26.89,134.27
2010-10-02,9.9,9.9,13.11,13.11,34.03,142.38
2010-10-03,2.62,2.62,14.18,14.18,26.3,142.45
2010-10-04,0.34,0.34,12.86,12.86,21.8,135.38
2010-10-05,2.07,2.07,5.03,5.03,22.53,136.02
2010-10-06,9.29,9.29,11.7,11.7,27.43,144.16
2010-10-07,1.73,1.73,13.09,13.09,27.61,145.14
2010-10-08,0.08,0.08,11.1,11.1,26.03,144.08
2010-10-09,0.19,0.19,2.0,2.0,16.32,140.28
2010-10-10,0.14,0.14,0.41,0.41,13.84,121.62
2010-10-11,0.86,0.86,1.19,1.19,14.36,106.71
2010-10-12,0.17,0.17,1.17,1.17,12.46,93.7
2010-10-13,0.75,0.75,1.78,1.78,3.92,70.37
2010-10-14,0.0,0.0,0.92,0.92,2.19,66.79
2010-10-15,0.41,0.41,1.16,1.16,2.52,64.76
2010-10-16,1.55,1.55,1.96,1.96,3.88,65.01
2010-10-17,0.17,0.17,2.13,2.13,3.91,64.48
2010-10-18,0.07,0.07,1.79,1.79,3.12,63.99
2010-10-19,16.48,16.48,16.72,16.72,19.43,80.1
2010-10-20,8.02,8.02,24.57,24.57,26.7,87.28
2010-10-21,7.14,7.14,31.64,31.64,33.84,93.78
2010-10-22,4.73,4.73,19.89,19.89,38.16,98.26
2010-10-23,1.89,1.89,13.76,13.76,38.5,99.46
2010-10-24,1.82,1.82,8.44,8.44,40.15,97.31
2010-10-25,6.98,6.98,10.69,10.69,47.06,101.53
2010-10-26,5.72,5.72,14.52,14.52,36.3,96.9
2010-10-27,5.9,5.9,18.6,18.6,34.18,97.96
2010-10-28,15.72,15.72,27.34,27.34,42.76,112.34
2010-10-29,27.05,27.05,48.67,48.67,65.08,135.0
2010-10-30,33.25,33.25,76.02,76.02,96.44,166.7
2010-10-31,11.07,11.07,71.37,71.37,105.69,176.11
2010-11-01,20.14,20.14,64.46,64.46,118.85,186.35
2010-11-02,8.68,8.68,39.89,39.89,121.81,192.41
2010-11-03,6.12,6.12,34.94,34.94,122.03,198.19
2010-11-04,3.66,3.66,18.46,18.46,109.97,199.78
2010-11-05,4.56,4.56,14.34,14.34,87.48,195.05
2010-11-06,10.15,10.15,18.37,18.37,64.38,203.47
2010-11-07,62.28,62.28,76.99,76.99,115.59,265.67
2010-11-08,5.72,5.72,78.15,78.15,101.17,271.2
2010-11-09,7.67,7.67,75.67,75.67,100.16,278.73
2010-11-10,6.15,6.15,19.54,19.54,100.19,284.02
2010-11-11,6.9,6.9,20.72,20.72,103.43,290.75
2010-11-12,0.79,0.79,13.84,13.84,99.66,290.79
2010-11-13,0.18,0.18,7.87,7.87,89.69,290.97
2010-11-14,0.72,0.72,1.69,1.69,28.13,291.28
2010-11-15,14.53,14.53,15.43,15.43,36.94,304.26
2010-11-16,34.6,34.6,49.85,49.85,63.87,338.69
2010-11-17,19.62,19.62,68.75,68.75,77.34,358.24
2010-11-18,16.62,16.62,70.84,70.84,87.06,358.38
2010-11-19,7.72,7.72,43.96,43.96,93.99,358.08
2010-11-20,10.03,10.03,34.37,34.37,103.84,360.97
2010-11-21,11.19,11.19,28.94,28.94,114.31,367.43
2010-11-22,7.22,7.22,28.44,28.44,107.0,372.76
2010-11-23,5.37,5.37,23.78,23.78,77.77,376.31
2010-11-24,0.58,0.58,13.17,13.17,58.73,369.91
2010-11-25,2.31,2.31,8.26,8.26,44.42,366.5
2010-11-26,27.34,27.34,30.23,30.23,64.04,387.94
2010-11-27,4.35,4.35,34.0,34.0,58.36,376.57
2010-11-28,1.71,1.71,33.4,33.4,48.88,351.23
2010-11-29,0.47,0.47,6.53,6.53,42.13,318.45
2010-11-30,10.61,10.61,12.79,12.79,47.37,317.99
2010-12-01,38.65,38.65,49.73,49.73,85.44,336.5
2010-12-02,10.9,10.9,60.16,60.16,94.03,338.72
2010-12-03,5.27,5.27,54.82,54.82,71.96,337.87
2010-12-04,9.26,9.26,25.43,25.43,76.87,343.47
2010-12-05,32.83,32.83,47.36,47.36,107.99,371.74
2010-12-06,26.97,26.97,69.06,69.06,134.49,388.56
2010-12-07,16.99,16.99,76.79,76.79,140.87,343.27
2010-12-08,1.39,1.39,45.35,45.35,103.61,338.94
2010-12-09,0.75,0.75,19.13,19.13,93.46,332.02
2010-12-10,2.51,2.51,4.65,4.65,90.7,328.38
2010-12-11,2.24,2.24,5.5,5.5,83.68,323.72
2010-12-12,2.0,2.0,6.75,6.75,52.85,324.93
2010-12-13,1.81,1.81,6.05,6.05,27.69,326.56
2010-12-14,3.35,3.35,7.16,7.16,14.05,329.19
2010-12-15,9.25,9.25,14.41,14.41,21.91,323.91
2010-12-16,8.53,8.53,21.13,21.13,29.69,297.84
2010-12-17,1.55,1.55,19.33,19.33,28.73,279.77
2010-12-18,0.01,0.01,10.09,10.09,26.5,263.16
2010-12-19,2.74,2.74,4.3,4.3,27.24,258.18
2010-12-20,4.02,4.02,6.77,6.77,29.45,252.17
2010-12-21,0.08,0.08,6.84,6.84,26.18,241.06
2010-12-22,0.0,0.0,4.1,4.1,16.93,233.84
2010-12-23,0.0,0.0,0.08,0.08,8.4,228.47
2010-12-24,0.0,0.0,0.0,0.0,6.85,227.89
2010-12-25,0.06,0.06,0.06,0.06,6.9,225.64
2010-12-26,0.02,0.02,0.08,0.08,4.18,198.32
2010-12-27,0.11,0.11,0.19,0.19,0.27,194.08
2010-12-28,1.29,1.29,1.42,1.42,1.48,193.66
2010-12-29,0.11,0.11,1.51,1.51,1.59,193.3
2010-12-30,0.08,0.08,1.48,1.48,1.67,182.77
2010-12-31,0.1,0.1,0.29,0.29,1.77,144.22
2011-01-01,0.58,0.58,0.76,0.76,2.29,133.9
2011-01-02,6.78,6.78,7.46,7.46,9.05,135.41
2011-01-03,0.16,0.16,7.52,7.52,9.1,126.31
2011-01-04,10.53,10.53,17.47,17.47,18.34,104.01
2011-01-05,0.69,0.69,11.38,11.38,18.92,77.73
2011-01-06,0.02,0.02,11.24,11.24,18.86,60.76
2011-01-07,0.14,0.14,0.85,0.85,18.9,59.51
2011-01-08,0.05,0.05,0.21,0.21,18.37,58.81
2011-01-09,0.03,0.03,0.22,0.22,11.62,56.33
2011-01-10,0.07,0.07,0.15,0.15,11.53,54.16
2011-01-11,0.0,0.0,0.1,0.1,1.0,52.16
2011-01-12,0.0,0.0,0.07,0.07,0.31,50.35
2011-01-13,0.01,0.01,0.01,0.01,0.3,47.01
2011-01-14,0.0,0.0,0.01,0.01,0.16,37.76
2011-01-15,0.03,0.03,0.04,0.04,0.14,29.26
2011-01-16,0.0,0.0,0.03,0.03,0.11,27.71
2011-01-17,0.0,0.0,0.03,0.03,0.04,27.7
2011-01-18,0.0,0.0,0.0,0.0,0.04,24.96
2011-01-19,0.0,0.0,0.0,0.0,0.04,20.94
2011-01-20,0.0,0.0,0.0,0.0,0.03,20.86
2011-01-21,0.0,0.0,0.0,0.0,0.03,20.86
2011-01-22,0.0,0.0,0.0,0.0,0.0,20.86
2011-01-23,0.0,0.0,0.0,0.0,0.0,20.86
2011-01-24,0.0,0.0,0.0,0.0,0.0,20.8
2011-01-25,0.0,0.0,0.0,0.0,0.0,20.78
2011-01-26,0.01,0.01,0.01,0.01,0.01,20.68
2011-01-27,0.01,0.01,0.02,0.02,0.02,19.4
2011-01-28,0.01,0.01,0.03,0.03,0.03,19.3
2011-01-29,0.0,0.0,0.02,0.02,0.03,19.22
2011-01-30,0.0,0.0,0.01,0.01,0.03,19.12
2011-01-31,0.0,0.0,0.0,0.0,0.03,18.54
2011-02-01,0.0,0.0,0.0,0.0,0.03,11.76
2011-02-02,0.0,0.0,0.0,0.0,0.02,11.6
2011-02-03,0.0,0.0,0.0,0.0,0.01,1.07
2011-02-04,0.0,0.0,0.0,0.0,0.0,0.38
2011-02-05,0.0,0.0,0.0,0.0,0.0,0.36
2011-02-06,0.0,0.0,0.0,0.0,0.0,0.22
2011-02-07,0.0,0.0,0.0,0.0,0.0,0.17
2011-02-08,0.0,0.0,0.0,0.0,0.0,0.14
2011-02-09,0.0,0.0,0.0,0.0,0.0,0.07
2011-02-10,0.0,0.0,0.0,0.0,0.0,0.07
2011-02-11,0.0,0.0,0.0,0.0,0.0,0.07
2011-02-12,0.0,0.0,0.0,0.0,0.0,0.06
2011-02-13,0.0,0.0,0.0,0.0,0.0,0.06
2011-02-14,0.0,0.0,0.0,0.0,0.0,0.03
2011-02-15,0.0,0.0,0.0,0.0,0.0,0.03
2011-02-16,0.0,0.0,0.0,0.0,0.0,0.03
2011-02-17,0.0,0.0,0.0,0.0,0.0,0.03
2011-02-18,0.0,0.0,0.0,0.0,0.0,0.03
2011-02-19,0.0,0.0,0.0,0.0,0.0,0.03
2011-02-20,0.32,0.32,0.32,0.32,0.32,0.35
2011-02-21,14.49,14.49,14.81,14.81,14.81,14.84
2011-02-22,4.97,4.97,19.78,19.78,19.78,19.81
2011-02-23,0.77,0.77,20.23,20.23,20.55,20.58
2011-02-24,0.1,0.1,5.84,5.84,20.65,20.68
2011-02-25,0.0,0.0,0.87,0.87,20.65,20.67
2011-02-26,0.0,0.0,0.1,0.1,20.65,20.66
2011-02-27,0.01,0.01,0.01,0.01,20.34,20.66
2011-02-28,0.02,0.02,0.03,0.03,5.87,20.68
2011-03-01,0.0,0.0,0.03,0.03,0.9,20.68
2011-03-02,0.0,0.0,0.02,0.02,0.13,20.68
2011-03-03,0.0,0.0,0.0,0.0,0.03,20.68
2011-03-04,0.0,0.0,0.0,0.0,0.03,20.68
2011-03-05,0.0,0.0,0.0,0.0,0.03,20.68
2011-03-06,0.0,0.0,0.0,0.0,0.02,20.68
2011-03-07,0.0,0.0,0.0,0.0,0.0,20.68
2011-03-08,0.0,0.0,0.0,0.0,0.0,20.68
2011-03-09,0.0,0.0,0.0,0.0,0.0,20.68
2011-03-10,0.0,0.0,0.0,0.0,0.0,20.68
2011-03-11,0.0,0.0,0.0,0.0,0.0,20.68
2011-03-12,0.02,0.02,0.02,0.02,0.02,20.7
2011-03-13,0.01,0.01,0.03,0.03,0.03,20.71
2011-03-14,0.0,0.0,0.03,0.03,0.03,20.71
2011-03-15,0.0,0.0,0.01,0.01,0.03,20.71
2011-03-16,0.0,0.0,0.0,0.0,0.03,20.71
2011-03-17,0.0,0.0,0.0,0.0,0.03,20.71
2011-03-18,0.0,0.0,0.0,0.0,0.03,20.71
2011-03-19,0.0,0.0,0.0,0.0,0.01,20.71
2011-03-20,0.0,0.0,0.0,0.0,0.0,20.71
2011-03-21,0.01,0.01,0.01,0.01,0.01,20.72
2011-03-22,0.0,0.0,0.01,0.01,0.01,20.4
2011-03-23,0.0,0.0,0.01,0.01,0.01,5.91
2011-03-24,0.0,0.0,0.0,0.0,0.01,0.94
2011-03-25,0.0,0.0,0.0,0.0,0.01,0.17
2011-03-26,0.02,0.02,0.02,0.02,0.03,0.09
2011-03-27,0.01,0.01,0.03,0.03,0.04,0.1
2011-03-28,0.01,0.01,0.04,0.04,0.04,0.11
2011-03-29,0.0,0.0,0.02,0.02,0.04,0.1
2011-03-30,0.0,0.0,0.01,0.01,0.04,0.08
2011-03-31,0.0,0.0,0.0,0.0,0.04,0.08
2011-04-01,0.0,0.0,0.0,0.0,0.04,0.08
2011-04-02,0.0,0.0,0.0,0.0,0.02,0.08
2011-04-03,0.01,0.01,0.01,0.01,0.02,0.09
2011-04-04,0.0,0.0,0.01,0.01,0.01,0.09
2011-04-05,0.0,0.0,0.01,0.01,0.01,0.09
2011-04-06,0.0,0.0,0.0,0.0,0.01,0.09
2011-04-07,0.0,0.0,0.0,0.0,0.01,0.09
2011-04-08,0.0,0.0,0.0,0.0,0.01,0.09
2011-04-09,0.0,0.0,0.0,0.0,0.01,0.09
2011-04-10,0.02,0.02,0.02,0.02,0.02,0.11
2011-04-11,0.01,0.01,0.03,0.03,0.03,0.1
2011-04-12,0.01,0.01,0.04,0.04,0.04,0.1
2011-04-13,0.01,0.01,0.03,0.03,0.05,0.11
2011-04-14,0.02,0.02,0.04,0.04,0.07,0.13
2011-04-15,0.11,0.11,0.14,0.14,0.18,0.24
2011-04-16,0.02,0.02,0.15,0.15,0.2,0.26
2011-04-17,0.06,0.06,0.19,0.19,0.24,0.32
2011-04-18,0.05,0.05,0.13,0.13,0.28,0.37
2011-04-19,0.05,0.05,0.16,0.16,0.32,0.42
2011-04-20,1.53,1.53,1.63,1.63,1.84,1.94
2011-04-21,6.95,6.95,8.53,8.53,8.77,8.89
2011-04-22,22.31,22.31,30.79,30.79,30.97,31.2
2011-04-23,12.17,12.17,41.43,41.43,43.12,43.37
2011-04-24,2.63,2.63,37.11,37.11,45.69,46.0
2011-04-25,2.55,2.55,17.35,17.35,48.19,48.53
2011-04-26,1.03,1.03,6.21,6.21,49.17,49.55
2011-04-27,0.15,0.15,3.73,3.73,47.79,49.69
2011-04-28,0.26,0.26,1.44,1.44,41.1,49.95
2011-04-29,0.21,0.21,0.62,0.62,19.0,50.16
2011-04-30,0.16,0.16,0.63,0.63,6.99,50.32
2011-05-01,0.06,0.06,0.43,0.43,4.42,50.38
2011-05-02,0.05,0.05,0.27,0.27,1.92,50.43
2011-05-03,0.12,0.12,0.23,0.23,1.01,50.54
2011-05-04,0.05,0.05,0.22,0.22,0.91,50.59
2011-05-05,1.05,1.05,1.22,1.22,1.7,51.64
2011-05-06,0.76,0.76,1.86,1.86,2.25,52.4
2011-05-07,0.27,0.27,2.08,2.08,2.36,52.67
2011-05-08,0.01,0.01,1.04,1.04,2.31,52.68
2011-05-09,0.01,0.01,0.29,0.29,2.27,52.69
2011-05-10,0.01,0.01,0.03,0.03,2.16,52.68
2011-05-11,0.01,0.01,0.03,0.03,2.12,52.68
2011-05-12,0.0,0.0,0.02,0.02,1.07,52.67
2011-05-13,0.01,0.01,0.02,0.02,0.32,52.67
2011-05-14,0.01,0.01,0.02,0.02,0.06,52.66
2011-05-15,0.0,0.0,0.02,0.02,0.05,52.55
2011-05-16,0.21,0.21,0.22,0.22,0.25,52.74
2011-05-17,1.45,1.45,1.66,1.66,1.69,54.13
2011-05-18,1.61,1.61,3.27,3.27,3.29,55.69
2011-05-19,0.75,0.75,3.81,3.81,4.04,56.39
2011-05-20,10.78,10.78,13.14,13.14,14.81,65.64
2011-05-21,1.11,1.11,12.64,12.64,15.91,59.8
2011-05-22,0.0,0.0,11.89,11.89,15.91,37.49
2011-05-23,0.0,0.0,1.11,1.11,15.7,25.32
2011-05-24,0.04,0.04,0.04,0.04,14.29,22.73
2011-05-25,0.02,0.02,0.06,0.06,12.7,20.2
2011-05-26,0.07,0.07,0.13,0.13,12.02,19.24
2011-05-27,0.11,0.11,0.2,0.2,1.35,19.2
2011-05-28,0.06,0.06,0.24,0.24,0.3,19.0
2011-05-29,0.02,0.02,0.19,0.19,0.32,18.81
2011-05-30,1.12,1.12,1.2,1.2,1.44,19.77
2011-05-31,0.72,0.72,1.86,1.86,2.12,20.43
2011-06-01,1.13,1.13,2.97,2.97,3.23,21.51
2011-06-02,0.67,0.67,2.52,2.52,3.83,22.06
2011-06-03,0.36,0.36,2.16,2.16,4.08,22.37
2011-06-04,0.66,0.66,1.69,1.69,4.68,21.98
2011-06-05,1.57,1.57,2.59,2.59,6.23,22.79
2011-06-06,13.17,13.17,15.4,15.4,18.28,35.69
2011-06-07,9.79,9.79,24.53,24.53,27.35,45.47
2011-06-08,2.54,2.54,25.5,25.5,28.76,48.0
2011-06-09,2.18,2.18,14.51,14.51,30.27,50.17
2011-06-10,0.48,0.48,5.2,5.2,30.39,50.64
2011-06-11,0.02,0.02,2.68,2.68,29.75,50.66
2011-06-12,0.04,0.04,0.54,0.54,28.22,50.69
2011-06-13,0.15,0.15,0.21,0.21,15.2,50.83
2011-06-14,6.72,6.72,6.91,6.91,12.13,57.55
2011-06-15,0.18,0.18,7.05,7.05,9.77,57.52
2011-06-16,0.05,0.05,6.95,6.95,7.64,56.12
2011-06-17,0.02,0.02,0.25,0.25,7.18,54.53
2011-06-18,0.1,0.1,0.17,0.17,7.26,53.88
2011-06-19,0.0,0.0,0.12,0.12,7.22,43.1
2011-06-20,0.16,0.16,0.26,0.26,7.23,42.15
2011-06-21,0.01,0.01,0.17,0.17,0.52,42.16
2011-06-22,0.92,0.92,1.09,1.09,1.26,43.08
2011-06-23,0.99,0.99,1.92,1.92,2.2,44.03
2011-06-24,1.84,1.84,3.75,3.75,4.02,45.85
2011-06-25,0.82,0.82,3.65,3.65,4.74,46.6
2011-06-26,1.03,1.03,3.69,3.69,5.77,47.52
2011-06-27,0.23,0.23,2.08,2.08,5.84,47.69
2011-06-28,0.04,0.04,1.3,1.3,5.87,47.71
2011-06-29,0.0,0.0,0.27,0.27,4.95,46.59
2011-06-30,1.68,1.68,1.72,1.72,5.64,47.55
2011-07-01,10.37,10.37,12.05,12.05,14.17,56.79
2011-07-02,22.09,22.09,34.14,34.14,35.44,78.21
2011-07-03,8.45,8.45,40.91,40.91,42.86,86.3
2011-07-04,23.97,23.97,54.51,54.51,66.6,109.61
2011-07-05,9.56,9.56,41.98,41.98,76.12,117.6
2011-07-06,9.15,9.15,42.68,42.68,85.27,113.58
2011-07-07,0.41,0.41,19.12,19.12,84.0,104.2
2011-07-08,0.15,0.15,9.71,9.71,73.78,101.81
2011-07-09,0.7,0.7,1.26,1.26,52.39,100.33
2011-07-10,0.8,0.8,1.65,1.65,44.74,100.65
2011-07-11,0.32,0.32,1.82,1.82,21.09,100.95
2011-07-12,0.83,0.83,1.95,1.95,12.36,101.74
2011-07-13,0.84,0.84,1.99,1.99,4.05,102.43
2011-07-14,0.08,0.08,1.75,1.75,3.72,95.79
2011-07-15,0.06,0.06,0.98,0.98,3.63,95.67
2011-07-16,3.65,3.65,3.79,3.79,6.58,99.27
2011-07-17,0.4,0.4,4.11,4.11,6.18,99.65
2011-07-18,0.35,0.35,4.4,4.4,6.21,99.9
2011-07-19,4.18,4.18,4.93,4.93,9.56,104.08
2011-07-20,1.71,1.71,6.24,6.24,10.43,105.63
2011-07-21,0.47,0.47,6.36,6.36,10.82,106.09
2011-07-22,2.08,2.08,4.26,4.26,12.84,107.25
2011-07-23,0.51,0.51,3.06,3.06,9.7,106.77
2011-07-24,5.54,5.54,8.13,8.13,14.84,110.47
2011-07-25,2.79,2.79,8.84,8.84,17.28,112.44
2011-07-26,19.69,19.69,28.02,28.02,32.79,131.1
2011-07-27,8.82,8.82,31.3,31.3,39.9,139.69
2011-07-28,3.98,3.98,32.49,32.49,43.41,143.63
2011-07-29,4.57,4.57,17.37,17.37,45.9,148.2
2011-07-30,3.23,3.23,11.78,11.78,48.62,149.75
2011-07-31,1.89,1.89,9.69,9.69,44.97,141.27
2011-08-01,0.54,0.54,5.66,5.66,42.72,119.72
2011-08-02,2.58,2.58,5.01,5.01,25.61,113.85
2011-08-03,0.56,0.56,3.68,3.68,17.35,90.44
2011-08-04,0.89,0.89,4.03,4.03,14.26,81.77
2011-08-05,2.96,2.96,4.41,4.41,12.65,75.58
2011-08-06,0.64,0.64,4.49,4.49,10.06,75.81
2011-08-07,4.75,4.75,8.35,8.35,12.92,80.41
2011-08-08,7.52,7.52,12.91,12.91,19.9,87.23
2011-08-09,0.9,0.9,13.17,13.17,18.22,87.33
2011-08-10,6.63,6.63,15.05,15.05,24.29,93.64
2011-08-11,5.32,5.32,12.85,12.85,28.72,98.13
2011-08-12,0.88,0.88,12.83,12.83,26.64,98.17
2011-08-13,0.72,0.72,6.92,6.92,26.72,98.81
2011-08-14,0.32,0.32,1.92,1.92,22.29,99.07
2011-08-15,1.48,1.48,2.52,2.52,16.25,96.9
2011-08-16,7.89,7.89,9.69,9.69,23.24,104.39
2011-08-17,9.74,9.74,19.11,19.11,26.35,113.78
2011-08-18,10.27,10.27,27.9,27.9,31.3,119.87
2011-08-19,8.46,8.46,28.47,28.47,38.88,126.62
2011-08-20,20.78,20.78,39.51,39.51,58.94,146.93
2011-08-21,6.88,6.88,36.12,36.12,65.5,151.73
2011-08-22,2.28,2.28,29.94,29.94,66.3,153.5
2011-08-23,5.92,5.92,15.08,15.08,64.33,153.88
2011-08-24,7.41,7.41,15.61,15.61,62.0,158.5
2011-08-25,13.7,13.7,27.03,27.03,65.43,152.51
2011-08-26,16.61,16.61,37.72,37.72,73.58,160.3
2011-08-27,14.82,14.82,45.13,45.13,67.62,171.14
2011-08-28,1.52,1.52,32.95,32.95,62.26,168.09
2011-08-29,0.08,0.08,16.42,16.42,60.06,164.94
2011-08-30,0.95,0.95,2.55,2.55,55.09,164.0
2011-08-31,0.22,0.22,1.25,1.25,47.9,163.68
2011-09-01,0.65,0.65,1.82,1.82,34.85,161.75
2011-09-02,0.17,0.17,1.04,1.04,18.41,161.36
2011-09-03,0.21,0.21,1.03,1.03,3.8,160.68
2011-09-04,1.42,1.42,1.8,1.8,3.7,159.14
2011-09-05,4.31,4.31,5.94,5.94,7.93,162.81
2011-09-06,3.95,3.95,9.68,9.68,10.93,162.01
2011-09-07,0.87,0.87,9.13,9.13,11.58,155.36
2011-09-08,1.76,1.76,6.58,6.58,12.69,156.22
2011-09-09,1.28,1.28,3.91,3.91,13.8,150.87
2011-09-10,0.97,0.97,4.01,4.01,14.56,146.52
2011-09-11,1.52,1.52,3.77,3.77,14.66,147.16
2011-09-12,8.21,8.21,10.7,10.7,18.56,154.65
2011-09-13,4.3,4.3,14.03,14.03,18.91,158.63
2011-09-14,6.01,6.01,18.52,18.52,24.05,163.16
2011-09-15,7.88,7.88,18.19,18.19,30.17,163.15
2011-09-16,11.19,11.19,25.08,25.08,40.08,164.6
2011-09-17,3.23,3.23,22.3,22.3,42.34,157.56
2011-09-18,0.76,0.76,15.18,15.18,41.58,149.86
2011-09-19,34.17,34.17,38.16,38.16,67.54,163.25
2011-09-20,10.53,10.53,45.46,45.46,73.77,166.9
2011-09-21,1.39,1.39,46.09,46.09,69.15,166.01
2011-09-22,0.06,0.06,11.98,11.98,61.33,160.15
2011-09-23,0.0,0.0,1.45,1.45,50.14,152.74
2011-09-24,0.0,0.0,0.06,0.06,46.91,139.04
2011-09-25,1.2,1.2,1.2,1.2,47.35,123.63
2011-09-26,1.19,1.19,2.39,2.39,14.37,110.0
2011-09-27,1.13,1.13,3.52,3.52,4.97,109.61
2011-09-28,12.44,12.44,14.76,14.76,16.02,121.97
2011-09-29,9.16,9.16,22.73,22.73,25.12,130.18
2011-09-30,2.81,2.81,24.41,24.41,27.93,132.77
2011-10-01,0.97,0.97,12.94,12.94,28.9,133.09
2011-10-02,0.69,0.69,4.47,4.47,28.39,133.61
2011-10-03,1.51,1.51,3.17,3.17,28.71,134.91
2011-10-04,0.94,0.94,3.14,3.14,28.52,134.43
2011-10-05,0.3,0.3,2.75,2.75,16.38,130.42
2011-10-06,3.14,3.14,4.38,4.38,10.36,129.61
2011-10-07,1.54,1.54,4.98,4.98,9.09,130.28
2011-10-08,21.02,21.02,25.7,25.7,29.14,149.54
2011-10-09,4.76,4.76,27.32,27.32,33.21,153.02
2011-10-10,2.13,2.13,27.91,27.91,33.83,154.18
2011-10-11,12.33,12.33,19.22,19.22,45.22,164.99
2011-10-12,5.06,5.06,19.52,19.52,49.98,161.84
2011-10-13,1.48,1.48,18.87,18.87,48.32,159.02
2011-10-14,0.75,0.75,7.29,7.29,47.53,153.76
2011-10-15,0.6,0.6,2.83,2.83,27.11,146.48
2011-10-16,2.55,2.55,3.9,3.9,24.9,137.84
2011-10-17,3.9,3.9,7.05,7.05,26.67,138.51
2011-10-18,5.04,5.04,11.49,11.49,19.38,142.79
2011-10-19,0.01,0.01,8.95,8.95,14.33,108.63
2011-10-20,0.0,0.0,5.05,5.05,12.85,98.1
2011-10-21,0.04,0.04,0.05,0.05,12.14,96.75
2011-10-22,0.94,0.94,0.98,0.98,12.48,97.63
2011-10-23,16.49,16.49,17.47,17.47,26.42,114.12
2011-10-24,25.84,25.84,43.27,43.27,48.36,139.96
2011-10-25,27.57,27.57,69.9,69.9,70.89,166.33
2011-10-26,38.96,38.96,92.37,92.37,109.84,204.1
2011-10-27,15.79,15.79,82.32,82.32,125.63,218.76
2011-10-28,23.75,23.75,78.5,78.5,149.34,230.07
2011-10-29,37.66,37.66,77.2,77.2,186.06,258.57
2011-10-30,18.09,18.09,79.5,79.5,187.66,273.85
2011-10-31,21.62,21.62,77.37,77.37,183.44,294.5
2011-11-01,36.6,36.6,76.31,76.31,192.47,330.41
2011-11-02,8.98,8.98,67.2,67.2,162.49,337.88
2011-11-03,20.19,20.19,65.77,65.77,166.89,357.13
2011-11-04,16.64,16.64,45.81,45.81,159.78,373.47
2011-11-05,31.32,31.32,68.15,68.15,153.44,401.65
2011-11-06,10.68,10.68,58.64,58.64,146.03,410.79
2011-11-07,0.0,0.0,42.0,42.0,124.41,389.77
2011-11-08,0.0,0.0,10.68,10.68,87.81,385.01
2011-11-09,0.0,0.0,0.0,0.0,78.83,382.88
2011-11-10,0.0,0.0,0.0,0.0,58.64,370.55
2011-11-11,0.02,0.02,0.02,0.02,42.02,365.51
2011-11-12,0.0,0.0,0.02,0.02,10.7,364.03
2011-11-13,0.04,0.04,0.06,0.06,0.06,363.32
2011-11-14,0.29,0.29,0.33,0.33,0.35,363.01
2011-11-15,0.12,0.12,0.45,0.45,0.47,360.58
2011-11-16,0.5,0.5,0.91,0.91,0.97,357.18
2011-11-17,16.51,16.51,17.13,17.13,17.48,368.65
2011-11-18,8.27,8.27,25.28,25.28,25.73,376.91
2011-11-19,0.0,0.0,24.78,24.78,25.73,376.91
2011-11-20,0.0,0.0,8.27,8.27,25.69,376.87
2011-11-21,0.11,0.11,0.11,0.11,25.51,376.04
2011-11-22,0.04,0.04,0.15,0.15,25.43,359.59
2011-11-23,0.95,0.95,1.1,1.1,25.88,334.7
2011-11-24,38.9,38.9,39.89,39.89,48.27,346.03
2011-11-25,47.96,47.96,87.81,87.81,87.96,355.03
2011-11-26,42.95,42.95,129.81,129.81,130.91,382.19
2011-11-27,33.32,33.32,124.23,124.23,164.23,391.76
2011-11-28,13.15,13.15,89.42,89.42,177.27,367.25
2011-11-29,4.04,4.04,50.51,50.51,181.27,353.2
2011-11-30,0.12,0.12,17.31,17.31,180.44,331.7
2011-12-01,0.0,0.0,4.16,4.16,141.54,295.1
2011-12-02,0.0,0.0,0.12,0.12,93.58,286.12
2011-12-03,0.0,0.0,0.0,0.0,50.63,265.93
2011-12-04,0.0,0.0,0.0,0.0,17.31,249.29
2011-12-05,0.0,0.0,0.0,0.0,4.16,217.97
2011-12-06,0.0,0.0,0.0,0.0,0.12,207.29
2011-12-07,0.02,0.02,0.02,0.02,0.02,207.31
2011-12-08,2.02,2.02,2.04,2.04,2.04,209.33
2011-12-09,6.23,6.23,8.27,8.27,8.27,215.56
2011-12-10,1.24,1.24,9.49,9.49,9.51,216.8
2011-12-11,0.03,0.03,7.5,7.5,9.54,216.81
2011-12-12,0.16,0.16,1.43,1.43,9.7,216.97
2011-12-13,0.08,0.08,0.27,0.27,9.78,217.01
2011-12-14,9.04,9.04,9.28,9.28,18.8,225.76
2011-12-15,18.22,18.22,27.34,27.34,35.0,243.86
2011-12-16,0.59,0.59,27.85,27.85,29.36,243.95
2011-12-17,0.03,0.03,18.84,18.84,28.15,227.47
2011-12-18,0.03,0.03,0.65,0.65,28.15,219.23
2011-12-19,0.07,0.07,0.13,0.13,28.06,219.3
2011-12-20,0.01,0.01,0.11,0.11,27.99,219.31
2011-12-21,0.09,0.09,0.17,0.17,19.04,219.29
2011-12-22,0.14,0.14,0.24,0.24,0.96,219.39
2011-12-23,0.05,0.05,0.28,0.28,0.42,218.49
2011-12-24,0.0,0.0,0.19,0.19,0.39,179.59
2011-12-25,0.02,0.02,0.07,0.07,0.38,131.65
2011-12-26,0.0,0.0,0.02,0.02,0.31,88.7
2011-12-27,0.0,0.0,0.02,0.02,0.3,55.38
2011-12-28,1.22,1.22,1.22,1.22,1.43,43.45
2011-12-29,31.0,31.0,32.22,32.22,32.29,70.41
2011-12-30,58.97,58.97,91.19,91.19,91.21,129.26
2011-12-31,7.92,7.92,97.89,97.89,99.13,137.18
2012-01-01,9.45,9.45,76.34,76.34,108.56,146.63
2012-01-02,0.95,0.95,18.32,18.32,109.51,147.58
2012-01-03,0.14,0.14,10.54,10.54,109.65,147.72
2012-01-04,0.01,0.01,1.1,1.1,108.44,147.73
2012-01-05,0.01,0.01,0.16,0.16,77.45,147.74
2012-01-06,0.0,0.0,0.02,0.02,18.48,147.72
2012-01-07,0.0,0.0,0.01,0.01,10.56,145.7
2012-01-08,0.07,0.07,0.07,0.07,1.18,139.54
2012-01-09,0.08,0.08,0.15,0.15,0.31,138.38
2012-01-10,0.04,0.04,0.19,0.19,0.21,138.39
2012-01-11,5.78,5.78,5.9,5.9,5.98,144.01
2012-01-12,0.67,0.67,6.49,6.49,6.64,144.6
2012-01-13,0.36,0.36,6.81,6.81,7.0,135.92
2012-01-14,0.0,0.0,1.03,1.03,7.0,117.7
2012-01-15,0.0,0.0,0.36,0.36,6.93,117.11
2012-01-16,0.0,0.0,0.0,0.0,6.85,117.08
2012-01-17,0.0,0.0,0.0,0.0,6.81,117.05
2012-01-18,0.0,0.0,0.0,0.0,1.03,116.98
2012-01-19,0.0,0.0,0.0,0.0,0.36,116.97
2012-01-20,0.0,0.0,0.0,0.0,0.0,116.88
2012-01-21,0.0,0.0,0.0,0.0,0.0,116.74
2012-01-22,0.0,0.0,0.0,0.0,0.0,116.69
2012-01-23,0.0,0.0,0.0,0.0,0.0,116.69
2012-01-24,0.0,0.0,0.0,0.0,0.0,116.67
2012-01-25,0.0,0.0,0.0,0.0,0.0,116.67
2012-01-26,0.0,0.0,0.0,0.0,0.0,116.67
2012-01-27,3.31,3.31,3.31,3.31,3.31,118.76
2012-01-28,0.0,0.0,3.31,3.31,3.31,87.76
2012-01-29,0.0,0.0,3.31,3.31,3.31,28.79
2012-01-30,4.4,4.4,4.4,4.4,7.71,25.27
2012-01-31,1.11,1.11,5.51,5.51,8.82,16.93
2012-02-01,0.0,0.0,5.51,5.51,8.82,15.98
2012-02-02,0.0,0.0,1.11,1.11,8.82,15.84
2012-02-03,0.0,0.0,0.0,0.0,5.51,15.83
2012-02-04,0.0,0.0,0.0,0.0,5.51,15.82
2012-02-05,0.0,0.0,0.0,0.0,5.51,15.82
2012-02-06,0.01,0.01,0.01,0.01,1.12,15.83
2012-02-07,0.0,0.0,0.01,0.01,0.01,15.76
2012-02-08,0.0,0.0,0.01,0.01,0.01,15.68
2012-02-09,0.0,0.0,0.0,0.0,0.01,15.64
2012-02-10,0.0,0.0,0.0,0.0,0.01,9.86
2012-02-11,0.0,0.0,0.0,0.0,0.01,9.19
2012-02-12,0.0,0.0,0.0,0.0,0.01,8.83
2012-02-13,0.0,0.0,0.0,0.0,0.0,8.83
2012-02-14,0.0,0.0,0.0,0.0,0.0,8.83
2012-02-15,0.0,0.0,0.0,0.0,0.0,8.83
2012-02-16,0.0,0.0,0.0,0.0,0.0,8.83
2012-02-17,0.0,0.0,0.0,0.0,0.0,8.83
2012-02-18,0.0,0.0,0.0,0.0,0.0,8.83
2012-02-19,0.0,0.0,0.0,0.0,0.0,8.83
2012-02-20,0.0,0.0,0.0,0.0,0.0,8.83
2012-02-21,0.0,0.0,0.0,0.0,0.0,8.83
2012-02-22,0.0,0.0,0.0,0.0,0.0,8.83
2012-02-23,0.0,0.0,0.0,0.0,0.0,8.83
2012-02-24,0.0,0.0,0.0,0.0,0.0,8.83
2012-02-25,0.0,0.0,0.0,0.0,0.0,8.83
2012-02-26,0.0,0.0,0.0,0.0,0.0,5.52
2012-02-27,0.0,0.0,0.0,0.0,0.0,5.52
2012-02-28,0.0,0.0,0.0,0.0,0.0,5.52
2012-02-29,0.05,0.05,0.05,0.05,0.05,1.17
2012-03-01,0.0,0.0,0.05,0.05,0.05,0.06
2012-03-02,0.0,0.0,0.05,0.05,0.05,0.06
2012-03-03,0.02,0.02,0.02,0.02,0.07,0.08
2012-03-04,0.0,0.0,0.02,0.02,0.07,0.08
2012-03-05,0.0,0.0,0.02,0.02,0.07,0.08
2012-03-06,0.0,0.0,0.0,0.0,0.07,0.08
2012-03-07,0.0,0.0,0.0,0.0,0.02,0.07
2012-03-08,0.0,0.0,0.0,0.0,0.02,0.07
2012-03-09,0.0,0.0,0.0,0.0,0.02,0.07
2012-03-10,0.0,0.0,0.0,0.0,0.0,0.07
2012-03-11,0.0,0.0,0.0,0.0,0.0,0.07
2012-03-12,0.19,0.19,0.19,0.19,0.19,0.26
2012-03-13,0.15,0.15,0.34,0.34,0.34,0.41
2012-03-14,0.07,0.07,0.41,0.41,0.41,0.48
2012-03-15,0.05,0.05,0.27,0.27,0.46,0.53
2012-03-16,0.0,0.0,0.12,0.12,0.46,0.53
2012-03-17,0.0,0.0,0.05,0.05,0.46,0.53
2012-03-18,0.0,0.0,0.0,0.0,0.46,0.53
2012-03-19,0.0,0.0,0.0,0.0,0.27,0.53
2012-03-20,0.0,0.0,0.0,0.0,0.12,0.53
2012-03-21,0.0,0.0,0.0,0.0,0.05,0.53
2012-03-22,0.0,0.0,0.0,0.0,0.0,0.53
2012-03-23,0.0,0.0,0.0,0.0,0.0,0.53
2012-03-24,0.0,0.0,0.0,0.0,0.0,0.53
2012-03-25,0.0,0.0,0.0,0.0,0.0,0.53
2012-03-26,0.0,0.0,0.0,0.0,0.0,0.53
2012-03-27,0.0,0.0,0.0,0.0,0.0,0.53
2012-03-28,0.03,0.03,0.03,0.03,0.03,0.56
2012-03-29,0.02,0.02,0.05,0.05,0.05,0.58
2012-03-30,0.06,0.06,0.11,0.11,0.11,0.59
2012-03-31,0.5,0.5,0.58,0.58,0.61,1.09
2012-04-01,0.04,0.04,0.6,0.6,0.65,1.13
2012-04-02,0.01,0.01,0.55,0.55,0.66,1.12
2012-04-03,0.0,0.0,0.05,0.05,0.66,1.12
2012-04-04,0.0,0.0,0.01,0.01,0.63,1.12
2012-04-05,0.0,0.0,0.0,0.0,0.61,1.12
2012-04-06,0.02,0.02,0.02,0.02,0.57,1.14
2012-04-07,0.02,0.02,0.04,0.04,0.09,1.16
2012-04-08,0.02,0.02,0.06,0.06,0.07,1.18
2012-04-09,0.02,0.02,0.06,0.06,0.08,1.2
2012-04-10,0.01,0.01,0.05,0.05,0.09,1.21
2012-04-11,0.04,0.04,0.07,0.07,0.13,1.06
2012-04-12,0.04,0.04,0.09,0.09,0.17,0.95
2012-04-13,0.03,0.03,0.11,0.11,0.18,0.91
2012-04-14,0.01,0.01,0.08,0.08,0.17,0.87
2012-04-15,0.02,0.02,0.06,0.06,0.17,0.89
2012-04-16,0.02,0.02,0.05,0.05,0.17,0.91
2012-04-17,0.03,0.03,0.07,0.07,0.19,0.94
2012-04-18,0.03,0.03,0.08,0.08,0.18,0.97
2012-04-19,0.02,0.02,0.08,0.08,0.16,0.99
2012-04-20,0.02,0.02,0.07,0.07,0.15,1.01
2012-04-21,0.0,0.0,0.04,0.04,0.14,1.01
2012-04-22,0.04,0.04,0.06,0.06,0.16,1.05
2012-04-23,0.06,0.06,0.1,0.1,0.2,1.11
2012-04-24,0.38,0.38,0.48,0.48,0.55,1.49
2012-04-25,5.52,5.52,5.96,5.96,6.04,7.01
2012-04-26,2.69,2.69,8.59,8.59,8.71,9.7
2012-04-27,0.56,0.56,8.77,8.77,9.25,10.23
2012-04-28,0.67,0.67,3.92,3.92,9.92,10.88
2012-04-29,1.78,1.78,3.01,3.01,11.66,12.6
2012-04-30,1.48,1.48,3.93,3.93,13.08,13.58
2012-05-01,0.34,0.34,3.6,3.6,13.04,13.88
2012-05-02,0.11,0.11,1.93,1.93,7.63,13.98
2012-05-03,0.09,0.09,0.54,0.54,5.03,14.07
2012-05-04,0.03,0.03,0.23,0.23,4.5,14.1
2012-05-05,0.04,0.04,0.16,0.16,3.87,14.14
2012-05-06,0.09,0.09,0.16,0.16,2.18,14.21
2012-05-07,0.07,0.07,0.2,0.2,0.77,14.26
2012-05-08,0.22,0.22,0.38,0.38,0.65,14.46
2012-05-09,0.27,0.27,0.56,0.56,0.81,14.71
2012-05-10,6.04,6.04,6.53,6.53,6.76,20.74
2012-05-11,0.8,0.8,7.11,7.11,7.53,21.5
2012-05-12,2.28,2.28,9.12,9.12,9.77,23.74
2012-05-13,0.68,0.68,3.76,3.76,10.36,24.39
2012-05-14,0.32,0.32,3.28,3.28,10.61,24.7
2012-05-15,1.39,1.39,2.39,2.39,11.78,26.07
2012-05-16,0.38,0.38,2.09,2.09,11.89,26.43
2012-05-17,0.23,0.23,2.0,2.0,6.08,26.63
2012-05-18,0.18,0.18,0.79,0.79,5.46,26.78
2012-05-19,0.24,0.24,0.65,0.65,3.42,27.0
2012-05-20,7.22,7.22,7.64,7.64,9.96,34.2
2012-05-21,1.09,1.09,8.55,8.55,10.73,35.29
2012-05-22,0.03,0.03,8.34,8.34,9.37,35.28
2012-05-23,0.0,0.0,1.12,1.12,8.99,35.22
2012-05-24,0.02,0.02,0.05,0.05,8.78,34.86
2012-05-25,0.01,0.01,0.03,0.03,8.61,29.35
2012-05-26,0.07,0.07,0.1,0.1,8.44,26.73
2012-05-27,0.05,0.05,0.13,0.13,1.27,26.22
2012-05-28,0.01,0.01,0.13,0.13,0.19,25.56
2012-05-29,0.03,0.03,0.09,0.09,0.19,23.81
2012-05-30,0.0,0.0,0.04,0.04,0.19,22.33
2012-05-31,0.0,0.0,0.03,0.03,0.17,21.99
2012-06-01,0.0,0.0,0.0,0.0,0.16,21.88
2012-06-02,0.0,0.0,0.0,0.0,0.09,21.79
2012-06-03,0.01,0.01,0.01,0.01,0.05,21.77
2012-06-04,0.17,0.17,0.18,0.18,0.21,21.9
2012-06-05,0.01,0.01,0.19,0.19,0.19,21.82
2012-06-06,0.03,0.03,0.21,0.21,0.22,21.78
2012-06-07,0.71,0.71,0.75,0.75,0.93,22.27
2012-06-08,2.49,2.49,3.23,3.23,3.42,24.49
2012-06-09,0.31,0.31,3.51,3.51,3.73,18.76
2012-06-10,0.04,0.04,2.84,2.84,3.76,18.0
2012-06-11,0.05,0.05,0.4,0.4,3.64,15.77
2012-06-12,1.93,1.93,2.02,2.02,5.56,17.02
2012-06-13,5.08,5.08,7.06,7.06,10.61,21.78
2012-06-14,4.04,4.04,11.05,11.05,13.94,24.43
2012-06-15,0.32,0.32,9.44,9.44,11.77,24.37
2012-06-16,0.83,0.83,5.19,5.19,12.29,24.97
2012-06-17,0.59,0.59,1.74,1.74,12.84,25.38
2012-06-18,0.54,0.54,1.96,1.96,13.33,25.68
2012-06-19,0.89,0.89,2.02,2.02,12.29,19.35
2012-06-20,0.14,0.14,1.57,1.57,7.35,18.4
2012-06-21,0.3,0.3,1.33,1.33,3.61,18.67
2012-06-22,0.02,0.02,0.46,0.46,3.31,18.69
2012-06-23,0.03,0.03,0.35,0.35,2.51,18.7
2012-06-24,0.05,0.05,0.1,0.1,1.97,18.74
2012-06-25,1.6,1.6,1.68,1.68,3.03,20.27
2012-06-26,3.91,3.91,5.56,5.56,6.05,24.13
2012-06-27,5.43,5.43,10.94,10.94,11.34,29.55
2012-06-28,17.21,17.21,26.55,26.55,28.25,46.73
2012-06-29,0.89,0.89,23.53,23.53,29.12,47.62
2012-06-30,8.34,8.34,26.44,26.44,37.43,55.96
2012-07-01,1.79,1.79,11.02,11.02,39.17,57.75
2012-07-02,0.17,0.17,10.3,10.3,37.74,57.92
2012-07-03,0.26,0.26,2.22,2.22,34.09,58.17
2012-07-04,1.32,1.32,1.75,1.75,29.98,59.32
2012-07-05,0.1,0.1,1.68,1.68,12.87,59.41
2012-07-06,0.13,0.13,1.55,1.55,12.11,59.51
2012-07-07,1.89,1.89,2.12,2.12,5.66,60.69
2012-07-08,1.43,1.43,3.45,3.45,5.3,59.63
2012-07-09,3.92,3.92,7.24,7.24,9.05,63.24
2012-07-10,7.0,7.0,12.35,12.35,15.79,70.2
2012-07-11,8.64,8.64,19.56,19.56,23.11,78.79
2012-07-12,3.45,3.45,19.09,19.09,26.46,80.31
2012-07-13,13.82,13.82,25.91,25.91,40.15,89.05
2012-07-14,16.45,16.45,33.72,33.72,54.71,101.46
2012-07-15,10.69,10.69,40.96,40.96,63.97,111.83
2012-07-16,0.79,0.79,27.93,27.93,60.84,111.79
2012-07-17,14.91,14.91,26.39,26.39,68.75,126.11
2012-07-18,1.12,1.12,16.82,16.82,61.23,126.69
2012-07-19,0.11,0.11,16.14,16.14,57.89,125.91
2012-07-20,0.17,0.17,1.4,1.4,44.24,125.94
2012-07-21,0.65,0.65,0.93,0.93,28.44,126.29
2012-07-22,0.11,0.11,0.93,0.93,17.86,126.38
2012-07-23,0.09,0.09,0.85,0.85,17.16,126.44
2012-07-24,0.19,0.19,0.39,0.39,2.44,126.58
2012-07-25,0.67,0.67,0.95,0.95,1.99,125.65
2012-07-26,1.51,1.51,2.37,2.37,3.39,123.25
2012-07-27,2.73,2.73,4.91,4.91,5.95,120.55
2012-07-28,0.83,0.83,5.07,5.07,6.13,104.17
2012-07-29,0.88,0.88,4.44,4.44,6.9,104.16
2012-07-30,0.09,0.09,1.8,1.8,6.9,95.91
2012-07-31,0.16,0.16,1.13,1.13,6.87,94.28
2012-08-01,0.02,0.02,0.27,0.27,6.22,94.13
2012-08-02,0.27,0.27,0.45,0.45,4.98,94.14
2012-08-03,1.64,1.64,1.93,1.93,3.89,94.46
2012-08-04,3.45,3.45,5.36,5.36,6.51,97.81
2012-08-05,1.77,1.77,6.86,6.86,7.4,99.45
2012-08-06,0.57,0.57,5.79,5.79,7.88,98.13
2012-08-07,0.62,0.62,2.96,2.96,8.34,97.32
2012-08-08,7.61,7.61,8.8,8.8,15.93,101.01
2012-08-09,5.23,5.23,13.46,13.46,20.89,99.24
2012-08-10,2.2,2.2,15.04,15.04,21.45,92.8
2012-08-11,2.2,2.2,9.63,9.63,20.2,91.55
2012-08-12,1.21,1.21,5.61,5.61,19.64,78.94
2012-08-13,24.18,24.18,27.59,27.59,43.25,86.67
2012-08-14,4.87,4.87,30.26,30.26,47.5,80.85
2012-08-15,12.19,12.19,41.24,41.24,52.08,92.25
2012-08-16,0.64,0.64,17.7,17.7,47.49,77.98
2012-08-17,2.78,2.78,15.61,15.61,48.07,79.64
2012-08-18,0.32,0.32,3.74,3.74,46.19,79.85
2012-08-19,0.2,0.2,3.3,3.3,45.18,79.88
2012-08-20,0.19,0.19,0.71,0.71,21.19,79.42
2012-08-21,1.83,1.83,2.22,2.22,18.15,81.14
2012-08-22,1.06,1.06,3.08,3.08,7.02,82.11
2012-08-23,3.33,3.33,6.22,6.22,9.71,85.25
2012-08-24,0.91,0.91,5.3,5.3,7.84,85.49
2012-08-25,30.62,30.62,34.86,34.86,38.14,114.6
2012-08-26,4.12,4.12,35.65,35.65,42.06,115.99
2012-08-27,1.34,1.34,36.08,36.08,43.21,116.5
2012-08-28,4.65,4.65,10.11,10.11,46.03,120.27
2012-08-29,1.25,1.25,7.24,7.24,46.22,121.43
2012-08-30,1.19,1.19,7.09,7.09,44.08,122.46
2012-08-31,0.21,0.21,2.65,2.65,43.38,122.65
2012-09-01,0.23,0.23,1.63,1.63,12.99,122.61
2012-09-02,7.46,7.46,7.9,7.9,16.33,128.43
2012-09-03,2.97,2.97,10.66,10.66,17.96,127.95
2012-09-04,2.52,2.52,12.95,12.95,15.83,128.7
2012-09-05,0.54,0.54,6.03,6.03,15.12,128.67
2012-09-06,8.0,8.0,11.06,11.06,21.93,136.05
2012-09-07,9.57,9.57,18.11,18.11,31.29,138.01
2012-09-08,9.15,9.15,26.72,26.72,40.21,141.93
2012-09-09,0.87,0.87,19.59,19.59,33.62,140.6
2012-09-10,5.31,5.31,15.33,15.33,35.96,143.71
2012-09-11,1.55,1.55,7.73,7.73,34.99,144.05
2012-09-12,0.33,0.33,7.19,7.19,34.78,120.2
2012-09-13,4.16,4.16,6.04,6.04,30.94,119.49
2012-09-14,15.29,15.29,19.78,19.78,36.66,122.59
2012-09-15,5.84,5.84,25.29,25.29,33.35,127.79
2012-09-16,0.17,0.17,21.3,21.3,32.65,125.18
2012-09-17,1.76,1.76,7.77,7.77,29.1,126.62
2012-09-18,0.78,0.78,2.71,2.71,28.33,127.2
2012-09-19,2.57,2.57,5.11,5.11,30.57,129.58
2012-09-20,8.78,8.78,12.13,12.13,35.19,136.53
2012-09-21,1.59,1.59,12.94,12.94,21.49,137.06
2012-09-22,0.96,0.96,11.33,11.33,16.61,134.69
2012-09-23,0.61,0.61,3.16,3.16,17.05,134.39
2012-09-24,0.88,0.88,2.45,2.45,16.17,104.65
2012-09-25,0.24,0.24,1.73,1.73,15.63,100.77
2012-09-26,2.72,2.72,3.84,3.84,15.78,102.15
2012-09-27,0.77,0.77,3.73,3.73,7.77,98.27
2012-09-28,4.07,4.07,7.56,7.56,10.25,101.09
2012-09-29,4.25,4.25,9.09,9.09,13.54,104.15
2012-09-30,5.51,5.51,13.83,13.83,18.44,109.45
2012-10-01,1.77,1.77,11.53,11.53,19.33,110.99
2012-10-02,0.42,0.42,7.7,7.7,19.51,103.95
2012-10-03,0.11,0.11,2.3,2.3,16.9,101.09
2012-10-04,0.01,0.01,0.54,0.54,16.14,98.58
2012-10-05,0.01,0.01,0.13,0.13,12.08,98.05
2012-10-06,0.39,0.39,0.41,0.41,8.22,90.44
2012-10-07,0.18,0.18,0.58,0.58,2.89,81.05
2012-10-08,0.57,0.57,1.14,1.14,1.69,72.47
2012-10-09,0.11,0.11,0.86,0.86,1.38,71.71
2012-10-10,0.02,0.02,0.7,0.7,1.29,66.42
2012-10-11,0.03,0.03,0.16,0.16,1.31,64.9
2012-10-12,0.11,0.11,0.16,0.16,1.41,64.68
2012-10-13,5.72,5.72,5.86,5.86,6.74,66.24
2012-10-14,19.61,19.61,25.44,25.44,26.17,70.56
2012-10-15,8.78,8.78,34.11,34.11,34.38,73.5
2012-10-16,6.25,6.25,34.64,34.64,40.52,79.58
2012-10-17,13.77,13.77,28.8,28.8,54.27,91.59
2012-10-18,26.03,26.03,46.05,46.05,80.27,116.84
2012-10-19,51.6,51.6,91.4,91.4,131.76,165.87
2012-10-20,42.81,42.81,120.44,120.44,168.85,199.9
2012-10-21,24.32,24.32,118.73,118.73,173.56,222.63
2012-10-22,13.64,13.64,80.77,80.77,178.42,235.31
2012-10-23,13.66,13.66,51.62,51.62,185.83,248.36
2012-10-24,9.98,9.98,37.28,37.28,182.04,257.46
2012-10-25,4.78,4.78,28.42,28.42,160.79,262.0
2012-10-26,0.34,0.34,15.1,15.1,109.53,259.62
2012-10-27,0.99,0.99,6.11,6.11,67.71,259.84
2012-10-28,7.54,7.54,8.87,8.87,50.93,263.31
2012-10-29,12.97,12.97,21.5,21.5,50.26,272.03
2012-10-30,36.21,36.21,56.72,56.72,72.81,302.73
2012-10-31,51.48,51.48,100.66,100.66,114.31,352.44
2012-11-01,12.57,12.57,100.26,100.26,122.1,364.59
2012-11-02,3.51,3.51,67.56,67.56,125.27,367.99
2012-11-03,6.32,6.32,22.4,22.4,130.6,374.3
2012-11-04,4.05,4.05,13.88,13.88,127.11,378.34
2012-11-05,0.24,0.24,10.61,10.61,114.38,378.19
2012-11-06,0.13,0.13,4.42,4.42,78.3,378.14
2012-11-07,4.33,4.33,4.7,4.7,31.15,381.9
2012-11-08,2.22,2.22,6.68,6.68,20.8,384.01
2012-11-09,0.0,0.0,6.55,6.55,17.29,383.99
2012-11-10,0.77,0.77,2.99,2.99,11.74,384.73
2012-11-11,0.02,0.02,0.79,0.79,7.71,384.64
2012-11-12,0.01,0.01,0.8,0.8,7.48,378.93
2012-11-13,0.01,0.01,0.04,0.04,7.36,359.33
2012-11-14,0.0,0.0,0.02,0.02,3.03,350.55
2012-11-15,0.01,0.01,0.02,0.02,0.82,344.31
2012-11-16,0.0,0.0,0.01,0.01,0.82,330.54
2012-11-17,0.0,0.0,0.01,0.01,0.05,304.51
2012-11-18,0.0,0.0,0.0,0.0,0.03,252.91
2012-11-19,0.01,0.01,0.01,0.01,0.03,210.11
2012-11-20,0.18,0.18,0.19,0.19,0.2,185.97
2012-11-21,2.67,2.67,2.86,2.86,2.87,175.0
2012-11-22,7.96,7.96,10.81,10.81,10.82,169.3
2012-11-23,16.06,16.06,26.69,26.69,26.88,175.38
2012-11-24,1.13,1.13,25.15,25.15,28.01,171.73
2012-11-25,0.34,0.34,17.53,17.53,28.35,171.73
2012-11-26,0.13,0.13,1.6,1.6,28.47,170.87
2012-11-27,0.12,0.12,0.59,0.59,28.41,163.45
2012-11-28,0.0,0.0,0.25,0.25,25.74,150.48
2012-11-29,0.0,0.0,0.12,0.12,17.78,114.27
2012-11-30,0.0,0.0,0.0,0.0,1.72,62.79
2012-12-01,0.0,0.0,0.0,0.0,0.59,50.22
2012-12-02,2.06,2.06,2.06,2.06,2.31,48.77
2012-12-03,47.79,47.79,49.85,49.85,49.97,90.24
2012-12-04,44.59,44.59,94.44,94.44,94.44,130.78
2012-12-05,11.63,11.63,104.01,104.01,106.07,142.17
2012-12-06,0.52,0.52,56.74,56.74,106.59,142.56
2012-12-07,0.01,0.01,12.16,12.16,106.6,138.24
2012-12-08,0.0,0.0,0.53,0.53,106.6,136.02
2012-12-09,0.0,0.0,0.01,0.01,104.54,136.02
2012-12-10,0.0,0.0,0.0,0.0,56.75,135.25
2012-12-11,0.0,0.0,0.0,0.0,12.16,135.23
2012-12-12,0.0,0.0,0.0,0.0,0.53,135.22
2012-12-13,0.0,0.0,0.0,0.0,0.01,135.21
2012-12-14,0.0,0.0,0.0,0.0,0.0,135.21
2012-12-15,0.01,0.01,0.01,0.01,0.01,135.21
2012-12-16,0.05,0.05,0.06,0.06,0.06,135.26
2012-12-17,0.11,0.11,0.17,0.17,0.17,135.37
2012-12-18,0.19,0.19,0.35,0.35,0.36,135.56
2012-12-19,0.22,0.22,0.52,0.52,0.58,135.77
2012-12-20,0.09,0.09,0.5,0.5,0.67,135.68
2012-12-21,0.01,0.01,0.32,0.32,0.68,133.02
2012-12-22,0.0,0.0,0.1,0.1,0.67,125.06
2012-12-23,0.0,0.0,0.01,0.01,0.62,109.0
2012-12-24,0.01,0.01,0.01,0.01,0.52,107.88
2012-12-25,0.03,0.03,0.04,0.04,0.36,107.57
2012-12-26,0.09,0.09,0.13,0.13,0.23,107.53
2012-12-27,1.17,1.17,1.29,1.29,1.31,108.58
2012-12-28,5.51,5.51,6.77,6.77,6.81,114.09
2012-12-29,18.83,18.83,25.51,25.51,25.64,132.92
2012-12-30,6.12,6.12,30.46,30.46,31.76,139.04
2012-12-31,1.06,1.06,26.01,26.01,32.81,140.1
2013-01-01,0.11,0.11,7.29,7.29,32.89,138.15
2013-01-02,0.0,0.0,1.17,1.17,32.8,90.36
2013-01-03,0.0,0.0,0.11,0.11,31.63,45.77
2013-01-04,0.0,0.0,0.0,0.0,26.12,34.14
2013-01-05,0.0,0.0,0.0,0.0,7.29,33.62
2013-01-06,0.06,0.06,0.06,0.06,1.23,33.67
2013-01-07,0.0,0.0,0.06,0.06,0.17,33.67
2013-01-08,0.0,0.0,0.06,0.06,0.06,33.67
2013-01-09,0.05,0.05,0.05,0.05,0.11,33.72
2013-01-10,0.0,0.0,0.05,0.05,0.11,33.72
2013-01-11,0.0,0.0,0.05,0.05,0.11,33.72
2013-01-12,0.0,0.0,0.0,0.0,0.11,33.72
2013-01-13,0.0,0.0,0.0,0.0,0.05,33.72
2013-01-14,0.0,0.0,0.0,0.0,0.05,33.71
2013-01-15,0.0,0.0,0.0,0.0,0.05,33.66
2013-01-16,0.0,0.0,0.0,0.0,0.0,33.55
2013-01-17,0.01,0.01,0.01,0.01,0.01,33.37
2013-01-18,0.06,0.06,0.07,0.07,0.07,33.21
2013-01-19,0.05,0.05,0.12,0.12,0.12,33.17
2013-01-20,0.03,0.03,0.14,0.14,0.15,33.19
2013-01-21,0.0,0.0,0.08,0.08,0.15,33.19
2013-01-22,0.0,0.0,0.03,0.03,0.15,33.19
2013-01-23,0.0,0.0,0.0,0.0,0.15,33.18
2013-01-24,0.0,0.0,0.0,0.0,0.14,33.15
2013-01-25,0.0,0.0,0.0,0.0,0.08,33.06
2013-01-26,0.0,0.0,0.0,0.0,0.03,31.89
2013-01-27,0.0,0.0,0.0,0.0,0.0,26.38
2013-01-28,0.0,0.0,0.0,0.0,0.0,7.55
2013-01-29,0.0,0.0,0.0,0.0,0.0,1.43
2013-01-30,0.0,0.0,0.0,0.0,0.0,0.37
2013-01-31,0.0,0.0,0.0,0.0,0.0,0.26
2013-02-01,0.0,0.0,0.0,0.0,0.0,0.26
2013-02-02,0.0,0.0,0.0,0.0,0.0,0.26
2013-02-03,0.0,0.0,0.0,0.0,0.0,0.26
2013-02-04,0.0,0.0,0.0,0.0,0.0,0.26
2013-02-05,0.03,0.03,0.03,0.03,0.03,0.23
2013-02-06,0.0,0.0,0.03,0.03,0.03,0.23
2013-02-07,0.0,0.0,0.03,0.03,0.03,0.23
2013-02-08,0.13,0.13,0.13,0.13,0.16,0.31
2013-02-09,0.12,0.12,0.25,0.25,0.28,0.43
2013-02-10,0.06,0.06,0.31,0.31,0.34,0.49
2013-02-11,0.0,0.0,0.18,0.18,0.34,0.49
2013-02-12,0.0,0.0,0.06,0.06,0.31,0.49
2013-02-13,0.01,0.01,0.01,0.01,0.32,0.5
2013-02-14,1.41,1.41,1.42,1.42,1.73,1.91
2013-02-15,4.55,4.55,5.97,5.97,6.15,6.46
2013-02-16,5.76,5.76,11.72,11.72,11.79,12.21
2013-02-17,6.64,6.64,16.95,16.95,18.37,18.79
2013-02-18,3.07,3.07,15.47,15.47,21.44,21.81
2013-02-19,0.36,0.36,10.07,10.07,21.8,22.14
2013-02-20,0.02,0.02,3.45,3.45,21.81,22.16
2013-02-21,0.0,0.0,0.38,0.38,20.4,22.16
2013-02-22,0.0,0.0,0.02,0.02,15.85,22.16
2013-02-23,0.0,0.0,0.0,0.0,10.09,22.16
2013-02-24,0.0,0.0,0.0,0.0,3.45,22.16
2013-02-25,0.0,0.0,0.0,0.0,0.38,22.16
2013-02-26,0.0,0.0,0.0,0.0,0.02,22.16
2013-02-27,0.0,0.0,0.0,0.0,0.0,22.16
2013-02-28,0.0,0.0,0.0,0.0,0.0,22.16
2013-03-01,0.0,0.0,0.0,0.0,0.0,22.16
2013-03-02,0.0,0.0,0.0,0.0,0.0,22.16
2013-03-03,0.0,0.0,0.0,0.0,0.0,22.16
2013-03-04,0.0,0.0,0.0,0.0,0.0,22.16
2013-03-05,3.62,3.62,3.62,3.62,3.62,25.78
2013-03-06,25.54,25.54,29.16,29.16,29.16,51.32
2013-03-07,5.24,5.24,34.4,34.4,34.4,56.53
2013-03-08,0.04,0.04,30.82,30.82,34.44,56.57
2013-03-09,0.01,0.01,5.29,5.29,34.45,56.58
2013-03-10,0.0,0.0,0.05,0.05,34.45,56.45
2013-03-11,0.0,0.0,0.01,0.01,34.45,56.33
2013-03-12,0.0,0.0,0.0,0.0,30.83,56.27
2013-03-13,0.0,0.0,0.0,0.0,5.29,56.27
2013-03-14,0.0,0.0,0.0,0.0,0.05,56.27
2013-03-15,0.01,0.01,0.01,0.01,0.02,56.27
2013-03-16,0.0,0.0,0.01,0.01,0.01,54.86
2013-03-17,0.0,0.0,0.01,0.01,0.01,50.31
2013-03-18,0.0,0.0,0.0,0.0,0.01,44.55
2013-03-19,0.0,0.0,0.0,0.0,0.01,37.91
2013-03-20,0.0,0.0,0.0,0.0,0.01,34.84
2013-03-21,0.0,0.0,0.0,0.0,0.01,34.48
2013-03-22,0.0,0.0,0.0,0.0,0.0,34.46
2013-03-23,0.0,0.0,0.0,0.0,0.0,34.46
2013-03-24,0.01,0.01,0.01,0.01,0.01,34.47
2013-03-25,0.0,0.0,0.01,0.01,0.01,34.47
2013-03-26,0.0,0.0,0.01,0.01,0.01,34.47
2013-03-27,0.0,0.0,0.0,0.0,0.01,34.47
2013-03-28,0.01,0.01,0.01,0.01,0.02,34.48
2013-03-29,0.04,0.04,0.05,0.05,0.06,34.52
2013-03-30,0.01,0.01,0.06,0.06,0.07,34.53
2013-03-31,0.15,0.15,0.2,0.2,0.21,34.68
2013-04-01,0.03,0.03,0.19,0.19,0.24,34.71
2013-04-02,1.15,1.15,1.33,1.33,1.39,35.86
2013-04-03,0.04,0.04,1.22,1.22,1.43,35.9
2013-04-04,0.0,0.0,1.19,1.19,1.42,32.28
2013-04-05,0.01,0.01,0.05,0.05,1.39,6.75
2013-04-06,0.03,0.03,0.04,0.04,1.41,1.54
2013-04-07,0.0,0.0,0.04,0.04,1.26,1.5
2013-04-08,0.01,0.01,0.04,0.04,1.24,1.5
2013-04-09,0.0,0.0,0.01,0.01,0.09,1.5
2013-04-10,0.0,0.0,0.01,0.01,0.05,1.5
2013-04-11,0.0,0.0,0.0,0.0,0.05,1.5
2013-04-12,0.0,0.0,0.0,0.0,0.04,1.5
2013-04-13,0.01,0.01,0.01,0.01,0.02,1.51
2013-04-14,0.05,0.05,0.06,0.06,0.07,1.55
2013-04-15,0.08,0.08,0.14,0.14,0.14,1.63
2013-04-16,0.22,0.22,0.35,0.35,0.36,1.85
2013-04-17,0.24,0.24,0.54,0.54,0.6,2.09
2013-04-18,3.02,3.02,3.48,3.48,3.62,5.11
2013-04-19,0.67,0.67,3.93,3.93,4.29,5.78
2013-04-20,0.96,0.96,4.65,4.65,5.24,6.74
2013-04-21,0.79,0.79,2.42,2.42,5.98,7.53
2013-04-22,0.1,0.1,1.85,1.85,6.0,7.63
2013-04-23,0.08,0.08,0.97,0.97,5.86,7.7
2013-04-24,0.18,0.18,0.36,0.36,5.8,7.88
2013-04-25,0.1,0.1,0.36,0.36,2.88,7.98
2013-04-26,0.87,0.87,1.15,1.15,3.08,8.85
2013-04-27,0.07,0.07,1.04,1.04,2.19,8.91
2013-04-28,0.05,0.05,0.99,0.99,1.45,8.92
2013-04-29,0.07,0.07,0.19,0.19,1.42,8.98
2013-04-30,0.01,0.01,0.13,0.13,1.35,8.84
2013-05-01,0.01,0.01,0.09,0.09,1.18,8.82
2013-05-02,0.03,0.03,0.05,0.05,1.11,7.7
2013-05-03,0.04,0.04,0.08,0.08,0.28,7.7
2013-05-04,0.05,0.05,0.12,0.12,0.26,7.75
2013-05-05,0.1,0.1,0.19,0.19,0.31,7.84
2013-05-06,0.05,0.05,0.2,0.2,0.29,7.86
2013-05-07,0.05,0.05,0.2,0.2,0.33,7.91
2013-05-08,0.04,0.04,0.14,0.14,0.36,7.94
2013-05-09,0.06,0.06,0.15,0.15,0.39,8.0
2013-05-10,0.06,0.06,0.16,0.16,0.41,8.06
2013-05-11,0.76,0.76,0.88,0.88,1.12,8.82
2013-05-12,11.7,11.7,12.52,12.52,12.72,20.52
2013-05-13,7.09,7.09,19.55,19.55,19.76,27.6
2013-05-14,2.19,2.19,20.98,20.98,21.9,29.74
2013-05-15,2.09,2.09,11.37,11.37,23.95,31.75
2013-05-16,0.29,0.29,4.57,4.57,24.18,31.82
2013-05-17,0.0,0.0,2.38,2.38,24.12,31.58
2013-05-18,0.0,0.0,0.29,0.29,23.36,28.56
2013-05-19,0.0,0.0,0.0,0.0,11.66,27.89
2013-05-20,0.07,0.07,0.07,0.07,4.64,27.0
2013-05-21,0.08,0.08,0.15,0.15,2.53,26.29
2013-05-22,2.68,2.68,2.83,2.83,3.12,28.87
2013-05-23,0.1,0.1,2.86,2.86,2.93,28.89
2013-05-24,0.01,0.01,2.79,2.79,2.94,28.72
2013-05-25,0.0,0.0,0.11,0.11,2.94,28.62
2013-05-26,0.76,0.76,0.77,0.77,3.7,28.51
2013-05-27,0.17,0.17,0.93,0.93,3.8,28.61
2013-05-28,1.5,1.5,2.43,2.43,5.22,30.06
2013-05-29,0.56,0.56,2.23,2.23,3.1,30.55
2013-05-30,0.34,0.34,2.4,2.4,3.34,30.88
2013-05-31,16.39,16.39,17.29,17.29,19.72,47.26
2013-06-01,3.34,3.34,20.07,20.07,23.06,50.57
2013-06-02,29.83,29.83,49.56,49.56,52.13,80.36
2013-06-03,3.37,3.37,36.54,36.54,55.33,83.68
2013-06-04,0.17,0.17,33.37,33.37,54.0,83.75
2013-06-05,2.42,2.42,5.96,5.96,55.86,86.12
2013-06-06,21.34,21.34,23.93,23.93,76.86,107.41
2013-06-07,7.04,7.04,30.8,30.8,67.51,114.41
2013-06-08,3.61,3.61,31.99,31.99,67.78,117.96
2013-06-09,0.56,0.56,11.21,11.21,38.51,118.46
2013-06-10,0.13,0.13,4.3,4.3,35.27,117.83
2013-06-11,2.0,2.0,2.69,2.69,37.1,108.13
2013-06-12,0.59,0.59,2.72,2.72,35.27,101.63
2013-06-13,0.27,0.27,2.86,2.86,14.2,99.71
2013-06-14,0.3,0.3,1.16,1.16,7.46,97.92
2013-06-15,0.05,0.05,0.62,0.62,3.9,97.68
2013-06-16,0.09,0.09,0.44,0.44,3.43,97.77
2013-06-17,0.21,0.21,0.35,0.35,3.51,97.98
2013-06-18,0.25,0.25,0.55,0.55,1.76,98.23
2013-06-19,0.06,0.06,0.52,0.52,1.23,98.22
2013-06-20,0.06,0.06,0.37,0.37,1.02,98.2
2013-06-21,0.15,0.15,0.27,0.27,0.87,95.67
2013-06-22,0.16,0.16,0.37,0.37,0.98,95.73
2013-06-23,0.03,0.03,0.34,0.34,0.92,95.75
2013-06-24,1.1,1.1,1.29,1.29,1.81,96.85
2013-06-25,0.69,0.69,1.82,1.82,2.25,96.78
2013-06-26,2.45,2.45,4.24,4.24,4.64,99.06
2013-06-27,8.87,8.87,12.01,12.01,13.45,106.43
2013-06-28,12.78,12.78,24.1,24.1,26.08,118.65
2013-06-29,5.18,5.18,26.83,26.83,31.1,123.49
2013-06-30,2.24,2.24,20.2,20.2,33.31,109.34
2013-07-01,0.58,0.58,8.0,8.0,32.79,106.58
2013-07-02,0.75,0.75,3.57,3.57,32.85,77.5
2013-07-03,1.31,1.31,2.64,2.64,31.71,75.44
2013-07-04,1.53,1.53,3.59,3.59,24.37,76.8
2013-07-05,0.23,0.23,3.07,3.07,11.82,74.61
2013-07-06,10.03,10.03,11.79,11.79,16.67,63.3
2013-07-07,3.0,3.0,13.26,13.26,17.43,59.26
2013-07-08,0.43,0.43,13.46,13.46,17.28,56.08
2013-07-09,1.91,1.91,5.34,5.34,18.44,57.43
2013-07-10,18.15,18.15,20.49,20.49,35.28,75.45
2013-07-11,4.52,4.52,24.58,24.58,38.27,77.97
2013-07-12,1.39,1.39,24.06,24.06,39.43,78.77
2013-07-13,1.55,1.55,7.46,7.46,30.95,80.05
2013-07-14,0.55,0.55,3.49,3.49,28.5,80.3
2013-07-15,10.61,10.61,12.71,12.71,38.68,90.86
2013-07-16,4.11,4.11,15.27,15.27,40.88,94.88
2013-07-17,0.36,0.36,15.08,15.08,23.09,95.03
2013-07-18,5.29,5.29,9.76,9.76,23.86,100.07
2013-07-19,19.02,19.02,24.67,24.67,41.49,119.03
2013-07-20,6.06,6.06,30.37,30.37,46.0,125.03
2013-07-21,2.16,2.16,27.24,27.24,47.61,127.04
2013-07-22,2.43,2.43,10.65,10.65,39.43,129.31
2013-07-23,1.47,1.47,6.06,6.06,36.79,130.75
2013-07-24,0.76,0.76,4.66,4.66,37.19,130.41
2013-07-25,0.11,0.11,2.34,2.34,32.01,129.83
2013-07-26,0.19,0.19,1.06,1.06,13.18,127.57
2013-07-27,0.02,0.02,0.32,0.32,7.14,118.72
2013-07-28,0.52,0.52,0.73,0.73,5.5,106.46
2013-07-29,0.21,0.21,0.75,0.75,3.28,101.49
2013-07-30,0.06,0.06,0.79,0.79,1.87,99.31
2013-07-31,0.3,0.3,0.57,0.57,1.41,99.03
2013-08-01,1.03,1.03,1.39,1.39,2.33,99.31
2013-08-02,0.34,0.34,1.67,1.67,2.48,98.34
2013-08-03,3.33,3.33,4.7,4.7,5.79,100.14
2013-08-04,3.1,3.1,6.77,6.77,8.37,103.01
2013-08-05,4.35,4.35,10.78,10.78,12.51,97.33
2013-08-06,0.74,0.74,8.19,8.19,13.19,95.07
2013-08-07,1.85,1.85,6.94,6.94,14.74,96.49
2013-08-08,6.18,6.18,8.77,8.77,19.89,100.76
2013-08-09,6.1,6.1,14.13,14.13,25.65,88.71
2013-08-10,2.04,2.04,14.32,14.32,24.36,86.23
2013-08-11,5.41,5.41,13.55,13.55,26.67,90.25
2013-08-12,5.47,5.47,12.92,12.92,27.79,94.17
2013-08-13,5.45,5.45,16.33,16.33,32.5,99.07
2013-08-14,20.97,20.97,31.89,31.89,51.62,109.43
2013-08-15,23.42,23.42,49.84,49.84,68.86,128.74
2013-08-16,28.64,28.64,73.03,73.03,91.4,157.02
2013-08-17,1.94,1.94,54.0,54.0,91.3,153.67
2013-08-18,3.94,3.94,34.52,34.52,89.83,138.59
2013-08-19,3.3,3.3,9.18,9.18,87.66,135.83
2013-08-20,3.18,3.18,10.42,10.42,85.39,136.85
2013-08-21,3.63,3.63,10.11,10.11,68.05,138.05
2013-08-22,1.11,1.11,7.92,7.92,45.74,137.69
2013-08-23,0.38,0.38,5.12,5.12,17.48,137.31
2013-08-24,0.54,0.54,2.03,2.03,16.08,137.74
2013-08-25,0.53,0.53,1.45,1.45,12.67,138.08
2013-08-26,0.27,0.27,1.34,1.34,9.64,138.33
2013-08-27,0.42,0.42,1.22,1.22,6.88,138.23
2013-08-28,5.27,5.27,5.96,5.96,8.52,143.29
2013-08-29,19.45,19.45,25.14,25.14,26.86,162.68
2013-08-30,9.03,9.03,33.75,33.75,35.51,171.41
2013-08-31,3.64,3.64,32.12,32.12,38.61,174.02
2013-09-01,0.83,0.83,13.5,13.5,38.91,174.51
2013-09-02,1.91,1.91,6.38,6.38,40.55,173.09
2013-09-03,19.69,19.69,22.43,22.43,59.82,189.68
2013-09-04,2.43,2.43,24.03,24.03,56.98,187.76
2013-09-05,1.93,1.93,24.05,24.05,39.46,188.95
2013-09-06,5.06,5.06,9.42,9.42,35.49,192.16
2013-09-07,5.08,5.08,12.07,12.07,36.93,191.06
2013-09-08,14.04,14.04,24.18,24.18,50.14,199.0
2013-09-09,7.37,7.37,26.49,26.49,55.6,204.33
2013-09-10,47.2,47.2,68.61,68.61,83.11,246.12
2013-09-11,17.56,17.56,72.13,72.13,98.24,258.21
2013-09-12,15.01,15.01,79.77,79.77,111.32,267.77
2013-09-13,5.93,5.93,38.5,38.5,112.19,252.73
2013-09-14,4.35,4.35,25.29,25.29,111.46,233.66
2013-09-15,8.34,8.34,18.62,18.62,105.76,213.36
2013-09-16,7.77,7.77,20.46,20.46,106.16,219.19
2013-09-17,3.03,3.03,19.14,19.14,61.99,218.28
2013-09-18,3.5,3.5,14.3,14.3,47.93,218.48
2013-09-19,0.58,0.58,7.11,7.11,33.5,215.88
2013-09-20,1.12,1.12,5.2,5.2,28.69,213.37
2013-09-21,0.73,0.73,2.43,2.43,25.07,212.99
2013-09-22,0.01,0.01,1.86,1.86,16.74,212.62
2013-09-23,0.12,0.12,0.86,0.86,9.09,212.2
2013-09-24,0.13,0.13,0.26,0.26,6.19,211.8
2013-09-25,0.49,0.49,0.74,0.74,3.18,212.02
2013-09-26,3.6,3.6,4.22,4.22,6.2,215.2
2013-09-27,0.5,0.5,4.59,4.59,5.58,210.43
2013-09-28,3.71,3.71,7.81,7.81,8.56,194.69
2013-09-29,1.02,1.02,5.23,5.23,9.57,186.68
2013-09-30,3.71,3.71,8.44,8.44,13.16,186.75
2013-10-01,2.52,2.52,7.25,7.25,15.55,188.44
2013-10-02,3.12,3.12,9.35,9.35,18.18,189.65
2013-10-03,9.06,9.06,14.7,14.7,23.64,179.02
2013-10-04,1.44,1.44,13.62,13.62,24.58,178.03
2013-10-05,0.0,0.0,10.5,10.5,20.87,176.1
2013-10-06,0.03,0.03,1.47,1.47,19.88,171.07
2013-10-07,3.83,3.83,3.86,3.86,20.0,169.82
2013-10-08,5.94,5.94,9.8,9.8,23.42,161.72
2013-10-09,9.22,9.22,18.99,18.99,29.52,163.57
2013-10-10,5.23,5.23,20.39,20.39,25.69,121.6
2013-10-11,2.52,2.52,16.97,16.97,26.77,106.56
2013-10-12,0.34,0.34,8.09,8.09,27.11,91.89
2013-10-13,0.59,0.59,3.45,3.45,27.67,86.55
2013-10-14,0.95,0.95,1.88,1.88,24.79,83.15
2013-10-15,5.42,5.42,6.96,6.96,24.27,80.23
2013-10-16,1.01,1.01,7.38,7.38,16.06,73.47
2013-10-17,1.09,1.09,7.52,7.52,11.92,71.53
2013-10-18,2.14,2.14,4.24,4.24,11.54,70.17
2013-10-19,8.98,8.98,12.21,12.21,20.18,78.57
2013-10-20,24.77,24.77,35.89,35.89,44.36,102.22
2013-10-21,32.18,32.18,65.93,65.93,75.59,133.67
2013-10-22,23.87,23.87,80.82,80.82,94.04,157.53
2013-10-23,7.63,7.63,63.68,63.68,100.66,165.04
2013-10-24,2.85,2.85,34.35,34.35,102.42,167.76
2013-10-25,5.2,5.2,15.68,15.68,105.48,172.47
2013-10-26,3.2,3.2,11.25,11.25,99.7,172.07
2013-10-27,5.99,5.99,14.39,14.39,80.92,177.56
2013-10-28,2.3,2.3,11.49,11.49,51.04,176.15
2013-10-29,0.7,0.7,8.99,8.99,27.87,175.83
2013-10-30,0.48,0.48,3.48,3.48,20.72,172.6
2013-10-31,0.59,0.59,1.77,1.77,18.46,170.67
2013-11-01,3.56,3.56,4.63,4.63,16.82,171.11
2013-11-02,7.35,7.35,11.5,11.5,20.97,169.4
2013-11-03,8.89,8.89,19.8,19.8,23.87,176.85
2013-11-04,5.4,5.4,21.64,21.64,26.97,182.25
2013-11-05,2.85,2.85,17.14,17.14,29.12,185.07
2013-11-06,1.52,1.52,9.77,9.77,30.16,182.76
2013-11-07,0.1,0.1,4.47,4.47,29.67,176.92
2013-11-08,0.02,0.02,1.64,1.64,26.13,167.72
2013-11-09,0.01,0.01,0.13,0.13,18.79,162.5
2013-11-10,0.02,0.02,0.05,0.05,9.92,160.0
2013-11-11,0.0,0.0,0.03,0.03,4.52,159.66
2013-11-12,0.0,0.0,0.02,0.02,1.67,159.07
2013-11-13,0.19,0.19,0.19,0.19,0.34,158.31
2013-11-14,0.61,0.61,0.8,0.8,0.85,153.5
2013-11-15,2.11,2.11,2.91,2.91,2.94,154.6
2013-11-16,54.34,54.34,57.06,57.06,57.27,207.85
2013-11-17,19.46,19.46,75.91,75.91,76.71,225.17
2013-11-18,6.38,6.38,80.18,80.18,83.09,222.57
2013-11-19,0.25,0.25,26.09,26.09,83.34,198.05
2013-11-20,1.3,1.3,7.93,7.93,84.45,167.17
2013-11-21,1.07,1.07,2.62,2.62,84.91,144.37
2013-11-22,1.46,1.46,3.83,3.83,84.26,138.2
2013-11-23,3.14,3.14,5.67,5.67,33.06,138.49
2013-11-24,3.36,3.36,7.96,7.96,16.96,136.65
2013-11-25,1.63,1.63,8.13,8.13,12.21,135.08
2013-11-26,0.0,0.0,4.99,4.99,11.96,129.09
2013-11-27,0.0,0.0,1.63,1.63,10.66,126.79
2013-11-28,0.0,0.0,0.0,0.0,9.59,126.09
2013-11-29,0.01,0.01,0.01,0.01,8.14,125.62
2013-11-30,2.59,2.59,2.6,2.6,7.59,127.62
2013-12-01,3.95,3.95,6.55,6.55,8.18,128.01
2013-12-02,20.42,20.42,26.96,26.96,26.97,141.08
2013-12-03,0.9,0.9,25.27,25.27,27.87,133.09
2013-12-04,0.33,0.33,21.65,21.65,28.2,128.02
2013-12-05,1.13,1.13,2.36,2.36,29.33,126.3
2013-12-06,1.61,1.61,3.07,3.07,30.93,126.39
2013-12-07,3.0,3.0,5.74,5.74,31.34,129.29
2013-12-08,1.44,1.44,6.05,6.05,28.83,130.71
2013-12-09,0.01,0.01,4.45,4.45,8.42,130.71
2013-12-10,0.0,0.0,1.45,1.45,7.52,130.69
2013-12-11,0.47,0.47,0.48,0.48,7.66,131.16
2013-12-12,3.55,3.55,4.02,4.02,10.08,134.71
2013-12-13,0.93,0.93,4.95,4.95,9.4,135.45
2013-12-14,0.11,0.11,4.59,4.59,6.51,134.95
2013-12-15,0.0,0.0,1.04,1.04,5.07,132.84
2013-12-16,0.0,0.0,0.11,0.11,5.06,78.5
2013-12-17,0.0,0.0,0.0,0.0,5.06,59.04
2013-12-18,0.03,0.03,0.03,0.03,4.62,52.69
2013-12-19,0.01,0.01,0.04,0.04,1.08,52.45
2013-12-20,0.0,0.0,0.04,0.04,0.15,51.15
2013-12-21,0.0,0.0,0.01,0.01,0.04,50.08
2013-12-22,0.03,0.03,0.03,0.03,0.07,48.65
2013-12-23,0.13,0.13,0.16,0.16,0.2,45.64
2013-12-24,0.04,0.04,0.2,0.2,0.24,42.32
2013-12-25,0.04,0.04,0.21,0.21,0.25,40.73
2013-12-26,0.01,0.01,0.09,0.09,0.25,40.74
2013-12-27,0.02,0.02,0.07,0.07,0.27,40.76
2013-12-28,0.0,0.0,0.03,0.03,0.27,40.76
2013-12-29,0.0,0.0,0.02,0.02,0.24,40.75
2013-12-30,0.01,0.01,0.01,0.01,0.12,38.17
2013-12-31,0.01,0.01,0.02,0.02,0.09,34.23
2014-01-01,0.18,0.18,0.2,0.2,0.23,13.99
2014-01-02,0.13,0.13,0.32,0.32,0.35,13.22
2014-01-03,0.0,0.0,0.31,0.31,0.33,12.89
2014-01-04,0.0,0.0,0.13,0.13,0.33,11.76
2014-01-05,0.06,0.06,0.06,0.06,0.39,10.21
2014-01-06,0.0,0.0,0.06,0.06,0.38,7.21
2014-01-07,0.0,0.0,0.06,0.06,0.37,5.77
2014-01-08,0.02,0.02,0.02,0.02,0.21,5.78
2014-01-09,0.01,0.01,0.03,0.03,0.09,5.79
2014-01-10,0.02,0.02,0.05,0.05,0.11,5.34
2014-01-11,0.0,0.0,0.03,0.03,0.11,1.79
2014-01-12,0.01,0.01,0.03,0.03,0.06,0.87
2014-01-13,0.01,0.01,0.02,0.02,0.07,0.77
2014-01-14,0.0,0.0,0.02,0.02,0.07,0.77
2014-01-15,0.0,0.0,0.01,0.01,0.05,0.77
2014-01-16,0.0,0.0,0.0,0.0,0.04,0.77
2014-01-17,0.0,0.0,0.0,0.0,0.02,0.74
2014-01-18,0.01,0.01,0.01,0.01,0.03,0.74
2014-01-19,0.34,0.34,0.35,0.35,0.36,1.08
2014-01-20,0.16,0.16,0.51,0.51,0.51,1.24
2014-01-21,0.0,0.0,0.5,0.5,0.51,1.21
2014-01-22,0.0,0.0,0.16,0.16,0.51,1.08
2014-01-23,0.0,0.0,0.0,0.0,0.51,1.04
2014-01-24,0.0,0.0,0.0,0.0,0.51,1.0
2014-01-25,0.0,0.0,0.0,0.0,0.5,0.99
2014-01-26,0.0,0.0,0.0,0.0,0.16,0.97
2014-01-27,0.0,0.0,0.0,0.0,0.0,0.97
2014-01-28,0.0,0.0,0.0,0.0,0.0,0.97
2014-01-29,0.0,0.0,0.0,0.0,0.0,0.96
2014-01-30,0.0,0.0,0.0,0.0,0.0,0.95
2014-01-31,0.0,0.0,0.0,0.0,0.0,0.77
2014-02-01,0.0,0.0,0.0,0.0,0.0,0.64
2014-02-02,0.0,0.0,0.0,0.0,0.0,0.64
2014-02-03,0.0,0.0,0.0,0.0,0.0,0.64
2014-02-04,0.0,0.0,0.0,0.0,0.0,0.58
2014-02-05,0.0,0.0,0.0,0.0,0.0,0.58
2014-02-06,0.0,0.0,0.0,0.0,0.0,0.58
2014-02-07,0.0,0.0,0.0,0.0,0.0,0.56
2014-02-08,0.0,0.0,0.0,0.0,0.0,0.55
2014-02-09,0.0,0.0,0.0,0.0,0.0,0.53
2014-02-10,0.0,0.0,0.0,0.0,0.0,0.53
2014-02-11,0.0,0.0,0.0,0.0,0.0,0.52
2014-02-12,0.0,0.0,0.0,0.0,0.0,0.51
2014-02-13,0.0,0.0,0.0,0.0,0.0,0.51
2014-02-14,0.0,0.0,0.0,0.0,0.0,0.51
2014-02-15,0.01,0.01,0.01,0.01,0.01,0.52
2014-02-16,2.21,2.21,2.22,2.22,2.22,2.73
2014-02-17,0.99,0.99,3.21,3.21,3.21,3.71
2014-02-18,0.22,0.22,3.42,3.42,3.43,3.59
2014-02-19,0.07,0.07,1.28,1.28,3.5,3.5
2014-02-20,0.0,0.0,0.29,0.29,3.5,3.5
2014-02-21,0.0,0.0,0.07,0.07,3.5,3.5
2014-02-22,0.0,0.0,0.0,0.0,3.49,3.5
2014-02-23,0.0,0.0,0.0,0.0,1.28,3.5
2014-02-24,2.16,2.16,2.16,2.16,2.45,5.66
2014-02-25,0.02,0.02,2.18,2.18,2.25,5.68
2014-02-26,0.0,0.0,2.18,2.18,2.18,5.68
2014-02-27,0.0,0.0,0.02,0.02,2.18,5.68
2014-02-28,0.0,0.0,0.0,0.0,2.18,5.68
2014-03-01,0.05,0.05,0.05,0.05,2.23,5.73
2014-03-02,0.11,0.11,0.16,0.16,2.34,5.84
2014-03-03,0.02,0.02,0.18,0.18,0.2,5.86
2014-03-04,0.02,0.02,0.15,0.15,0.2,5.88
2014-03-05,0.0,0.0,0.04,0.04,0.2,5.88
2014-03-06,0.13,0.13,0.15,0.15,0.33,6.01
2014-03-07,0.56,0.56,0.69,0.69,0.89,6.57
2014-03-08,0.01,0.01,0.7,0.7,0.85,6.58
2014-03-09,0.0,0.0,0.57,0.57,0.74,6.58
2014-03-10,0.0,0.0,0.01,0.01,0.72,6.58
2014-03-11,0.0,0.0,0.0,0.0,0.7,6.58
2014-03-12,0.0,0.0,0.0,0.0,0.7,6.58
2014-03-13,0.0,0.0,0.0,0.0,0.57,6.58
2014-03-14,0.0,0.0,0.0,0.0,0.01,6.58
2014-03-15,0.0,0.0,0.0,0.0,0.0,6.58
2014-03-16,0.0,0.0,0.0,0.0,0.0,6.58
2014-03-17,0.0,0.0,0.0,0.0,0.0,6.57
2014-03-18,0.0,0.0,0.0,0.0,0.0,4.36
2014-03-19,0.0,0.0,0.0,0.0,0.0,3.37
2014-03-20,0.0,0.0,0.0,0.0,0.0,3.15
2014-03-21,0.01,0.01,0.01,0.01,0.01,3.09
2014-03-22,0.0,0.0,0.01,0.01,0.01,3.09
2014-03-23,0.0,0.0,0.01,0.01,0.01,3.09
2014-03-24,0.0,0.0,0.0,0.0,0.01,3.09
2014-03-25,0.0,0.0,0.0,0.0,0.01,3.09
2014-03-26,0.0,0.0,0.0,0.0,0.01,0.93
2014-03-27,0.0,0.0,0.0,0.0,0.01,0.91
2014-03-28,0.0,0.0,0.0,0.0,0.0,0.91
2014-03-29,0.0,0.0,0.0,0.0,0.0,0.91
2014-03-30,0.0,0.0,0.0,0.0,0.0,0.91
2014-03-31,0.0,0.0,0.0,0.0,0.0,0.86
2014-04-01,0.0,0.0,0.0,0.0,0.0,0.75
2014-04-02,0.0,0.0,0.0,0.0,0.0,0.73
2014-04-03,0.0,0.0,0.0,0.0,0.0,0.71
2014-04-04,0.0,0.0,0.0,0.0,0.0,0.71
2014-04-05,0.02,0.02,0.02,0.02,0.02,0.6
2014-04-06,0.0,0.0,0.02,0.02,0.02,0.04
2014-04-07,0.01,0.01,0.03,0.03,0.03,0.04
2014-04-08,0.01,0.01,0.02,0.02,0.04,0.05
2014-04-09,0.06,0.06,0.08,0.08,0.1,0.11
2014-04-10,0.01,0.01,0.08,0.08,0.11,0.12
2014-04-11,0.01,0.01,0.08,0.08,0.12,0.13
2014-04-12,0.0,0.0,0.02,0.02,0.1,0.13
2014-04-13,0.0,0.0,0.01,0.01,0.1,0.13
2014-04-14,0.01,0.01,0.01,0.01,0.1,0.14
2014-04-15,0.0,0.0,0.01,0.01,0.09,0.14
2014-04-16,0.0,0.0,0.01,0.01,0.03,0.14
2014-04-17,0.0,0.0,0.0,0.0,0.02,0.14
2014-04-18,0.01,0.01,0.01,0.01,0.02,0.15
2014-04-19,0.0,0.0,0.01,0.01,0.02,0.15
2014-04-20,0.0,0.0,0.01,0.01,0.02,0.14
2014-04-21,0.0,0.0,0.0,0.0,0.01,0.14
2014-04-22,0.0,0.0,0.0,0.0,0.01,0.14
2014-04-23,0.01,0.01,0.01,0.01,0.02,0.15
2014-04-24,0.01,0.01,0.02,0.02,0.03,0.16
2014-04-25,0.01,0.01,0.03,0.03,0.03,0.17
2014-04-26,0.04,0.04,0.06,0.06,0.07,0.21
2014-04-27,0.02,0.02,0.07,0.07,0.09,0.23
2014-04-28,0.01,0.01,0.07,0.07,0.1,0.24
2014-04-29,0.03,0.03,0.06,0.06,0.13,0.27
2014-04-30,0.04,0.04,0.08,0.08,0.16,0.31
2014-05-01,0.28,0.28,0.35,0.35,0.43,0.59
2014-05-02,1.02,1.02,1.34,1.34,1.44,1.61
2014-05-03,1.76,1.76,3.06,3.06,3.16,3.37
2014-05-04,5.95,5.95,8.73,8.73,9.09,9.32
2014-05-05,5.52,5.52,13.23,13.23,14.6,14.82
2014-05-06,5.53,5.53,17.0,17.0,20.1,20.35
2014-05-07,9.34,9.34,20.39,20.39,29.4,29.68
2014-05-08,7.0,7.0,21.87,21.87,36.12,36.67
2014-05-09,1.5,1.5,17.84,17.84,36.6,38.11
2014-05-10,0.23,0.23,8.73,8.73,35.07,38.33
2014-05-11,0.13,0.13,1.86,1.86,29.25,38.45
2014-05-12,0.03,0.03,0.39,0.39,23.76,38.48
2014-05-13,0.02,0.02,0.18,0.18,18.25,38.5
2014-05-14,0.15,0.15,0.2,0.2,9.06,38.64
2014-05-15,0.21,0.21,0.38,0.38,2.27,38.85
2014-05-16,0.02,0.02,0.38,0.38,0.79,38.87
2014-05-17,0.79,0.79,1.02,1.02,1.35,39.66
2014-05-18,0.1,0.1,0.91,0.91,1.32,39.75
2014-05-19,0.1,0.1,0.99,0.99,1.39,39.85
2014-05-20,0.24,0.24,0.44,0.44,1.61,40.09
2014-05-21,0.43,0.43,0.77,0.77,1.89,40.52
2014-05-22,9.67,9.67,10.34,10.34,11.35,50.19
2014-05-23,0.29,0.29,10.39,10.39,11.62,50.47
2014-05-24,0.94,0.94,10.9,10.9,11.77,51.4
2014-05-25,0.23,0.23,1.46,1.46,11.9,51.62
2014-05-26,4.19,4.19,5.36,5.36,15.99,55.77
2014-05-27,2.8,2.8,7.22,7.22,18.55,58.55
2014-05-28,1.2,1.2,8.19,8.19,19.32,59.74
2014-05-29,3.91,3.91,7.91,7.91,13.56,63.62
2014-05-30,0.2,0.2,5.31,5.31,13.47,63.78
2014-05-31,0.55,0.55,4.66,4.66,13.08,64.05
2014-06-01,1.51,1.51,2.26,2.26,14.36,64.54
2014-06-02,18.76,18.76,20.82,20.82,28.93,81.54
2014-06-03,4.08,4.08,24.35,24.35,30.21,79.67
2014-06-04,0.29,0.29,23.13,23.13,29.3,74.44
2014-06-05,7.01,7.01,11.38,11.38,32.4,75.92
2014-06-06,0.98,0.98,8.28,8.28,33.18,67.56
2014-06-07,0.27,0.27,8.26,8.26,32.9,60.83
2014-06-08,18.1,18.1,19.35,19.35,49.49,77.43
2014-06-09,5.03,5.03,23.4,23.4,35.76,82.23
2014-06-10,0.03,0.03,23.16,23.16,31.71,82.13
2014-06-11,0.08,0.08,5.14,5.14,31.5,82.18
2014-06-12,1.5,1.5,1.61,1.61,25.99,83.66
2014-06-13,0.17,0.17,1.75,1.75,25.18,83.68
2014-06-14,0.13,0.13,1.8,1.8,25.04,83.6
2014-06-15,0.03,0.03,0.33,0.33,6.97,83.61
2014-06-16,0.0,0.0,0.16,0.16,1.94,82.82
2014-06-17,0.13,0.13,0.16,0.16,2.04,82.85
2014-06-18,0.0,0.0,0.13,0.13,1.96,82.75
2014-06-19,0.0,0.0,0.13,0.13,0.46,82.51
2014-06-20,1.04,1.04,1.04,1.04,1.33,83.12
2014-06-21,3.3,3.3,4.34,4.34,4.5,76.75
2014-06-22,1.0,1.0,5.34,5.34,5.47,77.46
2014-06-23,0.27,0.27,4.57,4.57,5.74,76.79
2014-06-24,0.02,0.02,1.29,1.29,5.63,76.58
2014-06-25,0.18,0.18,0.47,0.47,5.81,72.57
2014-06-26,0.1,0.1,0.3,0.3,5.91,69.87
2014-06-27,3.36,3.36,3.64,3.64,8.23,72.03
2014-06-28,23.76,23.76,27.22,27.22,28.69,91.88
2014-06-29,27.13,27.13,54.25,54.25,54.82,118.81
2014-06-30,2.82,2.82,53.71,53.71,57.37,121.08
2014-07-01,0.67,0.67,30.62,30.62,58.02,120.24
2014-07-02,0.03,0.03,3.52,3.52,57.87,101.51
2014-07-03,0.01,0.01,0.71,0.71,57.78,97.44
2014-07-04,0.03,0.03,0.07,0.07,54.45,97.18
2014-07-05,7.84,7.84,7.88,7.88,38.53,98.01
2014-07-06,1.17,1.17,9.04,9.04,12.57,98.2
2014-07-07,1.24,1.24,10.25,10.25,10.99,99.17
2014-07-08,3.87,3.87,6.28,6.28,14.19,84.94
2014-07-09,5.65,5.65,10.76,10.76,19.81,85.56
2014-07-10,3.94,3.94,13.46,13.46,23.74,89.47
2014-07-11,4.68,4.68,14.27,14.27,28.39,94.07
2014-07-12,1.21,1.21,9.83,9.83,21.76,93.78
2014-07-13,1.94,1.94,7.83,7.83,22.53,95.55
2014-07-14,2.56,2.56,5.71,5.71,23.85,97.98
2014-07-15,0.22,0.22,4.72,4.72,20.2,98.17
2014-07-16,0.0,0.0,2.78,2.78,14.55,98.17
2014-07-17,0.0,0.0,0.22,0.22,10.61,98.04
2014-07-18,0.0,0.0,0.0,0.0,5.93,98.04
2014-07-19,0.01,0.01,0.01,0.01,4.73,98.05
2014-07-20,0.27,0.27,0.28,0.28,3.06,97.28
2014-07-21,0.35,0.35,0.63,0.63,0.85,94.33
2014-07-22,1.04,1.04,1.66,1.66,1.67,94.37
2014-07-23,0.12,0.12,1.51,1.51,1.79,94.22
2014-07-24,0.21,0.21,1.37,1.37,2.0,94.41
2014-07-25,2.64,2.64,2.97,2.97,4.64,96.87
2014-07-26,1.52,1.52,4.37,4.37,6.15,98.29
2014-07-27,0.78,0.78,4.94,4.94,6.66,95.71
2014-07-28,1.2,1.2,3.5,3.5,7.51,73.15
2014-07-29,1.01,1.01,2.99,2.99,7.48,47.03
2014-07-30,1.32,1.32,3.53,3.53,8.68,45.53
2014-07-31,1.09,1.09,3.42,3.42,9.56,45.95
2014-08-01,0.43,0.43,2.84,2.84,7.35,46.35
2014-08-02,0.07,0.07,1.59,1.59,5.9,46.41
2014-08-03,5.32,5.32,5.82,5.82,10.44,51.7
2014-08-04,1.24,1.24,6.63,6.63,10.48,45.1
2014-08-05,3.86,3.86,10.42,10.42,13.33,47.79
2014-08-06,4.98,4.98,10.08,10.08,16.99,51.53
2014-08-07,13.65,13.65,22.49,22.49,29.55,61.31
2014-08-08,25.76,25.76,44.39,44.39,54.88,81.42
2014-08-09,6.8,6.8,46.21,46.21,61.61,84.28
2014-08-10,3.35,3.35,35.91,35.91,59.64,82.95
2014-08-11,7.37,7.37,17.52,17.52,65.77,89.11
2014-08-12,11.07,11.07,21.79,21.79,72.98,98.24
2014-08-13,1.8,1.8,20.24,20.24,69.8,97.48
2014-08-14,0.54,0.54,13.41,13.41,56.69,97.8
2014-08-15,5.44,5.44,7.78,7.78,36.37,103.24
2014-08-16,7.07,7.07,13.05,13.05,36.64,110.31
2014-08-17,3.24,3.24,15.75,15.75,36.53,113.55
2014-08-18,2.01,2.01,12.32,12.32,31.17,115.55
2014-08-19,0.41,0.41,5.66,5.66,20.51,115.69
2014-08-20,0.04,0.04,2.46,2.46,18.75,115.38
2014-08-21,0.06,0.06,0.51,0.51,18.27,114.4
2014-08-22,1.59,1.59,1.69,1.69,14.42,115.87
2014-08-23,1.14,1.14,2.79,2.79,8.49,116.8
2014-08-24,29.89,29.89,32.62,32.62,35.14,144.05
2014-08-25,6.38,6.38,37.41,37.41,39.51,148.91
2014-08-26,3.09,3.09,39.36,39.36,42.19,151.22
2014-08-27,3.8,3.8,13.27,13.27,45.95,153.82
2014-08-28,5.87,5.87,12.76,12.76,51.76,158.68
2014-08-29,1.56,1.56,11.23,11.23,51.73,158.92
2014-08-30,0.02,0.02,7.45,7.45,50.61,157.85
2014-08-31,0.01,0.01,1.59,1.59,20.73,157.43
2014-09-01,0.95,0.95,0.98,0.98,15.3,158.31
2014-09-02,0.09,0.09,1.05,1.05,12.3,153.08
2014-09-03,19.91,19.91,20.95,20.95,28.41,171.75
2014-09-04,10.08,10.08,30.08,30.08,32.62,177.97
2014-09-05,7.07,7.07,37.06,37.06,38.13,180.06
2014-09-06,3.39,3.39,20.54,20.54,41.5,169.8
2014-09-07,4.78,4.78,15.24,15.24,46.27,148.82
2014-09-08,0.91,0.91,9.08,9.08,46.23,142.93
2014-09-09,0.44,0.44,6.13,6.13,46.58,140.02
2014-09-10,0.63,0.63,1.98,1.98,27.3,133.28
2014-09-11,0.62,0.62,1.69,1.69,17.84,122.83
2014-09-12,4.36,4.36,5.61,5.61,15.13,125.39
2014-09-13,2.87,2.87,7.85,7.85,14.61,127.72
2014-09-14,5.62,5.62,12.85,12.85,15.45,127.9
2014-09-15,21.42,21.42,29.91,29.91,35.96,142.25
2014-09-16,10.67,10.67,37.71,37.71,46.19,149.68
2014-09-17,5.8,5.8,37.89,37.89,51.36,153.47
2014-09-18,2.1,2.1,18.57,18.57,52.84,155.16
2014-09-19,2.24,2.24,10.14,10.14,50.72,157.36
2014-09-20,3.94,3.94,8.28,8.28,51.79,161.24
2014-09-21,18.4,18.4,24.58,24.58,64.57,178.05
2014-09-22,4.38,4.38,26.72,26.72,47.53,181.29
2014-09-23,0.36,0.36,23.14,23.14,37.22,151.76
2014-09-24,1.33,1.33,6.07,6.07,32.75,146.71
2014-09-25,0.97,0.97,2.66,2.66,31.62,144.59
2014-09-26,0.29,0.29,2.59,2.59,29.67,141.08
2014-09-27,1.07,1.07,2.33,2.33,26.8,136.28
2014-09-28,1.63,1.63,2.99,2.99,10.03,136.35
2014-09-29,0.66,0.66,3.36,3.36,6.31,136.99
2014-09-30,0.3,0.3,2.59,2.59,6.25,137.28
2014-10-01,0.05,0.05,1.01,1.01,4.97,136.38
2014-10-02,0.01,0.01,0.36,0.36,4.01,136.3
2014-10-03,0.0,0.0,0.06,0.06,3.72,116.39
2014-10-04,0.04,0.04,0.05,0.05,2.69,106.35
2014-10-05,0.88,0.88,0.92,0.92,1.94,100.16
2014-10-06,2.19,2.19,3.11,3.11,3.47,98.96
2014-10-07,6.7,6.7,9.77,9.77,9.87,100.88
2014-10-08,3.44,3.44,12.33,12.33,13.26,103.41
2014-10-09,1.32,1.32,11.46,11.46,14.57,104.29
2014-10-10,0.53,0.53,5.29,5.29,15.1,104.19
2014-10-11,0.22,0.22,2.07,2.07,15.28,103.79
2014-10-12,0.28,0.28,1.03,1.03,14.68,99.71
2014-10-13,1.54,1.54,2.04,2.04,14.03,98.38
2014-10-14,3.72,3.72,5.54,5.54,11.05,96.48
2014-10-15,12.33,12.33,17.59,17.59,19.94,87.39
2014-10-16,9.35,9.35,25.4,25.4,27.97,86.07
2014-10-17,40.07,40.07,61.75,61.75,67.51,120.34
2014-10-18,53.9,53.9,103.32,103.32,121.19,172.14
2014-10-19,34.47,34.47,128.44,128.44,155.38,204.37
2014-10-20,18.34,18.34,106.71,106.71,172.18,218.77
2014-10-21,8.4,8.4,61.21,61.21,176.86,208.77
2014-10-22,8.12,8.12,34.86,34.86,172.65,212.51
2014-10-23,31.38,31.38,47.9,47.9,194.68,243.53
2014-10-24,11.88,11.88,51.38,51.38,166.49,254.08
2014-10-25,11.09,11.09,54.35,54.35,123.68,264.2
2014-10-26,12.82,12.82,35.79,35.79,102.03,276.73
2014-10-27,22.19,22.19,46.1,46.1,105.88,297.85
2014-10-28,5.61,5.61,40.62,40.62,103.09,301.83
2014-10-29,0.58,0.58,28.38,28.38,95.55,301.75
2014-10-30,0.04,0.04,6.23,6.23,64.21,301.49
2014-10-31,6.04,6.04,6.66,6.66,58.37,307.48
2014-11-01,8.41,8.41,14.49,14.49,55.69,315.88
2014-11-02,5.81,5.81,20.26,20.26,48.68,321.69
2014-11-03,2.24,2.24,16.46,16.46,28.73,323.89
2014-11-04,0.14,0.14,8.19,8.19,23.26,323.15
2014-11-05,0.0,0.0,2.38,2.38,22.68,320.96
2014-11-06,0.0,0.0,0.14,0.14,22.64,314.26
2014-11-07,0.0,0.0,0.0,0.0,16.6,310.82
2014-11-08,0.03,0.03,0.03,0.03,8.22,309.53
2014-11-09,2.42,2.42,2.45,2.45,4.83,311.42
2014-11-10,0.11,0.11,2.56,2.56,2.7,311.31
2014-11-11,8.13,8.13,10.66,10.66,10.69,319.16
2014-11-12,23.18,23.18,31.42,31.42,33.87,340.8
2014-11-13,43.55,43.55,74.86,74.86,77.42,380.63
2014-11-14,12.76,12.76,79.49,79.49,90.18,381.06
2014-11-15,0.68,0.68,56.99,56.99,90.83,372.39
2014-11-16,0.19,0.19,13.63,13.63,88.6,332.51
2014-11-17,0.0,0.0,0.87,0.87,88.49,278.61
2014-11-18,0.01,0.01,0.2,0.2,80.37,244.15
2014-11-19,0.12,0.12,0.13,0.13,57.31,225.93
2014-11-20,0.12,0.12,0.25,0.25,13.88,217.65
2014-11-21,0.04,0.04,0.28,0.28,1.16,209.57
2014-11-22,0.08,0.08,0.24,0.24,0.56,178.27
2014-11-23,0.0,0.0,0.12,0.12,0.37,166.39
2014-11-24,0.0,0.0,0.08,0.08,0.37,155.3
2014-11-25,0.06,0.06,0.06,0.06,0.42,142.54
2014-11-26,0.08,0.08,0.14,0.14,0.38,120.43
2014-11-27,0.08,0.08,0.22,0.22,0.34,114.9
2014-11-28,2.46,2.46,2.62,2.62,2.76,116.78
2014-11-29,2.74,2.74,5.28,5.28,5.42,119.48
2014-11-30,2.16,2.16,7.36,7.36,7.58,115.6
2014-12-01,0.07,0.07,4.97,4.97,7.65,107.26
2014-12-02,0.0,0.0,2.23,2.23,7.59,101.45
2014-12-03,0.0,0.0,0.07,0.07,7.51,99.21
2014-12-04,0.0,0.0,0.0,0.0,7.43,99.07
2014-12-05,0.0,0.0,0.0,0.0,4.97,99.07
2014-12-06,0.0,0.0,0.0,0.0,2.23,99.07
2014-12-07,0.09,0.09,0.09,0.09,0.16,99.16
2014-12-08,0.16,0.16,0.25,0.25,0.25,99.29
2014-12-09,21.15,21.15,21.4,21.4,21.4,118.02
2014-12-10,30.65,30.65,51.96,51.96,52.05,148.56
2014-12-11,21.54,21.54,73.34,73.34,73.59,161.97
2014-12-12,5.64,5.64,57.83,57.83,79.23,144.43
2014-12-13,7.78,7.78,34.96,34.96,87.01,108.66
2014-12-14,0.41,0.41,13.83,13.83,87.33,96.31
2014-12-15,0.48,0.48,8.67,8.67,87.65,96.11
2014-12-16,2.22,2.22,3.11,3.11,68.72,98.14
2014-12-17,5.04,5.04,7.74,7.74,43.11,103.18
2014-12-18,1.7,1.7,8.96,8.96,23.27,104.87
2014-12-19,0.78,0.78,7.52,7.52,18.41,105.53
2014-12-20,0.0,0.0,2.48,2.48,10.63,105.41
2014-12-21,0.02,0.02,0.8,0.8,10.24,105.39
2014-12-22,0.17,0.17,0.19,0.19,9.93,105.48
2014-12-23,0.05,0.05,0.24,0.24,7.76,105.53
2014-12-24,0.0,0.0,0.22,0.22,2.72,105.53
2014-12-25,0.0,0.0,0.05,0.05,1.02,105.47
2014-12-26,0.0,0.0,0.0,0.0,0.24,105.39
2014-12-27,0.2,0.2,0.2,0.2,0.44,105.51
2014-12-28,6.15,6.15,6.35,6.35,6.57,109.2
2014-12-29,30.05,30.05,36.4,36.4,36.45,136.51
2014-12-30,3.12,3.12,39.32,39.32,39.52,137.47
2014-12-31,0.39,0.39,33.56,33.56,39.91,137.79
2015-01-01,0.23,0.23,3.74,3.74,40.14,138.02
2015-01-02,0.22,0.22,0.84,0.84,40.36,138.24
2015-01-03,0.04,0.04,0.49,0.49,40.2,138.28
2015-01-04,0.0,0.0,0.26,0.26,34.05,138.28
2015-01-05,0.01,0.01,0.05,0.05,4.01,138.29
2015-01-06,0.0,0.0,0.01,0.01,0.89,138.2
2015-01-07,0.0,0.0,0.01,0.01,0.5,138.04
2015-01-08,0.0,0.0,0.0,0.0,0.27,116.89
2015-01-09,0.0,0.0,0.0,0.0,0.05,86.24
2015-01-10,0.0,0.0,0.0,0.0,0.01,64.7
2015-01-11,0.0,0.0,0.0,0.0,0.01,59.06
2015-01-12,0.0,0.0,0.0,0.0,0.0,51.28
2015-01-13,0.0,0.0,0.0,0.0,0.0,50.87
2015-01-14,0.0,0.0,0.0,0.0,0.0,50.39
2015-01-15,0.0,0.0,0.0,0.0,0.0,48.17
2015-01-16,0.04,0.04,0.04,0.04,0.04,43.17
2015-01-17,0.0,0.0,0.04,0.04,0.04,41.47
2015-01-18,0.0,0.0,0.04,0.04,0.04,40.69
2015-01-19,0.0,0.0,0.0,0.0,0.04,40.69
2015-01-20,0.0,0.0,0.0,0.0,0.04,40.67
2015-01-21,0.04,0.04,0.04,0.04,0.08,40.54
2015-01-22,0.23,0.23,0.27,0.27,0.31,40.72
2015-01-23,1.8,1.8,2.07,2.07,2.07,42.52
2015-01-24,1.43,1.43,3.46,3.46,3.5,43.95
2015-01-25,0.05,0.05,3.28,3.28,3.55,44.0
2015-01-26,0.01,0.01,1.49,1.49,3.56,43.81
2015-01-27,0.0,0.0,0.06,0.06,3.56,37.66
2015-01-28,0.01,0.01,0.02,0.02,3.53,7.62
2015-01-29,0.0,0.0,0.01,0.01,3.3,4.5
2015-01-30,0.0,0.0,0.01,0.01,1.5,4.11
2015-01-31,0.0,0.0,0.0,0.0,0.07,3.88
2015-02-01,0.01,0.01,0.01,0.01,0.03,3.67
2015-02-02,0.0,0.0,0.01,0.01,0.02,3.63
2015-02-03,0.01,0.01,0.02,0.02,0.03,3.64
2015-02-04,0.0,0.0,0.01,0.01,0.02,3.63
2015-02-05,0.0,0.0,0.01,0.01,0.02,3.63
2015-02-06,0.0,0.0,0.0,0.0,0.02,3.63
2015-02-07,0.0,0.0,0.0,0.0,0.02,3.63
2015-02-08,0.0,0.0,0.0,0.0,0.01,3.63
2015-02-09,0.0,0.0,0.0,0.0,0.01,3.63
2015-02-10,0.0,0.0,0.0,0.0,0.0,3.63
2015-02-11,0.02,0.02,0.02,0.02,0.02,3.65
2015-02-12,0.0,0.0,0.02,0.02,0.02,3.65
2015-02-13,0.0,0.0,0.02,0.02,0.02,3.65
2015-02-14,0.0,0.0,0.0,0.0,0.02,3.65
2015-02-15,0.0,0.0,0.0,0.0,0.02,3.61
2015-02-16,0.0,0.0,0.0,0.0,0.02,3.61
2015-02-17,0.0,0.0,0.0,0.0,0.02,3.61
2015-02-18,0.0,0.0,0.0,0.0,0.0,3.61
2015-02-19,0.0,0.0,0.0,0.0,0.0,3.61
2015-02-20,0.0,0.0,0.0,0.0,0.0,3.57
2015-02-21,0.0,0.0,0.0,0.0,0.0,3.34
2015-02-22,0.0,0.0,0.0,0.0,0.0,1.54
2015-02-23,0.0,0.0,0.0,0.0,0.0,0.11
2015-02-24,0.0,0.0,0.0,0.0,0.0,0.06
2015-02-25,0.0,0.0,0.0,0.0,0.0,0.05
2015-02-26,0.0,0.0,0.0,0.0,0.0,0.05
2015-02-27,0.0,0.0,0.0,0.0,0.0,0.04
2015-02-28,0.33,0.33,0.33,0.33,0.33,0.37
2015-03-01,0.17,0.17,0.5,0.5,0.5,0.54
2015-03-02,0.46,0.46,0.96,0.96,0.96,1.0
2015-03-03,0.87,0.87,1.5,1.5,1.83,1.86
2015-03-04,0.93,0.93,2.26,2.26,2.76,2.79
2015-03-05,0.04,0.04,1.84,1.84,2.8,2.82
2015-03-06,0.04,0.04,1.01,1.01,2.84,2.86
2015-03-07,0.01,0.01,0.09,0.09,2.52,2.87
2015-03-08,0.0,0.0,0.05,0.05,2.35,2.87
2015-03-09,0.0,0.0,0.01,0.01,1.89,2.87
2015-03-10,0.0,0.0,0.0,0.0,1.02,2.87
2015-03-11,0.0,0.0,0.0,0.0,0.09,2.87
2015-03-12,0.01,0.01,0.01,0.01,0.06,2.88
2015-03-13,0.01,0.01,0.02,0.02,0.03,2.87
2015-03-14,0.0,0.0,0.02,0.02,0.02,2.87
2015-03-15,0.0,0.0,0.01,0.01,0.02,2.87
2015-03-16,0.0,0.0,0.0,0.0,0.02,2.87
2015-03-17,0.0,0.0,0.0,0.0,0.02,2.87
2015-03-18,0.0,0.0,0.0,0.0,0.02,2.87
2015-03-19,0.0,0.0,0.0,0.0,0.01,2.87
2015-03-20,0.0,0.0,0.0,0.0,0.0,2.87
2015-03-21,0.0,0.0,0.0,0.0,0.0,2.87
2015-03-22,0.0,0.0,0.0,0.0,0.0,2.87
2015-03-23,0.0,0.0,0.0,0.0,0.0,2.87
2015-03-24,0.0,0.0,0.0,0.0,0.0,2.87
2015-03-25,0.0,0.0,0.0,0.0,0.0,2.87
2015-03-26,0.0,0.0,0.0,0.0,0.0,2.87
2015-03-27,0.0,0.0,0.0,0.0,0.0,2.87
2015-03-28,0.01,0.01,0.01,0.01,0.01,2.88
2015-03-29,0.0,0.0,0.01,0.01,0.01,2.88
2015-03-30,0.0,0.0,0.01,0.01,0.01,2.55
2015-03-31,0.01,0.01,0.01,0.01,0.02,2.39
2015-04-01,0.01,0.01,0.02,0.02,0.03,1.94
2015-04-02,0.01,0.01,0.03,0.03,0.04,1.08
2015-04-03,0.01,0.01,0.03,0.03,0.05,0.16
2015-04-04,0.02,0.02,0.04,0.04,0.06,0.14
2015-04-05,0.01,0.01,0.04,0.04,0.07,0.11
2015-04-06,0.0,0.0,0.03,0.03,0.07,0.1
2015-04-07,0.0,0.0,0.01,0.01,0.06,0.1
2015-04-08,0.02,0.02,0.02,0.02,0.07,0.12
2015-04-09,0.02,0.02,0.04,0.04,0.08,0.14
2015-04-10,0.0,0.0,0.04,0.04,0.07,0.14
2015-04-11,0.01,0.01,0.03,0.03,0.06,0.14
2015-04-12,0.54,0.54,0.55,0.55,0.59,0.67
2015-04-13,9.65,9.65,10.2,10.2,10.24,10.32
2015-04-14,7.83,7.83,18.02,18.02,18.07,18.15
2015-04-15,36.86,36.86,54.34,54.34,54.91,55.01
2015-04-16,16.37,16.37,61.06,61.06,71.26,71.38
2015-04-17,0.62,0.62,53.85,53.85,71.88,72.0
2015-04-18,0.46,0.46,17.45,17.45,72.33,72.46
2015-04-19,0.0,0.0,1.08,1.08,71.79,72.46
2015-04-20,0.04,0.04,0.5,0.5,62.18,72.5
2015-04-21,0.14,0.14,0.18,0.18,54.49,72.64
2015-04-22,0.15,0.15,0.33,0.33,17.78,72.79
2015-04-23,0.2,0.2,0.49,0.49,1.61,72.99
2015-04-24,6.63,6.63,6.98,6.98,7.62,79.62
2015-04-25,3.67,3.67,10.5,10.5,10.83,83.29
2015-04-26,0.06,0.06,10.36,10.36,10.89,83.35
2015-04-27,0.04,0.04,3.77,3.77,10.89,83.38
2015-04-28,0.01,0.01,0.11,0.11,10.76,83.39
2015-04-29,0.09,0.09,0.14,0.14,10.7,83.48
2015-04-30,0.16,0.16,0.26,0.26,10.66,83.63
2015-05-01,0.18,0.18,0.43,0.43,4.21,83.8
2015-05-02,0.79,0.79,1.13,1.13,1.33,84.58
2015-05-03,0.78,0.78,1.75,1.75,2.05,85.35
2015-05-04,0.23,0.23,1.8,1.8,2.24,85.56
2015-05-05,0.17,0.17,1.18,1.18,2.4,85.72
2015-05-06,0.18,0.18,0.58,0.58,2.49,85.9
2015-05-07,0.23,0.23,0.58,0.58,2.56,86.13
2015-05-08,0.22,0.22,0.63,0.63,2.6,86.33
2015-05-09,0.12,0.12,0.57,0.57,1.93,86.43
2015-05-10,0.36,0.36,0.7,0.7,1.51,86.79
2015-05-11,1.18,1.18,1.66,1.66,2.46,87.96
2015-05-12,0.12,0.12,1.66,1.66,2.41,87.54
2015-05-13,2.29,2.29,3.59,3.59,4.52,80.18
2015-05-14,10.8,10.8,13.21,13.21,15.09,83.15
2015-05-15,5.53,5.53,18.62,18.62,20.4,51.82
2015-05-16,3.63,3.63,19.96,19.96,23.91,39.08
2015-05-17,2.58,2.58,11.74,11.74,26.13,41.04
2015-05-18,0.16,0.16,6.37,6.37,25.11,40.74
2015-05-19,0.78,0.78,3.52,3.52,25.77,41.52
2015-05-20,0.41,0.41,1.35,1.35,23.89,41.89
2015-05-21,0.06,0.06,1.25,1.25,13.15,41.81
2015-05-22,0.02,0.02,0.49,0.49,7.64,41.68
2015-05-23,0.01,0.01,0.09,0.09,4.02,41.49
2015-05-24,0.24,0.24,0.27,0.27,1.68,35.1
2015-05-25,0.02,0.02,0.27,0.27,1.54,31.45
2015-05-26,0.76,0.76,1.02,1.02,1.52,32.15
2015-05-27,7.29,7.29,8.07,8.07,8.4,39.4
2015-05-28,5.4,5.4,13.45,13.45,13.74,44.79
2015-05-29,0.44,0.44,13.13,13.13,14.16,45.14
2015-05-30,0.24,0.24,6.08,6.08,14.39,45.22
2015-05-31,0.38,0.38,1.06,1.06,14.53,45.42
2015-06-01,0.36,0.36,0.98,0.98,14.87,44.99
2015-06-02,3.4,3.4,4.14,4.14,17.51,47.61
2015-06-03,0.4,0.4,4.16,4.16,10.62,47.78
2015-06-04,0.53,0.53,4.33,4.33,5.75,48.14
2015-06-05,0.44,0.44,1.37,1.37,5.75,48.4
2015-06-06,0.2,0.2,1.17,1.17,5.71,48.37
2015-06-07,0.17,0.17,0.81,0.81,5.5,48.32
2015-06-08,0.16,0.16,0.53,0.53,5.3,48.36
2015-06-09,2.71,2.71,3.04,3.04,4.61,50.71
2015-06-10,2.01,2.01,4.88,4.88,6.22,51.54
2015-06-11,5.49,5.49,10.21,10.21,11.18,56.91
2015-06-12,14.71,14.71,22.21,22.21,25.45,69.33
2015-06-13,3.82,3.82,24.02,24.02,29.07,62.35
2015-06-14,4.4,4.4,22.93,22.93,33.3,61.22
2015-06-15,0.77,0.77,8.99,8.99,33.91,58.36
2015-06-16,3.52,3.52,8.69,8.69,34.72,59.3
2015-06-17,2.08,2.08,6.37,6.37,34.79,61.22
2015-06-18,1.85,1.85,7.45,7.45,31.15,62.29
2015-06-19,1.21,1.21,5.14,5.14,17.65,63.09
2015-06-20,0.09,0.09,3.15,3.15,13.92,63.12
2015-06-21,0.11,0.11,1.41,1.41,9.63,63.21
2015-06-22,0.0,0.0,0.2,0.2,8.86,63.2
2015-06-23,0.26,0.26,0.37,0.37,5.6,63.22
2015-06-24,0.11,0.11,0.37,0.37,3.63,63.31
2015-06-25,0.23,0.23,0.6,0.6,2.01,62.78
2015-06-26,0.09,0.09,0.43,0.43,0.89,55.58
2015-06-27,5.23,5.23,5.55,5.55,6.03,55.41
2015-06-28,3.95,3.95,9.27,9.27,9.87,58.92
2015-06-29,2.86,2.86,12.04,12.04,12.73,61.54
2015-06-30,0.53,0.53,7.34,7.34,13.0,61.69
2015-07-01,0.38,0.38,3.77,3.77,13.27,61.71
2015-07-02,0.62,0.62,1.53,1.53,13.66,58.93
2015-07-03,2.35,2.35,3.35,3.35,15.92,60.88
2015-07-04,0.48,0.48,3.45,3.45,11.17,60.83
2015-07-05,0.02,0.02,2.85,2.85,7.24,60.41
2015-07-06,0.01,0.01,0.51,0.51,4.39,60.22
2015-07-07,0.02,0.02,0.05,0.05,3.88,60.07
2015-07-08,0.13,0.13,0.16,0.16,3.63,60.04
2015-07-09,1.1,1.1,1.25,1.25,4.11,58.43
2015-07-10,3.35,3.35,4.58,4.58,5.11,59.77
2015-07-11,1.5,1.5,5.95,5.95,6.13,55.78
2015-07-12,0.49,0.49,5.34,5.34,6.6,41.56
2015-07-13,1.3,1.3,3.29,3.29,7.89,39.04
2015-07-14,3.62,3.62,5.41,5.41,11.49,38.26
2015-07-15,1.61,1.61,6.53,6.53,12.97,39.1
2015-07-16,2.06,2.06,7.29,7.29,13.93,37.64
2015-07-17,5.36,5.36,9.03,9.03,15.94,40.92
2015-07-18,1.86,1.86,9.28,9.28,16.3,40.93
2015-07-19,10.85,10.85,18.07,18.07,26.66,50.57
2015-07-20,2.71,2.71,15.42,15.42,28.07,53.19
2015-07-21,2.06,2.06,15.62,15.62,26.51,55.14
2015-07-22,12.32,12.32,17.09,17.09,37.22,67.46
2015-07-23,7.44,7.44,21.82,21.82,42.6,74.64
2015-07-24,1.46,1.46,21.22,21.22,38.7,75.99
2015-07-25,2.66,2.66,11.56,11.56,39.5,78.42
2015-07-26,4.39,4.39,8.51,8.51,33.04,82.72
2015-07-27,2.19,2.19,9.24,9.24,32.52,79.68
2015-07-28,4.43,4.43,11.01,11.01,34.89,80.16
2015-07-29,3.82,3.82,10.44,10.44,26.39,81.12
2015-07-30,0.5,0.5,8.75,8.75,19.45,81.09
2015-07-31,14.03,14.03,18.35,18.35,32.02,94.74
2015-08-01,13.74,13.74,28.27,28.27,43.1,107.86
2015-08-02,2.94,2.94,30.71,30.71,41.65,108.45
2015-08-03,5.45,5.45,22.13,22.13,44.91,113.42
2015-08-04,23.73,23.73,32.12,32.12,64.21,137.13
2015-08-05,2.88,2.88,32.06,32.06,63.27,140.0
2015-08-06,0.11,0.11,26.72,26.72,62.88,140.09
2015-08-07,4.11,4.11,7.1,7.1,52.96,144.07
2015-08-08,5.86,5.86,10.08,10.08,45.08,148.83
2015-08-09,0.88,0.88,10.85,10.85,43.02,146.36
2015-08-10,5.8,5.8,12.54,12.54,43.37,150.66
2015-08-11,1.78,1.78,8.46,8.46,21.42,151.95
2015-08-12,0.59,0.59,8.17,8.17,19.13,151.24
2015-08-13,0.72,0.72,3.09,3.09,19.74,148.34
2015-08-14,0.81,0.81,2.12,2.12,16.44,147.54
2015-08-15,6.51,6.51,8.04,8.04,17.09,151.99
2015-08-16,8.84,8.84,16.16,16.16,25.05,155.47
2015-08-17,1.89,1.89,17.24,17.24,21.14,155.5
2015-08-18,0.27,0.27,11.0,11.0,19.63,144.92
2015-08-19,1.53,1.53,3.69,3.69,20.57,143.74
2015-08-20,17.3,17.3,19.1,19.1,37.15,158.98
2015-08-21,18.38,18.38,37.21,37.21,54.72,165.04
2015-08-22,19.31,19.31,54.99,54.99,67.52,176.91
2015-08-23,5.89,5.89,43.58,43.58,64.57,181.34
2015-08-24,1.22,1.22,26.42,26.42,63.9,179.9
2015-08-25,0.12,0.12,7.23,7.23,63.75,175.63
2015-08-26,0.56,0.56,1.9,1.9,62.78,174.0
2015-08-27,4.19,4.19,4.87,4.87,49.67,173.76
2015-08-28,0.25,0.25,5.0,5.0,31.54,170.19
2015-08-29,0.21,0.21,4.65,4.65,12.44,169.9
2015-08-30,1.02,1.02,1.48,1.48,7.57,156.89
2015-08-31,0.74,0.74,1.97,1.97,7.09,143.89
2015-09-01,0.31,0.31,2.07,2.07,7.28,141.26
2015-09-02,2.27,2.27,3.32,3.32,8.99,138.08
2015-09-03,1.35,1.35,3.93,3.93,6.15,115.7
2015-09-04,0.5,0.5,4.12,4.12,6.4,113.32
2015-09-05,0.66,0.66,2.51,2.51,6.85,113.87
2015-09-06,4.78,4.78,5.94,5.94,10.61,114.54
2015-09-07,12.31,12.31,17.75,17.75,22.18,120.99
2015-09-08,2.36,2.36,19.45,19.45,24.23,122.47
2015-09-09,8.33,8.33,23.0,23.0,30.29,125.0
2015-09-10,6.81,6.81,17.5,17.5,35.75,130.03
2015-09-11,5.85,5.85,20.99,20.99,41.1,135.29
2015-09-12,1.63,1.63,14.29,14.29,42.07,136.2
2015-09-13,0.27,0.27,7.75,7.75,37.56,135.66
2015-09-14,0.6,0.6,2.5,2.5,25.85,129.75
2015-09-15,0.38,0.38,1.25,1.25,23.87,121.29
2015-09-16,0.16,0.16,1.14,1.14,15.7,119.56
2015-09-17,1.35,1.35,1.89,1.89,10.24,120.64
2015-09-18,1.91,1.91,3.42,3.42,6.3,121.02
2015-09-19,2.18,2.18,5.44,5.44,6.85,105.9
2015-09-20,15.88,15.88,19.97,19.97,22.46,103.4
2015-09-21,3.19,3.19,21.25,21.25,25.05,87.28
2015-09-22,0.17,0.17,19.24,19.24,24.84,81.56
2015-09-23,1.34,1.34,4.7,4.7,26.02,81.68
2015-09-24,1.71,1.71,3.22,3.22,26.38,83.27
2015-09-25,4.27,4.27,7.32,7.32,28.74,86.98
2015-09-26,11.85,11.85,17.83,17.83,38.41,94.64
2015-09-27,2.55,2.55,18.67,18.67,25.08,96.94
2015-09-28,2.9,2.9,17.3,17.3,24.79,99.63
2015-09-29,4.14,4.14,9.59,9.59,28.76,102.75
2015-09-30,1.07,1.07,8.11,8.11,28.49,103.08
2015-10-01,3.75,3.75,8.96,8.96,30.53,106.52
2015-10-02,15.97,15.97,20.79,20.79,42.23,120.22
2015-10-03,7.68,7.68,27.4,27.4,38.06,126.55
2015-10-04,12.76,12.76,36.41,36.41,48.27,138.81
2015-10-05,6.54,6.54,26.98,26.98,51.91,144.69
2015-10-06,3.6,3.6,22.9,22.9,51.37,143.51
2015-10-07,6.62,6.62,16.76,16.76,56.92,137.82
2015-10-08,8.85,8.85,19.07,19.07,62.02,144.31
2015-10-09,2.81,2.81,18.28,18.28,48.86,138.79
2015-10-10,10.22,10.22,21.88,21.88,51.4,142.2
2015-10-11,13.18,13.18,26.21,26.21,51.82,149.53
2015-10-12,1.64,1.64,25.04,25.04,46.92,149.54
2015-10-13,0.0,0.0,14.82,14.82,43.32,149.27
2015-10-14,0.0,0.0,1.64,1.64,36.7,148.67
2015-10-15,0.0,0.0,0.0,0.0,27.85,148.29
2015-10-16,0.0,0.0,0.0,0.0,25.04,148.13
2015-10-17,0.07,0.07,0.07,0.07,14.89,146.85
2015-10-18,0.32,0.32,0.39,0.39,2.03,145.26
2015-10-19,1.1,1.1,1.49,1.49,1.49,144.18
2015-10-20,0.0,0.0,1.42,1.42,1.49,128.3
2015-10-21,0.0,0.0,1.1,1.1,1.49,125.11
2015-10-22,0.0,0.0,0.0,0.0,1.49,124.94
2015-10-23,0.26,0.26,0.26,0.26,1.75,123.86
2015-10-24,1.9,1.9,2.16,2.16,3.58,124.05
2015-10-25,0.12,0.12,2.28,2.28,3.38,119.9
2015-10-26,0.5,0.5,2.52,2.52,2.78,108.55
2015-10-27,2.2,2.2,2.82,2.82,4.98,108.2
2015-10-28,13.34,13.34,16.04,16.04,18.32,118.64
2015-10-29,3.94,3.94,19.48,19.48,22.26,118.44
2015-10-30,9.02,9.02,26.3,26.3,31.02,126.39
2015-10-31,13.37,13.37,26.33,26.33,42.49,136.01
2015-11-01,20.11,20.11,42.5,42.5,62.48,140.15
2015-11-02,15.94,15.94,49.42,49.42,77.92,148.41
2015-11-03,17.78,17.78,53.83,53.83,93.5,153.43
2015-11-04,2.96,2.96,36.68,36.68,83.12,149.85
2015-11-05,1.13,1.13,21.87,21.87,80.31,147.38
2015-11-06,2.45,2.45,6.54,6.54,73.74,143.21
2015-11-07,16.59,16.59,20.17,20.17,76.96,150.95
2015-11-08,77.22,77.22,96.26,96.26,134.07,225.36
2015-11-09,119.56,119.56,213.37,213.37,237.69,334.7
2015-11-10,34.24,34.24,231.02,231.02,254.15,355.76
2015-11-11,47.94,47.94,201.74,201.74,299.13,402.06
2015-11-12,21.72,21.72,103.9,103.9,319.72,423.78
2015-11-13,42.91,42.91,112.57,112.57,360.18,466.69
2015-11-14,17.51,17.51,82.14,82.14,361.1,484.2
2015-11-15,115.58,115.58,176.0,176.0,399.46,599.78
2015-11-16,101.29,101.29,234.38,234.38,381.19,701.0
2015-11-17,7.78,7.78,224.65,224.65,354.73,708.46
2015-11-18,20.94,20.94,130.01,130.01,327.73,728.3
2015-11-19,32.26,32.26,60.98,60.98,338.27,760.56
2015-11-20,18.82,18.82,72.02,72.02,314.18,779.38
2015-11-21,17.46,17.46,68.54,68.54,314.13,796.84
2015-11-22,69.33,69.33,105.61,105.61,267.88,865.91
2015-11-23,66.98,66.98,153.77,153.77,233.57,930.99
2015-11-24,2.5,2.5,138.81,138.81,228.29,933.37
2015-11-25,0.03,0.03,69.51,69.51,207.38,932.9
2015-11-26,9.75,9.75,12.28,12.28,184.87,940.45
2015-11-27,8.48,8.48,18.26,18.26,174.53,935.59
2015-11-28,1.45,1.45,19.68,19.68,158.52,933.1
2015-11-29,34.85,34.85,44.78,44.78,124.04,958.93
2015-11-30,45.52,45.52,81.82,81.82,102.58,991.08
2015-12-01,132.57,132.57,212.94,212.94,232.65,1103.54
2015-12-02,59.68,59.68,237.77,237.77,292.3,1147.28
2015-12-03,23.05,23.05,215.3,215.3,305.6,1152.55
2015-12-04,18.73,18.73,101.46,101.46,315.85,1168.32
2015-12-05,20.52,20.52,62.3,62.3,334.92,1187.71
2015-12-06,14.3,14.3,53.55,53.55,314.37,1199.56
2015-12-07,2.39,2.39,37.21,37.21,271.24,1185.36
2015-12-08,1.04,1.04,17.73,17.73,139.71,1109.18
2015-12-09,3.87,3.87,7.3,7.3,83.9,993.49
2015-12-10,0.57,0.57,5.48,5.48,61.42,959.82
2015-12-11,0.04,0.04,4.48,4.48,42.73,911.92
2015-12-12,0.01,0.01,0.62,0.62,22.22,890.21
2015-12-13,0.0,0.0,0.05,0.05,7.92,847.3
2015-12-14,0.0,0.0,0.01,0.01,5.53,829.79
2015-12-15,0.0,0.0,0.0,0.0,4.49,714.21
2015-12-16,0.0,0.0,0.0,0.0,0.62,612.92
2015-12-17,0.01,0.01,0.01,0.01,0.06,605.15
2015-12-18,0.01,0.01,0.02,0.02,0.03,584.22
2015-12-19,0.01,0.01,0.03,0.03,0.03,551.97
2015-12-20,0.0,0.0,0.02,0.02,0.03,533.15
2015-12-21,0.0,0.0,0.01,0.01,0.03,515.69
2015-12-22,0.0,0.0,0.0,0.0,0.03,446.36
2015-12-23,0.0,0.0,0.0,0.0,0.03,379.38
2015-12-24,0.0,0.0,0.0,0.0,0.02,376.88
2015-12-25,0.0,0.0,0.0,0.0,0.01,376.85
2015-12-26,0.03,0.03,0.03,0.03,0.03,367.13
2015-12-27,0.0,0.0,0.03,0.03,0.03,358.65
2015-12-28,0.0,0.0,0.03,0.03,0.03,357.2
2015-12-29,0.0,0.0,0.0,0.0,0.03,322.35
2015-12-30,0.0,0.0,0.0,0.0,0.03,276.83
2015-12-31,0.0,0.0,0.0,0.0,0.03,144.26
2016-01-01,0.0,0.0,0.0,0.0,0.03,84.58
2016-01-02,0.0,0.0,0.0,0.0,0.0,61.53
2016-01-03,0.0,0.0,0.0,0.0,0.0,42.8
2016-01-04,0.0,0.0,0.0,0.0,0.0,22.28
2016-01-05,0.0,0.0,0.0,0.0,0.0,7.98
2016-01-06,0.0,0.0,0.0,0.0,0.0,5.59
2016-01-07,0.0,0.0,0.0,0.0,0.0,4.55
2016-01-08,0.0,0.0,0.0,0.0,0.0,0.68
2016-01-09,0.0,0.0,0.0,0.0,0.0,0.11
2016-01-10,0.0,0.0,0.0,0.0,0.0,0.07
2016-01-11,0.0,0.0,0.0,0.0,0.0,0.06
2016-01-12,0.0,0.0,0.0,0.0,0.0,0.06
2016-01-13,0.0,0.0,0.0,0.0,0.0,0.06
2016-01-14,0.0,0.0,0.0,0.0,0.0,0.06
2016-01-15,0.0,0.0,0.0,0.0,0.0,0.06
2016-01-16,0.0,0.0,0.0,0.0,0.0,0.05
2016-01-17,0.0,0.0,0.0,0.0,0.0,0.04
2016-01-18,0.0,0.0,0.0,0.0,0.0,0.03
2016-01-19,0.04,0.04,0.04,0.04,0.04,0.07
2016-01-20,0.31,0.31,0.35,0.35,0.35,0.38
2016-01-21,0.09,0.09,0.44,0.44,0.44,0.47
2016-01-22,0.35,0.35,0.75,0.75,0.79,0.82
2016-01-23,0.48,0.48,0.92,0.92,1.27,1.3
2016-01-24,0.12,0.12,0.95,0.95,1.39,1.42
2016-01-25,0.0,0.0,0.6,0.6,1.39,1.39
2016-01-26,0.0,0.0,0.12,0.12,1.35,1.39
2016-01-27,0.0,0.0,0.0,0.0,1.04,1.39
2016-01-28,0.0,0.0,0.0,0.0,0.95,1.39
2016-01-29,0.0,0.0,0.0,0.0,0.6,1.39
2016-01-30,0.0,0.0,0.0,0.0,0.12,1.39
2016-01-31,0.0,0.0,0.0,0.0,0.0,1.39
2016-02-01,0.0,0.0,0.0,0.0,0.0,1.39
2016-02-02,0.0,0.0,0.0,0.0,0.0,1.39
2016-02-03,0.0,0.0,0.0,0.0,0.0,1.39
2016-02-04,0.0,0.0,0.0,0.0,0.0,1.39
2016-02-05,0.0,0.0,0.0,0.0,0.0,1.39
2016-02-06,0.0,0.0,0.0,0.0,0.0,1.39
2016-02-07,0.0,0.0,0.0,0.0,0.0,1.39
2016-02-08,0.0,0.0,0.0,0.0,0.0,1.39
2016-02-09,0.0,0.0,0.0,0.0,0.0,1.39
2016-02-10,0.0,0.0,0.0,0.0,0.0,1.39
2016-02-11,0.0,0.0,0.0,0.0,0.0,1.39
2016-02-12,0.0,0.0,0.0,0.0,0.0,1.39
2016-02-13,0.0,0.0,0.0,0.0,0.0,1.39
2016-02-14,0.0,0.0,0.0,0.0,0.0,1.39
2016-02-15,0.0,0.0,0.0,0.0,0.0,1.39
2016-02-16,0.0,0.0,0.0,0.0,0.0,1.39
2016-02-17,0.0,0.0,0.0,0.0,0.0,1.39
2016-02-18,0.01,0.01,0.01,0.01,0.01,1.36
2016-02-19,0.0,0.0,0.01,0.01,0.01,1.05
2016-02-20,0.0,0.0,0.01,0.01,0.01,0.96
2016-02-21,0.0,0.0,0.0,0.0,0.01,0.61
2016-02-22,0.0,0.0,0.0,0.0,0.01,0.13
2016-02-23,0.0,0.0,0.0,0.0,0.01,0.01
2016-02-24,0.0,0.0,0.0,0.0,0.01,0.01
2016-02-25,0.0,0.0,0.0,0.0,0.0,0.01
2016-02-26,0.0,0.0,0.0,0.0,0.0,0.01
2016-02-27,0.0,0.0,0.0,0.0,0.0,0.01
2016-02-28,0.0,0.0,0.0,0.0,0.0,0.01
2016-02-29,0.0,0.0,0.0,0.0,0.0,0.01
2016-03-01,0.0,0.0,0.0,0.0,0.0,0.01
2016-03-02,0.0,0.0,0.0,0.0,0.0,0.01
2016-03-03,0.0,0.0,0.0,0.0,0.0,0.01
2016-03-04,0.0,0.0,0.0,0.0,0.0,0.01
2016-03-05,0.0,0.0,0.0,0.0,0.0,0.01
2016-03-06,0.0,0.0,0.0,0.0,0.0,0.01
2016-03-07,0.0,0.0,0.0,0.0,0.0,0.01
2016-03-08,0.01,0.01,0.01,0.01,0.01,0.02
2016-03-09,0.0,0.0,0.01,0.01,0.01,0.02
2016-03-10,0.0,0.0,0.01,0.01,0.01,0.02
2016-03-11,0.0,0.0,0.0,0.0,0.01,0.02
2016-03-12,0.0,0.0,0.0,0.0,0.01,0.02
2016-03-13,0.01,0.01,0.01,0.01,0.02,0.03
2016-03-14,0.07,0.07,0.08,0.08,0.09,0.1
2016-03-15,0.19,0.19,0.27,0.27,0.27,0.29
2016-03-16,0.01,0.01,0.27,0.27,0.28,0.3
2016-03-17,0.0,0.0,0.2,0.2,0.28,0.3
2016-03-18,0.0,0.0,0.01,0.01,0.28,0.3
2016-03-19,0.0,0.0,0.0,0.0,0.28,0.29
2016-03-20,0.0,0.0,0.0,0.0,0.27,0.29
2016-03-21,0.0,0.0,0.0,0.0,0.2,0.29
2016-03-22,0.0,0.0,0.0,0.0,0.01,0.29
2016-03-23,0.0,0.0,0.0,0.0,0.0,0.29
2016-03-24,0.0,0.0,0.0,0.0,0.0,0.29
2016-03-25,0.0,0.0,0.0,0.0,0.0,0.29
2016-03-26,0.0,0.0,0.0,0.0,0.0,0.29
2016-03-27,0.0,0.0,0.0,0.0,0.0,0.29
2016-03-28,0.01,0.01,0.01,0.01,0.01,0.3
2016-03-29,0.01,0.01,0.02,0.02,0.02,0.31
2016-03-30,0.0,0.0,0.02,0.02,0.02,0.31
2016-03-31,0.0,0.0,0.01,0.01,0.02,0.31
2016-04-01,0.0,0.0,0.0,0.0,0.02,0.31
2016-04-02,0.0,0.0,0.0,0.0,0.02,0.31
2016-04-03,0.0,0.0,0.0,0.0,0.02,0.31
2016-04-04,0.0,0.0,0.0,0.0,0.01,0.31
2016-04-05,0.0,0.0,0.0,0.0,0.0,0.31
2016-04-06,0.01,0.01,0.01,0.01,0.01,0.32
2016-04-07,0.01,0.01,0.02,0.02,0.02,0.32
2016-04-08,0.0,0.0,0.02,0.02,0.02,0.32
2016-04-09,0.0,0.0,0.01,0.01,0.02,0.32
2016-04-10,0.0,0.0,0.0,0.0,0.02,0.32
2016-04-11,0.0,0.0,0.0,0.0,0.02,0.32
2016-04-12,0.0,0.0,0.0,0.0,0.02,0.31
2016-04-13,0.0,0.0,0.0,0.0,0.01,0.24
2016-04-14,0.0,0.0,0.0,0.0,0.0,0.05
2016-04-15,0.0,0.0,0.0,0.0,0.0,0.04
2016-04-16,0.01,0.01,0.01,0.01,0.01,0.05
2016-04-17,0.0,0.0,0.01,0.01,0.01,0.05
2016-04-18,0.0,0.0,0.01,0.01,0.01,0.05
2016-04-19,0.0,0.0,0.0,0.0,0.01,0.05
2016-04-20,0.0,0.0,0.0,0.0,0.01,0.05
2016-04-21,0.0,0.0,0.0,0.0,0.01,0.05
2016-04-22,0.0,0.0,0.0,0.0,0.01,0.05
2016-04-23,0.0,0.0,0.0,0.0,0.0,0.05
2016-04-24,0.0,0.0,0.0,0.0,0.0,0.05
2016-04-25,0.01,0.01,0.01,0.01,0.01,0.06
2016-04-26,0.01,0.01,0.02,0.02,0.02,0.07
2016-04-27,0.01,0.01,0.03,0.03,0.03,0.07
2016-04-28,0.01,0.01,0.03,0.03,0.04,0.07
2016-04-29,0.01,0.01,0.03,0.03,0.05,0.08
2016-04-30,0.0,0.0,0.02,0.02,0.05,0.08
2016-05-01,0.01,0.01,0.02,0.02,0.06,0.09
2016-05-02,0.01,0.01,0.02,0.02,0.06,0.1
2016-05-03,0.02,0.02,0.04,0.04,0.07,0.12
2016-05-04,0.03,0.03,0.06,0.06,0.09,0.15
2016-05-05,0.05,0.05,0.1,0.1,0.13,0.2
2016-05-06,0.41,0.41,0.49,0.49,0.53,0.6
2016-05-07,0.44,0.44,0.9,0.9,0.97,1.03
2016-05-08,0.48,0.48,1.33,1.33,1.44,1.51
2016-05-09,0.44,0.44,1.36,1.36,1.87,1.95
2016-05-10,0.15,0.15,1.07,1.07,2.0,2.1
2016-05-11,0.01,0.01,0.6,0.6,1.98,2.11
2016-05-12,0.0,0.0,0.16,0.16,1.93,2.11
2016-05-13,0.01,0.01,0.02,0.02,1.53,2.12
2016-05-14,0.07,0.07,0.08,0.08,1.16,2.19
2016-05-15,0.3,0.3,0.38,0.38,0.98,2.49
2016-05-16,28.52,28.52,28.89,28.89,29.06,31.0
2016-05-17,49.26,49.26,78.08,78.08,78.17,80.26
2016-05-18,55.73,55.73,133.51,133.51,133.89,135.99
2016-05-19,5.64,5.64,110.63,110.63,139.53,141.63
2016-05-20,0.84,0.84,62.21,62.21,140.36,142.47
2016-05-21,0.1,0.1,6.58,6.58,140.39,142.57
2016-05-22,0.0,0.0,0.94,0.94,140.09,142.57
2016-05-23,0.0,0.0,0.1,0.1,111.57,142.57
2016-05-24,0.0,0.0,0.0,0.0,62.31,142.57
2016-05-25,0.0,0.0,0.0,0.0,6.58,142.56
2016-05-26,0.02,0.02,0.02,0.02,0.96,142.57
2016-05-27,0.8,0.8,0.82,0.82,0.92,143.36
2016-05-28,2.51,2.51,3.33,3.33,3.33,145.86
2016-05-29,0.75,0.75,4.06,4.06,4.08,146.6
2016-05-30,0.81,0.81,4.07,4.07,4.89,147.41
2016-05-31,0.13,0.13,1.69,1.69,5.02,147.53
2016-06-01,0.41,0.41,1.35,1.35,5.43,147.93
2016-06-02,0.33,0.33,0.87,0.87,5.74,148.24
2016-06-03,0.25,0.25,0.99,0.99,5.19,148.46
2016-06-04,0.35,0.35,0.93,0.93,3.03,148.76
2016-06-05,3.55,3.55,4.15,4.15,5.83,151.9
2016-06-06,13.91,13.91,17.81,17.81,18.93,165.37
2016-06-07,20.67,20.67,38.13,38.13,39.47,185.56
2016-06-08,10.59,10.59,45.17,45.17,49.65,195.71
2016-06-09,5.12,5.12,36.38,36.38,54.44,200.68
2016-06-10,0.03,0.03,15.74,15.74,54.22,200.7
2016-06-11,0.01,0.01,5.16,5.16,53.88,200.71
2016-06-12,0.04,0.04,0.08,0.08,50.37,200.74
2016-06-13,0.02,0.02,0.07,0.07,36.48,200.69
2016-06-14,0.02,0.02,0.08,0.08,15.83,200.41
2016-06-15,0.16,0.16,0.2,0.2,5.4,172.05
2016-06-16,0.17,0.17,0.35,0.35,0.45,122.96
2016-06-17,0.44,0.44,0.77,0.77,0.86,67.67
2016-06-18,1.62,1.62,2.23,2.23,2.47,63.65
2016-06-19,7.21,7.21,9.27,9.27,9.64,70.02
2016-06-20,4.57,4.57,13.4,13.4,14.19,74.49
2016-06-21,10.86,10.86,22.64,22.64,25.03,85.35
2016-06-22,7.44,7.44,22.87,22.87,32.31,92.79
2016-06-23,6.61,6.61,24.91,24.91,38.75,99.4
2016-06-24,2.11,2.11,16.16,16.16,40.42,101.51
2016-06-25,3.58,3.58,12.3,12.3,42.38,105.07
2016-06-26,5.99,5.99,11.68,11.68,41.16,110.26
2016-06-27,1.44,1.44,11.01,11.01,38.03,109.19
2016-06-28,8.93,8.93,16.36,16.36,36.1,117.37
2016-06-29,6.99,6.99,17.36,17.36,35.65,123.55
2016-06-30,1.49,1.49,17.41,17.41,30.53,124.91
2016-07-01,0.02,0.02,8.5,8.5,28.44,124.52
2016-07-02,1.33,1.33,2.84,2.84,26.19,125.52
2016-07-03,0.04,0.04,1.39,1.39,20.24,125.31
2016-07-04,0.67,0.67,2.04,2.04,19.47,125.63
2016-07-05,0.51,0.51,1.22,1.22,11.05,122.59
2016-07-06,1.87,1.87,3.05,3.05,5.93,110.55
2016-07-07,6.79,6.79,9.17,9.17,11.23,96.67
2016-07-08,0.19,0.19,8.85,8.85,11.4,86.27
2016-07-09,0.07,0.07,7.05,7.05,10.14,81.22
2016-07-10,0.09,0.09,0.35,0.35,10.19,81.28
2016-07-11,0.01,0.01,0.17,0.17,9.53,81.28
2016-07-12,0.01,0.01,0.11,0.11,9.03,81.25
2016-07-13,0.08,0.08,0.1,0.1,7.24,81.31
2016-07-14,0.37,0.37,0.46,0.46,0.82,81.66
2016-07-15,1.33,1.33,1.78,1.78,1.96,82.83
2016-07-16,1.26,1.26,2.96,2.96,3.15,83.92
2016-07-17,7.76,7.76,10.35,10.35,10.82,91.24
2016-07-18,10.51,10.51,19.53,19.53,21.32,100.13
2016-07-19,8.89,8.89,27.16,27.16,30.2,101.81
2016-07-20,2.06,2.06,21.46,21.46,32.18,99.3
2016-07-21,0.29,0.29,11.24,11.24,32.1,88.73
2016-07-22,1.02,1.02,3.37,3.37,31.79,82.31
2016-07-23,1.21,1.21,2.52,2.52,31.74,76.91
2016-07-24,5.56,5.56,7.79,7.79,29.54,80.36
2016-07-25,12.97,12.97,19.74,19.74,32.0,89.75
2016-07-26,4.71,4.71,23.24,23.24,27.82,88.47
2016-07-27,2.25,2.25,19.93,19.93,28.01,89.28
2016-07-28,7.72,7.72,14.68,14.68,35.44,88.07
2016-07-29,10.39,10.39,20.36,20.36,44.81,91.47
2016-07-30,3.94,3.94,22.05,22.05,47.54,93.92
2016-07-31,0.42,0.42,14.75,14.75,42.4,94.32
2016-08-01,1.19,1.19,5.55,5.55,30.62,94.18
2016-08-02,0.0,0.0,1.61,1.61,25.91,94.14
2016-08-03,0.0,0.0,1.19,1.19,23.66,93.47
2016-08-04,0.0,0.0,0.0,0.0,15.94,92.96
2016-08-05,0.0,0.0,0.0,0.0,5.55,91.09
2016-08-06,0.01,0.01,0.01,0.01,1.62,84.31
2016-08-07,0.35,0.35,0.36,0.36,1.55,84.47
2016-08-08,0.05,0.05,0.41,0.41,0.41,84.45
2016-08-09,2.48,2.48,2.88,2.88,2.89,86.84
2016-08-10,1.79,1.79,4.32,4.32,4.68,88.62
2016-08-11,0.77,0.77,5.04,5.04,5.45,89.38
2016-08-12,0.91,0.91,3.47,3.47,6.36,90.21
2016-08-13,5.93,5.93,7.61,7.61,12.28,95.77
2016-08-14,1.73,1.73,8.57,8.57,13.66,96.17
2016-08-15,0.06,0.06,7.72,7.72,13.67,94.97
2016-08-16,0.01,0.01,1.8,1.8,11.2,87.22
2016-08-17,0.1,0.1,0.17,0.17,9.51,76.81
2016-08-18,0.06,0.06,0.17,0.17,8.8,67.98
2016-08-19,0.12,0.12,0.28,0.28,8.01,66.04
2016-08-20,1.59,1.59,1.77,1.77,3.67,67.34
2016-08-21,2.08,2.08,3.79,3.79,4.02,68.4
2016-08-22,0.55,0.55,4.22,4.22,4.51,67.74
2016-08-23,1.92,1.92,4.55,4.55,6.42,64.1
2016-08-24,1.48,1.48,3.95,3.95,7.8,52.61
2016-08-25,2.53,2.53,5.93,5.93,10.27,50.43
2016-08-26,6.99,6.99,11.0,11.0,17.14,55.17
2016-08-27,4.53,4.53,14.05,14.05,20.08,51.98
2016-08-28,0.93,0.93,12.45,12.45,18.93,42.52
2016-08-29,2.36,2.36,7.82,7.82,20.74,40.94
2016-08-30,9.27,9.27,12.56,12.56,28.09,49.79
2016-08-31,11.65,11.65,23.28,23.28,38.26,60.25
2016-09-01,8.44,8.44,29.36,29.36,44.17,68.69
2016-09-02,11.47,11.47,31.56,31.56,48.65,80.16
2016-09-03,3.9,3.9,23.81,23.81,48.02,84.06
2016-09-04,4.4,4.4,19.77,19.77,51.49,88.46
2016-09-05,0.23,0.23,8.53,8.53,49.36,88.68
2016-09-06,0.09,0.09,4.72,4.72,40.18,88.42
2016-09-07,0.13,0.13,0.45,0.45,28.66,88.5
2016-09-08,0.33,0.33,0.55,0.55,20.55,86.35
2016-09-09,3.03,3.03,3.49,3.49,12.11,87.59
2016-09-10,17.14,17.14,20.5,20.5,25.35,103.96
2016-09-11,1.3,1.3,21.47,21.47,22.25,104.35
2016-09-12,1.33,1.33,19.77,19.77,23.35,99.75
2016-09-13,2.96,2.96,5.59,5.59,26.22,100.98
2016-09-14,2.17,2.17,6.46,6.46,28.26,103.09
2016-09-15,9.53,9.53,14.66,14.66,37.46,112.61
2016-09-16,11.77,11.77,23.47,23.47,46.2,124.28
2016-09-17,11.43,11.43,32.73,32.73,40.49,135.65
2016-09-18,1.68,1.68,24.88,24.88,40.87,137.21
2016-09-19,0.52,0.52,13.63,13.63,40.06,136.14
2016-09-20,1.23,1.23,3.43,3.43,38.33,135.29
2016-09-21,3.88,3.88,5.63,5.63,40.04,138.62
2016-09-22,1.0,1.0,6.11,6.11,31.51,137.7
2016-09-23,0.2,0.2,5.08,5.08,19.94,136.42
2016-09-24,0.16,0.16,1.36,1.36,8.67,134.05
2016-09-25,0.27,0.27,0.63,0.63,7.26,127.33
2016-09-26,0.29,0.29,0.72,0.72,7.03,123.09
2016-09-27,2.92,2.92,3.48,3.48,8.72,125.08
2016-09-28,19.77,19.77,22.98,22.98,24.61,142.49
2016-09-29,13.75,13.75,36.44,36.44,37.36,146.97
2016-09-30,2.32,2.32,35.84,35.84,39.48,137.64
2016-10-01,1.76,1.76,17.83,17.83,41.08,130.96
2016-10-02,1.03,1.03,5.11,5.11,41.84,120.52
2016-10-03,0.34,0.34,3.13,3.13,41.89,116.96
2016-10-04,0.36,0.36,1.73,1.73,39.33,112.92
2016-10-05,0.35,0.35,1.05,1.05,19.91,113.04
2016-10-06,0.31,0.31,1.02,1.02,6.47,113.26
2016-10-07,0.11,0.11,0.77,0.77,4.26,113.24
2016-10-08,0.13,0.13,0.55,0.55,2.63,113.04
2016-10-09,2.5,2.5,2.74,2.74,4.1,112.51
2016-10-10,3.27,3.27,5.9,5.9,7.03,98.64
2016-10-11,0.84,0.84,6.61,6.61,7.51,98.18
2016-10-12,1.24,1.24,5.35,5.35,8.4,98.09
2016-10-13,0.29,0.29,2.37,2.37,8.38,95.42
2016-10-14,0.0,0.0,1.53,1.53,8.27,93.25
2016-10-15,0.0,0.0,0.29,0.29,8.14,83.72
2016-10-16,0.0,0.0,0.0,0.0,5.64,71.95
2016-10-17,0.0,0.0,0.0,0.0,2.37,60.52
2016-10-18,0.0,0.0,0.0,0.0,1.53,58.84
2016-10-19,0.0,0.0,0.0,0.0,0.29,58.32
2016-10-20,0.0,0.0,0.0,0.0,0.0,57.09
2016-10-21,0.0,0.0,0.0,0.0,0.0,53.21
2016-10-22,0.01,0.01,0.01,0.01,0.01,52.22
2016-10-23,0.01,0.01,0.02,0.02,0.02,52.03
2016-10-24,0.0,0.0,0.02,0.02,0.02,51.87
2016-10-25,0.0,0.0,0.01,0.01,0.02,51.6
2016-10-26,0.0,0.0,0.0,0.0,0.02,51.31
2016-10-27,0.05,0.05,0.05,0.05,0.07,48.44
2016-10-28,0.48,0.48,0.53,0.53,0.55,29.15
2016-10-29,1.79,1.79,2.32,2.32,2.33,17.19
2016-10-30,5.93,5.93,8.2,8.2,8.25,20.8
2016-10-31,1.1,1.1,8.82,8.82,9.35,20.14
2016-11-01,2.25,2.25,9.28,9.28,11.6,21.36
2016-11-02,6.78,6.78,10.13,10.13,18.38,27.8
2016-11-03,2.25,2.25,11.28,11.28,20.58,29.69
2016-11-04,0.1,0.1,9.13,9.13,20.2,29.44
2016-11-05,0.02,0.02,2.37,2.37,18.43,29.15
2016-11-06,0.0,0.0,0.12,0.12,12.5,29.04
2016-11-07,0.28,0.28,0.3,0.3,11.68,29.19
2016-11-08,0.01,0.01,0.29,0.29,9.44,26.7
2016-11-09,0.0,0.0,0.29,0.29,2.66,23.43
2016-11-10,0.0,0.0,0.01,0.01,0.41,22.59
2016-11-11,0.02,0.02,0.02,0.02,0.33,21.37
2016-11-12,0.75,0.75,0.77,0.77,1.06,21.83
2016-11-13,6.92,6.92,7.69,7.69,7.98,28.75
2016-11-14,0.37,0.37,8.04,8.04,8.07,29.12
2016-11-15,0.83,0.83,8.12,8.12,8.89,29.95
2016-11-16,2.66,2.66,3.86,3.86,11.55,32.61
2016-11-17,0.63,0.63,4.12,4.12,12.18,33.24
2016-11-18,0.02,0.02,3.31,3.31,12.18,33.26
2016-11-19,0.0,0.0,0.65,0.65,11.43,33.26
2016-11-20,0.02,0.02,0.04,0.04,4.53,33.28
2016-11-21,0.01,0.01,0.03,0.03,4.17,33.28
2016-11-22,0.0,0.0,0.03,0.03,3.34,33.27
2016-11-23,0.0,0.0,0.01,0.01,0.68,33.27
2016-11-24,0.0,0.0,0.0,0.0,0.05,33.27
2016-11-25,0.0,0.0,0.0,0.0,0.03,33.27
2016-11-26,0.0,0.0,0.0,0.0,0.03,33.22
2016-11-27,0.0,0.0,0.0,0.0,0.01,32.74
2016-11-28,0.0,0.0,0.0,0.0,0.0,30.95
2016-11-29,0.0,0.0,0.0,0.0,0.0,25.02
2016-11-30,0.09,0.09,0.09,0.09,0.09,24.01
2016-12-01,25.47,25.47,25.56,25.56,25.56,47.23
2016-12-02,23.37,23.37,48.93,48.93,48.93,63.82
2016-12-03,15.83,15.83,64.67,64.67,64.76,77.4
2016-12-04,12.39,12.39,51.59,51.59,77.15,89.69
2016-12-05,4.86,4.86,33.08,33.08,82.01,94.53
2016-12-06,0.06,0.06,17.31,17.31,82.07,94.59
2016-12-07,0.74,0.74,5.66,5.66,82.72,95.05
2016-12-08,0.01,0.01,0.81,0.81,57.26,95.05
2016-12-09,0.0,0.0,0.75,0.75,33.89,95.05
2016-12-10,0.0,0.0,0.01,0.01,18.06,95.05
2016-12-11,0.63,0.63,0.63,0.63,6.3,95.66
2016-12-12,104.15,104.15,104.78,104.78,105.59,199.06
2016-12-13,4.46,4.46,109.24,109.24,109.99,196.6
2016-12-14,0.25,0.25,108.86,108.86,109.5,196.48
2016-12-15,1.07,1.07,5.78,5.78,110.56,196.72
2016-12-16,4.41,4.41,5.73,5.73,114.97,198.47
2016-12-17,0.02,0.02,5.5,5.5,114.99,197.86
2016-12-18,0.0,0.0,4.43,4.43,114.36,197.84
2016-12-19,0.0,0.0,0.02,0.02,10.21,197.84
2016-12-20,0.02,0.02,0.02,0.02,5.77,197.84
2016-12-21,0.01,0.01,0.03,0.03,5.53,197.84
2016-12-22,0.0,0.0,0.03,0.03,4.46,197.84
2016-12-23,0.0,0.0,0.01,0.01,0.05,197.84
2016-12-24,0.0,0.0,0.0,0.0,0.03,197.84
2016-12-25,0.0,0.0,0.0,0.0,0.03,197.84
2016-12-26,0.0,0.0,0.0,0.0,0.03,197.84
2016-12-27,0.0,0.0,0.0,0.0,0.01,197.84
2016-12-28,0.02,0.02,0.02,0.02,0.02,197.86
2016-12-29,0.0,0.0,0.02,0.02,0.02,197.86
2016-12-30,0.0,0.0,0.02,0.02,0.02,197.77
2016-12-31,0.02,0.02,0.02,0.02,0.04,172.32
2017-01-01,0.07,0.07,0.09,0.09,0.11,149.02
2017-01-02,0.0,0.0,0.09,0.09,0.11,133.19
2017-01-03,0.0,0.0,0.07,0.07,0.11,120.8
2017-01-04,0.0,0.0,0.0,0.0,0.09,115.94
2017-01-05,0.0,0.0,0.0,0.0,0.09,115.88
2017-01-06,0.0,0.0,0.0,0.0,0.09,115.14
2017-01-07,0.0,0.0,0.0,0.0,0.07,115.13
2017-01-08,0.0,0.0,0.0,0.0,0.0,115.13
2017-01-09,0.0,0.0,0.0,0.0,0.0,115.13
2017-01-10,0.0,0.0,0.0,0.0,0.0,114.5
2017-01-11,0.0,0.0,0.0,0.0,0.0,10.35
2017-01-12,0.0,0.0,0.0,0.0,0.0,5.89
2017-01-13,0.0,0.0,0.0,0.0,0.0,5.64
2017-01-14,0.0,0.0,0.0,0.0,0.0,4.57
2017-01-15,0.01,0.01,0.01,0.01,0.01,0.17
2017-01-16,0.05,0.05,0.06,0.06,0.06,0.2
2017-01-17,0.0,0.0,0.06,0.06,0.06,0.2
2017-01-18,0.03,0.03,0.08,0.08,0.09,0.23
2017-01-19,0.19,0.19,0.22,0.22,0.28,0.4
2017-01-20,5.43,5.43,5.65,5.65,5.71,5.82
2017-01-21,0.85,0.85,6.47,6.47,6.56,6.67
2017-01-22,0.0,0.0,6.28,6.28,6.55,6.67
2017-01-23,0.0,0.0,0.85,0.85,6.5,6.67
2017-01-24,0.0,0.0,0.0,0.0,6.5,6.67
2017-01-25,0.02,0.02,0.02,0.02,6.49,6.69
2017-01-26,1.73,1.73,1.75,1.75,8.03,8.42
2017-01-27,13.64,13.64,15.39,15.39,16.24,22.04
2017-01-28,4.49,4.49,19.86,19.86,19.88,26.53
2017-01-29,0.04,0.04,18.17,18.17,19.92,26.57
2017-01-30,0.01,0.01,4.54,4.54,19.93,26.56
2017-01-31,0.0,0.0,0.05,0.05,19.93,26.49
2017-02-01,0.0,0.0,0.01,0.01,19.91,26.49
2017-02-02,0.0,0.0,0.0,0.0,18.18,26.49
2017-02-03,0.0,0.0,0.0,0.0,4.54,26.49
2017-02-04,0.0,0.0,0.0,0.0,0.05,26.49
2017-02-05,0.0,0.0,0.0,0.0,0.01,26.49
2017-02-06,0.0,0.0,0.0,0.0,0.0,26.49
2017-02-07,0.0,0.0,0.0,0.0,0.0,26.49
2017-02-08,0.0,0.0,0.0,0.0,0.0,26.49
2017-02-09,0.0,0.0,0.0,0.0,0.0,26.49
2017-02-10,0.0,0.0,0.0,0.0,0.0,26.49
2017-02-11,0.0,0.0,0.0,0.0,0.0,26.49
2017-02-12,0.0,0.0,0.0,0.0,0.0,26.49
2017-02-13,0.01,0.01,0.01,0.01,0.01,26.5
2017-02-14,0.02,0.02,0.03,0.03,0.03,26.51
2017-02-15,0.0,0.0,0.03,0.03,0.03,26.46
2017-02-16,0.0,0.0,0.02,0.02,0.03,26.46
2017-02-17,0.0,0.0,0.0,0.0,0.03,26.43
2017-02-18,0.0,0.0,0.0,0.0,0.03,26.24
2017-02-19,0.0,0.0,0.0,0.0,0.03,20.81
2017-02-20,0.0,0.0,0.0,0.0,0.02,19.96
2017-02-21,0.0,0.0,0.0,0.0,0.0,19.96
2017-02-22,0.0,0.0,0.0,0.0,0.0,19.96
2017-02-23,0.0,0.0,0.0,0.0,0.0,19.96
2017-02-24,0.0,0.0,0.0,0.0,0.0,19.94
2017-02-25,0.0,0.0,0.0,0.0,0.0,18.21
2017-02-26,0.0,0.0,0.0,0.0,0.0,4.57
2017-02-27,0.0,0.0,0.0,0.0,0.0,0.08
2017-02-28,0.0,0.0,0.0,0.0,0.0,0.04
2017-03-01,0.0,0.0,0.0,0.0,0.0,0.03
2017-03-02,0.0,0.0,0.0,0.0,0.0,0.03
2017-03-03,0.05,0.05,0.05,0.05,0.05,0.08
2017-03-04,3.24,3.24,3.29,3.29,3.29,3.32
2017-03-05,0.72,0.72,4.01,4.01,4.01,4.04
2017-03-06,0.04,0.04,4.0,4.0,4.05,4.08
2017-03-07,0.37,0.37,1.13,1.13,4.42,4.45
2017-03-08,0.53,0.53,0.94,0.94,4.95,4.98
2017-03-09,0.09,0.09,0.99,0.99,5.04,5.07
2017-03-10,0.04,0.04,0.66,0.66,5.03,5.11
2017-03-11,0.06,0.06,0.19,0.19,1.85,5.17
2017-03-12,0.04,0.04,0.14,0.14,1.17,5.21
2017-03-13,0.06,0.06,0.16,0.16,1.19,5.27
2017-03-14,0.07,0.07,0.17,0.17,0.89,5.34
2017-03-15,0.02,0.02,0.15,0.15,0.38,5.35
2017-03-16,0.0,0.0,0.09,0.09,0.29,5.33
2017-03-17,0.0,0.0,0.02,0.02,0.25,5.33
2017-03-18,0.15,0.15,0.15,0.15,0.34,5.48
2017-03-19,0.43,0.43,0.58,0.58,0.73,5.91
2017-03-20,0.13,0.13,0.71,0.71,0.8,6.04
2017-03-21,0.54,0.54,1.1,1.1,1.27,6.58
2017-03-22,0.0,0.0,0.67,0.67,1.25,6.58
2017-03-23,0.0,0.0,0.54,0.54,1.25,6.58
2017-03-24,0.0,0.0,0.0,0.0,1.25,6.58
2017-03-25,0.0,0.0,0.0,0.0,1.1,6.58
2017-03-26,0.0,0.0,0.0,0.0,0.67,6.58
2017-03-27,0.0,0.0,0.0,0.0,0.54,6.58
2017-03-28,0.0,0.0,0.0,0.0,0.0,6.58
2017-03-29,0.0,0.0,0.0,0.0,0.0,6.58
2017-03-30,0.0,0.0,0.0,0.0,0.0,6.58
2017-03-31,0.0,0.0,0.0,0.0,0.0,6.58
2017-04-01,0.0,0.0,0.0,0.0,0.0,6.58
2017-04-02,0.0,0.0,0.0,0.0,0.0,6.53
2017-04-03,0.0,0.0,0.0,0.0,0.0,3.29
2017-04-04,0.02,0.02,0.02,0.02,0.02,2.59
2017-04-05,0.01,0.01,0.03,0.03,0.03,2.56
2017-04-06,0.0,0.0,0.03,0.03,0.03,2.19
2017-04-07,0.0,0.0,0.01,0.01,0.03,1.66
2017-04-08,0.0,0.0,0.0,0.0,0.03,1.57
2017-04-09,0.0,0.0,0.0,0.0,0.03,1.53
2017-04-10,0.0,0.0,0.0,0.0,0.03,1.47
2017-04-11,0.03,0.03,0.03,0.03,0.04,1.46
2017-04-12,0.01,0.01,0.04,0.04,0.04,1.41
2017-04-13,0.0,0.0,0.04,0.04,0.04,1.34
2017-04-14,0.0,0.0,0.01,0.01,0.04,1.32
2017-04-15,0.0,0.0,0.0,0.0,0.04,1.32
2017-04-16,0.0,0.0,0.0,0.0,0.04,1.32
2017-04-17,0.01,0.01,0.01,0.01,0.05,1.18
2017-04-18,0.0,0.0,0.01,0.01,0.02,0.75
2017-04-19,0.0,0.0,0.01,0.01,0.01,0.62
2017-04-20,0.02,0.02,0.02,0.02,0.03,0.1
2017-04-21,0.01,0.01,0.03,0.03,0.04,0.11
2017-04-22,0.04,0.04,0.07,0.07,0.08,0.15
2017-04-23,0.04,0.04,0.09,0.09,0.12,0.19
2017-04-24,0.22,0.22,0.3,0.3,0.33,0.41
2017-04-25,0.65,0.65,0.91,0.91,0.98,1.06
2017-04-26,0.15,0.15,1.02,1.02,1.13,1.21
2017-04-27,0.0,0.0,0.8,0.8,1.11,1.21
2017-04-28,0.01,0.01,0.16,0.16,1.11,1.22
2017-04-29,0.05,0.05,0.06,0.06,1.12,1.27
2017-04-30,0.09,0.09,0.15,0.15,1.17,1.36
2017-05-01,0.06,0.06,0.2,0.2,1.01,1.42
2017-05-02,0.04,0.04,0.19,0.19,0.4,1.46
2017-05-03,0.0,0.0,0.1,0.1,0.25,1.46
2017-05-04,0.01,0.01,0.05,0.05,0.26,1.45
2017-05-05,0.01,0.01,0.02,0.02,0.26,1.45
2017-05-06,0.16,0.16,0.18,0.18,0.37,1.61
2017-05-07,3.94,3.94,4.11,4.11,4.22,5.55
2017-05-08,0.6,0.6,4.7,4.7,4.76,6.15
2017-05-09,0.38,0.38,4.92,4.92,5.1,6.53
2017-05-10,0.47,0.47,1.45,1.45,5.57,7.0
2017-05-11,0.21,0.21,1.06,1.06,5.77,7.18
2017-05-12,0.06,0.06,0.74,0.74,5.82,7.23
2017-05-13,0.02,0.02,0.29,0.29,5.68,7.25
2017-05-14,0.04,0.04,0.12,0.12,1.78,7.29
2017-05-15,1.46,1.46,1.52,1.52,2.64,8.75
2017-05-16,0.23,0.23,1.73,1.73,2.49,8.98
2017-05-17,0.08,0.08,1.77,1.77,2.1,9.05
2017-05-18,1.23,1.23,1.54,1.54,3.12,10.28
2017-05-19,1.07,1.07,2.38,2.38,4.13,11.35
2017-05-20,0.31,0.31,2.61,2.61,4.42,11.64
2017-05-21,0.24,0.24,1.62,1.62,4.62,11.87
2017-05-22,0.36,0.36,0.91,0.91,3.52,12.19
2017-05-23,0.11,0.11,0.71,0.71,3.4,12.26
2017-05-24,0.38,0.38,0.85,0.85,3.7,12.42
2017-05-25,0.59,0.59,1.08,1.08,3.06,12.36
2017-05-26,0.85,0.85,1.82,1.82,2.84,13.06
2017-05-27,0.28,0.28,1.72,1.72,2.81,13.34
2017-05-28,0.09,0.09,1.22,1.22,2.66,13.42
2017-05-29,0.38,0.38,0.75,0.75,2.68,13.75
2017-05-30,0.1,0.1,0.57,0.57,2.67,13.76
2017-05-31,0.06,0.06,0.54,0.54,2.35,13.76
2017-06-01,0.04,0.04,0.2,0.2,1.8,13.76
2017-06-02,0.28,0.28,0.38,0.38,1.23,14.04
2017-06-03,0.65,0.65,0.97,0.97,1.6,14.68
2017-06-04,1.57,1.57,2.5,2.5,3.08,16.24
2017-06-05,1.13,1.13,3.35,3.35,3.83,17.21
2017-06-06,12.21,12.21,14.91,14.91,15.94,25.48
2017-06-07,6.22,6.22,19.56,19.56,22.1,31.1
2017-06-08,0.03,0.03,18.46,18.46,22.09,30.75
2017-06-09,0.26,0.26,6.51,6.51,22.07,30.54
2017-06-10,1.37,1.37,1.66,1.66,22.79,31.7
2017-06-11,0.29,0.29,1.92,1.92,21.51,31.93
2017-06-12,0.01,0.01,1.67,1.67,20.39,31.92
2017-06-13,0.09,0.09,0.39,0.39,8.27,31.97
2017-06-14,1.78,1.78,1.88,1.88,3.83,32.29
2017-06-15,2.2,2.2,4.07,4.07,6.0,34.26
2017-06-16,4.29,4.29,8.27,8.27,10.03,38.47
2017-06-17,1.05,1.05,7.54,7.54,9.71,38.29
2017-06-18,0.82,0.82,6.16,6.16,10.24,38.04
2017-06-19,5.76,5.76,7.63,7.63,15.99,43.49
2017-06-20,10.65,10.65,17.23,17.23,26.55,53.9
2017-06-21,0.48,0.48,16.89,16.89,25.25,54.02
2017-06-22,0.85,0.85,11.98,11.98,23.9,54.76
2017-06-23,6.94,6.94,8.27,8.27,26.55,61.32
2017-06-24,10.73,10.73,18.52,18.52,36.23,71.46
2017-06-25,2.37,2.37,20.04,20.04,37.78,72.98
2017-06-26,0.73,0.73,13.83,13.83,32.75,73.43
2017-06-27,0.65,0.65,3.75,3.75,22.75,73.99
2017-06-28,0.0,0.0,1.38,1.38,22.27,73.61
2017-06-29,0.07,0.07,0.72,0.72,21.49,73.58
2017-06-30,0.37,0.37,0.44,0.44,14.92,73.89
2017-07-01,0.5,0.5,0.94,0.94,4.69,74.35
2017-07-02,0.44,0.44,1.31,1.31,2.76,74.51
2017-07-03,2.24,2.24,3.18,3.18,4.27,76.1
2017-07-04,0.17,0.17,2.85,2.85,3.79,74.7
2017-07-05,1.72,1.72,4.13,4.13,5.51,75.29
2017-07-06,10.94,10.94,12.83,12.83,16.38,74.02
2017-07-07,4.84,4.84,17.5,17.5,20.85,72.64
2017-07-08,1.86,1.86,17.64,17.64,22.21,74.47
2017-07-09,22.73,22.73,29.43,29.43,44.5,96.94
2017-07-10,9.24,9.24,33.83,33.83,51.5,104.81
2017-07-11,9.49,9.49,41.46,41.46,60.82,114.01
2017-07-12,15.97,15.97,34.7,34.7,75.07,129.97
2017-07-13,0.28,0.28,25.74,25.74,64.41,130.16
2017-07-14,0.25,0.25,16.5,16.5,59.82,128.63
2017-07-15,1.41,1.41,1.94,1.94,59.37,127.84
2017-07-16,0.2,0.2,1.86,1.86,36.84,123.75
2017-07-17,0.03,0.03,1.64,1.64,27.63,122.73
2017-07-18,0.27,0.27,0.5,0.5,18.41,122.18
2017-07-19,1.7,1.7,2.0,2.0,4.14,118.12
2017-07-20,29.5,29.5,31.47,31.47,33.36,136.97
2017-07-21,0.7,0.7,31.9,31.9,33.81,137.19
2017-07-22,0.03,0.03,30.23,30.23,32.43,136.37
2017-07-23,0.15,0.15,0.88,0.88,32.38,129.58
2017-07-24,0.1,0.1,0.28,0.28,32.45,118.95
2017-07-25,0.48,0.48,0.73,0.73,32.66,117.06
2017-07-26,8.19,8.19,8.77,8.77,39.15,124.52
2017-07-27,3.0,3.0,11.67,11.67,12.65,126.87
2017-07-28,3.51,3.51,14.7,14.7,15.46,130.38
2017-07-29,9.63,9.63,16.14,16.14,25.06,139.94
2017-07-30,13.56,13.56,26.7,26.7,38.47,153.13
2017-07-31,2.42,2.42,25.61,25.61,40.79,155.05
2017-08-01,7.91,7.91,23.89,23.89,48.22,162.52
2017-08-02,9.48,9.48,19.81,19.81,49.51,169.76
2017-08-03,4.64,4.64,22.03,22.03,51.15,174.23
2017-08-04,1.1,1.1,15.22,15.22,48.74,173.61
2017-08-05,4.92,4.92,10.66,10.66,44.03,167.59
2017-08-06,3.02,3.02,9.04,9.04,33.49,165.77
2017-08-07,3.08,3.08,11.02,11.02,34.15,166.99
2017-08-08,7.29,7.29,13.39,13.39,33.53,151.55
2017-08-09,4.73,4.73,15.1,15.1,28.78,147.04
2017-08-10,4.78,4.78,16.8,16.8,28.92,142.33
2017-08-11,4.94,4.94,14.45,14.45,32.76,131.3
2017-08-12,6.36,6.36,16.08,16.08,34.2,137.38
2017-08-13,17.96,17.96,29.26,29.26,49.14,155.09
2017-08-14,2.99,2.99,27.31,27.31,49.05,156.67
2017-08-15,2.66,2.66,23.61,23.61,44.42,159.13
2017-08-16,11.42,11.42,17.07,17.07,51.11,170.52
2017-08-17,30.31,30.31,44.39,44.39,76.64,200.56
2017-08-18,8.99,8.99,50.72,50.72,80.69,207.85
2017-08-19,9.23,9.23,48.53,48.53,83.56,187.58
2017-08-20,6.99,6.99,25.21,25.21,72.59,193.87
2017-08-21,5.31,5.31,21.53,21.53,74.91,199.15
2017-08-22,7.65,7.65,19.95,19.95,79.9,206.65
2017-08-23,9.79,9.79,22.75,22.75,78.27,216.34
2017-08-24,14.81,14.81,32.25,32.25,62.77,230.67
2017-08-25,1.57,1.57,26.17,26.17,55.35,224.05
2017-08-26,6.97,6.97,23.35,23.35,53.09,228.02
2017-08-27,4.25,4.25,12.79,12.79,50.35,228.76
2017-08-28,3.15,3.15,14.37,14.37,48.19,222.28
2017-08-29,1.4,1.4,8.8,8.8,41.94,210.12
2017-08-30,2.61,2.61,7.16,7.16,34.76,210.31
2017-08-31,11.26,11.26,15.27,15.27,31.21,213.66
2017-09-01,16.03,16.03,29.9,29.9,45.67,220.21
2017-09-02,5.65,5.65,32.94,32.94,44.35,221.22
2017-09-03,4.62,4.62,26.3,26.3,44.72,224.74
2017-09-04,3.13,3.13,13.4,13.4,44.7,222.95
2017-09-05,13.29,13.29,21.04,21.04,56.59,233.22
2017-09-06,25.75,25.75,42.17,42.17,79.73,255.89
2017-09-07,5.66,5.66,44.7,44.7,74.13,254.26
2017-09-08,1.86,1.86,33.27,33.27,59.96,251.39
2017-09-09,3.79,3.79,11.31,11.31,58.1,250.4
2017-09-10,3.01,3.01,8.66,8.66,56.49,248.47
2017-09-11,0.39,0.39,7.19,7.19,53.75,242.5
2017-09-12,2.4,2.4,5.8,5.8,42.86,226.94
2017-09-13,1.97,1.97,4.76,4.76,19.08,225.92
2017-09-14,1.2,1.2,5.57,5.57,14.62,224.46
2017-09-15,3.86,3.86,7.03,7.03,16.62,216.9
2017-09-16,12.67,12.67,17.73,17.73,25.5,199.26
2017-09-17,2.75,2.75,19.28,19.28,25.24,193.02
2017-09-18,7.98,7.98,23.4,23.4,32.83,191.77
2017-09-19,1.36,1.36,12.09,12.09,31.79,186.14
2017-09-20,0.11,0.11,9.45,9.45,29.93,180.94
2017-09-21,1.47,1.47,2.94,2.94,30.2,174.76
2017-09-22,3.23,3.23,4.81,4.81,29.57,168.2
2017-09-23,0.36,0.36,5.06,5.06,17.26,153.75
2017-09-24,12.32,12.32,15.91,15.91,26.83,164.5
2017-09-25,4.96,4.96,17.64,17.64,23.81,162.49
2017-09-26,7.1,7.1,24.38,24.38,29.55,165.34
2017-09-27,7.44,7.44,19.5,19.5,36.88,169.63
2017-09-28,9.66,9.66,24.2,24.2,45.07,177.89
2017-09-29,4.42,4.42,21.52,21.52,46.26,179.7
2017-09-30,11.24,11.24,25.32,25.32,57.14,179.68
2017-10-01,9.15,9.15,24.81,24.81,53.97,172.8
2017-10-02,4.78,4.78,25.17,25.17,53.79,171.93
2017-10-03,4.81,4.81,18.74,18.74,51.5,172.12
2017-10-04,7.15,7.15,16.74,16.74,51.21,176.14
2017-10-05,27.9,27.9,39.86,39.86,69.45,190.75
2017-10-06,8.19,8.19,43.24,43.24,73.22,173.19
2017-10-07,3.8,3.8,39.89,39.89,65.78,171.33
2017-10-08,0.52,0.52,12.51,12.51,57.15,169.99
2017-10-09,8.61,8.61,12.93,12.93,60.98,174.81
2017-10-10,5.31,5.31,14.44,14.44,61.48,177.11
2017-10-11,10.6,10.6,24.52,24.52,64.93,187.32
2017-10-12,4.61,4.61,20.52,20.52,41.64,189.53
2017-10-13,2.02,2.02,17.23,17.23,35.47,189.58
2017-10-14,3.27,3.27,9.9,9.9,34.94,191.65
2017-10-15,1.32,1.32,6.61,6.61,35.74,189.11
2017-10-16,7.65,7.65,12.24,12.24,34.78,184.09
2017-10-17,1.78,1.78,10.75,10.75,31.25,183.12
2017-10-18,0.15,0.15,9.58,9.58,20.8,175.29
2017-10-19,0.01,0.01,1.94,1.94,16.2,173.94
2017-10-20,0.24,0.24,0.4,0.4,14.42,174.07
2017-10-21,0.6,0.6,0.85,0.85,11.75,173.2
2017-10-22,6.61,6.61,7.45,7.45,17.04,176.58
2017-10-23,0.05,0.05,7.26,7.26,9.44,176.27
2017-10-24,0.33,0.33,6.99,6.99,7.99,164.28
2017-10-25,3.97,3.97,4.35,4.35,11.81,163.29
2017-10-26,2.22,2.22,6.52,6.52,14.02,158.41
2017-10-27,9.11,9.11,15.3,15.3,22.89,160.08
2017-10-28,0.51,0.51,11.84,11.84,22.8,150.93
2017-10-29,2.68,2.68,12.3,12.3,18.87,149.19
2017-10-30,57.85,57.85,61.04,61.04,76.67,195.8
2017-10-31,30.35,30.35,90.88,90.88,106.69,217.0
2017-11-01,36.12,36.12,124.32,124.32,138.84,248.34
2017-11-02,41.5,41.5,107.97,107.97,178.12,285.03
2017-11-03,36.67,36.67,114.29,114.29,205.68,314.55
2017-11-04,34.15,34.15,112.32,112.32,239.32,320.8
2017-11-05,20.45,20.45,91.27,91.27,257.09,333.06
2017-11-06,12.08,12.08,66.68,66.68,211.32,341.34
2017-11-07,13.39,13.39,45.92,45.92,194.36,354.21
2017-11-08,0.96,0.96,26.43,26.43,159.2,346.56
2017-11-09,0.08,0.08,14.43,14.43,117.78,341.33
2017-11-10,5.66,5.66,6.7,6.7,86.77,336.39
2017-11-11,6.26,6.26,12.0,12.0,58.88,338.04
2017-11-12,8.64,8.64,20.56,20.56,47.07,344.66
2017-11-13,19.22,19.22,34.12,34.12,54.21,360.61
2017-11-14,7.4,7.4,35.26,35.26,48.22,366.69
2017-11-15,0.71,0.71,27.33,27.33,47.97,359.75
2017-11-16,0.29,0.29,8.4,8.4,48.18,358.26
2017-11-17,0.24,0.24,1.24,1.24,42.76,358.35
2017-11-18,0.52,0.52,1.05,1.05,37.02,358.86
2017-11-19,1.36,1.36,2.12,2.12,29.74,359.98
2017-11-20,1.03,1.03,2.91,2.91,11.55,360.41
2017-11-21,0.29,0.29,2.68,2.68,4.44,354.09
2017-11-22,0.19,0.19,1.51,1.51,3.92,354.23
2017-11-23,0.07,0.07,0.55,0.55,3.7,353.97
2017-11-24,0.37,0.37,0.63,0.63,3.83,350.37
2017-11-25,0.2,0.2,0.64,0.64,3.51,348.35
2017-11-26,26.98,26.98,27.55,27.55,29.13,366.22
2017-11-27,14.91,14.91,42.09,42.09,43.01,380.62
2017-11-28,2.93,2.93,44.82,44.82,45.65,380.87
2017-11-29,13.96,13.96,31.8,31.8,59.42,336.98
2017-11-30,54.93,54.93,71.82,71.82,114.28,361.56
2017-12-01,21.34,21.34,90.23,90.23,135.25,346.78
2017-12-02,1.17,1.17,77.44,77.44,136.22,306.45
2017-12-03,0.02,0.02,22.53,22.53,109.26,269.8
2017-12-04,0.01,0.01,1.2,1.2,94.36,235.66
2017-12-05,0.06,0.06,0.09,0.09,91.49,215.27
2017-12-06,0.0,0.0,0.07,0.07,77.53,203.19
2017-12-07,0.0,0.0,0.06,0.06,22.6,189.8
2017-12-08,0.0,0.0,0.0,0.0,1.26,188.84
2017-12-09,0.0,0.0,0.0,0.0,0.09,188.76
2017-12-10,0.0,0.0,0.0,0.0,0.07,183.1
2017-12-11,0.0,0.0,0.0,0.0,0.06,176.84
2017-12-12,0.0,0.0,0.0,0.0,0.0,168.2
2017-12-13,0.0,0.0,0.0,0.0,0.0,148.98
2017-12-14,0.0,0.0,0.0,0.0,0.0,141.58
2017-12-15,0.03,0.03,0.03,0.03,0.03,140.9
2017-12-16,0.0,0.0,0.03,0.03,0.03,140.61
2017-12-17,0.01,0.01,0.04,0.04,0.04,140.38
2017-12-18,0.01,0.01,0.02,0.02,0.05,139.87
2017-12-19,0.01,0.01,0.03,0.03,0.06,138.52
2017-12-20,0.02,0.02,0.04,0.04,0.08,137.51
2017-12-21,0.25,0.25,0.28,0.28,0.33,137.47
2017-12-22,0.29,0.29,0.56,0.56,0.59,137.57
2017-12-23,0.03,0.03,0.57,0.57,0.62,137.53
2017-12-24,0.02,0.02,0.34,0.34,0.63,137.18
2017-12-25,0.02,0.02,0.07,0.07,0.64,137.0
2017-12-26,0.0,0.0,0.04,0.04,0.63,110.02
2017-12-27,0.0,0.0,0.02,0.02,0.61,95.11
2017-12-28,0.0,0.0,0.0,0.0,0.36,92.18
2017-12-29,0.01,0.01,0.01,0.01,0.08,78.23
2017-12-30,0.0,0.0,0.01,0.01,0.05,23.3
2017-12-31,0.02,0.02,0.03,0.03,0.05,1.98
2018-01-01,0.02,0.02,0.04,0.04,0.05,0.83
2018-01-02,0.0,0.0,0.04,0.04,0.05,0.81
2018-01-03,0.0,0.0,0.02,0.02,0.05,0.8
2018-01-04,0.0,0.0,0.0,0.0,0.05,0.74
2018-01-05,0.0,0.0,0.0,0.0,0.04,0.74
2018-01-06,0.0,0.0,0.0,0.0,0.04,0.74
2018-01-07,0.0,0.0,0.0,0.0,0.02,0.74
2018-01-08,0.0,0.0,0.0,0.0,0.0,0.74
2018-01-09,0.87,0.87,0.87,0.87,0.87,1.61
2018-01-10,1.66,1.66,2.53,2.53,2.53,3.27
2018-01-11,0.15,0.15,2.68,2.68,2.68,3.42
2018-01-12,0.0,0.0,1.81,1.81,2.68,3.42
2018-01-13,0.0,0.0,0.15,0.15,2.68,3.42
2018-01-14,0.0,0.0,0.0,0.0,2.68,3.39
2018-01-15,0.0,0.0,0.0,0.0,2.68,3.39
2018-01-16,0.0,0.0,0.0,0.0,1.81,3.38
2018-01-17,0.0,0.0,0.0,0.0,0.15,3.37
2018-01-18,0.0,0.0,0.0,0.0,0.0,3.36
2018-01-19,0.0,0.0,0.0,0.0,0.0,3.34
2018-01-20,0.0,0.0,0.0,0.0,0.0,3.09
2018-01-21,0.0,0.0,0.0,0.0,0.0,2.8
2018-01-22,0.0,0.0,0.0,0.0,0.0,2.77
2018-01-23,0.0,0.0,0.0,0.0,0.0,2.75
2018-01-24,0.0,0.0,0.0,0.0,0.0,2.73
2018-01-25,0.0,0.0,0.0,0.0,0.0,2.73
2018-01-26,0.0,0.0,0.0,0.0,0.0,2.73
2018-01-27,0.0,0.0,0.0,0.0,0.0,2.73
2018-01-28,0.0,0.0,0.0,0.0,0.0,2.72
2018-01-29,0.0,0.0,0.0,0.0,0.0,2.72
2018-01-30,0.0,0.0,0.0,0.0,0.0,2.7
2018-01-31,0.0,0.0,0.0,0.0,0.0,2.68
2018-02-01,0.0,0.0,0.0,0.0,0.0,2.68
2018-02-02,0.0,0.0,0.0,0.0,0.0,2.68
2018-02-03,0.0,0.0,0.0,0.0,0.0,2.68
2018-02-04,0.0,0.0,0.0,0.0,0.0,2.68
2018-02-05,0.0,0.0,0.0,0.0,0.0,2.68
2018-02-06,0.07,0.07,0.07,0.07,0.07,2.75
2018-02-07,5.39,5.39,5.46,5.46,5.46,8.14
2018-02-08,2.93,2.93,8.39,8.39,8.39,10.2
2018-02-09,0.0,0.0,8.32,8.32,8.39,8.54
2018-02-10,0.0,0.0,2.93,2.93,8.39,8.39
2018-02-11,0.0,0.0,0.0,0.0,8.39,8.39
2018-02-12,0.0,0.0,0.0,0.0,8.39,8.39
2018-02-13,0.0,0.0,0.0,0.0,8.32,8.39
2018-02-14,0.0,0.0,0.0,0.0,2.93,8.39
2018-02-15,0.0,0.0,0.0,0.0,0.0,8.39
2018-02-16,0.0,0.0,0.0,0.0,0.0,8.39
2018-02-17,0.0,0.0,0.0,0.0,0.0,8.39
2018-02-18,0.0,0.0,0.0,0.0,0.0,8.39
2018-02-19,0.0,0.0,0.0,0.0,0.0,8.39
2018-02-20,0.0,0.0,0.0,0.0,0.0,8.39
2018-02-21,0.0,0.0,0.0,0.0,0.0,8.39
2018-02-22,0.0,0.0,0.0,0.0,0.0,8.39
2018-02-23,0.0,0.0,0.0,0.0,0.0,8.39
2018-02-24,0.0,0.0,0.0,0.0,0.0,8.39
2018-02-25,0.0,0.0,0.0,0.0,0.0,8.39
2018-02-26,0.0,0.0,0.0,0.0,0.0,8.39
2018-02-27,0.0,0.0,0.0,0.0,0.0,8.39
2018-02-28,0.0,0.0,0.0,0.0,0.0,8.39
2018-03-01,0.0,0.0,0.0,0.0,0.0,8.39
2018-03-02,0.0,0.0,0.0,0.0,0.0,8.39
2018-03-03,0.0,0.0,0.0,0.0,0.0,8.39
2018-03-04,0.0,0.0,0.0,0.0,0.0,8.39
2018-03-05,0.0,0.0,0.0,0.0,0.0,8.39
2018-03-06,0.0,0.0,0.0,0.0,0.0,8.39
2018-03-07,0.0,0.0,0.0,0.0,0.0,8.39
2018-03-08,0.0,0.0,0.0,0.0,0.0,8.32
2018-03-09,0.0,0.0,0.0,0.0,0.0,2.93
2018-03-10,0.0,0.0,0.0,0.0,0.0,0.0
2018-03-11,0.0,0.0,0.0,0.0,0.0,0.0
2018-03-12,0.9,0.9,0.9,0.9,0.9,0.9
2018-03-13,0.16,0.16,1.06,1.06,1.06,1.06
2018-03-14,0.03,0.03,1.09,1.09,1.09,1.09
2018-03-15,0.3,0.3,0.49,0.49,1.39,1.39
2018-03-16,4.69,4.69,5.02,5.02,6.08,6.08
2018-03-17,15.29,15.29,20.28,20.28,21.37,21.37
2018-03-18,0.02,0.02,20.0,20.0,21.39,21.39
2018-03-19,0.0,0.0,15.31,15.31,20.49,21.39
2018-03-20,0.0,0.0,0.02,0.02,20.33,21.39
2018-03-21,0.0,0.0,0.0,0.0,20.3,21.39
2018-03-22,0.0,0.0,0.0,0.0,20.0,21.39
2018-03-23,0.01,0.01,0.01,0.01,15.32,21.4
2018-03-24,0.0,0.0,0.01,0.01,0.03,21.4
2018-03-25,0.0,0.0,0.01,0.01,0.01,21.4
2018-03-26,0.0,0.0,0.0,0.0,0.01,21.4
2018-03-27,0.0,0.0,0.0,0.0,0.01,21.4
2018-03-28,0.0,0.0,0.0,0.0,0.01,21.4
2018-03-29,0.0,0.0,0.0,0.0,0.01,21.4
2018-03-30,0.0,0.0,0.0,0.0,0.0,21.4
2018-03-31,0.03,0.03,0.03,0.03,0.03,21.43
2018-04-01,0.11,0.11,0.14,0.14,0.14,21.54
2018-04-02,0.12,0.12,0.26,0.26,0.26,21.66
2018-04-03,0.08,0.08,0.31,0.31,0.34,21.74
2018-04-04,0.03,0.03,0.23,0.23,0.37,21.77
2018-04-05,0.0,0.0,0.11,0.11,0.37,21.77
2018-04-06,0.01,0.01,0.04,0.04,0.38,21.78
2018-04-07,0.04,0.04,0.05,0.05,0.39,21.82
2018-04-08,0.09,0.09,0.14,0.14,0.37,21.91
2018-04-09,0.12,0.12,0.25,0.25,0.37,22.03
2018-04-10,0.03,0.03,0.24,0.24,0.32,22.06
2018-04-11,0.02,0.02,0.17,0.17,0.31,21.18
2018-04-12,0.02,0.02,0.07,0.07,0.33,21.04
2018-04-13,0.05,0.05,0.09,0.09,0.37,21.06
2018-04-14,0.08,0.08,0.15,0.15,0.41,20.84
2018-04-15,0.05,0.05,0.18,0.18,0.37,16.2
2018-04-16,0.04,0.04,0.17,0.17,0.29,0.95
2018-04-17,0.0,0.0,0.09,0.09,0.26,0.93
2018-04-18,0.0,0.0,0.04,0.04,0.24,0.93
2018-04-19,0.01,0.01,0.01,0.01,0.23,0.94
2018-04-20,0.08,0.08,0.09,0.09,0.26,1.02
2018-04-21,0.08,0.08,0.17,0.17,0.26,1.1
2018-04-22,0.09,0.09,0.25,0.25,0.3,1.18
2018-04-23,0.11,0.11,0.28,0.28,0.37,1.29
2018-04-24,0.03,0.03,0.23,0.23,0.4,1.32
2018-04-25,0.2,0.2,0.34,0.34,0.6,1.52
2018-04-26,0.03,0.03,0.26,0.26,0.62,1.55
2018-04-27,0.0,0.0,0.23,0.23,0.54,1.55
2018-04-28,0.0,0.0,0.03,0.03,0.46,1.55
2018-04-29,0.01,0.01,0.01,0.01,0.38,1.56
2018-04-30,0.04,0.04,0.05,0.05,0.31,1.57
2018-05-01,0.49,0.49,0.54,0.54,0.77,1.95
2018-05-02,2.08,2.08,2.61,2.61,2.65,3.91
2018-05-03,4.27,4.27,6.84,6.84,6.89,8.1
2018-05-04,4.9,4.9,11.25,11.25,11.79,12.97
2018-05-05,0.04,0.04,9.21,9.21,11.83,13.01
2018-05-06,0.09,0.09,5.03,5.03,11.91,13.09
2018-05-07,0.12,0.12,0.25,0.25,11.99,13.17
2018-05-08,0.88,0.88,1.09,1.09,12.38,13.96
2018-05-09,0.22,0.22,1.22,1.22,10.52,14.06
2018-05-10,0.14,0.14,1.24,1.24,6.39,14.17
2018-05-11,0.24,0.24,0.6,0.6,1.73,14.39
2018-05-12,0.17,0.17,0.55,0.55,1.86,14.54
2018-05-13,0.28,0.28,0.69,0.69,2.05,14.77
2018-05-14,0.1,0.1,0.55,0.55,2.03,14.79
2018-05-15,0.03,0.03,0.41,0.41,1.18,14.77
2018-05-16,0.09,0.09,0.22,0.22,1.05,14.82
2018-05-17,0.24,0.24,0.36,0.36,1.15,15.06
2018-05-18,0.04,0.04,0.37,0.37,0.95,15.1
2018-05-19,1.08,1.08,1.36,1.36,1.86,16.17
2018-05-20,3.33,3.33,4.45,4.45,4.91,19.42
2018-05-21,0.37,0.37,4.78,4.78,5.18,19.71
2018-05-22,0.22,0.22,3.92,3.92,5.37,19.84
2018-05-23,0.07,0.07,0.66,0.66,5.35,19.8
2018-05-24,0.04,0.04,0.33,0.33,5.15,19.81
2018-05-25,0.3,0.3,0.41,0.41,5.41,19.91
2018-05-26,0.09,0.09,0.43,0.43,4.42,19.97
2018-05-27,0.05,0.05,0.44,0.44,1.14,20.02
2018-05-28,0.04,0.04,0.18,0.18,0.81,20.06
2018-05-29,0.04,0.04,0.13,0.13,0.63,20.09
2018-05-30,0.29,0.29,0.37,0.37,0.85,20.34
2018-05-31,0.41,0.41,0.74,0.74,1.22,20.26
2018-06-01,2.73,2.73,3.43,3.43,3.65,20.91
2018-06-02,11.48,11.48,14.62,14.62,15.04,28.12
2018-06-03,1.96,1.96,16.17,16.17,16.95,25.18
2018-06-04,1.24,1.24,14.68,14.68,18.15,26.38
2018-06-05,0.63,0.63,3.83,3.83,18.74,26.92
2018-06-06,8.9,8.9,10.77,10.77,27.35,35.7
2018-06-07,17.19,17.19,26.72,26.72,44.13,52.01
2018-06-08,0.37,0.37,26.46,26.46,41.77,52.16
2018-06-09,0.44,0.44,18.0,18.0,30.73,52.46
2018-06-10,0.17,0.17,0.98,0.98,28.94,52.39
2018-06-11,0.03,0.03,0.64,0.64,27.73,52.25
2018-06-12,0.19,0.19,0.39,0.39,27.29,52.16
2018-06-13,0.03,0.03,0.25,0.25,18.42,52.09
2018-06-14,0.02,0.02,0.24,0.24,1.25,52.08
2018-06-15,7.17,7.17,7.22,7.22,8.05,59.16
2018-06-16,1.31,1.31,8.5,8.5,8.92,60.23
2018-06-17,1.36,1.36,9.84,9.84,10.11,61.55
2018-06-18,0.65,0.65,3.32,3.32,10.73,61.12
2018-06-19,0.51,0.51,2.52,2.52,11.05,58.3
2018-06-20,0.24,0.24,1.4,1.4,11.26,58.17
2018-06-21,0.15,0.15,0.9,0.9,11.39,58.1
2018-06-22,0.11,0.11,0.5,0.5,4.33,58.14
2018-06-23,0.53,0.53,0.79,0.79,3.55,58.63
2018-06-24,0.84,0.84,1.48,1.48,3.03,59.17
2018-06-25,1.02,1.02,2.39,2.39,3.4,60.1
2018-06-26,0.96,0.96,2.82,2.82,3.85,61.01
2018-06-27,2.25,2.25,4.23,4.23,5.86,63.22
2018-06-28,0.39,0.39,3.6,3.6,6.1,63.57
2018-06-29,0.4,0.4,3.04,3.04,6.39,63.68
2018-06-30,0.59,0.59,1.38,1.38,6.45,63.86
2018-07-01,3.13,3.13,4.12,4.12,8.74,64.26
2018-07-02,4.72,4.72,8.44,8.44,12.44,57.5
2018-07-03,19.16,19.16,27.01,27.01,30.64,74.7
2018-07-04,0.7,0.7,24.58,24.58,29.09,74.16
2018-07-05,0.4,0.4,20.26,20.26,29.1,73.93
2018-07-06,0.21,0.21,1.31,1.31,28.91,65.24
2018-07-07,0.03,0.03,0.64,0.64,28.35,48.08
2018-07-08,0.2,0.2,0.44,0.44,25.42,47.91
2018-07-09,0.57,0.57,0.8,0.8,21.27,48.04
2018-07-10,5.69,5.69,6.46,6.46,7.8,53.56
2018-07-11,7.06,7.06,13.32,13.32,14.16,60.59
2018-07-12,5.17,5.17,17.92,17.92,18.93,65.57
2018-07-13,7.11,7.11,19.34,19.34,25.83,72.65
2018-07-14,3.34,3.34,15.62,15.62,29.14,75.97
2018-07-15,0.15,0.15,10.6,10.6,29.09,68.95
2018-07-16,0.0,0.0,3.49,3.49,28.52,67.64
2018-07-17,0.1,0.1,0.25,0.25,22.93,66.38
2018-07-18,0.05,0.05,0.15,0.15,15.92,65.78
2018-07-19,0.38,0.38,0.53,0.53,11.13,65.65
2018-07-20,0.15,0.15,0.58,0.58,4.17,65.56
2018-07-21,0.14,0.14,0.67,0.67,0.97,65.55
2018-07-22,0.0,0.0,0.29,0.29,0.82,65.44
2018-07-23,0.89,0.89,1.03,1.03,1.71,65.8
2018-07-24,0.62,0.62,1.51,1.51,2.23,65.58
2018-07-25,0.42,0.42,1.93,1.93,2.6,64.98
2018-07-26,1.77,1.77,2.81,2.81,3.99,65.79
2018-07-27,0.16,0.16,2.35,2.35,4.0,63.7
2018-07-28,0.06,0.06,1.99,1.99,3.92,63.37
2018-07-29,0.99,0.99,1.21,1.21,4.91,63.96
2018-07-30,1.46,1.46,2.51,2.51,5.48,64.83
2018-07-31,3.76,3.76,6.21,6.21,8.62,65.46
2018-08-01,1.29,1.29,6.51,6.51,9.49,62.03
2018-08-02,1.9,1.9,6.95,6.95,9.62,44.77
2018-08-03,1.92,1.92,5.11,5.11,11.38,45.99
2018-08-04,10.12,10.12,13.94,13.94,21.44,55.71
2018-08-05,4.87,4.87,16.91,16.91,25.32,60.37
2018-08-06,0.56,0.56,15.55,15.55,24.42,60.9
2018-08-07,1.87,1.87,7.3,7.3,22.53,62.57
2018-08-08,2.24,2.24,4.67,4.67,23.48,64.24
2018-08-09,6.36,6.36,10.47,10.47,27.94,64.91
2018-08-10,2.0,2.0,10.6,10.6,28.02,59.85
2018-08-11,4.18,4.18,12.54,12.54,22.08,58.86
2018-08-12,1.61,1.61,7.79,7.79,18.82,53.36
2018-08-13,0.88,0.88,6.67,6.67,19.14,50.9
2018-08-14,17.88,17.88,20.37,20.37,35.15,68.63
2018-08-15,18.8,18.8,37.56,37.56,51.71,87.43
2018-08-16,3.1,3.1,39.78,39.78,48.45,90.43
2018-08-17,1.36,1.36,23.26,23.26,47.81,91.74
2018-08-18,0.52,0.52,4.98,4.98,44.15,91.88
2018-08-19,0.36,0.36,2.24,2.24,42.9,92.09
2018-08-20,0.01,0.01,0.89,0.89,42.03,91.96
2018-08-21,0.07,0.07,0.44,0.44,24.22,92.03
2018-08-22,0.04,0.04,0.12,0.12,5.46,91.18
2018-08-23,0.68,0.68,0.79,0.79,3.04,91.24
2018-08-24,4.52,4.52,5.24,5.24,6.2,95.34
2018-08-25,6.7,6.7,11.9,11.9,12.38,100.27
2018-08-26,2.12,2.12,13.34,13.34,14.14,102.23
2018-08-27,6.51,6.51,15.33,15.33,20.64,108.68
2018-08-28,5.99,5.99,14.62,14.62,26.56,113.68
2018-08-29,3.86,3.86,16.36,16.36,30.38,116.08
2018-08-30,6.77,6.77,16.62,16.62,36.47,119.09
2018-08-31,8.02,8.02,18.65,18.65,39.97,125.82
2018-09-01,9.18,9.18,23.97,23.97,42.45,133.1
2018-09-02,0.71,0.71,17.91,17.91,41.04,131.89
2018-09-03,0.18,0.18,10.07,10.07,34.71,121.95
2018-09-04,0.86,0.86,1.75,1.75,29.58,117.94
2018-09-05,0.34,0.34,1.38,1.38,26.06,117.72
2018-09-06,0.03,0.03,1.23,1.23,19.32,115.88
2018-09-07,0.03,0.03,0.4,0.4,11.33,113.67
2018-09-08,0.08,0.08,0.14,0.14,2.23,107.39
2018-09-09,0.42,0.42,0.53,0.53,1.94,105.81
2018-09-10,0.94,0.94,1.44,1.44,2.7,102.57
2018-09-11,2.5,2.5,3.86,3.86,4.34,103.46
2018-09-12,2.05,2.05,5.49,5.49,6.05,104.63
2018-09-13,2.21,2.21,6.76,6.76,8.23,88.96
2018-09-14,5.4,5.4,9.66,9.66,13.6,75.56
2018-09-15,9.36,9.36,16.97,16.97,22.88,81.82
2018-09-16,21.44,21.44,36.2,36.2,43.9,101.9
2018-09-17,28.47,28.47,59.27,59.27,71.43,129.85
2018-09-18,16.75,16.75,66.66,66.66,85.68,146.24
2018-09-19,1.53,1.53,46.75,46.75,85.16,147.76
2018-09-20,0.63,0.63,18.91,18.91,83.58,148.32
2018-09-21,2.39,2.39,4.55,4.55,80.57,150.67
2018-09-22,1.04,1.04,4.06,4.06,72.25,151.03
2018-09-23,0.12,0.12,3.55,3.55,50.93,146.63
2018-09-24,0.01,0.01,1.17,1.17,22.47,139.94
2018-09-25,0.0,0.0,0.13,0.13,5.72,137.82
2018-09-26,0.01,0.01,0.02,0.02,4.2,131.32
2018-09-27,0.06,0.06,0.07,0.07,3.63,125.39
2018-09-28,0.26,0.26,0.33,0.33,1.5,121.79
2018-09-29,0.31,0.31,0.63,0.63,0.77,115.33
2018-09-30,1.4,1.4,1.97,1.97,2.05,108.71
2018-10-01,2.42,2.42,4.13,4.13,4.46,101.95
2018-10-02,1.41,1.41,5.23,5.23,5.87,102.65
2018-10-03,12.43,12.43,16.26,16.26,18.29,114.9
2018-10-04,29.57,29.57,43.41,43.41,47.8,143.61
2018-10-05,25.88,25.88,67.88,67.88,73.42,169.15
2018-10-06,8.08,8.08,63.53,63.53,81.19,177.2
2018-10-07,1.66,1.66,35.62,35.62,81.45,178.83
2018-10-08,3.54,3.54,13.28,13.28,82.57,182.29
2018-10-09,0.43,0.43,5.63,5.63,81.59,182.3
2018-10-10,0.0,0.0,3.97,3.97,69.16,181.36
2018-10-11,0.0,0.0,0.43,0.43,39.59,178.86
2018-10-12,0.02,0.02,0.02,0.02,13.73,176.83
2018-10-13,0.32,0.32,0.34,0.34,5.97,174.94
2018-10-14,5.02,5.02,5.36,5.36,9.33,174.56
2018-10-15,2.09,2.09,7.43,7.43,7.88,167.29
2018-10-16,1.36,1.36,8.47,8.47,8.81,147.21
2018-10-17,12.69,12.69,16.14,16.14,21.5,131.43
2018-10-18,12.45,12.45,26.5,26.5,33.95,127.13
2018-10-19,8.48,8.48,33.62,33.62,42.41,134.08
2018-10-20,1.23,1.23,22.16,22.16,43.32,134.68
2018-10-21,4.37,4.37,14.08,14.08,42.67,136.66
2018-10-22,0.0,0.0,5.6,5.6,40.58,135.62
2018-10-23,0.0,0.0,4.37,4.37,39.22,135.5
2018-10-24,0.0,0.0,0.0,0.0,26.53,135.49
2018-10-25,0.0,0.0,0.0,0.0,14.08,135.49
2018-10-26,0.0,0.0,0.0,0.0,5.6,135.48
2018-10-27,0.0,0.0,0.0,0.0,4.37,135.42
2018-10-28,0.0,0.0,0.0,0.0,0.0,135.16
2018-10-29,1.23,1.23,1.23,1.23,1.23,136.08
2018-10-30,6.43,6.43,7.66,7.66,7.66,141.11
2018-10-31,9.51,9.51,17.17,17.17,17.17,148.2
2018-11-01,17.28,17.28,33.22,33.22,34.45,164.07
2018-11-02,4.98,4.98,31.77,31.77,39.43,156.62
2018-11-03,6.07,6.07,28.33,28.33,45.5,133.12
2018-11-04,2.73,2.73,13.78,13.78,48.23,109.97
2018-11-05,0.34,0.34,9.14,9.14,47.34,102.23
2018-11-06,0.2,0.2,3.27,3.27,41.11,100.77
2018-11-07,0.0,0.0,0.54,0.54,31.6,97.23
2018-11-08,0.68,0.68,0.88,0.88,15.0,97.48
2018-11-09,0.52,0.52,1.2,1.2,10.54,98.0
2018-11-10,0.04,0.04,1.24,1.24,4.51,98.04
2018-11-11,0.01,0.01,0.57,0.57,1.79,98.03
2018-11-12,0.0,0.0,0.05,0.05,1.45,97.71
2018-11-13,0.0,0.0,0.01,0.01,1.25,92.69
2018-11-14,0.26,0.26,0.26,0.26,1.51,90.86
2018-11-15,7.49,7.49,7.75,7.75,8.32,96.99
2018-11-16,8.41,8.41,16.16,16.16,16.21,92.71
2018-11-17,4.04,4.04,19.94,19.94,20.21,84.3
2018-11-18,0.45,0.45,12.9,12.9,20.65,76.27
2018-11-19,0.45,0.45,4.94,4.94,21.1,75.49
2018-11-20,2.73,2.73,3.63,3.63,23.83,73.85
2018-11-21,78.67,78.67,81.85,81.85,102.24,152.52
2018-11-22,50.28,50.28,131.68,131.68,145.03,202.8
2018-11-23,7.81,7.81,136.76,136.76,144.43,210.61
2018-11-24,0.0,0.0,58.09,58.09,140.39,210.61
2018-11-25,0.0,0.0,7.81,7.81,139.94,210.61
2018-11-26,0.01,0.01,0.01,0.01,139.5,210.62
2018-11-27,0.08,0.08,0.09,0.09,136.85,210.7
2018-11-28,0.97,0.97,1.06,1.06,59.15,210.44
2018-11-29,6.86,6.86,7.91,7.91,15.73,210.87
2018-11-30,1.43,1.43,9.26,9.26,9.35,202.79
2018-12-01,0.04,0.04,8.33,8.33,9.39,185.55
2018-12-02,0.19,0.19,1.66,1.66,9.58,180.76
2018-12-03,5.46,5.46,5.69,5.69,15.03,180.15
2018-12-04,23.09,23.09,28.74,28.74,38.04,200.51
2018-12-05,11.32,11.32,39.87,39.87,48.39,211.49
2018-12-06,1.55,1.55,35.96,35.96,43.08,212.84
2018-12-07,0.17,0.17,13.04,13.04,41.82,213.01
2018-12-08,0.01,0.01,1.73,1.73,41.79,212.34
2018-12-09,0.0,0.0,0.18,0.18,41.6,211.82
2018-12-10,0.0,0.0,0.01,0.01,36.14,211.78
2018-12-11,0.0,0.0,0.0,0.0,13.05,211.77
2018-12-12,0.0,0.0,0.0,0.0,1.73,211.77
2018-12-13,0.01,0.01,0.01,0.01,0.19,211.78
2018-12-14,0.09,0.09,0.1,0.1,0.11,211.61
2018-12-15,0.07,0.07,0.17,0.17,0.17,204.19
2018-12-16,0.78,0.78,0.94,0.94,0.95,196.56
2018-12-17,0.01,0.01,0.86,0.86,0.96,192.53
2018-12-18,0.0,0.0,0.79,0.79,0.96,192.08
2018-12-19,0.0,0.0,0.01,0.01,0.96,191.63
2018-12-20,0.0,0.0,0.0,0.0,0.95,188.9
2018-12-21,0.25,0.25,0.25,0.25,1.11,110.48
2018-12-22,9.28,9.28,9.53,9.53,10.32,69.48
2018-12-23,3.16,3.16,12.69,12.69,12.7,64.83
2018-12-24,0.04,0.04,12.48,12.48,12.73,64.87
2018-12-25,0.0,0.0,3.2,3.2,12.73,64.87
2018-12-26,0.0,0.0,0.04,0.04,12.73,64.86
2018-12-27,0.0,0.0,0.0,0.0,12.73,64.78
2018-12-28,0.15,0.15,0.15,0.15,12.63,63.96
2018-12-29,0.16,0.16,0.31,0.31,3.51,57.26
2018-12-30,0.03,0.03,0.34,0.34,0.38,55.86
2018-12-31,0.0,0.0,0.19,0.19,0.34,55.82
2019-01-01,0.0,0.0,0.03,0.03,0.34,55.63
2019-01-02,0.0,0.0,0.0,0.0,0.34,50.17
2019-01-03,0.0,0.0,0.0,0.0,0.34,27.08
2019-01-04,0.0,0.0,0.0,0.0,0.19,15.76
2019-01-05,0.0,0.0,0.0,0.0,0.03,14.21
2019-01-06,0.0,0.0,0.0,0.0,0.0,14.04
2019-01-07,0.0,0.0,0.0,0.0,0.0,14.03
2019-01-08,0.0,0.0,0.0,0.0,0.0,14.03
2019-01-09,0.0,0.0,0.0,0.0,0.0,14.03
2019-01-10,0.0,0.0,0.0,0.0,0.0,14.03
2019-01-11,0.01,0.01,0.01,0.01,0.01,14.04
2019-01-12,0.0,0.0,0.01,0.01,0.01,14.03
2019-01-13,0.01,0.01,0.02,0.02,0.02,13.95
2019-01-14,0.0,0.0,0.01,0.01,0.02,13.88
2019-01-15,0.0,0.0,0.01,0.01,0.02,13.1
2019-01-16,0.0,0.0,0.0,0.0,0.02,13.09
2019-01-17,0.01,0.01,0.01,0.01,0.03,13.1
2019-01-18,0.0,0.0,0.01,0.01,0.02,13.1
2019-01-19,0.0,0.0,0.01,0.01,0.02,13.1
2019-01-20,0.0,0.0,0.0,0.0,0.01,12.85
2019-01-21,0.0,0.0,0.0,0.0,0.01,3.57
2019-01-22,0.0,0.0,0.0,0.0,0.01,0.41
2019-01-23,0.0,0.0,0.0,0.0,0.01,0.37
2019-01-24,0.0,0.0,0.0,0.0,0.0,0.37
2019-01-25,0.0,0.0,0.0,0.0,0.0,0.37
2019-01-26,0.05,0.05,0.05,0.05,0.05,0.42
2019-01-27,0.06,0.06,0.11,0.11,0.11,0.33
2019-01-28,0.71,0.71,0.82,0.82,0.82,0.88
2019-01-29,0.26,0.26,1.03,1.03,1.08,1.11
2019-01-30,0.02,0.02,0.99,0.99,1.1,1.13
2019-01-31,0.0,0.0,0.28,0.28,1.1,1.13
2019-02-01,0.0,0.0,0.02,0.02,1.1,1.13
2019-02-02,0.0,0.0,0.0,0.0,1.05,1.13
2019-02-03,0.0,0.0,0.0,0.0,0.99,1.13
2019-02-04,0.0,0.0,0.0,0.0,0.28,1.13
2019-02-05,0.0,0.0,0.0,0.0,0.02,1.13
2019-02-06,0.0,0.0,0.0,0.0,0.0,1.13
2019-02-07,0.0,0.0,0.0,0.0,0.0,1.13
2019-02-08,0.03,0.03,0.03,0.03,0.03,1.16
2019-02-09,0.02,0.02,0.05,0.05,0.05,1.18
2019-02-10,0.04,0.04,0.09,0.09,0.09,1.21
2019-02-11,0.0,0.0,0.06,0.06,0.09,1.21
2019-02-12,0.0,0.0,0.04,0.04,0.09,1.2
2019-02-13,0.0,0.0,0.0,0.0,0.09,1.2
2019-02-14,0.0,0.0,0.0,0.0,0.09,1.2
2019-02-15,0.0,0.0,0.0,0.0,0.06,1.2
2019-02-16,0.0,0.0,0.0,0.0,0.04,1.19
2019-02-17,0.0,0.0,0.0,0.0,0.0,1.19
2019-02-18,0.0,0.0,0.0,0.0,0.0,1.19
2019-02-19,0.0,0.0,0.0,0.0,0.0,1.19
2019-02-20,0.0,0.0,0.0,0.0,0.0,1.19
2019-02-21,0.0,0.0,0.0,0.0,0.0,1.19
2019-02-22,0.0,0.0,0.0,0.0,0.0,1.19
2019-02-23,0.0,0.0,0.0,0.0,0.0,1.19
2019-02-24,0.0,0.0,0.0,0.0,0.0,1.19
2019-02-25,0.0,0.0,0.0,0.0,0.0,1.14
2019-02-26,0.01,0.01,0.01,0.01,0.01,1.09
2019-02-27,0.06,0.06,0.07,0.07,0.07,0.44
2019-02-28,1.48,1.48,1.55,1.55,1.55,1.66
2019-03-01,0.37,0.37,1.91,1.91,1.92,2.01
2019-03-02,0.0,0.0,1.85,1.85,1.92,2.01
2019-03-03,0.0,0.0,0.37,0.37,1.92,2.01
2019-03-04,0.0,0.0,0.0,0.0,1.92,2.01
2019-03-05,0.0,0.0,0.0,0.0,1.91,2.01
2019-03-06,0.0,0.0,0.0,0.0,1.85,2.01
2019-03-07,0.01,0.01,0.01,0.01,0.38,2.02
2019-03-08,0.0,0.0,0.01,0.01,0.01,2.02
2019-03-09,0.01,0.01,0.02,0.02,0.02,2.03
2019-03-10,0.0,0.0,0.01,0.01,0.02,2.0
2019-03-11,0.0,0.0,0.01,0.01,0.02,1.98
2019-03-12,0.0,0.0,0.0,0.0,0.02,1.94
2019-03-13,0.0,0.0,0.0,0.0,0.02,1.94
2019-03-14,0.0,0.0,0.0,0.0,0.01,1.94
2019-03-15,0.0,0.0,0.0,0.0,0.01,1.94
2019-03-16,0.0,0.0,0.0,0.0,0.0,1.94
2019-03-17,0.01,0.01,0.01,0.01,0.01,1.95
2019-03-18,0.0,0.0,0.01,0.01,0.01,1.95
2019-03-19,0.0,0.0,0.01,0.01,0.01,1.95
2019-03-20,0.0,0.0,0.0,0.0,0.01,1.95
2019-03-21,0.0,0.0,0.0,0.0,0.01,1.95
2019-03-22,0.0,0.0,0.0,0.0,0.01,1.95
2019-03-23,0.0,0.0,0.0,0.0,0.01,1.95
2019-03-24,0.0,0.0,0.0,0.0,0.0,1.95
2019-03-25,0.0,0.0,0.0,0.0,0.0,1.95
2019-03-26,0.0,0.0,0.0,0.0,0.0,1.95
2019-03-27,0.0,0.0,0.0,0.0,0.0,1.95
2019-03-28,0.0,0.0,0.0,0.0,0.0,1.94
2019-03-29,0.0,0.0,0.0,0.0,0.0,1.88
2019-03-30,0.0,0.0,0.0,0.0,0.0,0.4
2019-03-31,0.0,0.0,0.0,0.0,0.0,0.03
2019-04-01,0.0,0.0,0.0,0.0,0.0,0.03
2019-04-02,0.0,0.0,0.0,0.0,0.0,0.03
2019-04-03,0.0,0.0,0.0,0.0,0.0,0.03
2019-04-04,0.0,0.0,0.0,0.0,0.0,0.03
2019-04-05,0.0,0.0,0.0,0.0,0.0,0.03
2019-04-06,0.0,0.0,0.0,0.0,0.0,0.02
2019-04-07,0.0,0.0,0.0,0.0,0.0,0.02
2019-04-08,0.0,0.0,0.0,0.0,0.0,0.01
2019-04-09,0.0,0.0,0.0,0.0,0.0,0.01
2019-04-10,0.0,0.0,0.0,0.0,0.0,0.01
2019-04-11,0.02,0.02,0.02,0.02,0.02,0.03
2019-04-12,0.02,0.02,0.04,0.04,0.04,0.05
2019-04-13,0.02,0.02,0.06,0.06,0.06,0.07
2019-04-14,0.0,0.0,0.04,0.04,0.06,0.07
2019-04-15,0.0,0.0,0.02,0.02,0.06,0.07
2019-04-16,0.0,0.0,0.0,0.0,0.06,0.06
2019-04-17,0.0,0.0,0.0,0.0,0.06,0.06
2019-04-18,0.03,0.03,0.03,0.03,0.07,0.09
2019-04-19,0.04,0.04,0.07,0.07,0.09,0.13
2019-04-20,0.18,0.18,0.25,0.25,0.25,0.31
2019-04-21,0.44,0.44,0.66,0.66,0.69,0.75
2019-04-22,0.64,0.64,1.26,1.26,1.33,1.39
2019-04-23,0.21,0.21,1.29,1.29,1.54,1.6
2019-04-24,0.01,0.01,0.86,0.86,1.55,1.61
2019-04-25,0.01,0.01,0.23,0.23,1.53,1.62
2019-04-26,0.0,0.0,0.02,0.02,1.49,1.62
2019-04-27,0.0,0.0,0.01,0.01,1.31,1.62
2019-04-28,0.03,0.03,0.03,0.03,0.9,1.65
2019-04-29,0.03,0.03,0.06,0.06,0.29,1.68
2019-04-30,0.1,0.1,0.16,0.16,0.18,1.78
2019-05-01,1.35,1.35,1.48,1.48,1.52,3.13
2019-05-02,0.37,0.37,1.82,1.82,1.88,3.5
2019-05-03,0.07,0.07,1.79,1.79,1.95,3.57
2019-05-04,0.43,0.43,0.87,0.87,2.38,4.0
2019-05-05,4.38,4.38,4.88,4.88,6.73,8.38
2019-05-06,1.6,1.6,6.41,6.41,8.3,9.98
2019-05-07,0.62,0.62,6.6,6.6,8.82,10.6
2019-05-08,0.18,0.18,2.4,2.4,7.65,10.78
2019-05-09,0.67,0.67,1.47,1.47,7.95,11.45
2019-05-10,0.63,0.63,1.48,1.48,8.51,12.08
2019-05-11,0.01,0.01,1.31,1.31,8.09,12.07
2019-05-12,0.01,0.01,0.65,0.65,3.72,12.06
2019-05-13,0.06,0.06,0.08,0.08,2.18,12.1
2019-05-14,0.12,0.12,0.19,0.19,1.68,12.22
2019-05-15,0.23,0.23,0.41,0.41,1.73,12.45
2019-05-16,0.17,0.17,0.52,0.52,1.23,12.62
2019-05-17,0.01,0.01,0.41,0.41,0.61,12.63
2019-05-18,0.09,0.09,0.27,0.27,0.69,12.69
2019-05-19,0.13,0.13,0.23,0.23,0.81,12.78
2019-05-20,0.0,0.0,0.22,0.22,0.75,12.6
2019-05-21,0.0,0.0,0.13,0.13,0.63,12.16
2019-05-22,0.0,0.0,0.0,0.0,0.4,11.52
2019-05-23,0.0,0.0,0.0,0.0,0.23,11.31
2019-05-24,0.0,0.0,0.0,0.0,0.22,11.3
2019-05-25,0.04,0.04,0.04,0.04,0.17,11.33
2019-05-26,0.06,0.06,0.1,0.1,0.1,11.39
2019-05-27,0.05,0.05,0.15,0.15,0.15,11.44
2019-05-28,0.06,0.06,0.17,0.17,0.21,11.47
2019-05-29,0.38,0.38,0.49,0.49,0.59,11.82
2019-05-30,0.04,0.04,0.48,0.48,0.63,11.76
2019-05-31,0.42,0.42,0.84,0.84,1.05,10.83
2019-06-01,1.5,1.5,1.96,1.96,2.51,11.96
2019-06-02,4.57,4.57,6.49,6.49,7.02,16.46
2019-06-03,0.79,0.79,6.86,6.86,7.76,16.82
2019-06-04,3.91,3.91,9.27,9.27,11.61,16.35
2019-06-05,2.3,2.3,7.0,7.0,13.53,17.05
2019-06-06,0.02,0.02,6.23,6.23,13.51,16.45
2019-06-07,0.09,0.09,2.41,2.41,13.18,16.36
2019-06-08,0.03,0.03,0.14,0.14,11.71,15.72
2019-06-09,0.01,0.01,0.13,0.13,7.15,15.1
2019-06-10,0.01,0.01,0.05,0.05,6.37,15.1
2019-06-11,0.04,0.04,0.06,0.06,2.5,15.13
2019-06-12,0.01,0.01,0.06,0.06,0.21,15.08
2019-06-13,0.1,0.1,0.15,0.15,0.29,15.06
2019-06-14,0.01,0.01,0.12,0.12,0.21,14.84
2019-06-15,0.02,0.02,0.13,0.13,0.2,14.69
2019-06-16,0.02,0.02,0.05,0.05,0.21,14.7
2019-06-17,0.03,0.03,0.07,0.07,0.23,14.64
2019-06-18,0.07,0.07,0.12,0.12,0.26,14.58
2019-06-19,0.04,0.04,0.14,0.14,0.29,14.62
2019-06-20,2.86,2.86,2.97,2.97,3.05,17.48
2019-06-21,7.32,7.32,10.22,10.22,10.36,24.8
2019-06-22,4.26,4.26,14.44,14.44,14.6,29.06
2019-06-23,8.78,8.78,20.36,20.36,23.36,37.84
2019-06-24,4.99,4.99,18.03,18.03,28.32,42.79
2019-06-25,2.4,2.4,16.17,16.17,30.65,45.13
2019-06-26,9.16,9.16,16.55,16.55,39.77,54.24
2019-06-27,6.61,6.61,18.17,18.17,43.52,60.79
2019-06-28,1.35,1.35,17.12,17.12,37.55,61.76
2019-06-29,1.31,1.31,9.27,9.27,34.6,63.03
2019-06-30,0.41,0.41,3.07,3.07,26.23,63.02
2019-07-01,0.04,0.04,1.76,1.76,21.28,61.56
2019-07-02,0.07,0.07,0.52,0.52,18.95,57.06
2019-07-03,0.05,0.05,0.16,0.16,9.84,56.32
2019-07-04,0.04,0.04,0.16,0.16,3.27,52.45
2019-07-05,0.25,0.25,0.34,0.34,2.17,50.4
2019-07-06,0.19,0.19,0.48,0.48,1.05,50.57
2019-07-07,0.03,0.03,0.47,0.47,0.67,50.51
2019-07-08,0.06,0.06,0.28,0.28,0.69,50.54
2019-07-09,3.72,3.72,3.81,3.81,4.34,54.25
2019-07-10,4.05,4.05,7.83,7.83,8.34,58.29
2019-07-11,2.47,2.47,10.24,10.24,10.77,60.72
2019-07-12,1.01,1.01,7.53,7.53,11.53,61.72
2019-07-13,22.14,22.14,25.62,25.62,33.48,83.76
2019-07-14,5.19,5.19,28.34,28.34,38.64,88.94
2019-07-15,9.15,9.15,36.48,36.48,47.73,98.07
2019-07-16,4.93,4.93,19.27,19.27,48.94,102.98
2019-07-17,0.77,0.77,14.85,14.85,45.66,103.72
2019-07-18,4.36,4.36,10.06,10.06,47.55,108.01
2019-07-19,5.52,5.52,10.65,10.65,52.06,113.49
2019-07-20,5.1,5.1,14.98,14.98,35.02,115.73
2019-07-21,2.35,2.35,12.97,12.97,32.18,110.76
2019-07-22,16.88,16.88,24.33,24.33,39.91,123.38
2019-07-23,14.03,14.03,33.26,33.26,49.01,128.63
2019-07-24,8.08,8.08,38.99,38.99,56.32,131.72
2019-07-25,20.83,20.83,42.94,42.94,72.79,150.15
2019-07-26,10.58,10.58,39.49,39.49,77.85,151.57
2019-07-27,1.18,1.18,32.59,32.59,73.93,146.14
2019-07-28,2.1,2.1,13.86,13.86,73.68,146.89
2019-07-29,1.25,1.25,4.53,4.53,58.05,146.83
2019-07-30,1.17,1.17,4.52,4.52,45.19,147.59
2019-07-31,0.09,0.09,2.51,2.51,37.2,147.64
2019-08-01,1.56,1.56,2.82,2.82,17.93,149.13
2019-08-02,0.64,0.64,2.29,2.29,7.99,149.72
2019-08-03,0.07,0.07,2.27,2.27,6.88,149.75
2019-08-04,0.01,0.01,0.72,0.72,4.79,149.51
2019-08-05,3.7,3.7,3.78,3.78,7.24,153.02
2019-08-06,0.43,0.43,4.14,4.14,6.5,153.42
2019-08-07,0.78,0.78,4.91,4.91,7.19,154.14
2019-08-08,0.69,0.69,1.9,1.9,6.32,151.11
2019-08-09,0.47,0.47,1.94,1.94,6.15,147.53
2019-08-10,1.85,1.85,3.01,3.01,7.93,146.91
2019-08-11,0.49,0.49,2.81,2.81,8.41,146.39
2019-08-12,0.66,0.66,3.0,3.0,5.37,124.91
2019-08-13,3.35,3.35,4.5,4.5,8.29,123.07
2019-08-14,15.04,15.04,19.05,19.05,22.55,128.96
2019-08-15,3.92,3.92,22.31,22.31,25.78,127.95
2019-08-16,32.51,32.51,51.47,51.47,57.82,159.69
2019-08-17,31.15,31.15,67.58,67.58,87.12,186.48
2019-08-18,24.88,24.88,88.54,88.54,111.51,205.84
2019-08-19,15.06,15.06,71.09,71.09,125.91,215.8
2019-08-20,7.99,7.99,47.93,47.93,130.55,221.44
2019-08-21,18.22,18.22,41.27,41.27,133.73,222.78
2019-08-22,1.39,1.39,27.6,27.6,131.2,210.14
2019-08-23,8.06,8.06,27.67,27.67,106.75,210.12
2019-08-24,1.84,1.84,11.29,11.29,77.44,191.13
2019-08-25,1.8,1.8,11.7,11.7,54.36,182.35
2019-08-26,0.19,0.19,3.83,3.83,39.49,181.36
2019-08-27,0.2,0.2,2.19,2.19,31.7,179.46
2019-08-28,2.77,2.77,3.16,3.16,16.25,180.98
2019-08-29,3.09,3.09,6.06,6.06,17.95,182.9
2019-08-30,2.95,2.95,8.81,8.81,12.84,185.76
2019-08-31,12.12,12.12,18.16,18.16,23.12,196.32
2019-09-01,2.12,2.12,17.19,17.19,23.44,197.8
2019-09-02,4.61,4.61,18.85,18.85,27.86,202.34
2019-09-03,7.05,7.05,13.78,13.78,34.71,209.38
2019-09-04,9.97,9.97,21.63,21.63,41.91,215.65
2019-09-05,3.2,3.2,20.22,20.22,42.02,218.42
2019-09-06,1.8,1.8,14.97,14.97,40.87,219.44
2019-09-07,1.91,1.91,6.91,6.91,30.66,220.66
2019-09-08,0.26,0.26,3.97,3.97,28.8,220.45
2019-09-09,0.14,0.14,2.31,2.31,24.33,218.74
2019-09-10,1.68,1.68,2.08,2.08,18.96,219.93
2019-09-11,6.53,6.53,8.35,8.35,15.52,225.8
2019-09-12,34.35,34.35,42.56,42.56,46.67,256.8
2019-09-13,8.03,8.03,48.91,48.91,52.9,249.79
2019-09-14,9.41,9.41,51.79,51.79,60.4,255.28
2019-09-15,6.85,6.85,24.29,24.29,66.99,229.62
2019-09-16,6.0,6.0,22.26,22.26,72.85,204.47
2019-09-17,8.38,8.38,21.23,21.23,79.55,187.97
2019-09-18,38.89,38.89,53.27,53.27,111.91,211.8
2019-09-19,28.31,28.31,75.58,75.58,105.87,232.12
2019-09-20,10.63,10.63,77.83,77.83,108.47,224.53
2019-09-21,6.2,6.2,45.14,45.14,105.26,229.34
2019-09-22,18.35,18.35,35.18,35.18,116.76,239.63
2019-09-23,13.36,13.36,37.91,37.91,124.12,251.15
2019-09-24,4.27,4.27,35.98,35.98,120.01,253.62
2019-09-25,11.46,11.46,29.09,29.09,92.58,264.89
2019-09-26,1.98,1.98,17.71,17.71,66.25,266.67
2019-09-27,0.52,0.52,13.96,13.96,56.14,264.42
2019-09-28,0.19,0.19,2.69,2.69,50.13,261.52
2019-09-29,0.51,0.51,1.22,1.22,32.29,259.08
2019-09-30,0.38,0.38,1.08,1.08,19.31,247.34
2019-10-01,0.05,0.05,0.94,0.94,15.09,245.27
2019-10-02,0.03,0.03,0.46,0.46,3.66,240.69
2019-10-03,0.43,0.43,0.51,0.51,2.11,234.07
2019-10-04,2.29,2.29,2.75,2.75,3.88,226.39
2019-10-05,1.38,1.38,4.1,4.1,5.07,224.57
2019-10-06,0.19,0.19,3.86,3.86,4.75,222.96
2019-10-07,1.19,1.19,2.76,2.76,5.56,222.24
2019-10-08,1.03,1.03,2.41,2.41,6.54,223.01
2019-10-09,0.28,0.28,2.5,2.5,6.79,223.15
2019-10-10,0.06,0.06,1.37,1.37,6.42,221.53
2019-10-11,0.34,0.34,0.68,0.68,4.47,215.34
2019-10-12,0.42,0.42,0.82,0.82,3.51,181.41
2019-10-13,2.43,2.43,3.19,3.19,5.75,175.81
2019-10-14,4.99,4.99,7.84,7.84,9.55,171.39
2019-10-15,16.66,16.66,24.08,24.08,25.18,181.2
2019-10-16,16.27,16.27,37.92,37.92,41.17,191.47
2019-10-17,22.65,22.65,55.58,55.58,63.76,205.74
2019-10-18,8.74,8.74,47.66,47.66,72.16,175.59
2019-10-19,6.98,6.98,38.37,38.37,78.72,154.26
2019-10-20,20.89,20.89,36.61,36.61,97.18,164.52
2019-10-21,12.85,12.85,40.72,40.72,105.04,171.17
2019-10-22,11.93,11.93,45.67,45.67,100.31,164.75
2019-10-23,9.08,9.08,33.86,33.86,93.12,160.47
2019-10-24,2.63,2.63,23.64,23.64,73.1,158.83
2019-10-25,6.81,6.81,18.52,18.52,71.17,154.18
2019-10-26,2.87,2.87,12.31,12.31,67.06,155.07
2019-10-27,3.08,3.08,12.76,12.76,49.25,157.63
2019-10-28,12.27,12.27,18.22,18.22,48.67,169.71
2019-10-29,42.88,42.88,58.23,58.23,79.62,212.08
2019-10-30,23.83,23.83,78.98,78.98,94.37,235.53
2019-10-31,1.22,1.22,67.93,67.93,92.96,236.7
2019-11-01,3.4,3.4,28.45,28.45,89.55,240.07
2019-11-02,1.19,1.19,5.81,5.81,87.87,240.83
2019-11-03,0.14,0.14,4.73,4.73,84.93,238.68
2019-11-04,0.0,0.0,1.33,1.33,72.66,237.3
2019-11-05,0.0,0.0,0.14,0.14,29.78,237.11
2019-11-06,0.0,0.0,0.0,0.0,5.95,235.92
2019-11-07,0.47,0.47,0.47,0.47,5.2,235.36
2019-11-08,1.21,1.21,1.68,1.68,3.01,236.29
2019-11-09,5.08,5.08,6.76,6.76,6.9,241.31
2019-11-10,0.57,0.57,6.86,6.86,7.33,241.54
2019-11-11,0.06,0.06,5.71,5.71,7.39,241.18
2019-11-12,0.25,0.25,0.88,0.88,7.64,239.0
2019-11-13,0.65,0.65,0.96,0.96,8.29,234.66
2019-11-14,7.92,7.92,8.82,8.82,15.74,225.92
2019-11-15,5.69,5.69,14.26,14.26,20.22,215.34
2019-11-16,1.4,1.4,15.01,15.01,16.54,194.09
2019-11-17,3.96,3.96,11.05,11.05,19.93,189.31
2019-11-18,6.32,6.32,11.68,11.68,26.19,188.65
2019-11-19,3.31,3.31,13.59,13.59,29.25,171.07
2019-11-20,15.0,15.0,24.63,24.63,43.6,173.22
2019-11-21,8.18,8.18,26.49,26.49,43.86,169.47
2019-11-22,3.68,3.68,26.86,26.86,41.85,164.07
2019-11-23,5.83,5.83,17.69,17.69,46.28,167.27
2019-11-24,1.46,1.46,10.97,10.97,43.78,161.92
2019-11-25,0.14,0.14,7.43,7.43,37.6,159.19
2019-11-26,5.18,5.18,6.78,6.78,39.47,161.29
2019-11-27,7.25,7.25,12.57,12.57,31.72,156.27
2019-11-28,30.01,30.01,42.44,42.44,53.55,143.4
2019-11-29,8.3,8.3,45.56,45.56,58.17,127.87
2019-11-30,34.61,34.61,72.92,72.92,86.95,161.26
2019-12-01,70.8,70.8,113.71,113.71,156.29,228.66
2019-12-02,9.35,9.35,114.76,114.76,165.5,236.82
2019-12-03,2.38,2.38,82.53,82.53,162.7,239.06
2019-12-04,0.33,0.33,12.06,12.06,155.78,239.39
2019-12-05,0.2,0.2,2.91,2.91,125.97,239.59
2019-12-06,2.41,2.41,2.94,2.94,120.08,242.0
2019-12-07,6.06,6.06,8.67,8.67,91.53,247.59
2019-12-08,1.53,1.53,10.0,10.0,22.26,247.91
2019-12-09,0.42,0.42,8.01,8.01,13.33,243.25
2019-12-10,0.21,0.21,2.16,2.16,11.16,242.89
2019-12-11,0.07,0.07,0.7,0.7,10.9,242.9
2019-12-12,0.84,0.84,1.12,1.12,11.54,243.49
2019-12-13,5.27,5.27,6.18,6.18,14.4,248.11
2019-12-14,12.55,12.55,18.66,18.66,20.89,252.74
2019-12-15,1.11,1.11,18.93,18.93,20.47,248.16
2019-12-16,5.06,5.06,18.72,18.72,25.11,251.82
2019-12-17,0.77,0.77,6.94,6.94,25.67,248.63
2019-12-18,0.43,0.43,6.26,6.26,26.03,242.74
2019-12-19,0.09,0.09,1.29,1.29,25.28,239.52
2019-12-20,0.05,0.05,0.57,0.57,20.06,224.57
2019-12-21,0.0,0.0,0.14,0.14,7.51,216.39
2019-12-22,0.01,0.01,0.06,0.06,6.41,212.72
2019-12-23,0.0,0.0,0.01,0.01,1.35,206.89
2019-12-24,1.83,1.83,1.84,1.84,2.41,207.26
2019-12-25,0.1,0.1,1.93,1.93,2.08,207.22
2019-12-26,0.01,0.01,1.94,1.94,2.0,202.05
2019-12-27,0.01,0.01,0.12,0.12,1.96,194.81
2019-12-28,0.15,0.15,0.17,0.17,2.11,164.95
2019-12-29,3.42,3.42,3.58,3.58,5.52,160.07
2019-12-30,8.1,8.1,11.67,11.67,13.62,133.56
2019-12-31,2.41,2.41,13.93,13.93,14.2,65.17
2020-01-01,20.58,20.58,31.09,31.09,34.68,76.4
2020-01-02,2.72,2.72,25.71,25.71,37.39,76.74
2020-01-03,0.1,0.1,23.4,23.4,37.48,76.51
2020-01-04,0.29,0.29,3.11,3.11,37.62,76.6
2020-01-05,2.06,2.06,2.45,2.45,36.26,76.25
2020-01-06,4.21,4.21,6.56,6.56,32.37,74.4
2020-01-07,0.99,0.99,7.26,7.26,30.95,73.86
2020-01-08,0.03,0.03,5.23,5.23,10.4,73.47
2020-01-09,0.0,0.0,1.02,1.02,7.68,73.26
2020-01-10,0.0,0.0,0.03,0.03,7.58,73.19
2020-01-11,0.05,0.05,0.05,0.05,7.34,72.4
2020-01-12,0.05,0.05,0.1,0.1,5.33,67.18
2020-01-13,0.0,0.0,0.1,0.1,1.12,54.63
2020-01-14,0.0,0.0,0.05,0.05,0.13,53.52
2020-01-15,0.0,0.0,0.0,0.0,0.1,48.46
2020-01-16,0.0,0.0,0.0,0.0,0.1,47.69
2020-01-17,0.34,0.34,0.34,0.34,0.44,47.6
2020-01-18,1.06,1.06,1.4,1.4,1.45,48.57
2020-01-19,0.06,0.06,1.46,1.46,1.46,48.58
2020-01-20,0.0,0.0,1.12,1.12,1.46,48.58
2020-01-21,0.0,0.0,0.06,0.06,1.46,48.57
2020-01-22,0.0,0.0,0.0,0.0,1.46,48.57
2020-01-23,0.0,0.0,0.0,0.0,1.46,46.74
2020-01-24,0.0,0.0,0.0,0.0,1.12,46.64
2020-01-25,0.0,0.0,0.0,0.0,0.06,46.63
2020-01-26,0.0,0.0,0.0,0.0,0.0,46.62
2020-01-27,0.0,0.0,0.0,0.0,0.0,46.47
2020-01-28,0.0,0.0,0.0,0.0,0.0,43.05
2020-01-29,0.0,0.0,0.0,0.0,0.0,34.95
2020-01-30,0.0,0.0,0.0,0.0,0.0,32.54
2020-01-31,0.0,0.0,0.0,0.0,0.0,11.96
2020-02-01,0.0,0.0,0.0,0.0,0.0,9.24
2020-02-02,0.0,0.0,0.0,0.0,0.0,9.14
2020-02-03,0.0,0.0,0.0,0.0,0.0,8.85
2020-02-04,0.04,0.04,0.04,0.04,0.04,6.83
2020-02-05,0.0,0.0,0.04,0.04,0.04,2.62
2020-02-06,0.0,0.0,0.04,0.04,0.04,1.63
2020-02-07,0.0,0.0,0.0,0.0,0.04,1.6
2020-02-08,0.0,0.0,0.0,0.0,0.04,1.6
2020-02-09,0.03,0.03,0.03,0.03,0.07,1.63
2020-02-10,0.12,0.12,0.15,0.15,0.19,1.7
2020-02-11,0.03,0.03,0.18,0.18,0.18,1.68
2020-02-12,0.13,0.13,0.28,0.28,0.31,1.81
2020-02-13,0.0,0.0,0.16,0.16,0.31,1.81
2020-02-14,0.0,0.0,0.13,0.13,0.31,1.81
2020-02-15,0.0,0.0,0.0,0.0,0.31,1.81
2020-02-16,0.0,0.0,0.0,0.0,0.28,1.47
2020-02-17,0.0,0.0,0.0,0.0,0.16,0.41
2020-02-18,0.0,0.0,0.0,0.0,0.13,0.35
2020-02-19,0.0,0.0,0.0,0.0,0.0,0.35
2020-02-20,0.0,0.0,0.0,0.0,0.0,0.35
2020-02-21,0.01,0.01,0.01,0.01,0.01,0.36
2020-02-22,0.01,0.01,0.02,0.02,0.02,0.37
2020-02-23,0.0,0.0,0.02,0.02,0.02,0.37
2020-02-24,0.0,0.0,0.01,0.01,0.02,0.37
2020-02-25,0.0,0.0,0.0,0.0,0.02,0.37
2020-02-26,0.01,0.01,0.01,0.01,0.03,0.38
2020-02-27,0.0,0.0,0.01,0.01,0.03,0.38
2020-02-28,0.01,0.01,0.02,0.02,0.03,0.39
2020-02-29,0.04,0.04,0.05,0.05,0.06,0.43
2020-03-01,0.0,0.0,0.05,0.05,0.06,0.43
2020-03-02,0.0,0.0,0.04,0.04,0.06,0.43
2020-03-03,0.0,0.0,0.0,0.0,0.06,0.43
2020-03-04,0.0,0.0,0.0,0.0,0.05,0.43
2020-03-05,0.01,0.01,0.01,0.01,0.06,0.4
2020-03-06,0.08,0.08,0.09,0.09,0.13,0.48
2020-03-07,0.14,0.14,0.23,0.23,0.23,0.62
2020-03-08,0.0,0.0,0.22,0.22,0.23,0.62
2020-03-09,0.0,0.0,0.14,0.14,0.23,0.62
2020-03-10,0.0,0.0,0.0,0.0,0.23,0.59
2020-03-11,0.0,0.0,0.0,0.0,0.23,0.47
2020-03-12,0.0,0.0,0.0,0.0,0.22,0.44
2020-03-13,0.0,0.0,0.0,0.0,0.14,0.31
2020-03-14,0.0,0.0,0.0,0.0,0.0,0.31
2020-03-15,0.0,0.0,0.0,0.0,0.0,0.31
2020-03-16,0.0,0.0,0.0,0.0,0.0,0.31
2020-03-17,0.0,0.0,0.0,0.0,0.0,0.31
2020-03-18,0.0,0.0,0.0,0.0,0.0,0.31
2020-03-19,0.0,0.0,0.0,0.0,0.0,0.31
2020-03-20,0.0,0.0,0.0,0.0,0.0,0.31
2020-03-21,0.0,0.0,0.0,0.0,0.0,0.31
2020-03-22,0.04,0.04,0.04,0.04,0.04,0.34
2020-03-23,0.25,0.25,0.29,0.29,0.29,0.58
2020-03-24,0.07,0.07,0.36,0.36,0.36,0.65
2020-03-25,0.01,0.01,0.33,0.33,0.37,0.66
2020-03-26,0.0,0.0,0.08,0.08,0.37,0.66
2020-03-27,0.0,0.0,0.01,0.01,0.37,0.65
2020-03-28,0.0,0.0,0.0,0.0,0.37,0.65
2020-03-29,0.0,0.0,0.0,0.0,0.33,0.64
2020-03-30,0.0,0.0,0.0,0.0,0.08,0.6
2020-03-31,0.0,0.0,0.0,0.0,0.01,0.6
2020-04-01,0.0,0.0,0.0,0.0,0.0,0.6
2020-04-02,0.0,0.0,0.0,0.0,0.0,0.6
2020-04-03,0.0,0.0,0.0,0.0,0.0,0.6
2020-04-04,0.0,0.0,0.0,0.0,0.0,0.59
2020-04-05,0.0,0.0,0.0,0.0,0.0,0.51
2020-04-06,2.84,2.84,2.84,2.84,2.84,3.21
2020-04-07,0.78,0.78,3.62,3.62,3.62,3.99
2020-04-08,2.5,2.5,6.12,6.12,6.12,6.49
2020-04-09,6.72,6.72,10.0,10.0,12.84,13.21
2020-04-10,3.8,3.8,13.02,13.02,16.64,17.01
2020-04-11,0.09,0.09,10.61,10.61,16.73,17.1
2020-04-12,0.01,0.01,3.9,3.9,16.74,17.11
2020-04-13,0.0,0.0,0.1,0.1,13.9,17.11
2020-04-14,0.0,0.0,0.01,0.01,13.12,17.11
2020-04-15,0.0,0.0,0.0,0.0,10.62,17.11
2020-04-16,0.0,0.0,0.0,0.0,3.9,17.11
2020-04-17,0.0,0.0,0.0,0.0,0.1,17.11
2020-04-18,0.0,0.0,0.0,0.0,0.01,17.11
2020-04-19,0.01,0.01,0.01,0.01,0.01,17.12
2020-04-20,0.0,0.0,0.01,0.01,0.01,17.12
2020-04-21,0.02,0.02,0.03,0.03,0.03,17.1
2020-04-22,0.05,0.05,0.07,0.07,0.08,16.9
2020-04-23,0.29,0.29,0.36,0.36,0.37,17.12
2020-04-24,0.01,0.01,0.35,0.35,0.38,17.12
2020-04-25,5.65,5.65,5.95,5.95,6.03,22.77
2020-04-26,7.74,7.74,13.4,13.4,13.76,30.51
2020-04-27,7.18,7.18,20.57,20.57,20.94,37.69
2020-04-28,6.23,6.23,21.15,21.15,27.15,43.92
2020-04-29,2.56,2.56,15.97,15.97,29.66,46.48
2020-04-30,0.19,0.19,8.98,8.98,29.56,46.67
2020-05-01,0.05,0.05,2.8,2.8,29.6,46.72
2020-05-02,0.05,0.05,0.29,0.29,24.0,46.77
2020-05-03,0.01,0.01,0.11,0.11,16.27,46.78
2020-05-04,0.01,0.01,0.07,0.07,9.1,46.79
2020-05-05,0.0,0.0,0.02,0.02,2.87,46.79
2020-05-06,0.02,0.02,0.03,0.03,0.33,43.97
2020-05-07,0.05,0.05,0.07,0.07,0.19,43.24
2020-05-08,0.07,0.07,0.14,0.14,0.21,40.81
2020-05-09,0.02,0.02,0.14,0.14,0.18,34.11
2020-05-10,0.02,0.02,0.11,0.11,0.19,30.33
2020-05-11,11.09,11.09,11.13,11.13,11.27,41.33
2020-05-12,51.91,51.91,63.02,63.02,63.18,93.23
2020-05-13,12.13,12.13,75.13,75.13,75.29,105.36
2020-05-14,1.45,1.45,65.49,65.49,76.69,106.81
2020-05-15,5.46,5.46,19.04,19.04,82.08,112.27
2020-05-16,1.24,1.24,8.15,8.15,83.3,113.51
2020-05-17,0.25,0.25,6.95,6.95,83.53,113.76
2020-05-18,2.65,2.65,4.14,4.14,75.09,116.41
2020-05-19,1.64,1.64,4.54,4.54,24.82,118.04
2020-05-20,0.05,0.05,4.34,4.34,12.74,118.09
2020-05-21,0.67,0.67,2.36,2.36,11.96,118.74
2020-05-22,0.01,0.01,0.73,0.73,6.51,118.7
2020-05-23,0.02,0.02,0.7,0.7,5.29,118.43
2020-05-24,0.02,0.02,0.05,0.05,5.06,118.44
2020-05-25,0.03,0.03,0.07,0.07,2.44,112.82
2020-05-26,0.02,0.02,0.07,0.07,0.82,105.1
2020-05-27,0.04,0.04,0.09,0.09,0.81,97.96
2020-05-28,0.85,0.85,0.91,0.91,0.99,92.58
2020-05-29,1.06,1.06,1.95,1.95,2.04,91.08
2020-05-30,0.09,0.09,2.0,2.0,2.11,90.98
2020-05-31,0.06,0.06,1.21,1.21,2.15,90.99
2020-06-01,0.1,0.1,0.25,0.25,2.22,91.04
2020-06-02,0.06,0.06,0.22,0.22,2.26,91.09
2020-06-03,0.04,0.04,0.2,0.2,2.26,91.12
2020-06-04,0.07,0.07,0.17,0.17,1.48,91.19
2020-06-05,0.33,0.33,0.44,0.44,0.75,91.5
2020-06-06,0.81,0.81,1.21,1.21,1.47,92.26
2020-06-07,1.0,1.0,2.14,2.14,2.41,93.19
2020-06-08,0.1,0.1,1.91,1.91,2.41,93.27
2020-06-09,0.24,0.24,1.34,1.34,2.59,93.49
2020-06-10,2.43,2.43,2.77,2.77,4.98,84.83
2020-06-11,1.6,1.6,4.27,4.27,6.51,34.52
2020-06-12,0.94,0.94,4.97,4.97,7.12,23.33
2020-06-13,0.01,0.01,2.55,2.55,6.32,21.89
2020-06-14,0.09,0.09,1.04,1.04,5.41,16.52
2020-06-15,0.35,0.35,0.45,0.45,5.66,15.63
2020-06-16,0.2,0.2,0.64,0.64,5.62,15.58
2020-06-17,0.06,0.06,0.61,0.61,3.25,12.99
2020-06-18,0.04,0.04,0.3,0.3,1.69,11.39
2020-06-19,0.35,0.35,0.45,0.45,1.1,11.69
2020-06-20,1.1,1.1,1.49,1.49,2.19,12.12
2020-06-21,3.29,3.29,4.74,4.74,5.39,15.4
2020-06-22,7.07,7.07,11.46,11.46,12.11,22.45
2020-06-23,5.63,5.63,15.99,15.99,17.54,28.06
2020-06-24,8.69,8.69,21.39,21.39,26.17,36.72
2020-06-25,6.33,6.33,20.65,20.65,32.46,43.03
2020-06-26,0.69,0.69,15.71,15.71,32.8,43.68
2020-06-27,1.78,1.78,8.8,8.8,33.48,44.61
2020-06-28,5.45,5.45,7.92,7.92,35.64,49.0
2020-06-29,20.2,20.2,27.43,27.43,48.77,69.11
2020-06-30,2.35,2.35,28.0,28.0,45.49,71.4
2020-07-01,6.82,6.82,29.37,29.37,43.62,78.12
2020-07-02,3.38,3.38,12.55,12.55,40.67,81.44
2020-07-03,4.59,4.59,14.79,14.79,44.57,85.99
2020-07-04,2.5,2.5,10.47,10.47,45.29,88.42
2020-07-05,0.7,0.7,7.79,7.79,40.54,88.79
2020-07-06,4.02,4.02,7.22,7.22,24.36,92.0
2020-07-07,2.5,2.5,7.22,7.22,24.51,93.5
2020-07-08,4.36,4.36,10.88,10.88,22.05,97.76
2020-07-09,49.7,49.7,56.56,56.56,68.37,147.22
2020-07-10,8.07,8.07,62.13,62.13,71.85,152.86
2020-07-11,4.61,4.61,62.38,62.38,73.96,155.87
2020-07-12,9.32,9.32,22.0,22.0,82.58,164.25
2020-07-13,16.44,16.44,30.37,30.37,95.0,180.68
2020-07-14,5.15,5.15,30.91,30.91,97.65,185.74
2020-07-15,7.72,7.72,29.31,29.31,101.01,193.11
2020-07-16,3.57,3.57,16.44,16.44,54.88,196.48
2020-07-17,1.96,1.96,13.25,13.25,48.77,198.38
2020-07-18,3.91,3.91,9.44,9.44,48.07,202.25
2020-07-19,6.94,6.94,12.81,12.81,45.69,208.84
2020-07-20,3.38,3.38,14.23,14.23,32.63,211.12
2020-07-21,0.13,0.13,10.45,10.45,27.61,207.96
2020-07-22,0.26,0.26,3.77,3.77,20.15,201.15
2020-07-23,4.91,4.91,5.3,5.3,21.49,200.43
2020-07-24,6.74,6.74,11.91,11.91,26.27,198.48
2020-07-25,6.42,6.42,18.07,18.07,28.78,198.57
2020-07-26,2.11,2.11,15.27,15.27,23.95,199.99
2020-07-27,2.0,2.0,10.53,10.53,22.57,200.21
2020-07-28,3.49,3.49,7.6,7.6,25.93,198.25
2020-07-29,7.93,7.93,13.42,13.42,33.6,185.98
2020-07-30,4.55,4.55,15.97,15.97,33.24,188.18
2020-07-31,6.4,6.4,18.88,18.88,32.9,187.76
2020-08-01,10.48,10.48,21.43,21.43,36.96,194.86
2020-08-02,21.26,21.26,38.14,38.14,56.11,211.53
2020-08-03,6.07,6.07,37.81,37.81,60.18,215.1
2020-08-04,1.06,1.06,28.39,28.39,57.75,215.46
2020-08-05,0.3,0.3,7.43,7.43,50.12,211.74
2020-08-06,0.47,0.47,1.83,1.83,46.04,209.71
2020-08-07,1.18,1.18,1.95,1.95,40.82,206.53
2020-08-08,10.03,10.03,11.68,11.68,40.37,166.86
2020-08-09,9.08,9.08,20.29,20.29,28.19,167.87
2020-08-10,1.05,1.05,20.16,20.16,23.17,164.31
2020-08-11,6.45,6.45,16.58,16.58,28.56,161.44
2020-08-12,0.54,0.54,8.04,8.04,28.8,145.54
2020-08-13,1.47,1.47,8.46,8.46,29.8,141.86
2020-08-14,0.71,0.71,2.72,2.72,29.33,134.85
2020-08-15,0.09,0.09,2.27,2.27,19.39,131.37
2020-08-16,0.29,0.29,1.09,1.09,10.6,129.7
2020-08-17,0.44,0.44,0.82,0.82,9.99,126.23
2020-08-18,2.82,2.82,3.55,3.55,6.36,122.11
2020-08-19,2.82,2.82,6.08,6.08,8.64,121.55
2020-08-20,1.17,1.17,6.81,6.81,8.34,122.59
2020-08-21,1.15,1.15,5.14,5.14,8.78,123.48
2020-08-22,3.05,3.05,5.37,5.37,11.74,121.62
2020-08-23,15.24,15.24,19.44,19.44,26.69,130.12
2020-08-24,12.33,12.33,30.62,30.62,38.58,136.03
2020-08-25,1.01,1.01,28.58,28.58,36.77,134.93
2020-08-26,2.01,2.01,15.35,15.35,35.96,134.94
2020-08-27,1.5,1.5,4.52,4.52,36.29,132.95
2020-08-28,0.34,0.34,3.85,3.85,35.48,125.36
2020-08-29,0.5,0.5,2.34,2.34,32.93,121.31
2020-08-30,3.47,3.47,4.31,4.31,21.16,118.38
2020-08-31,2.29,2.29,6.26,6.26,11.12,110.19
2020-09-01,3.28,3.28,9.04,9.04,13.39,92.21
2020-09-02,8.16,8.16,13.73,13.73,19.54,94.3
2020-09-03,10.01,10.01,21.45,21.45,28.05,103.25
2020-09-04,0.97,0.97,19.14,19.14,28.68,103.92
2020-09-05,0.43,0.43,11.41,11.41,28.61,103.88
2020-09-06,1.41,1.41,2.81,2.81,26.55,104.11
2020-09-07,4.28,4.28,6.12,6.12,28.54,98.36
2020-09-08,2.52,2.52,8.21,8.21,27.78,91.8
2020-09-09,3.46,3.46,10.26,10.26,23.08,94.21
2020-09-10,4.19,4.19,10.17,10.17,17.26,91.95
2020-09-11,0.97,0.97,8.62,8.62,17.26,92.38
2020-09-12,3.95,3.95,9.11,9.11,20.78,94.86
2020-09-13,17.2,17.2,22.12,22.12,36.57,111.35
2020-09-14,4.7,4.7,25.85,25.85,36.99,115.96
2020-09-15,3.0,3.0,24.9,24.9,37.47,118.67
2020-09-16,7.02,7.02,14.72,14.72,41.03,125.25
2020-09-17,3.01,3.01,13.03,13.03,39.85,125.44
2020-09-18,22.81,22.81,32.84,32.84,61.69,145.43
2020-09-19,27.44,27.44,53.26,53.26,85.18,171.7
2020-09-20,3.31,3.31,53.56,53.56,71.29,173.86
2020-09-21,0.14,0.14,30.89,30.89,66.73,170.95
2020-09-22,0.11,0.11,3.56,3.56,63.84,155.82
2020-09-23,0.05,0.05,0.3,0.3,56.87,143.54
2020-09-24,0.2,0.2,0.36,0.36,54.06,142.73
2020-09-25,8.21,8.21,8.46,8.46,39.46,148.93
2020-09-26,2.08,2.08,10.49,10.49,14.1,149.51
2020-09-27,0.82,0.82,11.11,11.11,11.61,149.99
2020-09-28,3.93,3.93,6.83,6.83,15.4,153.42
2020-09-29,10.51,10.51,15.26,15.26,25.8,160.46
2020-09-30,19.29,19.29,33.73,33.73,45.04,177.46
2020-10-01,0.43,0.43,30.23,30.23,45.27,174.61
2020-10-02,0.67,0.67,20.39,20.39,37.73,167.12
2020-10-03,1.43,1.43,2.53,2.53,37.08,158.54
2020-10-04,0.29,0.29,2.39,2.39,36.55,157.86
2020-10-05,0.02,0.02,1.74,1.74,32.64,157.45
2020-10-06,2.07,2.07,2.38,2.38,24.2,158.11
2020-10-07,0.65,0.65,2.74,2.74,5.56,154.48
2020-10-08,0.49,0.49,3.21,3.21,5.62,152.45
2020-10-09,3.62,3.62,4.76,4.76,8.57,152.61
2020-10-10,6.46,6.46,10.57,10.57,13.6,154.88
2020-10-11,5.96,5.96,16.04,16.04,19.27,159.87
2020-10-12,1.33,1.33,13.75,13.75,20.58,157.25
2020-10-13,1.8,1.8,9.09,9.09,20.31,141.85
2020-10-14,0.06,0.06,3.19,3.19,19.72,137.21
2020-10-15,0.04,0.04,1.9,1.9,19.27,134.25
2020-10-16,1.89,1.89,1.99,1.99,17.54,129.12
2020-10-17,7.48,7.48,9.41,9.41,18.56,133.59
2020-10-18,6.01,6.01,15.38,15.38,18.61,116.79
2020-10-19,10.94,10.94,24.43,24.43,28.22,100.29
2020-10-20,6.56,6.56,23.51,23.51,32.98,103.54
2020-10-21,8.23,8.23,25.73,25.73,41.15,111.63
2020-10-22,6.95,6.95,21.74,21.74,48.06,118.47
2020-10-23,32.61,32.61,47.79,47.79,78.78,151.03
2020-10-24,0.19,0.19,39.75,39.75,71.49,151.02
2020-10-25,0.18,0.18,32.98,32.98,65.66,142.99
2020-10-26,0.12,0.12,0.49,0.49,54.84,141.03
2020-10-27,1.19,1.19,1.49,1.49,49.47,141.4
2020-10-28,13.98,13.98,15.29,15.29,55.22,151.45
2020-10-29,25.21,25.21,40.38,40.38,73.48,166.15
2020-10-30,3.79,3.79,42.98,42.98,44.66,150.65
2020-10-31,0.0,0.0,29.0,29.0,44.47,150.22
2020-11-01,0.0,0.0,3.79,3.79,44.29,149.55
2020-11-02,0.03,0.03,0.03,0.03,44.2,148.15
2020-11-03,1.12,1.12,1.15,1.15,44.13,148.98
2020-11-04,6.71,6.71,7.86,7.86,36.86,155.67
2020-11-05,9.95,9.95,17.78,17.78,21.6,163.55
2020-11-06,6.13,6.13,22.79,22.79,23.94,169.03
2020-11-07,11.82,11.82,27.9,27.9,35.76,180.36
2020-11-08,4.73,4.73,22.68,22.68,40.49,181.47
2020-11-09,0.01,0.01,16.56,16.56,40.47,175.02
2020-11-10,0.86,0.86,5.6,5.6,40.21,169.92
2020-11-11,14.67,14.67,15.54,15.54,48.17,183.26
2020-11-12,20.94,20.94,36.47,36.47,59.16,202.4
2020-11-13,18.37,18.37,53.98,53.98,71.4,220.71
2020-11-14,7.16,7.16,46.47,46.47,66.74,227.83
2020-11-15,42.06,42.06,67.59,67.59,104.07,268.0
2020-11-16,31.04,31.04,80.26,80.26,135.1,291.56
2020-11-17,6.67,6.67,79.77,79.77,140.91,292.22
2020-11-18,4.03,4.03,41.74,41.74,130.27,285.31
2020-11-19,0.69,0.69,11.39,11.39,110.02,279.44
2020-11-20,0.01,0.01,4.73,4.73,91.66,271.22
2020-11-21,0.0,0.0,0.7,0.7,84.5,264.27
2020-11-22,0.0,0.0,0.01,0.01,42.44,231.66
2020-11-23,3.21,3.21,3.21,3.21,14.61,234.68
2020-11-24,62.58,62.58,65.79,65.79,70.52,297.08
2020-11-25,79.03,79.03,144.82,144.82,145.52,375.99
2020-11-26,115.52,115.52,257.13,257.13,260.35,490.32
2020-11-27,8.0,8.0,202.55,202.55,268.34,484.34
2020-11-28,2.01,2.01,125.53,125.53,270.35,461.14
2020-11-29,2.75,2.75,12.76,12.76,273.1,460.1
2020-11-30,0.75,0.75,5.51,5.51,270.64,460.85
2020-12-01,0.3,0.3,3.8,3.8,208.36,461.15
2020-12-02,17.72,17.72,18.77,18.77,147.05,478.84
2020-12-03,60.75,60.75,78.77,78.77,92.28,538.47
2020-12-04,33.79,33.79,112.26,112.26,118.07,565.55
2020-12-05,18.74,18.74,113.28,113.28,134.8,574.34
2020-12-06,15.12,15.12,67.65,67.65,147.17,583.33
2020-12-07,22.26,22.26,56.12,56.12,168.68,593.77
2020-12-08,6.99,6.99,44.37,44.37,175.37,596.03
2020-12-09,5.65,5.65,34.9,34.9,163.3,601.67
2020-12-10,0.11,0.11,12.75,12.75,102.66,600.92
2020-12-11,0.15,0.15,5.91,5.91,69.02,586.4
2020-12-12,0.03,0.03,0.29,0.29,50.31,565.49
2020-12-13,0.01,0.01,0.19,0.19,35.2,547.13
2020-12-14,0.05,0.05,0.09,0.09,12.99,540.02
2020-12-15,1.74,1.74,1.8,1.8,7.74,499.7
2020-12-16,12.82,12.82,14.61,14.61,14.91,481.48
2020-12-17,8.32,8.32,22.88,22.88,23.12,483.13
2020-12-18,0.74,0.74,21.88,21.88,23.71,479.84
2020-12-19,0.28,0.28,9.34,9.34,23.96,479.43
2020-12-20,0.03,0.03,1.05,1.05,23.98,479.45
2020-12-21,0.02,0.02,0.33,0.33,23.95,479.47
2020-12-22,0.0,0.0,0.05,0.05,22.21,479.47
2020-12-23,0.0,0.0,0.02,0.02,9.39,476.26
2020-12-24,0.0,0.0,0.0,0.0,1.07,413.68
2020-12-25,0.01,0.01,0.01,0.01,0.34,334.66
2020-12-26,0.0,0.0,0.01,0.01,0.06,219.14
2020-12-27,0.04,0.04,0.05,0.05,0.07,211.18
2020-12-28,0.04,0.04,0.08,0.08,0.09,209.21
2020-12-29,0.08,0.08,0.16,0.16,0.17,206.54
2020-12-30,4.21,4.21,4.33,4.33,4.38,210.0
2020-12-31,3.65,3.65,7.94,7.94,8.03,213.35
2021-01-01,0.81,0.81,8.67,8.67,8.83,196.44
2021-01-02,8.12,8.12,12.58,12.58,16.95,143.81
2021-01-03,2.08,2.08,11.01,11.01,18.99,112.1
2021-01-04,8.29,8.29,18.49,18.49,27.24,101.65
2021-01-05,49.85,49.85,60.22,60.22,77.01,136.38
2021-01-06,40.12,40.12,98.26,98.26,112.92,154.24
2021-01-07,5.7,5.7,95.67,95.67,114.97,152.95
2021-01-08,2.18,2.18,48.0,48.0,116.34,149.48
2021-01-09,0.3,0.3,8.18,8.18,108.52,149.67
2021-01-10,0.79,0.79,3.27,3.27,107.23,150.31
2021-01-11,1.1,1.1,2.19,2.19,100.04,151.38
2021-01-12,0.72,0.72,2.61,2.61,50.91,152.09
2021-01-13,0.23,0.23,2.05,2.05,11.02,152.27
2021-01-14,1.36,1.36,2.31,2.31,6.68,151.89
2021-01-15,0.16,0.16,1.75,1.75,4.66,139.23
2021-01-16,0.0,0.0,1.52,1.52,4.36,130.91
2021-01-17,0.0,0.0,0.16,0.16,3.57,130.17
2021-01-18,0.0,0.0,0.0,0.0,2.47,129.89
2021-01-19,0.0,0.0,0.0,0.0,1.75,129.86
2021-01-20,0.01,0.01,0.01,0.01,1.53,129.85
2021-01-21,0.0,0.0,0.01,0.01,0.17,129.85
2021-01-22,0.0,0.0,0.01,0.01,0.01,129.85
2021-01-23,0.0,0.0,0.0,0.0,0.01,129.85
2021-01-24,0.0,0.0,0.0,0.0,0.01,129.84
2021-01-25,0.0,0.0,0.0,0.0,0.01,129.84
2021-01-26,0.0,0.0,0.0,0.0,0.01,129.8
2021-01-27,0.02,0.02,0.02,0.02,0.02,129.78
2021-01-28,0.03,0.03,0.05,0.05,0.05,129.73
2021-01-29,0.09,0.09,0.14,0.14,0.14,125.61
2021-01-30,0.0,0.0,0.12,0.12,0.14,121.96
2021-01-31,0.0,0.0,0.09,0.09,0.14,121.15
2021-02-01,0.0,0.0,0.0,0.0,0.14,113.03
2021-02-02,0.34,0.34,0.34,0.34,0.48,111.29
2021-02-03,0.2,0.2,0.54,0.54,0.66,103.2
2021-02-04,0.0,0.0,0.54,0.54,0.63,53.35
2021-02-05,0.0,0.0,0.2,0.2,0.54,13.23
2021-02-06,0.0,0.0,0.0,0.0,0.54,7.53
2021-02-07,0.0,0.0,0.0,0.0,0.54,5.35
2021-02-08,0.0,0.0,0.0,0.0,0.54,5.05
2021-02-09,0.0,0.0,0.0,0.0,0.2,4.26
2021-02-10,0.0,0.0,0.0,0.0,0.0,3.16
2021-02-11,0.0,0.0,0.0,0.0,0.0,2.44
2021-02-12,0.0,0.0,0.0,0.0,0.0,2.21
2021-02-13,0.0,0.0,0.0,0.0,0.0,0.85
2021-02-14,0.0,0.0,0.0,0.0,0.0,0.69
2021-02-15,0.0,0.0,0.0,0.0,0.0,0.69
2021-02-16,0.0,0.0,0.0,0.0,0.0,0.69
2021-02-17,0.0,0.0,0.0,0.0,0.0,0.69
2021-02-18,0.0,0.0,0.0,0.0,0.0,0.69
2021-02-19,2.22,2.22,2.22,2.22,2.22,2.9
2021-02-20,4.31,4.31,6.53,6.53,6.53,7.21
2021-02-21,16.57,16.57,23.1,23.1,23.1,23.78
2021-02-22,0.17,0.17,21.05,21.05,23.27,23.95
2021-02-23,0.0,0.0,16.74,16.74,23.27,23.95
2021-02-24,0.0,0.0,0.17,0.17,23.27,23.95
2021-02-25,0.0,0.0,0.0,0.0,23.27,23.95
2021-02-26,0.0,0.0,0.0,0.0,21.05,23.93
2021-02-27,0.0,0.0,0.0,0.0,16.74,23.9
2021-02-28,0.0,0.0,0.0,0.0,0.17,23.81
2021-03-01,0.0,0.0,0.0,0.0,0.0,23.81
2021-03-02,0.0,0.0,0.0,0.0,0.0,23.81
2021-03-03,0.0,0.0,0.0,0.0,0.0,23.81
2021-03-04,0.0,0.0,0.0,0.0,0.0,23.47
2021-03-05,0.0,0.0,0.0,0.0,0.0,23.27
2021-03-06,0.0,0.0,0.0,0.0,0.0,23.27
2021-03-07,0.0,0.0,0.0,0.0,0.0,23.27
2021-03-08,0.0,0.0,0.0,0.0,0.0,23.27
2021-03-09,0.01,0.01,0.01,0.01,0.01,23.28
2021-03-10,0.0,0.0,0.01,0.01,0.01,23.28
2021-03-11,0.0,0.0,0.01,0.01,0.01,23.28
2021-03-12,0.0,0.0,0.0,0.0,0.01,23.28
2021-03-13,0.0,0.0,0.0,0.0,0.01,23.28
2021-03-14,0.0,0.0,0.0,0.0,0.01,23.28
2021-03-15,0.0,0.0,0.0,0.0,0.01,23.28
2021-03-16,0.0,0.0,0.0,0.0,0.0,23.28
2021-03-17,0.0,0.0,0.0,0.0,0.0,23.28
2021-03-18,0.0,0.0,0.0,0.0,0.0,23.28
2021-03-19,0.0,0.0,0.0,0.0,0.0,23.28
2021-03-20,0.0,0.0,0.0,0.0,0.0,23.28
2021-03-21,0.0,0.0,0.0,0.0,0.0,21.06
2021-03-22,0.0,0.0,0.0,0.0,0.0,16.75
2021-03-23,0.0,0.0,0.0,0.0,0.0,0.18
2021-03-24,0.0,0.0,0.0,0.0,0.0,0.01
2021-03-25,0.0,0.0,0.0,0.0,0.0,0.01
2021-03-26,0.0,0.0,0.0,0.0,0.0,0.01
2021-03-27,0.0,0.0,0.0,0.0,0.0,0.01
2021-03-28,0.01,0.01,0.01,0.01,0.01,0.02
2021-03-29,0.0,0.0,0.01,0.01,0.01,0.02
2021-03-30,0.0,0.0,0.01,0.01,0.01,0.02
2021-03-31,0.0,0.0,0.0,0.0,0.01,0.02
2021-04-01,0.0,0.0,0.0,0.0,0.01,0.02
2021-04-02,0.0,0.0,0.0,0.0,0.01,0.02
2021-04-03,0.0,0.0,0.0,0.0,0.01,0.02
2021-04-04,0.0,0.0,0.0,0.0,0.0,0.02
2021-04-05,0.0,0.0,0.0,0.0,0.0,0.02
2021-04-06,0.01,0.01,0.01,0.01,0.01,0.03
2021-04-07,0.0,0.0,0.01,0.01,0.01,0.03
2021-04-08,0.0,0.0,0.01,0.01,0.01,0.02
2021-04-09,0.0,0.0,0.0,0.0,0.01,0.02
2021-04-10,0.01,0.01,0.01,0.01,0.02,0.03
2021-04-11,0.69,0.69,0.7,0.7,0.71,0.72
2021-04-12,0.58,0.58,1.28,1.28,1.29,1.3
2021-04-13,0.57,0.57,1.84,1.84,1.85,1.87
2021-04-14,11.08,11.08,12.23,12.23,12.93,12.95
2021-04-15,9.8,9.8,21.45,21.45,22.73,22.75
2021-04-16,0.46,0.46,21.34,21.34,23.19,23.21
2021-04-17,0.0,0.0,10.26,10.26,23.18,23.21
2021-04-18,0.0,0.0,0.46,0.46,22.49,23.21
2021-04-19,0.02,0.02,0.02,0.02,21.93,23.23
2021-04-20,0.03,0.03,0.05,0.05,21.39,23.26
2021-04-21,0.03,0.03,0.08,0.08,10.34,23.29
2021-04-22,0.0,0.0,0.06,0.06,0.54,23.29
2021-04-23,0.26,0.26,0.29,0.29,0.34,23.55
2021-04-24,0.91,0.91,1.17,1.17,1.25,24.46
2021-04-25,0.04,0.04,1.21,1.21,1.29,24.5
2021-04-26,0.0,0.0,0.95,0.95,1.27,24.5
2021-04-27,0.0,0.0,0.04,0.04,1.24,24.49
2021-04-28,0.01,0.01,0.01,0.01,1.22,24.5
2021-04-29,0.02,0.02,0.03,0.03,1.24,24.52
2021-04-30,0.09,0.09,0.12,0.12,1.07,24.61
2021-05-01,0.18,0.18,0.29,0.29,0.34,24.79
2021-05-02,0.77,0.77,1.04,1.04,1.07,25.56
2021-05-03,1.06,1.06,2.01,2.01,2.13,26.62
2021-05-04,1.27,1.27,3.1,3.1,3.4,27.89
2021-05-05,0.06,0.06,2.39,2.39,3.45,27.95
2021-05-06,0.07,0.07,1.4,1.4,3.5,28.01
2021-05-07,1.33,1.33,1.46,1.46,4.74,29.34
2021-05-08,0.93,0.93,2.33,2.33,5.49,30.27
2021-05-09,0.03,0.03,2.29,2.29,4.75,30.3
2021-05-10,0.04,0.04,1.0,1.0,3.73,30.33
2021-05-11,0.26,0.26,0.33,0.33,2.72,29.9
2021-05-12,0.8,0.8,1.1,1.1,3.46,30.12
2021-05-13,0.75,0.75,1.81,1.81,4.14,30.3
2021-05-14,2.04,2.04,3.59,3.59,4.85,21.26
2021-05-15,1.3,1.3,4.09,4.09,5.22,12.76
2021-05-16,3.05,3.05,6.39,6.39,8.24,15.35
2021-05-17,0.71,0.71,5.06,5.06,8.91,16.06
2021-05-18,0.31,0.31,4.07,4.07,8.96,16.37
2021-05-19,1.81,1.81,2.83,2.83,9.97,18.16
2021-05-20,4.82,4.82,6.94,6.94,14.04,22.95
2021-05-21,10.51,10.51,17.14,17.14,22.51,33.43
2021-05-22,4.07,4.07,19.4,19.4,25.28,37.5
2021-05-23,0.38,0.38,14.96,14.96,22.61,37.62
2021-05-24,3.67,3.67,8.12,8.12,25.57,40.38
2021-05-25,5.19,5.19,9.24,9.24,30.45,45.53
2021-05-26,0.06,0.06,8.92,8.92,28.7,45.59
2021-05-27,0.46,0.46,5.71,5.71,24.34,46.05
2021-05-28,0.07,0.07,0.59,0.59,13.9,46.11
2021-05-29,0.12,0.12,0.65,0.65,9.95,46.21
2021-05-30,4.67,4.67,4.86,4.86,14.24,50.79
2021-05-31,1.86,1.86,6.65,6.65,12.43,52.47
2021-06-01,0.11,0.11,6.64,6.64,7.35,51.81
2021-06-02,0.01,0.01,1.98,1.98,7.3,50.76
2021-06-03,0.04,0.04,0.16,0.16,6.88,49.53
2021-06-04,0.51,0.51,0.56,0.56,7.32,49.98
2021-06-05,12.49,12.49,13.04,13.04,19.69,62.4
2021-06-06,0.27,0.27,13.27,13.27,15.29,61.34
2021-06-07,8.54,8.54,21.3,21.3,21.97,68.95
2021-06-08,3.75,3.75,12.56,12.56,25.61,72.67
2021-06-09,4.9,4.9,17.19,17.19,30.5,77.53
2021-06-10,1.39,1.39,10.04,10.04,31.85,78.66
2021-06-11,0.07,0.07,6.36,6.36,31.41,77.93
2021-06-12,1.78,1.78,3.24,3.24,20.7,78.96
2021-06-13,0.26,0.26,2.11,2.11,20.69,77.18
2021-06-14,0.4,0.4,2.44,2.44,12.55,76.28
2021-06-15,0.26,0.26,0.92,0.92,9.06,73.49
2021-06-16,0.52,0.52,1.18,1.18,4.68,73.3
2021-06-17,0.46,0.46,1.24,1.24,3.75,73.45
2021-06-18,0.26,0.26,1.24,1.24,3.94,71.9
2021-06-19,1.83,1.83,2.55,2.55,3.99,68.91
2021-06-20,0.81,0.81,2.9,2.9,4.54,59.21
2021-06-21,0.54,0.54,3.18,3.18,4.68,55.68
2021-06-22,3.93,3.93,5.28,5.28,8.35,59.23
2021-06-23,2.72,2.72,7.19,7.19,10.55,58.28
2021-06-24,9.96,9.96,16.61,16.61,20.05,63.05
2021-06-25,0.6,0.6,13.28,13.28,20.39,63.59
2021-06-26,1.89,1.89,12.45,12.45,20.45,65.02
2021-06-27,8.9,8.9,11.39,11.39,28.54,73.85
2021-06-28,2.16,2.16,12.95,12.95,30.16,75.89
2021-06-29,0.54,0.54,11.6,11.6,26.77,71.76
2021-06-30,3.03,3.03,5.73,5.73,27.08,72.93
2021-07-01,4.58,4.58,8.15,8.15,21.7,77.4
2021-07-02,16.13,16.13,23.74,23.74,37.23,93.52
2021-07-03,9.11,9.11,29.82,29.82,44.45,102.59
2021-07-04,4.88,4.88,30.12,30.12,40.43,106.96
2021-07-05,1.7,1.7,15.69,15.69,39.97,96.17
2021-07-06,1.71,1.71,8.29,8.29,41.14,97.61
2021-07-07,1.06,1.06,4.47,4.47,39.17,90.13
2021-07-08,15.69,15.69,18.46,18.46,50.28,102.07
2021-07-09,18.56,18.56,35.31,35.31,52.71,115.73
2021-07-10,11.85,11.85,46.1,46.1,55.45,126.19
2021-07-11,3.17,3.17,33.58,33.58,53.74,129.29
2021-07-12,2.4,2.4,17.42,17.42,54.44,129.91
2021-07-13,1.38,1.38,6.95,6.95,54.11,131.03
2021-07-14,11.24,11.24,15.02,15.02,64.29,141.87
2021-07-15,7.01,7.01,19.63,19.63,55.61,148.62
2021-07-16,8.77,8.77,27.02,27.02,45.82,156.87
2021-07-17,33.34,33.34,49.12,49.12,67.31,189.75
2021-07-18,24.12,24.12,66.23,66.23,88.26,213.61
2021-07-19,10.49,10.49,67.95,67.95,96.35,222.27
2021-07-20,2.56,2.56,37.17,37.17,97.53,224.02
2021-07-21,1.63,1.63,14.68,14.68,87.92,225.11
2021-07-22,2.77,2.77,6.96,6.96,83.68,223.95
2021-07-23,0.79,0.79,5.19,5.19,75.7,222.02
2021-07-24,0.91,0.91,4.47,4.47,43.27,212.97
2021-07-25,3.91,3.91,5.61,5.61,23.06,216.28
2021-07-26,3.03,3.03,7.85,7.85,15.6,217.42
2021-07-27,1.7,1.7,8.64,8.64,14.74,210.22
2021-07-28,0.11,0.11,4.84,4.84,13.22,208.17
2021-07-29,0.25,0.25,2.06,2.06,10.7,207.88
2021-07-30,0.4,0.4,0.76,0.76,10.31,205.25
2021-07-31,4.41,4.41,5.06,5.06,13.81,205.08
2021-08-01,1.9,1.9,6.71,6.71,11.8,190.85
2021-08-02,0.66,0.66,6.97,6.97,9.43,182.4
2021-08-03,0.6,0.6,3.16,3.16,8.33,178.12
2021-08-04,0.5,0.5,1.76,1.76,8.72,176.92
2021-08-05,2.46,2.46,3.56,3.56,10.93,177.67
2021-08-06,2.42,2.42,5.38,5.38,12.95,179.03
2021-08-07,4.07,4.07,8.95,8.95,12.61,167.41
2021-08-08,3.13,3.13,9.62,9.62,13.84,151.98
2021-08-09,8.96,8.96,16.16,16.16,22.14,149.09
2021-08-10,5.9,5.9,17.99,17.99,27.44,151.82
2021-08-11,2.64,2.64,17.5,17.5,29.58,152.06
2021-08-12,3.18,3.18,11.72,11.72,30.3,153.86
2021-08-13,2.72,2.72,8.54,8.54,30.6,145.34
2021-08-14,1.83,1.83,7.73,7.73,28.36,140.16
2021-08-15,2.47,2.47,7.02,7.02,27.7,133.86
2021-08-16,3.57,3.57,7.87,7.87,22.31,104.09
2021-08-17,2.72,2.72,8.76,8.76,19.13,82.69
2021-08-18,0.18,0.18,6.47,6.47,16.67,72.38
2021-08-19,2.56,2.56,5.46,5.46,16.05,72.38
2021-08-20,3.84,3.84,6.58,6.58,17.17,74.59
2021-08-21,13.32,13.32,19.72,19.72,28.66,85.14
2021-08-22,5.64,5.64,22.8,22.8,31.83,89.99
2021-08-23,1.42,1.42,20.38,20.38,29.68,90.5
2021-08-24,4.75,4.75,11.81,11.81,31.71,91.34
2021-08-25,2.59,2.59,8.76,8.76,34.12,90.9
2021-08-26,3.66,3.66,11.0,11.0,35.22,92.86
2021-08-27,21.55,21.55,27.8,27.8,52.93,114.3
2021-08-28,16.04,16.04,41.25,41.25,55.65,130.09
2021-08-29,8.29,8.29,45.88,45.88,58.3,137.98
2021-08-30,0.44,0.44,24.77,24.77,57.32,134.01
2021-08-31,0.99,0.99,9.72,9.72,53.56,133.1
2021-09-01,1.4,1.4,2.83,2.83,52.37,133.84
2021-09-02,7.02,7.02,9.41,9.41,55.73,140.26
2021-09-03,8.8,8.8,17.22,17.22,42.98,148.56
2021-09-04,12.16,12.16,27.98,27.98,39.1,158.26
2021-09-05,7.22,7.22,28.18,28.18,38.03,163.06
2021-09-06,6.91,6.91,26.29,26.29,44.5,165.9
2021-09-07,0.43,0.43,14.56,14.56,43.94,163.2
2021-09-08,0.06,0.06,7.4,7.4,42.6,154.3
2021-09-09,0.15,0.15,0.64,0.64,35.73,148.55
2021-09-10,0.53,0.53,0.74,0.74,27.46,146.44
2021-09-11,0.06,0.06,0.74,0.74,15.36,143.32
2021-09-12,0.17,0.17,0.76,0.76,8.31,140.77
2021-09-13,0.05,0.05,0.28,0.28,1.45,138.99
2021-09-14,0.04,0.04,0.26,0.26,1.06,136.56
2021-09-15,1.77,1.77,1.86,1.86,2.77,134.76
2021-09-16,2.6,2.6,4.41,4.41,5.22,134.64
2021-09-17,1.42,1.42,5.79,5.79,6.11,135.88
2021-09-18,5.01,5.01,9.03,9.03,11.06,138.33
2021-09-19,6.04,6.04,12.47,12.47,16.93,140.53
2021-09-20,3.03,3.03,14.08,14.08,19.91,130.24
2021-09-21,4.59,4.59,13.66,13.66,24.46,129.19
2021-09-22,21.25,21.25,28.87,28.87,43.94,149.02
2021-09-23,1.37,1.37,27.21,27.21,42.71,145.64
2021-09-24,1.87,1.87,24.49,24.49,43.16,144.92
2021-09-25,7.28,7.28,10.52,10.52,45.43,148.54
2021-09-26,7.13,7.13,16.28,16.28,46.52,134.12
2021-09-27,0.08,0.08,14.49,14.49,43.57,118.16
2021-09-28,2.25,2.25,9.46,9.46,41.23,112.12
2021-09-29,1.48,1.48,3.81,3.81,21.46,113.16
2021-09-30,3.93,3.93,7.66,7.66,24.02,116.1
2021-10-01,2.28,2.28,7.69,7.69,24.43,116.98
2021-10-02,5.59,5.59,11.8,11.8,22.74,115.55
2021-10-03,4.45,4.45,12.32,12.32,20.06,111.2
2021-10-04,4.71,4.71,14.75,14.75,24.69,103.75
2021-10-05,37.11,37.11,46.27,46.27,59.55,133.64
2021-10-06,8.39,8.39,50.21,50.21,66.46,135.12
2021-10-07,3.17,3.17,48.67,48.67,65.7,137.86
2021-10-08,3.81,3.81,15.37,15.37,67.23,141.61
2021-10-09,5.3,5.3,12.28,12.28,66.94,146.76
2021-10-10,9.41,9.41,18.52,18.52,71.9,155.64
2021-10-11,4.31,4.31,19.02,19.02,71.5,159.89
2021-10-12,4.16,4.16,17.88,17.88,38.55,163.88
2021-10-13,6.49,6.49,14.96,14.96,36.65,170.32
2021-10-14,0.24,0.24,10.89,10.89,33.72,170.52
2021-10-15,2.84,2.84,9.57,9.57,32.75,171.59
2021-10-16,1.62,1.62,4.7,4.7,29.07,170.61
2021-10-17,3.02,3.02,7.48,7.48,22.68,172.21
2021-10-18,0.37,0.37,5.01,5.01,18.74,167.57
2021-10-19,3.3,3.3,6.69,6.69,17.88,164.83
2021-10-20,1.74,1.74,5.41,5.41,13.13,163.54
2021-10-21,1.85,1.85,6.89,6.89,14.74,160.8
2021-10-22,0.51,0.51,4.1,4.1,12.41,140.06
2021-10-23,0.54,0.54,2.9,2.9,11.33,139.23
2021-10-24,5.98,5.98,7.03,7.03,14.29,143.34
2021-10-25,0.93,0.93,7.45,7.45,14.85,136.99
2021-10-26,0.98,0.98,7.89,7.89,12.53,130.84
2021-10-27,0.75,0.75,2.66,2.66,11.54,131.51
2021-10-28,6.67,6.67,8.4,8.4,16.36,135.93
2021-10-29,25.07,25.07,32.49,32.49,40.92,159.52
2021-10-30,17.88,17.88,49.62,49.62,58.26,173.47
2021-10-31,16.09,16.09,59.04,59.04,68.37,187.28
2021-11-01,21.37,21.37,55.34,55.34,88.81,203.06
2021-11-02,23.68,23.68,61.14,61.14,111.51,222.29
2021-11-03,30.77,30.77,75.82,75.82,141.53,248.35
2021-11-04,18.47,18.47,72.92,72.92,153.33,229.71
2021-11-05,16.95,16.95,66.19,66.19,145.21,238.27
2021-11-06,49.77,49.77,85.19,85.19,177.1,284.87
2021-11-07,40.64,40.64,107.36,107.36,201.65,321.7
2021-11-08,36.4,36.4,126.81,126.81,216.68,352.8
2021-11-09,16.97,16.97,94.01,94.01,209.97,360.36
2021-11-10,84.05,84.05,137.42,137.42,263.25,440.1
2021-11-11,75.19,75.19,176.21,176.21,319.97,511.13
2021-11-12,3.63,3.63,162.87,162.87,306.65,508.27
2021-11-13,3.72,3.72,82.54,82.54,260.6,511.75
2021-11-14,4.74,4.74,12.09,12.09,224.7,513.65
2021-11-15,4.57,4.57,13.03,13.03,192.87,516.6
2021-11-16,2.4,2.4,11.71,11.71,178.3,515.98
2021-11-17,11.0,11.0,17.97,17.97,105.25,526.61
2021-11-18,74.21,74.21,87.61,87.61,104.27,597.52
2021-11-19,20.62,20.62,105.83,105.83,121.26,616.4
2021-11-20,16.63,16.63,111.46,111.46,134.17,631.18
2021-11-21,7.5,7.5,44.75,44.75,136.93,638.17
2021-11-22,5.0,5.0,29.13,29.13,137.36,642.63
2021-11-23,2.29,2.29,14.79,14.79,137.25,638.94
2021-11-24,2.87,2.87,10.16,10.16,129.12,640.88
2021-11-25,18.25,18.25,23.41,23.41,73.16,658.15
2021-11-26,58.61,58.61,79.73,79.73,111.15,716.01
2021-11-27,29.98,29.98,106.84,106.84,124.5,739.32
2021-11-28,61.12,61.12,149.71,149.71,178.12,775.37
2021-11-29,12.76,12.76,103.86,103.86,185.88,770.25
2021-11-30,9.8,9.8,83.68,83.68,193.39,763.96
2021-12-01,1.22,1.22,23.78,23.78,191.74,743.81
2021-12-02,0.03,0.03,11.05,11.05,173.52,720.16
2021-12-03,0.14,0.14,1.39,1.39,115.05,689.53
2021-12-04,0.01,0.01,0.18,0.18,85.08,671.07
2021-12-05,0.15,0.15,0.3,0.3,24.11,654.27
2021-12-06,1.22,1.22,1.38,1.38,12.57,605.72
2021-12-07,0.09,0.09,1.46,1.46,2.86,565.17
2021-12-08,0.38,0.38,1.69,1.69,2.02,529.15
2021-12-09,3.98,3.98,4.45,4.45,5.97,516.16
2021-12-10,2.35,2.35,6.71,6.71,8.18,434.46
2021-12-11,3.71,3.71,10.04,10.04,11.88,362.98
2021-12-12,6.0,6.0,12.06,12.06,17.73,365.35
2021-12-13,6.87,6.87,16.58,16.58,23.38,368.5
2021-12-14,2.34,2.34,15.21,15.21,25.63,366.1
2021-12-15,1.6,1.6,10.81,10.81,26.85,363.13
2021-12-16,0.48,0.48,4.42,4.42,23.35,361.21
2021-12-17,0.15,0.15,2.23,2.23,21.15,350.36
2021-12-18,0.0,0.0,0.63,0.63,17.44,276.15
2021-12-19,0.0,0.0,0.15,0.15,11.44,255.53
2021-12-20,0.0,0.0,0.0,0.0,4.57,238.9
2021-12-21,0.0,0.0,0.0,0.0,2.23,231.4
2021-12-22,0.0,0.0,0.0,0.0,0.63,226.4
2021-12-23,0.0,0.0,0.0,0.0,0.15,224.11
2021-12-24,0.0,0.0,0.0,0.0,0.0,221.24
2021-12-25,0.0,0.0,0.0,0.0,0.0,202.99
2021-12-26,0.0,0.0,0.0,0.0,0.0,144.38
2021-12-27,0.41,0.41,0.41,0.41,0.41,114.81
2021-12-28,0.87,0.87,1.28,1.28,1.28,54.56
2021-12-29,0.92,0.92,2.2,2.2,2.2,42.72
2021-12-30,55.65,55.65,57.44,57.44,57.85,88.57
2021-12-31,42.52,42.52,99.09,99.09,100.37,129.87
2022-01-01,8.69,8.69,106.86,106.86,109.06,138.53
2022-01-02,0.5,0.5,51.71,51.71,109.56,138.89
2022-01-03,0.02,0.02,9.21,9.21,109.17,138.9
2022-01-04,0.01,0.01,0.53,0.53,108.31,138.76
2022-01-05,0.02,0.02,0.05,0.05,107.41,137.56
2022-01-06,0.04,0.04,0.07,0.07,51.8,137.51
2022-01-07,0.03,0.03,0.09,0.09,9.31,137.16
2022-01-08,0.0,0.0,0.07,0.07,0.62,133.18
2022-01-09,0.0,0.0,0.03,0.03,0.12,130.83
2022-01-10,0.0,0.0,0.0,0.0,0.1,127.12
2022-01-11,0.02,0.02,0.02,0.02,0.11,121.14
2022-01-12,0.14,0.14,0.16,0.16,0.23,114.41
2022-01-13,0.95,0.95,1.11,1.11,1.14,113.02
2022-01-14,0.68,0.68,1.77,1.77,1.79,112.1
2022-01-15,0.64,0.64,2.27,2.27,2.43,112.26
2022-01-16,5.86,5.86,7.18,7.18,8.29,117.97
2022-01-17,6.17,6.17,12.67,12.67,14.46,124.14
2022-01-18,1.52,1.52,13.55,13.55,15.96,125.66
2022-01-19,0.47,0.47,8.16,8.16,16.29,126.13
2022-01-20,0.0,0.0,1.99,1.99,15.34,126.13
2022-01-21,0.0,0.0,0.47,0.47,14.66,126.13
2022-01-22,0.0,0.0,0.0,0.0,14.02,126.13
2022-01-23,0.59,0.59,0.59,0.59,8.75,126.72
2022-01-24,3.1,3.1,3.69,3.69,5.68,129.82
2022-01-25,1.19,1.19,4.88,4.88,5.35,131.01
2022-01-26,0.7,0.7,4.99,4.99,5.58,131.3
2022-01-27,0.19,0.19,2.08,2.08,5.77,130.62
2022-01-28,0.26,0.26,1.15,1.15,6.03,129.96
2022-01-29,0.08,0.08,0.53,0.53,6.11,74.39
2022-01-30,0.0,0.0,0.34,0.34,5.52,31.87
2022-01-31,0.0,0.0,0.08,0.08,2.42,23.18
2022-02-01,0.0,0.0,0.0,0.0,1.23,22.68
2022-02-02,0.0,0.0,0.0,0.0,0.53,22.66
2022-02-03,0.0,0.0,0.0,0.0,0.34,22.65
2022-02-04,0.0,0.0,0.0,0.0,0.08,22.63
2022-02-05,0.04,0.04,0.04,0.04,0.04,22.63
2022-02-06,0.0,0.0,0.04,0.04,0.04,22.6
2022-02-07,0.0,0.0,0.04,0.04,0.04,22.6
2022-02-08,0.0,0.0,0.0,0.0,0.04,22.6
2022-02-09,0.0,0.0,0.0,0.0,0.04,22.6
2022-02-10,0.13,0.13,0.13,0.13,0.17,22.71
2022-02-11,0.25,0.25,0.38,0.38,0.42,22.82
2022-02-12,0.07,0.07,0.45,0.45,0.45,21.94
2022-02-13,0.0,0.0,0.32,0.32,0.45,21.26
2022-02-14,0.03,0.03,0.1,0.1,0.48,20.65
2022-02-15,0.01,0.01,0.04,0.04,0.49,14.8
2022-02-16,0.0,0.0,0.04,0.04,0.49,8.63
2022-02-17,0.0,0.0,0.01,0.01,0.36,7.11
2022-02-18,0.0,0.0,0.0,0.0,0.11,6.64
2022-02-19,0.0,0.0,0.0,0.0,0.04,6.64
2022-02-20,0.0,0.0,0.0,0.0,0.04,6.64
2022-02-21,0.0,0.0,0.0,0.0,0.01,6.64
2022-02-22,0.03,0.03,0.03,0.03,0.03,6.08
2022-02-23,0.0,0.0,0.03,0.03,0.03,2.98
2022-02-24,0.0,0.0,0.03,0.03,0.03,1.79
2022-02-25,0.0,0.0,0.0,0.0,0.03,1.09
2022-02-26,0.01,0.01,0.01,0.01,0.04,0.91
2022-02-27,0.0,0.0,0.01,0.01,0.04,0.65
2022-02-28,0.0,0.0,0.01,0.01,0.04,0.57
2022-03-01,0.0,0.0,0.0,0.0,0.01,0.57
2022-03-02,0.0,0.0,0.0,0.0,0.01,0.57
2022-03-03,0.0,0.0,0.0,0.0,0.01,0.57
2022-03-04,0.06,0.06,0.06,0.06,0.07,0.63
2022-03-05,0.01,0.01,0.07,0.07,0.07,0.64
2022-03-06,0.89,0.89,0.96,0.96,0.96,1.53
2022-03-07,0.21,0.21,1.11,1.11,1.17,1.7
2022-03-08,0.0,0.0,1.1,1.1,1.17,1.7
2022-03-09,0.0,0.0,0.21,0.21,1.17,1.7
2022-03-10,0.0,0.0,0.0,0.0,1.17,1.7
2022-03-11,0.0,0.0,0.0,0.0,1.11,1.7
2022-03-12,0.0,0.0,0.0,0.0,1.1,1.57
2022-03-13,0.01,0.01,0.01,0.01,0.22,1.33
2022-03-14,0.0,0.0,0.01,0.01,0.01,1.26
2022-03-15,0.0,0.0,0.01,0.01,0.01,1.26
2022-03-16,0.0,0.0,0.0,0.0,0.01,1.23
2022-03-17,0.0,0.0,0.0,0.0,0.01,1.22
2022-03-18,0.0,0.0,0.0,0.0,0.01,1.22
2022-03-19,0.01,0.01,0.01,0.01,0.02,1.23
2022-03-20,0.08,0.08,0.09,0.09,0.09,1.31
2022-03-21,0.49,0.49,0.58,0.58,0.58,1.8
2022-03-22,0.87,0.87,1.44,1.44,1.45,2.67
2022-03-23,0.01,0.01,1.37,1.37,1.46,2.68
2022-03-24,0.01,0.01,0.89,0.89,1.47,2.66
2022-03-25,0.0,0.0,0.02,0.02,1.47,2.66
2022-03-26,0.0,0.0,0.01,0.01,1.46,2.66
2022-03-27,0.0,0.0,0.0,0.0,1.38,2.66
2022-03-28,0.0,0.0,0.0,0.0,0.89,2.65
2022-03-29,0.0,0.0,0.0,0.0,0.02,2.65
2022-03-30,0.0,0.0,0.0,0.0,0.01,2.65
2022-03-31,0.01,0.01,0.01,0.01,0.01,2.66
2022-04-01,0.0,0.0,0.01,0.01,0.01,2.66
2022-04-02,0.01,0.01,0.02,0.02,0.02,2.67
2022-04-03,0.0,0.0,0.01,0.01,0.02,2.61
2022-04-04,0.01,0.01,0.02,0.02,0.03,2.61
2022-04-05,0.0,0.0,0.01,0.01,0.03,1.72
2022-04-06,0.05,0.05,0.06,0.06,0.08,1.56
2022-04-07,0.1,0.1,0.15,0.15,0.17,1.66
2022-04-08,0.14,0.14,0.29,0.29,0.31,1.8
2022-04-09,0.14,0.14,0.38,0.38,0.44,1.94
2022-04-10,0.66,0.66,0.94,0.94,1.1,2.6
2022-04-11,0.26,0.26,1.06,1.06,1.35,2.86
2022-04-12,0.07,0.07,0.99,0.99,1.42,2.92
2022-04-13,0.11,0.11,0.44,0.44,1.48,3.03
2022-04-14,0.02,0.02,0.2,0.2,1.4,3.05
2022-04-15,0.02,0.02,0.15,0.15,1.28,3.07
2022-04-16,0.03,0.03,0.07,0.07,1.17,3.1
2022-04-17,0.42,0.42,0.47,0.47,0.93,3.52
2022-04-18,0.33,0.33,0.78,0.78,1.0,3.84
2022-04-19,0.03,0.03,0.78,0.78,0.96,3.79
2022-04-20,0.02,0.02,0.38,0.38,0.87,3.32
2022-04-21,0.01,0.01,0.06,0.06,0.86,2.46
2022-04-22,0.02,0.02,0.05,0.05,0.86,2.47
2022-04-23,0.04,0.04,0.07,0.07,0.87,2.5
2022-04-24,0.0,0.0,0.06,0.06,0.45,2.5
2022-04-25,0.0,0.0,0.04,0.04,0.12,2.5
2022-04-26,0.0,0.0,0.0,0.0,0.09,2.5
2022-04-27,0.0,0.0,0.0,0.0,0.07,2.5
2022-04-28,0.0,0.0,0.0,0.0,0.06,2.5
2022-04-29,0.02,0.02,0.02,0.02,0.06,2.52
2022-04-30,0.01,0.01,0.03,0.03,0.03,2.52
2022-05-01,0.38,0.38,0.41,0.41,0.41,2.9
2022-05-02,0.99,0.99,1.38,1.38,1.4,3.88
2022-05-03,0.48,0.48,1.85,1.85,1.88,4.36
2022-05-04,1.98,1.98,3.45,3.45,3.86,6.33
2022-05-05,1.93,1.93,4.39,4.39,5.79,8.26
2022-05-06,4.02,4.02,7.93,7.93,9.79,12.23
2022-05-07,8.16,8.16,14.11,14.11,17.94,20.29
2022-05-08,0.52,0.52,12.7,12.7,18.08,20.67
2022-05-09,1.28,1.28,9.96,9.96,18.37,21.81
2022-05-10,10.74,10.74,12.54,12.54,28.63,31.89
2022-05-11,6.44,6.44,18.46,18.46,33.09,38.07
2022-05-12,8.99,8.99,26.17,26.17,40.15,46.99
2022-05-13,1.16,1.16,16.59,16.59,37.29,48.04
2022-05-14,1.15,1.15,11.3,11.3,30.28,49.17
2022-05-15,7.5,7.5,9.81,9.81,37.26,56.65
2022-05-16,6.12,6.12,14.77,14.77,42.1,62.74
2022-05-17,2.55,2.55,16.17,16.17,33.91,64.87
2022-05-18,1.4,1.4,10.07,10.07,28.87,65.94
2022-05-19,0.45,0.45,4.4,4.4,20.33,66.36
2022-05-20,0.4,0.4,2.25,2.25,19.57,66.74
2022-05-21,0.02,0.02,0.87,0.87,18.44,66.75
2022-05-22,0.03,0.03,0.45,0.45,10.97,66.76
2022-05-23,0.01,0.01,0.06,0.06,4.86,66.73
2022-05-24,0.07,0.07,0.11,0.11,2.38,66.8
2022-05-25,2.43,2.43,2.51,2.51,3.41,69.23
2022-05-26,3.13,3.13,5.63,5.63,6.09,72.36
2022-05-27,1.93,1.93,7.49,7.49,7.62,74.29
2022-05-28,0.08,0.08,5.14,5.14,7.68,74.37
2022-05-29,0.13,0.13,2.14,2.14,7.78,74.48
2022-05-30,0.09,0.09,0.3,0.3,7.86,74.56
2022-05-31,0.03,0.03,0.25,0.25,7.82,74.21
2022-06-01,0.01,0.01,0.13,0.13,5.4,73.23
2022-06-02,0.0,0.0,0.04,0.04,2.27,72.75
2022-06-03,0.01,0.01,0.02,0.02,0.35,70.78
2022-06-04,0.01,0.01,0.02,0.02,0.28,68.86
2022-06-05,1.81,1.81,1.83,1.83,1.96,66.65
2022-06-06,3.7,3.7,5.52,5.52,5.57,62.19
2022-06-07,2.57,2.57,8.08,8.08,8.11,64.24
2022-06-08,0.38,0.38,6.65,6.65,8.48,63.34
2022-06-09,0.26,0.26,3.21,3.21,8.74,52.86
2022-06-10,0.21,0.21,0.85,0.85,8.94,46.63
2022-06-11,1.31,1.31,1.78,1.78,10.24,38.95
2022-06-12,1.97,1.97,3.49,3.49,10.4,39.76
2022-06-13,1.48,1.48,4.76,4.76,8.18,40.09
2022-06-14,1.54,1.54,4.99,4.99,7.15,34.13
2022-06-15,8.16,8.16,11.18,11.18,14.93,36.17
2022-06-16,8.64,8.64,18.34,18.34,23.31,42.26
2022-06-17,7.47,7.47,24.27,24.27,30.57,48.33
2022-06-18,4.74,4.74,20.85,20.85,34.0,52.62
2022-06-19,28.85,28.85,41.06,41.06,60.88,81.07
2022-06-20,18.31,18.31,51.9,51.9,77.71,99.36
2022-06-21,23.54,23.54,70.7,70.7,99.71,122.87
2022-06-22,9.51,9.51,51.36,51.36,101.06,132.37
2022-06-23,3.63,3.63,36.68,36.68,96.05,135.93
2022-06-24,2.55,2.55,15.69,15.69,91.13,136.05
2022-06-25,1.99,1.99,8.17,8.17,88.38,134.91
2022-06-26,0.65,0.65,5.19,5.19,60.18,133.63
2022-06-27,2.44,2.44,5.08,5.08,44.31,135.99
2022-06-28,2.59,2.59,5.68,5.68,23.36,138.45
2022-06-29,5.16,5.16,10.19,10.19,19.01,143.52
2022-06-30,5.14,5.14,12.89,12.89,20.52,148.63
2022-07-01,4.5,4.5,14.8,14.8,22.47,153.12
2022-07-02,3.0,3.0,12.64,12.64,23.48,156.12
2022-07-03,3.04,3.04,10.54,10.54,25.87,159.15
2022-07-04,3.24,3.24,9.28,9.28,26.67,162.38
2022-07-05,6.45,6.45,12.73,12.73,30.53,167.02
2022-07-06,4.59,4.59,14.28,14.28,29.96,167.91
2022-07-07,1.75,1.75,12.79,12.79,26.57,167.09
2022-07-08,3.76,3.76,10.1,10.1,25.83,170.47
2022-07-09,2.01,2.01,7.52,7.52,24.84,172.22
2022-07-10,2.79,2.79,8.56,8.56,24.59,174.8
2022-07-11,1.15,1.15,5.95,5.95,22.5,174.64
2022-07-12,1.38,1.38,5.32,5.32,17.43,174.05
2022-07-13,2.29,2.29,4.82,4.82,15.13,174.86
2022-07-14,0.31,0.31,3.98,3.98,13.69,173.63
2022-07-15,0.09,0.09,2.69,2.69,10.02,165.56
2022-07-16,5.09,5.09,5.49,5.49,13.1,162.01
2022-07-17,9.42,9.42,14.6,14.6,19.73,163.96
2022-07-18,2.0,2.0,16.51,16.51,20.58,161.22
2022-07-19,0.94,0.94,12.36,12.36,20.14,133.31
2022-07-20,10.14,10.14,13.08,13.08,27.99,125.14
2022-07-21,5.89,5.89,16.97,16.97,33.57,107.49
2022-07-22,15.58,15.58,31.61,31.61,49.06,113.56
2022-07-23,1.46,1.46,22.93,22.93,45.43,111.39
2022-07-24,3.4,3.4,20.44,20.44,39.41,112.24
2022-07-25,3.46,3.46,8.32,8.32,40.87,113.71
2022-07-26,7.74,7.74,14.6,14.6,47.67,120.8
2022-07-27,0.2,0.2,11.4,11.4,37.73,118.56
2022-07-28,0.75,0.75,8.69,8.69,32.59,116.72
2022-07-29,0.73,0.73,1.68,1.68,17.74,112.29
2022-07-30,1.37,1.37,2.85,2.85,17.65,108.52
2022-07-31,4.17,4.17,6.27,6.27,18.42,108.19
2022-08-01,8.36,8.36,13.9,13.9,23.32,113.55
2022-08-02,6.98,6.98,19.51,19.51,22.56,117.49
2022-08-03,14.47,14.47,29.81,29.81,36.83,128.72
2022-08-04,6.52,6.52,27.97,27.97,42.6,128.79
2022-08-05,3.08,3.08,24.07,24.07,44.95,127.28
2022-08-06,1.04,1.04,10.64,10.64,44.62,126.57
2022-08-07,0.62,0.62,4.74,4.74,41.07,123.43
2022-08-08,0.33,0.33,1.99,1.99,33.04,121.75
2022-08-09,0.02,0.02,0.97,0.97,26.08,118.98
2022-08-10,0.0,0.0,0.35,0.35,11.61,117.83
2022-08-11,0.02,0.02,0.04,0.04,5.11,116.47
2022-08-12,0.02,0.02,0.04,0.04,2.05,114.2
2022-08-13,0.04,0.04,0.08,0.08,1.05,113.93
2022-08-14,0.02,0.02,0.08,0.08,0.45,113.86
2022-08-15,2.09,2.09,2.15,2.15,2.21,110.86
2022-08-16,8.22,8.22,10.33,10.33,10.41,109.66
2022-08-17,8.62,8.62,18.93,18.93,19.03,116.28
2022-08-18,4.21,4.21,21.05,21.05,23.22,119.55
2022-08-19,4.58,4.58,17.41,17.41,27.78,113.99
2022-08-20,1.33,1.33,10.12,10.12,29.07,109.43
2022-08-21,9.65,9.65,15.56,15.56,38.7,103.5
2022-08-22,10.86,10.86,21.84,21.84,47.47,112.9
2022-08-23,21.98,21.98,42.49,42.49,61.23,131.48
2022-08-24,9.93,9.93,42.77,42.77,62.54,137.95
2022-08-25,9.94,9.94,41.85,41.85,68.27,140.15
2022-08-26,12.99,12.99,32.86,32.86,76.68,152.94
2022-08-27,12.65,12.65,35.58,35.58,88.0,164.84
2022-08-28,8.91,8.91,34.55,34.55,87.26,173.02
2022-08-29,9.02,9.02,30.58,30.58,85.42,180.67
2022-08-30,1.29,1.29,19.22,19.22,64.73,177.79
2022-08-31,10.69,10.69,21.0,21.0,65.49,180.12
2022-09-01,12.54,12.54,24.52,24.52,68.09,185.68
2022-09-02,2.58,2.58,25.81,25.81,57.68,173.79
2022-09-03,0.26,0.26,15.38,15.38,45.29,167.53
2022-09-04,1.19,1.19,4.03,4.03,37.57,165.64
2022-09-05,0.73,0.73,2.18,2.18,29.28,165.33
2022-09-06,11.67,11.67,13.59,13.59,39.66,176.38
2022-09-07,2.75,2.75,15.15,15.15,31.72,178.8
2022-09-08,6.67,6.67,21.09,21.09,25.85,185.45
2022-09-09,1.36,1.36,10.78,10.78,24.63,186.81
2022-09-10,1.35,1.35,9.38,9.38,25.72,188.14
2022-09-11,0.42,0.42,3.13,3.13,24.95,188.54
2022-09-12,0.11,0.11,1.88,1.88,24.33,188.61
2022-09-13,0.17,0.17,0.7,0.7,12.83,188.76
2022-09-14,1.25,1.25,1.53,1.53,11.33,187.92
2022-09-15,2.04,2.04,3.46,3.46,6.7,181.74
2022-09-16,1.29,1.29,4.58,4.58,6.63,174.41
2022-09-17,2.85,2.85,6.18,6.18,8.13,173.05
2022-09-18,1.23,1.23,5.37,5.37,8.94,169.7
2022-09-19,2.23,2.23,6.31,6.31,11.06,170.6
2022-09-20,0.78,0.78,4.24,4.24,11.67,161.73
2022-09-21,0.04,0.04,3.05,3.05,10.46,150.91
2022-09-22,0.13,0.13,0.95,0.95,8.55,129.06
2022-09-23,0.14,0.14,0.31,0.31,7.4,119.27
2022-09-24,0.83,0.83,1.1,1.1,5.38,110.16
2022-09-25,0.82,0.82,1.79,1.79,4.97,97.99
2022-09-26,4.23,4.23,5.88,5.88,6.97,89.57
2022-09-27,9.48,9.48,14.53,14.53,15.67,90.14
2022-09-28,5.7,5.7,19.41,19.41,21.33,86.82
2022-09-29,4.56,4.56,19.74,19.74,25.76,90.09
2022-09-30,5.21,5.21,15.47,15.47,30.83,84.61
2022-10-01,5.77,5.77,15.54,15.54,35.77,77.84
2022-10-02,0.6,0.6,11.58,11.58,35.55,75.86
2022-10-03,0.21,0.21,6.58,6.58,31.53,75.81
2022-10-04,0.44,0.44,1.25,1.25,22.49,75.06
2022-10-05,10.79,10.79,11.44,11.44,27.58,85.12
2022-10-06,22.41,22.41,33.64,33.64,45.43,95.86
2022-10-07,3.22,3.22,36.42,36.42,43.44,96.33
2022-10-08,10.59,10.59,36.22,36.22,48.26,100.25
2022-10-09,17.43,17.43,31.24,31.24,65.09,116.32
2022-10-10,5.37,5.37,33.39,33.39,70.25,120.34
2022-10-11,9.35,9.35,32.15,32.15,79.16,129.27
2022-10-12,2.27,2.27,16.99,16.99,70.64,131.43
2022-10-13,2.18,2.18,13.8,13.8,50.41,133.44
2022-10-14,2.34,2.34,6.79,6.79,49.53,134.53
2022-10-15,4.78,4.78,9.3,9.3,43.72,137.27
2022-10-16,5.46,5.46,12.58,12.58,31.75,141.44
2022-10-17,2.69,2.69,12.93,12.93,29.07,141.28
2022-10-18,6.35,6.35,14.5,14.5,26.07,146.4
2022-10-19,5.85,5.85,14.89,14.89,29.65,150.02
2022-10-20,16.88,16.88,29.08,29.08,44.35,166.12
2022-10-21,6.6,6.6,29.33,29.33,48.61,172.68
2022-10-22,2.64,2.64,26.12,26.12,46.47,175.19
2022-10-23,1.41,1.41,10.65,10.65,42.42,176.46
2022-10-24,0.0,0.0,4.05,4.05,39.73,175.63
2022-10-25,0.0,0.0,1.41,1.41,33.38,174.81
2022-10-26,0.02,0.02,0.02,0.02,27.55,170.6
2022-10-27,2.07,2.07,2.09,2.09,12.74,163.19
2022-10-28,10.41,10.41,12.5,12.5,16.55,167.9
2022-10-29,3.87,3.87,16.35,16.35,17.78,167.21
2022-10-30,7.56,7.56,21.84,21.84,23.93,169.56
2022-10-31,25.66,25.66,37.09,37.09,49.59,189.45
2022-11-01,54.46,54.46,87.68,87.68,104.05,243.31
2022-11-02,28.46,28.46,108.58,108.58,132.49,271.56
2022-11-03,24.99,24.99,107.91,107.91,155.41,296.11
2022-11-04,4.36,4.36,57.81,57.81,149.36,289.68
2022-11-05,3.45,3.45,32.8,32.8,148.94,270.72
2022-11-06,2.51,2.51,10.32,10.32,143.89,270.01
2022-11-07,8.51,8.51,14.47,14.47,126.74,267.93
2022-11-08,4.0,4.0,15.02,15.02,76.28,254.5
2022-11-09,1.51,1.51,14.02,14.02,49.33,250.64
2022-11-10,3.84,3.84,9.35,9.35,28.18,245.13
2022-11-11,67.26,67.26,72.61,72.61,91.08,310.12
2022-11-12,35.62,35.62,106.72,106.72,123.25,343.56
2022-11-13,35.91,35.91,138.79,138.79,156.65,377.13
2022-11-14,7.69,7.69,79.22,79.22,155.83,380.04
2022-11-15,7.45,7.45,51.05,51.05,159.28,382.03
2022-11-16,0.01,0.01,15.15,15.15,157.78,379.35
2022-11-17,0.0,0.0,7.46,7.46,153.94,373.0
2022-11-18,0.0,0.0,0.01,0.01,86.68,367.15
2022-11-19,0.0,0.0,0.0,0.0,51.06,350.27
2022-11-20,0.35,0.35,0.35,0.35,15.5,344.02
2022-11-21,2.31,2.31,2.66,2.66,10.12,343.69
2022-11-22,5.68,5.68,8.34,8.34,8.35,347.96
2022-11-23,9.63,9.63,17.62,17.62,17.97,357.59
2022-11-24,3.0,3.0,18.31,18.31,20.97,360.59
2022-11-25,0.3,0.3,12.93,12.93,21.27,360.87
2022-11-26,0.14,0.14,3.44,3.44,21.41,358.94
2022-11-27,1.01,1.01,1.45,1.45,22.07,349.54
2022-11-28,0.05,0.05,1.2,1.2,19.81,345.72
2022-11-29,0.0,0.0,1.06,1.06,14.13,338.16
2022-11-30,1.28,1.28,1.33,1.33,5.78,313.78
2022-12-01,2.14,2.14,3.42,3.42,4.92,261.46
2022-12-02,0.14,0.14,3.56,3.56,4.76,233.14
2022-12-03,2.59,2.59,4.87,4.87,7.21,210.74
2022-12-04,1.1,1.1,3.83,3.83,7.3,207.48
2022-12-05,0.7,0.7,4.39,4.39,7.95,204.73
2022-12-06,0.02,0.02,1.82,1.82,7.97,202.24
2022-12-07,0.01,0.01,0.73,0.73,6.7,193.74
2022-12-08,14.41,14.41,14.44,14.44,18.97,204.15
2022-12-09,58.41,58.41,72.83,72.83,77.24,261.05
2022-12-10,59.93,59.93,132.75,132.75,134.58,317.14
2022-12-11,14.22,14.22,132.56,132.56,147.7,264.1
2022-12-12,23.63,23.63,97.78,97.78,170.63,252.11
2022-12-13,5.64,5.64,43.49,43.49,176.25,221.84
2022-12-14,0.8,0.8,30.07,30.07,177.04,214.95
2022-12-15,0.01,0.01,6.45,6.45,162.64,207.51
2022-12-16,0.03,0.03,0.84,0.84,104.26,207.53
2022-12-17,0.03,0.03,0.07,0.07,44.36,207.56
2022-12-18,0.03,0.03,0.09,0.09,30.17,207.59
2022-12-19,0.04,0.04,0.1,0.1,6.58,207.63
2022-12-20,0.04,0.04,0.11,0.11,0.98,207.32
2022-12-21,0.07,0.07,0.15,0.15,0.25,205.08
2022-12-22,0.52,0.52,0.63,0.63,0.76,199.92
2022-12-23,0.22,0.22,0.81,0.81,0.95,190.51
2022-12-24,6.68,6.68,7.42,7.42,7.6,194.19
2022-12-25,13.2,13.2,20.1,20.1,20.77,207.09
2022-12-26,3.62,3.62,23.5,23.5,24.35,210.57
2022-12-27,0.41,0.41,17.23,17.23,24.72,209.97
2022-12-28,0.02,0.02,4.05,4.05,24.67,209.94
2022-12-29,0.0,0.0,0.43,0.43,24.15,209.94
2022-12-30,0.0,0.0,0.02,0.02,23.93,208.66
2022-12-31,0.0,0.0,0.0,0.0,17.25,206.52
2023-01-01,0.0,0.0,0.0,0.0,4.05,206.38
2023-01-02,0.0,0.0,0.0,0.0,0.43,203.79
2023-01-03,0.01,0.01,0.01,0.01,0.03,202.7
2023-01-04,0.0,0.0,0.01,0.01,0.01,202.0
2023-01-05,0.01,0.01,0.02,0.02,0.02,201.99
2023-01-06,0.01,0.01,0.02,0.02,0.03,201.99
2023-01-07,0.21,0.21,0.23,0.23,0.24,187.79
2023-01-08,0.21,0.21,0.43,0.43,0.45,129.59
2023-01-09,0.0,0.0,0.42,0.42,0.45,69.66
2023-01-10,0.07,0.07,0.28,0.28,0.51,55.51
2023-01-11,0.0,0.0,0.07,0.07,0.51,31.88
2023-01-12,0.0,0.0,0.07,0.07,0.5,26.24
2023-01-13,0.0,0.0,0.0,0.0,0.49,25.44
2023-01-14,0.0,0.0,0.0,0.0,0.28,25.43
2023-01-15,0.0,0.0,0.0,0.0,0.07,25.4
2023-01-16,0.0,0.0,0.0,0.0,0.07,25.37
2023-01-17,0.0,0.0,0.0,0.0,0.0,25.34
2023-01-18,0.0,0.0,0.0,0.0,0.0,25.3
2023-01-19,0.0,0.0,0.0,0.0,0.0,25.26
2023-01-20,0.08,0.08,0.08,0.08,0.08,25.27
2023-01-21,0.02,0.02,0.1,0.1,0.1,24.77
2023-01-22,0.0,0.0,0.1,0.1,0.1,24.55
2023-01-23,0.02,0.02,0.04,0.04,0.12,17.89
2023-01-24,0.01,0.01,0.03,0.03,0.13,4.7
2023-01-25,0.0,0.0,0.03,0.03,0.13,1.08
2023-01-26,0.02,0.02,0.03,0.03,0.15,0.69
2023-01-27,0.0,0.0,0.02,0.02,0.07,0.67
2023-01-28,0.03,0.03,0.05,0.05,0.08,0.7
2023-01-29,0.5,0.5,0.53,0.53,0.58,1.2
2023-01-30,1.86,1.86,2.39,2.39,2.42,3.06
2023-01-31,0.52,0.52,2.88,2.88,2.93,3.58
2023-02-01,0.5,0.5,2.88,2.88,3.43,4.08
2023-02-02,0.18,0.18,1.2,1.2,3.59,4.25
2023-02-03,0.34,0.34,1.02,1.02,3.93,4.59
2023-02-04,0.14,0.14,0.66,0.66,4.04,4.72
2023-02-05,0.0,0.0,0.48,0.48,3.54,4.71
2023-02-06,0.0,0.0,0.14,0.14,1.68,4.5
2023-02-07,0.0,0.0,0.0,0.0,1.16,4.29
2023-02-08,0.0,0.0,0.0,0.0,0.66,4.29
2023-02-09,0.0,0.0,0.0,0.0,0.48,4.22
2023-02-10,0.0,0.0,0.0,0.0,0.14,4.22
2023-02-11,0.0,0.0,0.0,0.0,0.0,4.22
2023-02-12,0.0,0.0,0.0,0.0,0.0,4.22
2023-02-13,0.0,0.0,0.0,0.0,0.0,4.22
2023-02-14,0.0,0.0,0.0,0.0,0.0,4.22
2023-02-15,0.0,0.0,0.0,0.0,0.0,4.22
2023-02-16,0.0,0.0,0.0,0.0,0.0,4.22
2023-02-17,0.0,0.0,0.0,0.0,0.0,4.22
2023-02-18,0.0,0.0,0.0,0.0,0.0,4.22
2023-02-19,0.0,0.0,0.0,0.0,0.0,4.14
2023-02-20,0.0,0.0,0.0,0.0,0.0,4.12
2023-02-21,0.0,0.0,0.0,0.0,0.0,4.12
2023-02-22,0.0,0.0,0.0,0.0,0.0,4.1
2023-02-23,0.0,0.0,0.0,0.0,0.0,4.09
2023-02-24,0.0,0.0,0.0,0.0,0.0,4.09
2023-02-25,0.0,0.0,0.0,0.0,0.0,4.07
2023-02-26,0.0,0.0,0.0,0.0,0.0,4.07
2023-02-27,0.0,0.0,0.0,0.0,0.0,4.04
2023-02-28,0.0,0.0,0.0,0.0,0.0,3.54
2023-03-01,0.01,0.01,0.01,0.01,0.01,1.69
2023-03-02,0.0,0.0,0.01,0.01,0.01,1.17
2023-03-03,0.0,0.0,0.01,0.01,0.01,0.67
2023-03-04,0.0,0.0,0.0,0.0,0.01,0.49
2023-03-05,0.0,0.0,0.0,0.0,0.01,0.15
2023-03-06,0.0,0.0,0.0,0.0,0.01,0.01
2023-03-07,0.0,0.0,0.0,0.0,0.01,0.01
2023-03-08,0.0,0.0,0.0,0.0,0.0,0.01
2023-03-09,0.0,0.0,0.0,0.0,0.0,0.01
2023-03-10,0.0,0.0,0.0,0.0,0.0,0.01
2023-03-11,0.0,0.0,0.0,0.0,0.0,0.01
2023-03-12,0.01,0.01,0.01,0.01,0.01,0.02
2023-03-13,0.01,0.01,0.02,0.02,0.02,0.03
2023-03-14,0.02,0.02,0.04,0.04,0.04,0.05
2023-03-15,0.04,0.04,0.07,0.07,0.08,0.09
2023-03-16,0.13,0.13,0.19,0.19,0.21,0.22
2023-03-17,10.01,10.01,10.18,10.18,10.22,10.23
2023-03-18,10.1,10.1,20.24,20.24,20.32,20.33
2023-03-19,19.92,19.92,40.03,40.03,40.23,40.25
2023-03-20,11.9,11.9,41.92,41.92,52.12,52.15
2023-03-21,1.79,1.79,33.61,33.61,53.89,53.94
2023-03-22,0.39,0.39,14.08,14.08,54.24,54.33
2023-03-23,2.02,2.02,4.2,4.2,56.13,56.35
2023-03-24,2.69,2.69,5.1,5.1,48.81,59.04
2023-03-25,0.03,0.03,4.74,4.74,38.74,59.07
2023-03-26,0.13,0.13,2.85,2.85,18.95,59.2
2023-03-27,0.16,0.16,0.32,0.32,7.21,59.36
2023-03-28,0.03,0.03,0.32,0.32,5.45,59.39
2023-03-29,0.01,0.01,0.2,0.2,5.07,59.4
2023-03-30,0.01,0.01,0.05,0.05,3.06,59.41
2023-03-31,0.01,0.01,0.03,0.03,0.38,59.41
2023-04-01,0.02,0.02,0.04,0.04,0.37,59.43
2023-04-02,0.97,0.97,1.0,1.0,1.21,60.4
2023-04-03,0.26,0.26,1.25,1.25,1.31,60.66
2023-04-04,0.03,0.03,1.26,1.26,1.31,60.69
2023-04-05,0.03,0.03,0.32,0.32,1.33,60.72
2023-04-06,0.01,0.01,0.07,0.07,1.33,60.73
2023-04-07,0.0,0.0,0.04,0.04,1.32,60.73
2023-04-08,0.0,0.0,0.01,0.01,1.3,60.73
2023-04-09,0.01,0.01,0.01,0.01,0.34,60.74
2023-04-10,0.0,0.0,0.01,0.01,0.08,60.74
2023-04-11,0.0,0.0,0.01,0.01,0.05,60.73
2023-04-12,0.0,0.0,0.0,0.0,0.02,60.72
2023-04-13,0.0,0.0,0.0,0.0,0.01,60.7
2023-04-14,0.0,0.0,0.0,0.0,0.01,60.66
2023-04-15,0.0,0.0,0.0,0.0,0.01,60.53
2023-04-16,0.0,0.0,0.0,0.0,0.0,50.52
2023-04-17,0.0,0.0,0.0,0.0,0.0,40.42
2023-04-18,0.0,0.0,0.0,0.0,0.0,20.5
2023-04-19,0.0,0.0,0.0,0.0,0.0,8.6
2023-04-20,0.0,0.0,0.0,0.0,0.0,6.81
2023-04-21,0.12,0.12,0.12,0.12,0.12,6.54
2023-04-22,0.67,0.67,0.79,0.79,0.79,5.19
2023-04-23,3.5,3.5,4.29,4.29,4.29,6.0
2023-04-24,2.17,2.17,6.34,6.34,6.46,8.14
2023-04-25,2.14,2.14,7.81,7.81,8.6,10.15
2023-04-26,0.07,0.07,4.38,4.38,8.67,10.06
2023-04-27,0.09,0.09,2.3,2.3,8.76,10.12
2023-04-28,0.32,0.32,0.48,0.48,8.96,10.43
2023-04-29,1.27,1.27,1.68,1.68,9.56,11.69
2023-04-30,0.55,0.55,2.14,2.14,6.61,12.23
2023-05-01,14.52,14.52,16.34,16.34,18.96,26.73
2023-05-02,12.13,12.13,27.2,27.2,28.95,37.89
2023-05-03,1.28,1.28,27.93,27.93,30.16,38.91
2023-05-04,0.98,0.98,14.39,14.39,31.05,39.86
2023-05-05,6.0,6.0,8.26,8.26,36.73,45.83
2023-05-06,7.4,7.4,14.38,14.38,42.86,53.22
2023-05-07,3.23,3.23,16.63,16.63,45.54,56.45
2023-05-08,8.36,8.36,18.99,18.99,39.38,64.81
2023-05-09,0.14,0.14,11.73,11.73,27.39,64.94
2023-05-10,0.15,0.15,8.65,8.65,26.26,65.09
2023-05-11,0.07,0.07,0.36,0.36,25.35,65.16
2023-05-12,0.06,0.06,0.28,0.28,19.41,65.22
2023-05-13,0.02,0.02,0.15,0.15,12.03,65.24
2023-05-14,0.01,0.01,0.09,0.09,8.81,65.25
2023-05-15,1.03,1.03,1.06,1.06,1.48,66.28
2023-05-16,0.18,0.18,1.22,1.22,1.52,66.46
2023-05-17,0.19,0.19,1.4,1.4,1.56,66.65
2023-05-18,0.1,0.1,0.47,0.47,1.59,66.75
2023-05-19,0.12,0.12,0.41,0.41,1.65,66.87
2023-05-20,0.07,0.07,0.29,0.29,1.7,66.94
2023-05-21,0.17,0.17,0.36,0.36,1.86,66.99
2023-05-22,0.16,0.16,0.4,0.4,0.99,66.48
2023-05-23,0.06,0.06,0.39,0.39,0.87,63.04
2023-05-24,0.06,0.06,0.28,0.28,0.74,60.93
2023-05-25,0.5,0.5,0.62,0.62,1.14,59.29
2023-05-26,0.27,0.27,0.83,0.83,1.29,59.49
2023-05-27,2.46,2.46,3.23,3.23,3.68,61.86
2023-05-28,0.84,0.84,3.57,3.57,4.35,62.38
2023-05-29,0.35,0.35,3.65,3.65,4.54,61.46
2023-05-30,2.08,2.08,3.27,3.27,6.56,62.99
2023-05-31,0.58,0.58,3.01,3.01,7.08,49.05
2023-06-01,0.5,0.5,3.16,3.16,7.08,37.42
2023-06-02,0.17,0.17,1.25,1.25,6.98,36.31
2023-06-03,0.04,0.04,0.71,0.71,4.56,35.37
2023-06-04,0.03,0.03,0.24,0.24,3.75,29.4
2023-06-05,2.71,2.71,2.78,2.78,6.11,24.71
2023-06-06,1.2,1.2,3.94,3.94,5.23,22.68
2023-06-07,3.04,3.04,6.95,6.95,7.69,17.36
2023-06-08,0.35,0.35,4.59,4.59,7.54,17.57
2023-06-09,5.24,5.24,8.63,8.63,12.61,22.66
2023-06-10,6.7,6.7,12.29,12.29,19.27,29.29
2023-06-11,0.01,0.01,11.95,11.95,19.25,29.24
2023-06-12,4.57,4.57,11.28,11.28,21.11,33.79
2023-06-13,2.31,2.31,6.89,6.89,22.22,36.09
2023-06-14,2.5,2.5,9.38,9.38,21.68,37.56
2023-06-15,0.73,0.73,5.54,5.54,22.06,38.11
2023-06-16,1.61,1.61,4.84,4.84,18.43,39.53
2023-06-17,8.83,8.83,11.17,11.17,20.56,48.26
2023-06-18,48.9,48.9,59.34,59.34,69.45,97.04
2023-06-19,21.5,21.5,79.23,79.23,86.38,118.47
2023-06-20,12.83,12.83,83.23,83.23,96.9,131.13
2023-06-21,1.73,1.73,36.06,36.06,96.13,132.7
2023-06-22,8.34,8.34,22.9,22.9,103.74,140.98
2023-06-23,6.08,6.08,16.15,16.15,108.21,147.0
2023-06-24,3.76,3.76,18.18,18.18,103.14,150.26
2023-06-25,7.82,7.82,17.66,17.66,62.06,157.81
2023-06-26,0.15,0.15,11.73,11.73,40.71,155.5
2023-06-27,0.15,0.15,8.12,8.12,28.03,154.81
2023-06-28,0.16,0.16,0.46,0.46,26.46,154.62
2023-06-29,1.62,1.62,1.93,1.93,19.74,154.16
2023-06-30,0.56,0.56,2.34,2.34,14.22,154.14
2023-07-01,3.01,3.01,5.19,5.19,13.47,156.65
2023-07-02,3.24,3.24,6.81,6.81,8.89,159.72
2023-07-03,4.82,4.82,11.07,11.07,13.56,164.5
2023-07-04,3.92,3.92,11.98,11.98,17.33,168.39
2023-07-05,1.34,1.34,10.08,10.08,18.51,167.02
2023-07-06,0.15,0.15,5.41,5.41,17.04,165.97
2023-07-07,0.22,0.22,1.71,1.71,16.7,163.15
2023-07-08,1.94,1.94,2.31,2.31,15.63,164.74
2023-07-09,4.36,4.36,6.52,6.52,16.75,163.86
2023-07-10,8.05,8.05,14.35,14.35,19.98,165.21
2023-07-11,3.13,3.13,15.54,15.54,19.19,168.33
2023-07-12,12.22,12.22,23.4,23.4,30.07,175.98
2023-07-13,11.25,11.25,26.6,26.6,41.17,184.92
2023-07-14,0.46,0.46,23.93,23.93,41.41,182.88
2023-07-15,0.14,0.14,11.85,11.85,39.61,182.29
2023-07-16,0.06,0.06,0.66,0.66,35.31,180.74
2023-07-17,0.11,0.11,0.31,0.31,27.37,172.02
2023-07-18,0.04,0.04,0.21,0.21,24.28,123.16
2023-07-19,0.54,0.54,0.69,0.69,12.6,102.2
2023-07-20,0.03,0.03,0.61,0.61,1.38,89.4
2023-07-21,0.55,0.55,1.12,1.12,1.47,88.22
2023-07-22,6.07,6.07,6.65,6.65,7.4,85.95
2023-07-23,2.07,2.07,8.69,8.69,9.41,81.94
2023-07-24,7.47,7.47,15.61,15.61,16.77,85.65
2023-07-25,6.91,6.91,16.45,16.45,23.64,84.74
2023-07-26,6.64,6.64,21.02,21.02,29.74,91.23
2023-07-27,0.02,0.02,13.57,13.57,29.73,91.1
2023-07-28,0.03,0.03,6.69,6.69,29.21,90.97
2023-07-29,0.1,0.1,0.15,0.15,23.24,89.45
2023-07-30,0.33,0.33,0.46,0.46,21.5,89.22
2023-07-31,0.18,0.18,0.61,0.61,14.21,86.39
2023-08-01,0.07,0.07,0.58,0.58,7.37,83.22
2023-08-02,0.03,0.03,0.28,0.28,0.76,78.43
2023-08-03,0.23,0.23,0.33,0.33,0.97,74.74
2023-08-04,0.7,0.7,0.96,0.96,1.64,74.1
2023-08-05,0.21,0.21,1.14,1.14,1.75,74.16
2023-08-06,0.17,0.17,1.08,1.08,1.59,74.11
2023-08-07,0.49,0.49,0.87,0.87,1.9,72.66
2023-08-08,0.21,0.21,0.87,0.87,2.04,68.51
2023-08-09,2.38,2.38,3.08,3.08,4.39,62.84
2023-08-10,7.97,7.97,10.56,10.56,12.13,67.68
2023-08-11,7.84,7.84,18.19,18.19,19.27,63.3
2023-08-12,7.11,7.11,22.92,22.92,26.17,59.16
2023-08-13,11.98,11.98,26.93,26.93,37.98,70.68
2023-08-14,23.59,23.59,42.68,42.68,61.08,94.13
2023-08-15,10.31,10.31,45.88,45.88,71.18,104.38
2023-08-16,7.46,7.46,41.36,41.36,76.26,111.73
2023-08-17,23.85,23.85,41.62,41.62,92.14,135.54
2023-08-18,2.91,2.91,34.22,34.22,87.21,137.91
2023-08-19,5.86,5.86,32.62,32.62,85.96,143.74
2023-08-20,1.54,1.54,10.31,10.31,75.52,144.73
2023-08-21,3.55,3.55,10.95,10.95,55.48,142.21
2023-08-22,10.89,10.89,15.98,15.98,56.06,151.03
2023-08-23,16.42,16.42,30.86,30.86,65.02,159.98
2023-08-24,20.33,20.33,47.64,47.64,61.5,173.4
2023-08-25,1.48,1.48,38.23,38.23,60.07,168.24
2023-08-26,5.42,5.42,27.23,27.23,59.63,173.64
2023-08-27,16.61,16.61,23.51,23.51,74.7,190.22
2023-08-28,4.07,4.07,26.1,26.1,75.22,194.19
2023-08-29,10.59,10.59,31.27,31.27,74.92,204.45
2023-08-30,5.64,5.64,20.3,20.3,64.14,209.91
2023-08-31,3.02,3.02,19.25,19.25,46.83,212.86
2023-09-01,2.24,2.24,10.9,10.9,47.59,215.07
2023-09-02,5.46,5.46,10.72,10.72,47.63,220.3
2023-09-03,32.16,32.16,39.86,39.86,63.18,251.76
2023-09-04,2.04,2.04,39.66,39.66,61.15,253.59
2023-09-05,2.52,2.52,36.72,36.72,53.08,255.94
2023-09-06,4.57,4.57,9.13,9.13,52.01,260.02
2023-09-07,19.19,19.19,26.28,26.28,68.18,279.0
2023-09-08,1.06,1.06,24.82,24.82,67.0,277.68
2023-09-09,0.3,0.3,20.55,20.55,61.84,270.01
2023-09-10,0.66,0.66,2.02,2.02,30.34,262.83
2023-09-11,0.55,0.55,1.51,1.51,28.85,256.27
2023-09-12,1.8,1.8,3.01,3.01,28.13,246.09
2023-09-13,8.37,8.37,10.72,10.72,31.93,230.87
2023-09-14,4.99,4.99,15.16,15.16,17.73,225.55
2023-09-15,4.02,4.02,17.38,17.38,20.69,222.11
2023-09-16,27.6,27.6,36.61,36.61,47.99,225.86
2023-09-17,7.4,7.4,39.02,39.02,54.73,230.35
2023-09-18,6.86,6.86,41.86,41.86,61.04,231.35
2023-09-19,4.7,4.7,18.96,18.96,63.94,234.51
2023-09-20,3.42,3.42,14.98,14.98,58.99,234.38
2023-09-21,4.08,4.08,12.2,12.2,58.08,227.57
2023-09-22,0.91,0.91,8.41,8.41,54.97,212.06
2023-09-23,4.18,4.18,9.17,9.17,31.55,195.91
2023-09-24,13.01,13.01,18.1,18.1,37.16,207.44
2023-09-25,16.03,16.03,33.22,33.22,46.33,218.05
2023-09-26,10.41,10.41,39.45,39.45,52.04,211.85
2023-09-27,4.95,4.95,31.39,31.39,53.57,212.73
2023-09-28,12.18,12.18,27.54,27.54,61.67,214.32
2023-09-29,9.79,9.79,26.92,26.92,70.55,218.47
2023-09-30,8.53,8.53,30.5,30.5,74.9,223.98
2023-10-01,1.19,1.19,19.51,19.51,63.08,222.93
2023-10-02,0.69,0.69,10.41,10.41,47.74,218.16
2023-10-03,0.64,0.64,2.52,2.52,37.97,186.64
2023-10-04,5.0,5.0,6.33,6.33,38.02,189.6
2023-10-05,3.78,3.78,9.42,9.42,29.62,190.86
2023-10-06,2.56,2.56,11.34,11.34,22.39,188.85
2023-10-07,1.1,1.1,7.44,7.44,14.96,170.76
2023-10-08,0.63,0.63,4.29,4.29,14.4,170.33
2023-10-09,0.4,0.4,2.13,2.13,14.11,170.43
2023-10-10,2.95,2.95,3.98,3.98,16.42,172.72
2023-10-11,2.44,2.44,5.79,5.79,13.86,174.61
2023-10-12,0.04,0.04,5.43,5.43,10.12,172.85
2023-10-13,0.7,0.7,3.18,3.18,8.26,165.18
2023-10-14,3.96,3.96,4.7,4.7,11.12,164.15
2023-10-15,0.86,0.86,5.52,5.52,11.35,160.99
2023-10-16,0.7,0.7,5.52,5.52,11.65,134.09
2023-10-17,0.24,0.24,1.8,1.8,8.94,126.93
2023-10-18,0.01,0.01,0.95,0.95,6.51,120.08
2023-10-19,0.0,0.0,0.25,0.25,6.47,115.38
2023-10-20,0.26,0.26,0.27,0.27,6.03,112.22
2023-10-21,7.89,7.89,8.15,8.15,9.96,116.03
2023-10-22,0.46,0.46,8.61,8.61,9.56,115.58
2023-10-23,0.01,0.01,8.36,8.36,8.87,111.41
2023-10-24,0.0,0.0,0.47,0.47,8.63,98.4
2023-10-25,0.01,0.01,0.02,0.02,8.63,82.38
2023-10-26,0.01,0.01,0.02,0.02,8.64,71.98
2023-10-27,0.03,0.03,0.05,0.05,8.41,67.06
2023-10-28,1.34,1.34,1.38,1.38,1.86,56.22
2023-10-29,7.24,7.24,8.61,8.61,8.64,53.67
2023-10-30,8.84,8.84,17.42,17.42,17.47,53.98
2023-10-31,1.3,1.3,17.38,17.38,18.77,54.09
2023-11-01,5.87,5.87,16.01,16.01,24.63,59.27
2023-11-02,5.84,5.84,13.01,13.01,30.46,64.47
2023-11-03,18.86,18.86,30.57,30.57,49.29,78.33
2023-11-04,24.68,24.68,49.38,49.38,72.63,99.23
2023-11-05,9.19,9.19,52.73,52.73,74.58,105.86
2023-11-06,8.74,8.74,42.61,42.61,74.48,113.5
2023-11-07,4.44,4.44,22.37,22.37,77.62,117.31
2023-11-08,5.75,5.75,18.93,18.93,77.5,122.66
2023-11-09,12.07,12.07,22.26,22.26,83.73,131.78
2023-11-10,1.73,1.73,19.55,19.55,66.6,131.07
2023-11-11,0.01,0.01,13.81,13.81,41.93,131.04
2023-11-12,0.03,0.03,1.77,1.77,32.77,130.37
2023-11-13,5.77,5.77,5.81,5.81,29.8,132.18
2023-11-14,40.48,40.48,46.28,46.28,65.84,171.8
2023-11-15,10.98,10.98,57.23,57.23,71.07,182.08
2023-11-16,3.49,3.49,54.95,54.95,62.49,185.33
2023-11-17,0.9,0.9,15.37,15.37,61.66,186.22
2023-11-18,0.76,0.76,5.15,5.15,62.41,186.98
2023-11-19,0.38,0.38,2.04,2.04,62.76,187.1
2023-11-20,18.5,18.5,19.64,19.64,75.49,197.71
2023-11-21,14.95,14.95,33.83,33.83,49.96,212.2
2023-11-22,11.15,11.15,44.6,44.6,50.13,223.34
2023-11-23,11.14,11.14,37.24,37.24,57.78,234.48
2023-11-24,14.33,14.33,36.62,36.62,71.21,248.8
2023-11-25,11.86,11.86,37.33,37.33,82.31,260.65
2023-11-26,7.68,7.68,33.87,33.87,89.61,268.3
2023-11-27,18.5,18.5,38.04,38.04,89.61,285.46
2023-11-28,14.1,14.1,40.28,40.28,88.76,292.32
2023-11-29,45.11,45.11,77.71,77.71,122.72,328.59
2023-11-30,19.95,19.95,79.16,79.16,131.53,347.24
2023-12-01,13.28,13.28,78.34,78.34,130.48,354.65
2023-12-02,35.1,35.1,68.33,68.33,153.72,383.91
2023-12-03,50.09,50.09,98.47,98.47,196.13,415.14
2023-12-04,187.88,187.88,273.07,273.07,365.51,578.34
2023-12-05,2.58,2.58,240.55,240.55,353.99,571.73
2023-12-06,1.83,1.83,192.29,192.29,310.71,564.82
2023-12-07,1.35,1.35,5.76,5.76,292.11,561.73
2023-12-08,0.69,0.69,3.87,3.87,279.52,556.67
2023-12-09,0.34,0.34,2.38,2.38,244.76,544.94
2023-12-10,0.07,0.07,1.1,1.1,194.74,543.28
2023-12-11,0.08,0.08,0.49,0.49,6.94,543.35
2023-12-12,0.12,0.12,0.27,0.27,4.48,543.44
2023-12-13,0.02,0.02,0.22,0.22,2.67,537.69
2023-12-14,0.03,0.03,0.17,0.17,1.35,497.24
2023-12-15,7.0,7.0,7.05,7.05,7.66,493.26
2023-12-16,1.85,1.85,8.88,8.88,9.17,491.62
2023-12-17,0.13,0.13,8.98,8.98,9.23,490.85
2023-12-18,0.04,0.04,2.02,2.02,9.19,490.13
2023-12-19,0.01,0.01,0.18,0.18,9.08,489.76
2023-12-20,0.01,0.01,0.06,0.06,9.07,471.27
2023-12-21,0.02,0.02,0.04,0.04,9.06,456.34
2023-12-22,0.0,0.0,0.03,0.03,2.06,445.19
2023-12-23,0.0,0.0,0.02,0.02,0.21,434.05
2023-12-24,0.01,0.01,0.01,0.01,0.09,419.73
2023-12-25,0.02,0.02,0.03,0.03,0.07,407.89
2023-12-26,0.0,0.0,0.03,0.03,0.06,400.21
2023-12-27,0.02,0.02,0.04,0.04,0.07,381.73
2023-12-28,0.15,0.15,0.17,0.17,0.2,367.78
2023-12-29,0.21,0.21,0.38,0.38,0.41,322.88
2023-12-30,0.01,0.01,0.37,0.37,0.42,302.94
2023-12-31,0.01,0.01,0.23,0.23,0.42,289.67
2024-01-01,0.23,0.23,0.25,0.25,0.63,254.8
2024-01-02,0.04,0.04,0.28,0.28,0.67,204.75
2024-01-03,1.01,1.01,1.28,1.28,1.66,17.88
2024-01-04,2.55,2.55,3.6,3.6,4.06,17.85
2024-01-05,1.07,1.07,4.63,4.63,4.92,17.09
2024-01-06,2.85,2.85,6.47,6.47,7.76,18.59
2024-01-07,40.16,40.16,44.08,44.08,47.91,58.06
2024-01-08,8.1,8.1,51.11,51.11,55.78,65.82
2024-01-09,0.68,0.68,48.94,48.94,56.42,66.43
2024-01-10,0.02,0.02,8.8,8.8,55.43,66.37
2024-01-11,0.0,0.0,0.7,0.7,52.88,66.25
2024-01-12,0.0,0.0,0.02,0.02,51.81,66.23
2024-01-13,0.0,0.0,0.0,0.0,48.96,66.2
2024-01-14,0.0,0.0,0.0,0.0,8.8,59.2
2024-01-15,0.0,0.0,0.0,0.0,0.7,57.35
2024-01-16,0.0,0.0,0.0,0.0,0.02,57.22
2024-01-17,0.0,0.0,0.0,0.0,0.0,57.18
2024-01-18,0.0,0.0,0.0,0.0,0.0,57.17
2024-01-19,0.01,0.01,0.01,0.01,0.01,57.17
2024-01-20,0.0,0.0,0.01,0.01,0.01,57.15
2024-01-21,0.0,0.0,0.01,0.01,0.01,57.15
2024-01-22,0.0,0.0,0.0,0.0,0.01,57.15
2024-01-23,0.0,0.0,0.0,0.0,0.01,57.14
2024-01-24,0.0,0.0,0.0,0.0,0.01,57.12
2024-01-25,0.0,0.0,0.0,0.0,0.01,57.12
2024-01-26,0.02,0.02,0.02,0.02,0.02,57.12
2024-01-27,0.05,0.05,0.07,0.07,0.07,57.02
2024-01-28,0.0,0.0,0.07,0.07,0.07,56.81
2024-01-29,0.0,0.0,0.05,0.05,0.07,56.8
2024-01-30,0.0,0.0,0.0,0.0,0.07,56.79
2024-01-31,0.0,0.0,0.0,0.0,0.07,56.56
2024-02-01,0.02,0.02,0.02,0.02,0.09,56.54
2024-02-02,0.02,0.02,0.04,0.04,0.09,55.55
2024-02-03,0.0,0.0,0.04,0.04,0.04,53.0
2024-02-04,0.0,0.0,0.02,0.02,0.04,51.93
2024-02-05,0.0,0.0,0.0,0.0,0.04,49.08
2024-02-06,0.0,0.0,0.0,0.0,0.04,8.92
2024-02-07,0.0,0.0,0.0,0.0,0.04,0.82
2024-02-08,0.0,0.0,0.0,0.0,0.02,0.14
2024-02-09,0.0,0.0,0.0,0.0,0.0,0.12
2024-02-10,0.0,0.0,0.0,0.0,0.0,0.12
2024-02-11,0.0,0.0,0.0,0.0,0.0,0.12
2024-02-12,0.0,0.0,0.0,0.0,0.0,0.12
2024-02-13,0.0,0.0,0.0,0.0,0.0,0.12
2024-02-14,0.0,0.0,0.0,0.0,0.0,0.12
2024-02-15,0.0,0.0,0.0,0.0,0.0,0.12
2024-02-16,0.0,0.0,0.0,0.0,0.0,0.12
2024-02-17,0.0,0.0,0.0,0.0,0.0,0.12
2024-02-18,0.0,0.0,0.0,0.0,0.0,0.11
2024-02-19,0.0,0.0,0.0,0.0,0.0,0.11
2024-02-20,0.0,0.0,0.0,0.0,0.0,0.11
2024-02-21,0.0,0.0,0.0,0.0,0.0,0.11
2024-02-22,0.0,0.0,0.0,0.0,0.0,0.11
2024-02-23,0.01,0.01,0.01,0.01,0.01,0.12
2024-02-24,0.0,0.0,0.01,0.01,0.01,0.12
2024-02-25,0.0,0.0,0.01,0.01,0.01,0.1
2024-02-26,0.0,0.0,0.0,0.0,0.01,0.05
2024-02-27,0.0,0.0,0.0,0.0,0.01,0.05
2024-02-28,0.0,0.0,0.0,0.0,0.01,0.05
2024-02-29,0.0,0.0,0.0,0.0,0.01,0.05
2024-03-01,0.0,0.0,0.0,0.0,0.0,0.05
2024-03-02,0.0,0.0,0.0,0.0,0.0,0.03
2024-03-03,0.0,0.0,0.0,0.0,0.0,0.01
2024-03-04,0.0,0.0,0.0,0.0,0.0,0.01
2024-03-05,0.0,0.0,0.0,0.0,0.0,0.01
2024-03-06,0.0,0.0,0.0,0.0,0.0,0.01
2024-03-07,0.0,0.0,0.0,0.0,0.0,0.01
2024-03-08,0.0,0.0,0.0,0.0,0.0,0.01
2024-03-09,0.0,0.0,0.0,0.0,0.0,0.01
2024-03-10,0.0,0.0,0.0,0.0,0.0,0.01
2024-03-11,0.01,0.01,0.01,0.01,0.01,0.02
2024-03-12,0.0,0.0,0.01,0.01,0.01,0.02
2024-03-13,0.0,0.0,0.01,0.01,0.01,0.02
2024-03-14,0.0,0.0,0.0,0.0,0.01,0.02
2024-03-15,0.0,0.0,0.0,0.0,0.01,0.02
2024-03-16,0.0,0.0,0.0,0.0,0.01,0.02
2024-03-17,0.0,0.0,0.0,0.0,0.01,0.02
2024-03-18,0.0,0.0,0.0,0.0,0.0,0.02
2024-03-19,0.0,0.0,0.0,0.0,0.0,0.02
2024-03-20,0.0,0.0,0.0,0.0,0.0,0.02
2024-03-21,0.02,0.02,0.02,0.02,0.02,0.04
2024-03-22,0.0,0.0,0.02,0.02,0.02,0.04
2024-03-23,0.0,0.0,0.02,0.02,0.02,0.04
2024-03-24,0.0,0.0,0.0,0.0,0.02,0.03
2024-03-25,0.0,0.0,0.0,0.0,0.02,0.03
2024-03-26,0.0,0.0,0.0,0.0,0.02,0.03
2024-03-27,0.0,0.0,0.0,0.0,0.02,0.03
2024-03-28,0.0,0.0,0.0,0.0,0.0,0.03
2024-03-29,0.0,0.0,0.0,0.0,0.0,0.03
2024-03-30,0.0,0.0,0.0,0.0,0.0,0.03
2024-03-31,0.0,0.0,0.0,0.0,0.0,0.03
2024-04-01,0.0,0.0,0.0,0.0,0.0,0.03
2024-04-02,0.0,0.0,0.0,0.0,0.0,0.03
2024-04-03,0.0,0.0,0.0,0.0,0.0,0.03
2024-04-04,0.0,0.0,0.0,0.0,0.0,0.03
2024-04-05,0.0,0.0,0.0,0.0,0.0,0.03
2024-04-06,0.0,0.0,0.0,0.0,0.0,0.03
2024-04-07,0.0,0.0,0.0,0.0,0.0,0.03
2024-04-08,0.0,0.0,0.0,0.0,0.0,0.03
2024-04-09,0.0,0.0,0.0,0.0,0.0,0.03
2024-04-10,0.0,0.0,0.0,0.0,0.0,0.02
2024-04-11,0.03,0.03,0.03,0.03,0.03,0.05
2024-04-12,0.05,0.05,0.08,0.08,0.08,0.1
2024-04-13,0.06,0.06,0.14,0.14,0.14,0.16
2024-04-14,0.04,0.04,0.15,0.15,0.18,0.2
2024-04-15,0.0,0.0,0.1,0.1,0.18,0.2
2024-04-16,0.0,0.0,0.04,0.04,0.18,0.2
2024-04-17,0.0,0.0,0.0,0.0,0.18,0.2
2024-04-18,0.0,0.0,0.0,0.0,0.15,0.2
2024-04-19,0.0,0.0,0.0,0.0,0.1,0.2
2024-04-20,0.01,0.01,0.01,0.01,0.05,0.19
2024-04-21,0.01,0.01,0.02,0.02,0.02,0.2
2024-04-22,0.0,0.0,0.02,0.02,0.02,0.2
2024-04-23,0.0,0.0,0.01,0.01,0.02,0.2
2024-04-24,0.0,0.0,0.0,0.0,0.02,0.2
2024-04-25,0.0,0.0,0.0,0.0,0.02,0.2
2024-04-26,0.0,0.0,0.0,0.0,0.02,0.2
2024-04-27,0.0,0.0,0.0,0.0,0.01,0.2
2024-04-28,0.0,0.0,0.0,0.0,0.0,0.2
2024-04-29,0.0,0.0,0.0,0.0,0.0,0.2
2024-04-30,0.0,0.0,0.0,0.0,0.0,0.2
2024-05-01,0.01,0.01,0.01,0.01,0.01,0.21
2024-05-02,0.01,0.01,0.02,0.02,0.02,0.22
2024-05-03,0.03,0.03,0.05,0.05,0.05,0.25
2024-05-04,0.86,0.86,0.9,0.9,0.91,1.11
2024-05-05,0.29,0.29,1.18,1.18,1.2,1.4
2024-05-06,0.64,0.64,1.79,1.79,1.84,2.04
2024-05-07,2.35,2.35,3.28,3.28,4.19,4.39
2024-05-08,4.73,4.73,7.72,7.72,8.91,9.12
2024-05-09,0.83,0.83,7.91,7.91,9.73,9.95
2024-05-10,0.98,0.98,6.54,6.54,10.68,10.93
2024-05-11,0.31,0.31,2.12,2.12,10.13,11.21
2024-05-12,0.41,0.41,1.7,1.7,10.25,11.57
2024-05-13,0.64,0.64,1.36,1.36,10.25,12.15
2024-05-14,0.59,0.59,1.64,1.64,8.49,12.7
2024-05-15,0.4,0.4,1.63,1.63,4.16,13.1
2024-05-16,7.7,7.7,8.69,8.69,11.03,20.8
2024-05-17,2.99,2.99,11.09,11.09,13.04,23.79
2024-05-18,1.74,1.74,12.43,12.43,14.47,25.53
2024-05-19,2.76,2.76,7.49,7.49,16.82,28.29
2024-05-20,4.13,4.13,8.63,8.63,20.31,32.41
2024-05-21,1.98,1.98,8.87,8.87,21.7,34.38
2024-05-22,0.73,0.73,6.84,6.84,22.03,35.11
2024-05-23,0.34,0.34,3.05,3.05,14.67,35.45
2024-05-24,0.03,0.03,1.1,1.1,11.71,35.48
2024-05-25,1.18,1.18,1.55,1.55,11.15,36.66
2024-05-26,0.05,0.05,1.26,1.26,8.44,36.71
2024-05-27,0.01,0.01,1.24,1.24,4.32,36.72
2024-05-28,0.01,0.01,0.07,0.07,2.35,36.73
2024-05-29,0.01,0.01,0.03,0.03,1.63,36.74
2024-05-30,0.26,0.26,0.28,0.28,1.55,37.0
2024-05-31,0.29,0.29,0.56,0.56,1.81,37.28
2024-06-01,6.81,6.81,7.36,7.36,7.44,44.08
2024-06-02,12.36,12.36,19.46,19.46,19.75,56.41
2024-06-03,1.7,1.7,20.87,20.87,21.44,57.25
2024-06-04,5.73,5.73,19.79,19.79,27.16,62.69
2024-06-05,22.77,22.77,30.2,30.2,49.92,84.82
2024-06-06,13.65,13.65,42.15,42.15,63.31,96.12
2024-06-07,11.92,11.92,48.34,48.34,74.94,103.31
2024-06-08,4.97,4.97,30.54,30.54,73.1,107.45
2024-06-09,2.93,2.93,19.82,19.82,63.67,109.4
2024-06-10,1.81,1.81,9.71,9.71,63.78,110.9
2024-06-11,4.55,4.55,9.29,9.29,62.6,115.04
2024-06-12,6.39,6.39,12.75,12.75,46.22,120.79
2024-06-13,1.3,1.3,12.24,12.24,33.87,121.5
2024-06-14,0.07,0.07,7.76,7.76,22.02,121.17
2024-06-15,0.96,0.96,2.33,2.33,18.01,114.43
2024-06-16,6.97,6.97,8.0,8.0,22.05,118.41
2024-06-17,13.08,13.08,21.01,21.01,33.32,129.75
2024-06-18,36.01,36.01,56.06,56.06,64.78,163.0
2024-06-19,5.54,5.54,54.63,54.63,63.93,164.41
2024-06-20,2.52,2.52,44.07,44.07,65.15,164.95
2024-06-21,4.92,4.92,12.98,12.98,70.0,169.14
2024-06-22,3.38,3.38,10.82,10.82,72.42,172.18
2024-06-23,2.96,2.96,11.26,11.26,68.41,175.11
2024-06-24,1.01,1.01,7.35,7.35,56.34,174.94
2024-06-25,0.63,0.63,4.6,4.6,20.96,175.52
2024-06-26,0.66,0.66,2.3,2.3,16.08,176.17
2024-06-27,0.07,0.07,1.36,1.36,13.63,176.23
2024-06-28,0.0,0.0,0.73,0.73,8.71,176.22
2024-06-29,0.04,0.04,0.11,0.11,5.37,176.0
2024-06-30,17.07,17.07,17.11,17.11,19.48,192.78
2024-07-01,2.41,2.41,19.52,19.52,20.88,188.38
2024-07-02,0.89,0.89,20.37,20.37,21.14,176.91
2024-07-03,19.5,19.5,22.8,22.8,39.98,194.71
2024-07-04,2.61,2.61,23.0,23.0,42.52,191.59
2024-07-05,22.96,22.96,45.07,45.07,65.48,191.78
2024-07-06,9.82,9.82,35.39,35.39,75.26,187.95
2024-07-07,11.48,11.48,44.26,44.26,69.67,187.51
2024-07-08,2.77,2.77,24.07,24.07,70.03,185.31
2024-07-09,3.48,3.48,17.73,17.73,72.62,185.86
2024-07-10,4.31,4.31,10.56,10.56,57.43,188.36
2024-07-11,17.07,17.07,24.86,24.86,71.89,200.88
2024-07-12,29.31,29.31,50.69,50.69,78.24,223.8
2024-07-13,8.48,8.48,54.86,54.86,76.9,230.98
2024-07-14,7.89,7.89,45.68,45.68,73.31,238.8
2024-07-15,5.31,5.31,21.68,21.68,75.85,243.15
2024-07-16,1.88,1.88,15.08,15.08,74.25,238.06
2024-07-17,1.21,1.21,8.4,8.4,71.15,226.19
2024-07-18,4.56,4.56,7.65,7.65,58.64,194.74
2024-07-19,0.46,0.46,6.23,6.23,29.79,189.66
2024-07-20,0.36,0.36,5.38,5.38,21.67,187.5
2024-07-21,0.18,0.18,1.0,1.0,13.96,182.76
2024-07-22,0.02,0.02,0.56,0.56,8.67,179.4
2024-07-23,0.66,0.66,0.86,0.86,7.45,177.1
2024-07-24,0.27,0.27,0.95,0.95,6.51,176.36
2024-07-25,0.05,0.05,0.98,0.98,2.0,175.78
2024-07-26,0.47,0.47,0.79,0.79,2.01,175.59
2024-07-27,0.02,0.02,0.54,0.54,1.67,175.54
2024-07-28,0.01,0.01,0.5,0.5,1.5,175.55
2024-07-29,1.08,1.08,1.11,1.11,2.56,176.59
2024-07-30,3.44,3.44,4.53,4.53,5.34,162.96
2024-07-31,0.93,0.93,5.45,5.45,6.0,161.48
2024-08-01,1.33,1.33,5.7,5.7,7.28,161.92
2024-08-02,3.04,3.04,5.3,5.3,9.85,145.46
2024-08-03,4.58,4.58,8.95,8.95,14.41,147.43
2024-08-04,14.82,14.82,22.44,22.44,29.22,139.29
2024-08-05,15.59,15.59,34.99,34.99,43.73,145.06
2024-08-06,25.91,25.91,56.32,56.32,66.2,159.49
2024-08-07,9.33,9.33,50.83,50.83,74.6,166.05
2024-08-08,12.35,12.35,47.59,47.59,85.62,174.92
2024-08-09,10.74,10.74,32.42,32.42,93.32,181.35
2024-08-10,11.65,11.65,34.74,34.74,100.39,175.93
2024-08-11,19.28,19.28,41.67,41.67,104.85,165.9
2024-08-12,16.13,16.13,47.06,47.06,105.39,173.55
2024-08-13,0.35,0.35,35.76,35.76,79.83,166.01
2024-08-14,0.63,0.63,17.11,17.11,71.13,161.33
2024-08-15,0.6,0.6,1.58,1.58,59.38,160.05
2024-08-16,0.24,0.24,1.47,1.47,48.88,159.08
2024-08-17,0.94,0.94,1.78,1.78,38.17,155.46
2024-08-18,1.34,1.34,2.52,2.52,20.23,156.34
2024-08-19,0.21,0.21,2.49,2.49,4.31,156.19
2024-08-20,1.12,1.12,2.67,2.67,5.08,157.13
2024-08-21,0.49,0.49,1.82,1.82,4.94,157.6
2024-08-22,0.04,0.04,1.65,1.65,4.38,156.98
2024-08-23,0.03,0.03,0.56,0.56,4.17,156.74
2024-08-24,0.06,0.06,0.13,0.13,3.29,156.75
2024-08-25,0.05,0.05,0.14,0.14,2.0,156.33
2024-08-26,0.05,0.05,0.16,0.16,1.84,156.36
2024-08-27,2.37,2.37,2.47,2.47,3.09,158.72
2024-08-28,1.33,1.33,3.75,3.75,3.93,158.97
2024-08-29,1.95,1.95,5.65,5.65,5.84,157.48
2024-08-30,12.54,12.54,15.82,15.82,18.35,169.09
2024-08-31,4.11,4.11,18.6,18.6,22.4,171.87
2024-09-01,0.87,0.87,17.52,17.52,23.22,169.7
2024-09-02,8.19,8.19,13.17,13.17,31.36,173.31
2024-09-03,5.58,5.58,14.64,14.64,34.57,164.07
2024-09-04,1.23,1.23,15.0,15.0,34.47,149.71
2024-09-05,3.24,3.24,10.05,10.05,35.76,127.04
2024-09-06,3.45,3.45,7.92,7.92,26.67,121.16
2024-09-07,0.82,0.82,7.51,7.51,23.38,109.63
2024-09-08,0.16,0.16,4.43,4.43,22.67,99.05
2024-09-09,0.95,0.95,1.93,1.93,15.43,88.35
2024-09-10,0.04,0.04,1.15,1.15,9.89,69.11
2024-09-11,0.04,0.04,1.03,1.03,8.7,53.02
2024-09-12,0.01,0.01,0.09,0.09,5.47,52.68
2024-09-13,0.01,0.01,0.06,0.06,2.03,52.06
2024-09-14,0.02,0.02,0.04,0.04,1.23,51.48
2024-09-15,0.01,0.01,0.04,0.04,1.08,51.25
2024-09-16,0.01,0.01,0.04,0.04,0.14,50.32
2024-09-17,0.14,0.14,0.16,0.16,0.24,49.12
2024-09-18,4.48,4.48,4.63,4.63,4.68,53.39
2024-09-19,0.56,0.56,5.18,5.18,5.23,52.83
2024-09-20,1.55,1.55,6.59,6.59,6.77,53.89
2024-09-21,5.32,5.32,7.43,7.43,12.07,59.17
2024-09-22,2.59,2.59,9.46,9.46,14.65,61.73
2024-09-23,6.34,6.34,14.25,14.25,20.98,68.01
2024-09-24,19.09,19.09,28.02,28.02,39.93,87.05
2024-09-25,23.58,23.58,49.01,49.01,59.03,110.58
2024-09-26,4.18,4.18,46.85,46.85,62.65,112.39
2024-09-27,2.41,2.41,30.17,30.17,63.51,113.47
2024-09-28,3.84,3.84,10.43,10.43,62.03,115.36
2024-09-29,0.39,0.39,6.64,6.64,59.83,103.21
2024-09-30,0.21,0.21,4.44,4.44,53.7,99.31
2024-10-01,0.1,0.1,0.7,0.7,34.71,98.54
2024-10-02,1.93,1.93,2.24,2.24,13.06,92.28
2024-10-03,7.28,7.28,9.31,9.31,16.16,93.98
2024-10-04,4.02,4.02,13.23,13.23,17.77,96.77
2024-10-05,4.03,4.03,15.33,15.33,17.96,97.56
2024-10-06,1.16,1.16,9.21,9.21,18.73,95.27
2024-10-07,2.79,2.79,7.98,7.98,21.31,97.24
2024-10-08,5.44,5.44,9.39,9.39,26.65,102.52
2024-10-09,7.55,7.55,15.78,15.78,32.27,109.12
2024-10-10,7.17,7.17,20.16,20.16,32.16,116.25
2024-10-11,8.53,8.53,23.25,23.25,36.67,124.74
2024-10-12,6.25,6.25,21.95,21.95,38.89,130.98
2024-10-13,5.78,5.78,20.56,20.56,43.51,136.75
2024-10-14,43.95,43.95,55.98,55.98,84.67,180.68
2024-10-15,69.18,69.18,118.91,118.91,148.41,249.85
2024-10-16,42.95,42.95,156.08,156.08,183.81,292.79
2024-10-17,6.4,6.4,118.53,118.53,183.04,299.05
2024-10-18,11.4,11.4,60.75,60.75,185.91,305.97
2024-10-19,15.22,15.22,33.02,33.02,194.88,320.63
2024-10-20,4.84,4.84,31.46,31.46,193.94,323.92
2024-10-21,2.64,2.64,22.7,22.7,152.63,321.24
2024-10-22,1.8,1.8,9.28,9.28,85.25,320.45
2024-10-23,1.17,1.17,5.61,5.61,43.47,315.28
2024-10-24,0.63,0.63,3.6,3.6,37.7,296.82
2024-10-25,0.45,0.45,2.25,2.25,26.75,273.69
2024-10-26,0.0,0.0,1.08,1.08,11.53,269.51
2024-10-27,0.05,0.05,0.5,0.5,6.74,267.15
2024-10-28,0.21,0.21,0.26,0.26,4.31,263.52
2024-10-29,2.6,2.6,2.86,2.86,5.11,265.73
2024-10-30,16.49,16.49,19.3,19.3,20.43,282.01
2024-10-31,8.62,8.62,27.71,27.71,28.42,290.53
2024-11-01,4.86,4.86,29.97,29.97,32.83,293.46
2024-11-02,6.99,6.99,20.47,20.47,39.82,293.17
2024-11-03,4.73,4.73,16.58,16.58,44.5,293.88
2024-11-04,0.1,0.1,11.82,11.82,44.39,289.95
2024-11-05,0.34,0.34,5.17,5.17,42.13,289.13
2024-11-06,9.46,9.46,9.9,9.9,35.1,295.8
2024-11-07,12.07,12.07,21.87,21.87,38.55,302.43
2024-11-08,1.3,1.3,22.83,22.83,34.99,296.18
2024-11-09,0.71,0.71,14.08,14.08,28.71,289.72
2024-11-10,0.21,0.21,2.22,2.22,24.19,281.4
2024-11-11,4.45,4.45,5.37,5.37,28.54,279.6
2024-11-12,32.81,32.81,37.47,37.47,61.01,306.63
2024-11-13,21.94,21.94,59.2,59.2,73.49,284.62
2024-11-14,19.89,19.89,74.64,74.64,81.31,235.33
2024-11-15,14.61,14.61,56.44,56.44,94.62,206.99
2024-11-16,22.68,22.68,57.18,57.18,116.59,223.27
2024-11-17,2.12,2.12,39.41,39.41,118.5,213.99
2024-11-18,0.03,0.03,24.83,24.83,114.08,198.8
2024-11-19,0.02,0.02,2.17,2.17,81.29,193.98
2024-11-20,0.01,0.01,0.06,0.06,59.36,191.35
2024-11-21,0.01,0.01,0.04,0.04,39.48,189.56
2024-11-22,0.07,0.07,0.09,0.09,24.94,188.46
2024-11-23,1.37,1.37,1.45,1.45,3.63,189.2
2024-11-24,0.5,0.5,1.94,1.94,2.01,189.25
2024-11-25,2.11,2.11,3.98,3.98,4.09,191.36
2024-11-26,41.96,41.96,44.57,44.57,46.03,233.27
2024-11-27,2.84,2.84,46.91,46.91,48.86,235.9
2024-11-28,33.16,33.16,77.96,77.96,82.01,266.46
2024-11-29,13.71,13.71,49.71,49.71,95.65,263.68
2024-11-30,128.29,128.29,175.16,175.16,222.57,383.35
2024-12-01,26.52,26.52,168.52,168.52,248.59,405.01
2024-12-02,15.65,15.65,170.46,170.46,262.13,413.67
2024-12-03,3.13,3.13,45.3,45.3,223.3,412.07
2024-12-04,9.92,9.92,28.7,28.7,230.38,421.89
2024-12-05,3.32,3.32,16.37,16.37,200.54,424.87
2024-12-06,1.01,1.01,14.25,14.25,187.84,416.42
2024-12-07,0.12,0.12,4.45,4.45,59.67,404.47
2024-12-08,0.03,0.03,1.16,1.16,33.18,403.2
2024-12-09,0.11,0.11,0.26,0.26,17.64,402.6
2024-12-10,0.17,0.17,0.31,0.31,14.68,402.56
2024-12-11,20.16,20.16,20.44,20.44,24.92,418.27
2024-12-12,79.36,79.36,99.69,99.69,100.96,464.82
2024-12-13,1.73,1.73,101.25,101.25,101.68,444.61
2024-12-14,0.64,0.64,81.73,81.73,102.2,425.36
2024-12-15,0.26,0.26,2.63,2.63,102.43,411.01
2024-12-16,4.15,4.15,5.05,5.05,106.47,392.48
2024-12-17,3.95,3.95,8.36,8.36,110.25,394.31
2024-12-18,9.15,9.15,17.25,17.25,99.24,403.43
2024-12-19,4.99,4.99,18.09,18.09,24.87,408.4
2024-12-20,1.4,1.4,15.54,15.54,24.54,409.79
2024-12-21,0.26,0.26,6.65,6.65,24.16,410.04
2024-12-22,0.08,0.08,1.74,1.74,23.98,410.05
2024-12-23,0.4,0.4,0.74,0.74,20.23,409.08
2024-12-24,4.83,4.83,5.31,5.31,21.11,413.41
2024-12-25,7.4,7.4,12.63,12.63,19.36,418.7
2024-12-26,11.98,11.98,24.21,24.21,26.35,388.72
2024-12-27,12.62,12.62,32.0,32.0,37.57,398.5
2024-12-28,0.23,0.23,24.83,24.83,37.54,365.57
2024-12-29,1.31,1.31,14.16,14.16,38.77,353.17
2024-12-30,1.47,1.47,3.01,3.01,39.84,226.35
2024-12-31,0.0,0.0,2.78,2.78,35.01,199.83
2025-01-01,0.0,0.0,1.47,1.47,27.61,184.18
2025-01-02,0.03,0.03,0.03,0.03,15.66,181.08
2025-01-03,0.01,0.01,0.04,0.04,3.05,171.17
2025-01-04,0.02,0.02,0.06,0.06,2.84,167.87
2025-01-05,0.0,0.0,0.03,0.03,1.53,166.86
2025-01-06,0.0,0.0,0.02,0.02,0.06,166.74
2025-01-07,0.0,0.0,0.0,0.0,0.06,166.71
2025-01-08,0.0,0.0,0.0,0.0,0.06,166.6
2025-01-09,0.05,0.05,0.05,0.05,0.08,166.48
2025-01-10,0.13,0.13,0.18,0.18,0.2,146.45
2025-01-11,0.04,0.04,0.22,0.22,0.22,67.13
2025-01-12,1.95,1.95,2.12,2.12,2.17,67.35
2025-01-13,4.08,4.08,6.07,6.07,6.25,70.79
2025-01-14,0.23,0.23,6.26,6.26,6.48,70.76
2025-01-15,0.07,0.07,4.38,4.38,6.55,66.68
2025-01-16,0.16,0.16,0.46,0.46,6.66,62.89
2025-01-17,0.36,0.36,0.59,0.59,6.89,54.1
2025-01-18,14.07,14.07,14.59,14.59,20.92,63.18
2025-01-19,23.57,23.57,38.0,38.0,42.54,85.35
2025-01-20,0.04,0.04,37.68,37.68,38.5,85.13
2025-01-21,0.04,0.04,23.65,23.65,38.31,85.09
2025-01-22,0.01,0.01,0.09,0.09,38.25,84.7
2025-01-23,0.02,0.02,0.07,0.07,38.11,79.89
2025-01-24,0.03,0.03,0.06,0.06,37.78,72.52
2025-01-25,0.01,0.01,0.06,0.06,23.72,60.55
2025-01-26,0.0,0.0,0.04,0.04,0.15,47.93
2025-01-27,0.0,0.0,0.01,0.01,0.11,47.7
2025-01-28,0.0,0.0,0.0,0.0,0.07,46.39
2025-01-29,0.0,0.0,0.0,0.0,0.06,44.92
2025-01-30,0.0,0.0,0.0,0.0,0.04,44.92
2025-01-31,0.08,0.08,0.08,0.08,0.09,45.0
2025-02-01,0.03,0.03,0.11,0.11,0.11,45.0
2025-02-02,0.02,0.02,0.13,0.13,0.13,45.01
2025-02-03,0.0,0.0,0.05,0.05,0.13,44.99
2025-02-04,0.0,0.0,0.02,0.02,0.13,44.99
2025-02-05,0.0,0.0,0.0,0.0,0.13,44.99
2025-02-06,0.0,0.0,0.0,0.0,0.13,44.99
2025-02-07,0.0,0.0,0.0,0.0,0.05,44.99
2025-02-08,0.0,0.0,0.0,0.0,0.02,44.94
2025-02-09,0.0,0.0,0.0,0.0,0.0,44.81
2025-02-10,0.0,0.0,0.0,0.0,0.0,44.77
2025-02-11,0.0,0.0,0.0,0.0,0.0,42.82
2025-02-12,0.0,0.0,0.0,0.0,0.0,38.74
2025-02-13,0.0,0.0,0.0,0.0,0.0,38.51
2025-02-14,0.0,0.0,0.0,0.0,0.0,38.44
2025-02-15,0.0,0.0,0.0,0.0,0.0,38.28
2025-02-16,0.0,0.0,0.0,0.0,0.0,37.92
2025-02-17,0.0,0.0,0.0,0.0,0.0,23.85
2025-02-18,0.0,0.0,0.0,0.0,0.0,0.28
2025-02-19,0.0,0.0,0.0,0.0,0.0,0.24
2025-02-20,0.0,0.0,0.0,0.0,0.0,0.2
2025-02-21,0.0,0.0,0.0,0.0,0.0,0.19
2025-02-22,0.0,0.0,0.0,0.0,0.0,0.17
2025-02-23,0.0,0.0,0.0,0.0,0.0,0.14
2025-02-24,0.0,0.0,0.0,0.0,0.0,0.13
2025-02-25,0.0,0.0,0.0,0.0,0.0,0.13
2025-02-26,0.0,0.0,0.0,0.0,0.0,0.13
2025-02-27,0.0,0.0,0.0,0.0,0.0,0.13
2025-02-28,0.05,0.05,0.05,0.05,0.05,0.18
2025-03-01,1.14,1.14,1.19,1.19,1.19,1.32
2025-03-02,0.04,0.04,1.23,1.23,1.23,1.28
2025-03-03,0.0,0.0,1.18,1.18,1.23,1.25
2025-03-04,0.0,0.0,0.04,0.04,1.23,1.23
2025-03-05,0.0,0.0,0.0,0.0,1.23,1.23
2025-03-06,0.0,0.0,0.0,0.0,1.23,1.23
2025-03-07,0.0,0.0,0.0,0.0,1.18,1.23
2025-03-08,0.0,0.0,0.0,0.0,0.04,1.23
2025-03-09,0.0,0.0,0.0,0.0,0.0,1.23
2025-03-10,0.07,0.07,0.07,0.07,0.07,1.3
2025-03-11,10.2,10.2,10.27,10.27,10.27,11.5
2025-03-12,2.97,2.97,13.24,13.24,13.24,14.47
2025-03-13,0.01,0.01,13.18,13.18,13.25,14.48
2025-03-14,0.0,0.0,2.98,2.98,13.25,14.48
2025-03-15,0.0,0.0,0.01,0.01,13.25,14.48
2025-03-16,0.0,0.0,0.0,0.0,13.25,14.48
2025-03-17,0.0,0.0,0.0,0.0,13.18,14.48
2025-03-18,0.01,0.01,0.01,0.01,2.99,14.49
2025-03-19,0.01,0.01,0.02,0.02,0.03,14.5
2025-03-20,0.01,0.01,0.03,0.03,0.03,14.51
2025-03-21,0.0,0.0,0.02,0.02,0.03,14.51
2025-03-22,0.02,0.02,0.03,0.03,0.05,14.53
2025-03-23,0.02,0.02,0.04,0.04,0.07,14.55
2025-03-24,0.0,0.0,0.04,0.04,0.07,14.55
2025-03-25,0.02,0.02,0.04,0.04,0.08,14.57
2025-03-26,0.01,0.01,0.03,0.03,0.08,14.58
2025-03-27,0.02,0.02,0.05,0.05,0.09,14.6
2025-03-28,0.0,0.0,0.03,0.03,0.09,14.6
2025-03-29,0.0,0.0,0.02,0.02,0.07,14.6
2025-03-30,0.0,0.0,0.0,0.0,0.05,14.55
2025-03-31,0.0,0.0,0.0,0.0,0.05,13.41
2025-04-01,0.01,0.01,0.01,0.01,0.04,13.38
2025-04-02,1.78,1.78,1.79,1.79,1.81,15.16
2025-04-03,4.87,4.87,6.66,6.66,6.66,20.03
2025-04-04,0.32,0.32,6.97,6.97,6.98,20.35
2025-04-05,1.57,1.57,6.76,6.76,8.55,21.92
2025-04-06,0.07,0.07,1.96,1.96,8.62,21.99
2025-04-07,0.04,0.04,1.68,1.68,8.66,22.03
2025-04-08,0.04,0.04,0.15,0.15,8.69,22.07
2025-04-09,0.12,0.12,0.2,0.2,7.03,22.12
2025-04-10,0.32,0.32,0.48,0.48,2.48,12.24
2025-04-11,2.77,2.77,3.21,3.21,4.93,12.04
2025-04-12,0.69,0.69,3.78,3.78,4.05,12.72
2025-04-13,2.15,2.15,5.61,5.61,6.13,14.87
2025-04-14,0.53,0.53,3.37,3.37,6.62,15.4
2025-04-15,1.65,1.65,4.33,4.33,8.23,17.05
2025-04-16,8.33,8.33,10.51,10.51,16.44,25.38
2025-04-17,2.91,2.91,12.89,12.89,19.03,28.28
2025-04-18,0.45,0.45,11.69,11.69,16.71,28.72
2025-04-19,2.5,2.5,5.86,5.86,18.52,31.21
2025-04-20,3.16,3.16,6.11,6.11,19.53,34.37
2025-04-21,0.46,0.46,6.12,6.12,19.46,34.81
2025-04-22,0.0,0.0,3.62,3.62,17.81,34.79
2025-04-23,0.0,0.0,0.46,0.46,9.48,34.79
2025-04-24,0.0,0.0,0.0,0.0,6.57,34.77
2025-04-25,0.0,0.0,0.0,0.0,6.12,34.76
2025-04-26,0.01,0.01,0.01,0.01,3.63,34.75
2025-04-27,0.08,0.08,0.09,0.09,0.55,34.83
2025-04-28,0.01,0.01,0.1,0.1,0.1,34.84
2025-04-29,0.01,0.01,0.1,0.1,0.11,34.85
2025-04-30,0.01,0.01,0.03,0.03,0.12,34.86
2025-05-01,0.2,0.2,0.22,0.22,0.32,35.05
2025-05-02,0.24,0.24,0.45,0.45,0.56,33.51
2025-05-03,0.4,0.4,0.84,0.84,0.95,29.04
2025-05-04,4.57,4.57,5.21,5.21,5.44,33.29
2025-05-05,2.52,2.52,7.49,7.49,7.95,34.24
2025-05-06,3.14,3.14,10.23,10.23,11.08,37.31
2025-05-07,5.05,5.05,10.71,10.71,16.12,42.32
2025-05-08,2.69,2.69,10.88,10.88,18.61,44.97
2025-05-09,3.37,3.37,11.11,11.11,21.74,48.22
2025-05-10,0.39,0.39,6.45,6.45,21.73,48.29
2025-05-11,0.51,0.51,4.27,4.27,17.67,46.03
2025-05-12,0.22,0.22,1.12,1.12,15.37,45.56
2025-05-13,0.09,0.09,0.82,0.82,12.32,43.5
2025-05-14,0.39,0.39,0.7,0.7,7.66,43.36
2025-05-15,0.48,0.48,0.96,0.96,5.45,42.19
2025-05-16,1.55,1.55,2.42,2.42,3.63,35.41
2025-05-17,7.68,7.68,9.71,9.71,10.92,40.18
2025-05-18,8.05,8.05,17.28,17.28,18.46,47.78
2025-05-19,8.72,8.72,24.45,24.45,26.96,54.0
2025-05-20,15.23,15.23,32.0,32.0,42.1,66.07
2025-05-21,3.43,3.43,27.38,27.38,45.14,69.04
2025-05-22,0.22,0.22,18.88,18.88,44.88,69.26
2025-05-23,4.82,4.82,8.47,8.47,48.15,74.08
2025-05-24,3.01,3.01,8.05,8.05,43.48,77.09
2025-05-25,2.32,2.32,10.15,10.15,37.75,79.41
2025-05-26,1.7,1.7,7.03,7.03,30.73,81.1
2025-05-27,0.86,0.86,4.88,4.88,16.36,81.88
2025-05-28,1.02,1.02,3.58,3.58,13.95,82.89
2025-05-29,0.66,0.66,2.54,2.54,14.39,83.54
2025-05-30,12.93,12.93,14.61,14.61,22.5,96.46
2025-05-31,0.1,0.1,13.69,13.69,19.59,96.36
2025-06-01,0.03,0.03,13.06,13.06,17.3,96.15
2025-06-02,0.53,0.53,0.66,0.66,16.13,96.28
2025-06-03,3.77,3.77,4.33,4.33,19.04,95.48
2025-06-04,1.65,1.65,5.95,5.95,19.67,94.61
2025-06-05,1.14,1.14,6.56,6.56,20.15,92.61
2025-06-06,0.75,0.75,3.54,3.54,7.97,88.31
2025-06-07,1.99,1.99,3.88,3.88,9.86,87.61
2025-06-08,1.5,1.5,4.24,4.24,11.33,85.74
2025-06-09,3.45,3.45,6.94,6.94,14.25,88.8
2025-06-10,2.86,2.86,7.81,7.81,13.34,91.15
2025-06-11,7.73,7.73,14.04,14.04,19.42,98.66
2025-06-12,5.97,5.97,16.56,16.56,24.25,104.54
2025-06-13,5.61,5.61,19.31,19.31,29.11,109.76
2025-06-14,1.56,1.56,13.14,13.14,28.68,110.84
2025-06-15,0.63,0.63,7.8,7.8,27.81,109.92
2025-06-16,0.01,0.01,2.2,2.2,24.37,102.25
2025-06-17,0.07,0.07,0.71,0.71,21.58,94.27
2025-06-18,0.39,0.39,0.47,0.47,14.24,85.94
2025-06-19,0.55,0.55,1.01,1.01,8.82,71.26
2025-06-20,3.09,3.09,4.03,4.03,6.3,70.92
2025-06-21,1.3,1.3,4.94,4.94,6.04,72.0
2025-06-22,6.11,6.11,10.5,10.5,11.52,73.29
2025-06-23,0.74,0.74,8.15,8.15,12.25,71.02
2025-06-24,0.37,0.37,7.22,7.22,12.55,69.07
2025-06-25,0.52,0.52,1.63,1.63,12.68,67.89
2025-06-26,0.14,0.14,1.03,1.03,12.27,67.17
2025-06-27,0.33,0.33,0.99,0.99,9.51,66.48
2025-06-28,1.9,1.9,2.37,2.37,10.11,67.72
2025-06-29,0.16,0.16,2.39,2.39,4.16,54.95
2025-06-30,1.05,1.05,3.11,3.11,4.47,55.9
2025-07-01,0.43,0.43,1.64,1.64,4.53,56.3
2025-07-02,3.16,3.16,4.64,4.64,7.17,58.93
2025-07-03,1.29,1.29,4.88,4.88,8.32,56.45
2025-07-04,0.35,0.35,4.8,4.8,8.34,55.15
2025-07-05,0.44,0.44,2.08,2.08,6.88,54.45
2025-07-06,0.47,0.47,1.26,1.26,7.19,54.17
2025-07-07,0.27,0.27,1.18,1.18,6.41,52.45
2025-07-08,4.39,4.39,5.13,5.13,10.37,55.34
2025-07-09,0.94,0.94,5.6,5.6,8.15,52.83
2025-07-10,0.79,0.79,6.12,6.12,7.65,50.76
2025-07-11,2.88,2.88,4.61,4.61,10.18,45.91
2025-07-12,8.4,8.4,12.07,12.07,18.14,48.34
2025-07-13,3.24,3.24,14.52,14.52,20.91,45.97
2025-07-14,3.44,3.44,15.08,15.08,24.08,47.85
2025-07-15,2.87,2.87,9.55,9.55,22.56,50.09
2025-07-16,16.17,16.17,22.48,22.48,37.79,66.25
2025-07-17,8.42,8.42,27.46,27.46,45.42,74.6
2025-07-18,19.59,19.59,44.18,44.18,62.13,93.8
2025-07-19,13.86,13.86,41.87,41.87,67.59,107.11
2025-07-20,3.97,3.97,37.42,37.42,68.32,107.99
2025-07-21,4.67,4.67,22.5,22.5,69.55,111.36
2025-07-22,0.62,0.62,9.26,9.26,67.3,105.87
2025-07-23,3.52,3.52,8.81,8.81,54.65,108.65
2025-07-24,1.54,1.54,5.68,5.68,47.77,109.82
2025-07-25,0.88,0.88,5.94,5.94,29.06,110.18
2025-07-26,0.6,0.6,3.02,3.02,15.8,110.64
2025-07-27,0.01,0.01,1.49,1.49,11.84,110.32
2025-07-28,0.01,0.01,0.62,0.62,7.18,108.43
2025-07-29,0.07,0.07,0.09,0.09,6.63,108.34
2025-07-30,0.2,0.2,0.28,0.28,3.31,107.49
2025-07-31,0.12,0.12,0.39,0.39,1.89,107.18
2025-08-01,0.69,0.69,1.01,1.01,1.7,104.71
2025-08-02,3.41,3.41,4.22,4.22,4.51,106.83
2025-08-03,2.9,2.9,7.0,7.0,7.4,109.38
2025-08-04,10.4,10.4,16.71,16.71,17.79,119.34
2025-08-05,3.79,3.79,17.09,17.09,21.51,122.66
2025-08-06,7.22,7.22,21.41,21.41,28.53,129.61
2025-08-07,8.47,8.47,19.48,19.48,36.88,133.69
2025-08-08,13.42,13.42,29.11,29.11,49.61,146.17
2025-08-09,2.09,2.09,23.98,23.98,48.29,147.47
2025-08-10,6.63,6.63,22.14,22.14,52.02,151.22
2025-08-11,5.99,5.99,14.71,14.71,47.61,148.81
2025-08-12,3.55,3.55,16.17,16.17,47.37,149.12
2025-08-13,3.22,3.22,12.76,12.76,43.37,148.9
2025-08-14,1.13,1.13,7.9,7.9,36.03,147.16
2025-08-15,5.37,5.37,9.72,9.72,27.98,136.36
2025-08-16,6.26,6.26,12.76,12.76,32.15,134.2
2025-08-17,12.03,12.03,23.66,23.66,37.55,126.64
2025-08-18,1.55,1.55,19.84,19.84,33.11,114.33
2025-08-19,1.86,1.86,15.44,15.44,31.42,112.22
2025-08-20,0.31,0.31,3.72,3.72,28.51,107.86
2025-08-21,5.29,5.29,7.46,7.46,32.67,112.53
2025-08-22,25.69,25.69,31.29,31.29,52.99,134.7
2025-08-23,17.58,17.58,48.56,48.56,64.31,150.74
2025-08-24,4.46,4.46,47.73,47.73,56.74,154.32
2025-08-25,0.06,0.06,22.1,22.1,55.25,153.78
2025-08-26,0.21,0.21,4.73,4.73,53.6,153.98
2025-08-27,0.93,0.93,1.2,1.2,54.22,154.9
2025-08-28,0.76,0.76,1.9,1.9,49.69,155.59
2025-08-29,0.97,0.97,2.66,2.66,24.97,156.36
2025-08-30,13.45,13.45,15.18,15.18,20.84,169.69
2025-08-31,10.11,10.11,24.53,24.53,26.49,179.11
2025-09-01,8.21,8.21,31.77,31.77,34.64,183.91
2025-09-02,3.33,3.33,21.65,21.65,37.76,184.34
2025-09-03,2.16,2.16,13.7,13.7,38.99,176.1
2025-09-04,1.66,1.66,7.15,7.15,39.89,173.97
2025-09-05,1.34,1.34,5.16,5.16,40.26,168.09
2025-09-06,3.3,3.3,6.3,6.3,30.11,162.92
2025-09-07,4.69,4.69,9.33,9.33,24.69,154.19
2025-09-08,2.33,2.33,10.32,10.32,18.81,154.43
2025-09-09,0.34,0.34,7.36,7.36,15.82,148.14
2025-09-10,4.93,4.93,7.6,7.6,18.59,147.08
2025-09-11,4.48,4.48,9.75,9.75,21.41,148.01
2025-09-12,4.13,4.13,13.54,13.54,24.2,148.92
2025-09-13,5.7,5.7,14.31,14.31,26.6,153.49
2025-09-14,2.34,2.34,12.17,12.17,24.25,150.46
2025-09-15,2.9,2.9,10.94,10.94,24.82,147.1
2025-09-16,23.12,23.12,28.36,28.36,47.6,158.19
2025-09-17,10.36,10.36,36.38,36.38,53.03,167.0
2025-09-18,12.65,12.65,46.13,46.13,61.2,177.79
2025-09-19,32.99,32.99,56.0,56.0,90.06,210.47
2025-09-20,2.88,2.88,48.52,48.52,87.24,208.06
2025-09-21,2.84,2.84,38.71,38.71,87.74,185.21
2025-09-22,6.84,6.84,12.56,12.56,91.68,174.47
2025-09-23,3.03,3.03,12.71,12.71,71.59,173.04
2025-09-24,0.07,0.07,9.94,9.94,61.3,173.05
2025-09-25,3.02,3.02,6.12,6.12,51.67,175.86
2025-09-26,1.68,1.68,4.77,4.77,20.36,176.61
2025-09-27,2.89,2.89,7.59,7.59,20.37,178.74
2025-09-28,1.08,1.08,5.65,5.65,18.61,178.85
2025-09-29,2.11,2.11,6.08,6.08,13.88,167.51
2025-09-30,1.05,1.05,4.24,4.24,11.9,158.45
2025-10-01,0.73,0.73,3.89,3.89,12.56,150.97
2025-10-02,4.88,4.88,6.66,6.66,14.42,152.52
2025-10-03,15.28,15.28,20.89,20.89,28.02,165.64
2025-10-04,3.09,3.09,23.25,23.25,28.22,167.07
2025-10-05,8.16,8.16,26.53,26.53,35.3,173.89
2025-10-06,6.04,6.04,17.29,17.29,39.23,176.63
2025-10-07,2.45,2.45,16.65,16.65,40.63,174.39
2025-10-08,1.86,1.86,10.35,10.35,41.76,173.92
2025-10-09,2.08,2.08,6.39,6.39,38.96,175.66
2025-10-10,3.36,3.36,7.3,7.3,27.04,174.09
2025-10-11,1.78,1.78,7.22,7.22,25.73,171.39
2025-10-12,5.67,5.67,10.81,10.81,23.24,172.93
2025-10-13,5.7,5.7,13.15,13.15,22.9,172.93
2025-10-14,5.44,5.44,16.81,16.81,25.89,176.03
2025-10-15,8.9,8.9,20.04,20.04,32.93,182.03
2025-10-16,11.8,11.8,26.14,26.14,42.65,170.71
2025-10-17,15.75,15.75,36.45,36.45,55.04,176.1
2025-10-18,16.69,16.69,44.24,44.24,69.95,180.14
2025-10-19,3.9,3.9,36.34,36.34,68.18,151.05
2025-10-20,30.24,30.24,50.83,50.83,92.72,178.41
2025-10-21,46.95,46.95,81.09,81.09,134.23,222.52
2025-10-22,41.19,41.19,118.38,118.38,166.52,256.87
2025-10-23,12.37,12.37,100.51,100.51,167.09,266.21
2025-10-24,20.42,20.42,73.98,73.98,171.76,286.56
2025-10-25,7.48,7.48,40.27,40.27,162.55,291.02
2025-10-26,6.08,6.08,33.98,33.98,164.73,295.42
2025-10-27,16.29,16.29,29.85,29.85,150.78,308.82
2025-10-28,26.33,26.33,48.7,48.7,130.16,334.07
2025-10-29,0.04,0.04,42.66,42.66,89.01,332.0
2025-10-30,0.13,0.13,26.5,26.5,76.77,331.08
2025-10-31,0.07,0.07,0.24,0.24,56.42,330.42
2025-11-01,0.02,0.02,0.22,0.22,48.96,325.56
2025-11-02,0.39,0.39,0.48,0.48,43.27,310.67
2025-11-03,0.86,0.86,1.27,1.27,27.84,308.44
2025-11-04,4.18,4.18,5.43,5.43,5.69,304.46
2025-11-05,4.79,4.79,9.83,9.83,10.44,303.21
2025-11-06,10.41,10.41,19.38,19.38,20.72,311.17
2025-11-07,0.94,0.94,16.14,16.14,21.59,310.25
2025-11-08,0.35,0.35,11.7,11.7,21.92,308.52
2025-11-09,0.02,0.02,1.31,1.31,21.55,305.18
2025-11-10,0.05,0.05,0.42,0.42,20.74,303.45
2025-11-11,0.07,0.07,0.14,0.14,16.63,297.85
2025-11-12,0.02,0.02,0.14,0.14,11.86,292.17
2025-11-13,0.65,0.65,0.74,0.74,2.1,287.38
2025-11-14,0.02,0.02,0.69,0.69,1.18,278.5
2025-11-15,0.4,0.4,1.07,1.07,1.23,267.1
2025-11-16,3.91,3.91,4.33,4.33,5.12,255.26
2025-11-17,11.36,11.36,15.67,15.67,16.43,249.93
2025-11-18,24.32,24.32,39.59,39.59,40.68,270.35
2025-11-19,1.21,1.21,36.89,36.89,41.87,241.32
2025-11-20,2.51,2.51,28.04,28.04,43.73,196.88
2025-11-21,7.87,7.87,11.59,11.59,51.58,163.56
2025-11-22,7.69,7.69,18.07,18.07,58.87,158.88
2025-11-23,6.74,6.74,22.3,22.3,61.7,145.2
2025-11-24,2.33,2.33,16.76,16.76,52.67,140.05
2025-11-25,0.32,0.32,9.39,9.39,28.67,134.29
2025-11-26,0.04,0.04,2.69,2.69,27.5,118.04
2025-11-27,0.15,0.15,0.51,0.51,25.14,91.86
2025-11-28,0.83,0.83,1.02,1.02,18.1,92.65
2025-11-29,18.97,18.97,19.95,19.95,29.38,111.49
2025-11-30,19.99,19.99,39.79,39.79,42.63,131.41
2025-12-01,18.38,18.38,57.34,57.34,58.68,149.77
2025-12-02,97.64,97.64,136.01,136.01,156.0,247.02
2025-12-03,10.99,10.99,127.01,127.01,166.95,257.15
2025-12-04,17.1,17.1,125.73,125.73,183.9,270.07
2025-12-05,3.6,3.6,31.69,31.69,186.67,268.88
2025-12-06,0.7,0.7,21.4,21.4,168.4,259.17
2025-12-07,0.08,0.08,4.38,4.38,148.49,258.31
2025-12-08,0.03,0.03,0.81,0.81,130.14,257.99
2025-12-09,0.29,0.29,0.4,0.4,32.79,258.26
2025-12-10,0.0,0.0,0.32,0.32,21.8,258.21
2025-12-11,0.0,0.0,0.29,0.29,4.7,258.14
2025-12-12,0.06,0.06,0.06,0.06,1.16,258.18
2025-12-13,0.0,0.0,0.06,0.06,0.46,257.53
2025-12-14,0.0,0.0,0.06,0.06,0.38,257.51
2025-12-15,0.03,0.03,0.03,0.03,0.38,257.14
2025-12-16,6.23,6.23,6.26,6.26,6.32,259.46
2025-12-17,0.35,0.35,6.61,6.61,6.67,248.45
2025-12-18,0.0,0.0,6.58,6.58,6.67,224.13
2025-12-19,0.0,0.0,0.35,0.35,6.61,222.92
2025-12-20,0.01,0.01,0.01,0.01,6.62,220.42
2025-12-21,0.0,0.0,0.01,0.01,6.62,212.55
2025-12-22,0.0,0.0,0.01,0.01,6.59,204.86
2025-12-23,0.0,0.0,0.0,0.0,0.36,198.12
2025-12-24,0.0,0.0,0.0,0.0,0.01,195.79
2025-12-25,0.03,0.03,0.03,0.03,0.04,195.5
2025-12-26,0.0,0.0,0.03,0.03,0.04,195.46
2025-12-27,0.01,0.01,0.04,0.04,0.04,195.32
2025-12-28,0.02,0.02,0.03,0.03,0.06,194.51
2025-12-29,0.02,0.02,0.05,0.05,0.08,175.56
2025-12-30,0.33,0.33,0.37,0.37,0.41,155.9
2025-12-31,5.15,5.15,5.5,5.5,5.56,142.67
