cell_id,centroid_longitude,centroid_latitude,area_sqm,elevation_min,elevation_max,elevation_mean,slope_min,slope_max,slope_mean,road_length_m,road_density,intersection_count,distance_to_water_m,distance_to_river_m,distance_to_drain_m,drainage_length_m,drainage_density,dominant_landcover,built_up_percentage,water_percentage,vegetation_percentage,cropland_percentage,bare_land_percentage,historical_flood_count,flood_depth_mean,flood_risk_class,flood_label,rainfall_24h,rainfall_3day,rainfall_72h,rainfall_7day,rainfall_30day
cell_00000,80.0525,12.8525,300054.21505096345,26.0,34.0,29.27,0.0,30.19,3.38,0.0,0.0,0.0,13574.89,16172.12,18479.28,0.0,0.0,Built-up,47.44,0.0,33.64,18.64,0.29,0,0.0,Unknown,0,187.88,273.07,273.07,365.51,578.34
cell_00001,80.0525,12.8575,300048.388648542,21.0,34.0,28.36,0.0,25.61,3.0,0.0,0.0,0.0,13079.94,16095.86,18159.89,0.0,0.0,Built-up,74.55,0.0,20.09,5.36,0.0,0,0.0,Unknown,0,187.88,273.07,273.07,365.51,578.34
cell_00002,80.0525,12.8625,300042.5600096967,22.0,31.0,26.8,0.0,27.99,3.32,0.0,0.0,0.0,12589.83,16038.31,17851.92,0.0,0.0,Vegetation,24.55,0.0,38.11,37.31,0.03,0,0.0,Unknown,0,187.88,273.07,273.07,365.51,578.34
cell_00003,80.0525,12.8675,300036.729134029,11.0,31.0,26.03,0.0,26.5,4.08,0.0,0.0,0.0,12105.13,15999.68,17555.96,0.0,0.0,Vegetation,20.91,0.0,55.36,23.73,0.0,0,0.0,Unknown,0,187.88,273.07,273.07,365.51,578.34
cell_00004,80.0525,12.8725,300030.89602144,20.0,28.0,24.02,0.0,23.22,2.79,0.0,0.0,0.0,11626.53,15980.11,17272.64,0.0,0.0,Cropland,25.99,0.0,34.5,39.19,0.32,0,0.0,Unknown,0,187.88,273.07,273.07,365.51,578.34
cell_00005,80.0525,12.8775,300025.06067231874,19.0,26.0,21.78,0.0,23.16,2.67,0.0,0.0,0.0,11154.81,15979.65,17002.6,0.0,0.0,Vegetation,2.71,0.0,53.57,43.72,0.0,0,0.0,Unknown,0,187.88,273.07,273.07,365.51,578.34
cell_00006,80.0525,12.8825,300019.2230864089,18.0,30.0,23.06,0.0,24.0,3.67,0.0,0.0,0.0,10690.88,15998.32,16746.46,0.0,0.0,Vegetation,14.16,0.0,58.57,27.24,0.03,0,0.0,Unknown,0,187.88,273.07,273.07,365.51,578.34
cell_00007,80.0525,12.8875,300013.3832639431,12.0,27.0,20.74,0.0,23.98,3.92,0.0,0.0,0.0,10235.8,16036.06,16504.88,0.0,0.0,Cropland,1.24,0.0,44.64,54.11,0.0,0,0.0,Unknown,0,187.88,273.07,273.07,365.51,578.34
cell_00008,80.0525,12.8925,300007.54120474256,16.0,28.0,20.85,0.0,25.61,3.79,0.0,0.0,0.0,9790.82,16092.71,16164.01,0.0,0.0,Vegetation,3.76,0.0,50.0,46.05,0.19,0,0.0,Unknown,0,187.88,273.07,273.07,365.51,578.34
cell_00009,80.0525,12.8975,300001.69690894685,16.0,24.0,18.96,0.0,21.5,2.66,0.0,0.0,0.0,9357.36,16168.09,15801.81,0.0,0.0,Vegetation,7.31,0.0,62.34,29.38,0.97,0,0.0,Unknown,0,187.88,273.07,273.07,365.51,578.34
cell_00010,80.0525,12.9025,299995.8503770242,15.0,20.0,17.42,0.0,18.89,2.21,0.0,0.0,0.0,8937.1,16091.13,15450.91,0.0,0.0,Cropland,0.03,0.0,18.59,81.38,0.0,0,0.0,Unknown,0,187.88,273.07,273.07,365.51,578.34
cell_00011,80.0525,12.9075,299990.0016078649,14.0,19.0,16.62,0.0,17.21,2.29,0.0,0.0,0.0,8531.99,15720.29,15112.11,0.0,0.0,Cropland,0.54,0.0,40.91,58.55,0.0,0,0.0,Unknown,0,187.88,273.07,273.07,365.51,578.34
cell_00012,80.0525,12.9125,299984.150602854,13.0,19.0,15.84,0.0,16.24,2.23,0.0,0.0,0.0,8144.31,15360.39,14786.23,0.0,0.0,Vegetation,4.29,0.0,79.29,16.43,0.0,0,0.0,Unknown,0,187.88,273.07,273.07,365.51,578.34
cell_00013,80.0525,12.9175,299978.2973611193,14.0,20.0,16.46,0.0,19.08,2.26,0.0,0.0,0.0,7776.64,15012.25,14474.15,0.0,0.0,Vegetation,8.45,0.0,64.8,26.59,0.16,0,0.0,Unknown,0,187.88,273.07,273.07,365.51,578.34
cell_00014,80.0525,12.9225,299972.44188316155,13.0,22.0,17.02,0.0,20.63,2.34,0.0,0.0,0.0,7431.97,14676.69,14176.77,0.0,0.0,Vegetation,6.12,0.0,92.22,1.66,0.0,0,0.0,Unknown,0,187.88,273.07,273.07,365.51,578.34
cell_00015,80.0525,12.9275,299966.5841686912,13.0,22.0,16.99,0.0,17.14,2.52,0.0,0.0,0.0,7113.64,14354.59,13874.48,0.0,0.0,Vegetation,0.29,0.0,88.9,10.62,0.19,0,0.0,Unknown,0,187.88,273.07,273.07,365.51,578.34
cell_00016,80.0525,12.9325,299960.724217816,14.0,20.0,17.05,0.0,18.1,2.53,0.0,0.0,0.0,6825.33,14046.89,13481.93,0.0,0.0,Vegetation,0.51,0.0,51.05,48.41,0.03,0,0.0,Unknown,0,187.88,273.07,273.07,365.51,578.34
cell_00017,80.0525,12.9375,299954.86203087773,14.0,26.0,20.46,0.0,21.48,3.19,0.0,0.0,0.0,6570.99,13754.54,13100.96,0.0,0.0,Vegetation,6.57,0.0,64.25,29.11,0.06,0,0.0,Unknown,0,187.88,273.07,273.07,365.51,578.34
cell_00018,80.0525,12.9425,299948.9976075253,18.0,31.0,24.76,0.0,27.99,3.59,0.0,0.0,0.0,6354.72,13478.55,12732.61,0.0,0.0,Vegetation,16.3,0.0,58.51,25.03,0.16,0,0.0,Unknown,0,187.88,273.07,273.07,365.51,578.34
cell_00019,80.0525,12.9475,299943.13094781706,13.0,31.0,23.68,0.0,27.22,4.32,0.0,0.0,0.0,6180.49,13219.94,12378.02,0.0,0.0,Vegetation,15.53,6.25,56.44,21.56,0.22,0,0.0,Unknown,0,187.88,273.07,273.07,365.51,578.34
cell_00020,80.0525,12.9525,299937.2620521751,10.0,32.0,25.02,0.0,27.18,4.53,0.0,0.0,0.0,6051.96,12979.75,12038.39,0.0,0.0,Vegetation,14.32,0.29,68.49,16.52,0.38,0,0.0,Unknown,0,187.88,273.07,273.07,365.51,578.34
cell_00021,80.0525,12.9575,299931.3909203275,20.0,32.0,27.98,0.0,27.99,3.64,0.0,0.0,0.0,5972.06,12759.02,11715.03,0.0,0.0,Vegetation,0.88,1.14,93.6,4.38,0.0,0,0.0,Unknown,0,187.88,273.07,273.07,365.51,578.34
cell_00022,80.0525,12.9625,299925.51755223755,19.0,33.0,26.96,0.0,29.49,4.18,0.0,0.0,0.0,5942.76,12558.78,11409.33,0.0,0.0,Vegetation,24.23,2.3,56.54,16.71,0.22,0,0.0,Unknown,0,187.88,273.07,273.07,365.51,578.34
cell_00023,80.0525,12.9675,299919.64194810565,17.0,39.0,25.27,0.0,29.54,4.52,0.0,0.0,0.0,5964.8,12380.02,11122.73,0.0,0.0,Vegetation,0.26,0.03,89.99,9.73,0.0,0,0.0,Unknown,0,187.88,273.07,273.07,365.51,578.34
cell_00024,80.0525,12.9725,299913.7641080074,21.0,35.0,28.54,0.0,30.23,3.67,0.0,0.0,0.0,6037.63,12223.69,10856.75,0.0,0.0,Built-up,41.69,0.0,38.12,19.97,0.23,0,0.0,Unknown,0,187.88,273.07,273.07,365.51,578.34
cell_00025,80.0525,12.9775,299907.8840316538,23.0,35.0,28.92,0.0,29.45,3.93,0.0,0.0,0.0,6153.49,11769.47,10612.95,0.0,0.0,Built-up,54.37,2.2,27.52,15.78,0.13,0,0.0,Unknown,0,187.88,273.07,273.07,365.51,578.34
cell_00026,80.0525,12.9825,299902.00171963935,22.0,36.0,29.54,0.0,28.04,3.26,0.0,0.0,0.0,6314.22,11318.34,10392.87,0.0,0.0,Built-up,51.88,0.0,36.7,11.32,0.1,0,0.0,Unknown,0,187.88,273.07,273.07,365.51,578.34
cell_00027,80.0525,12.9875,299896.1171713773,19.0,35.0,25.99,0.0,23.16,3.94,0.0,0.0,0.0,6518.05,10876.61,10198.07,0.0,0.0,Cropland,6.62,20.0,27.95,45.42,0.0,0,0.0,Unknown,0,187.88,273.07,273.07,365.51,578.34
cell_00028,80.0525,12.9925,299890.23038736876,17.0,30.0,22.11,0.0,18.01,2.59,0.0,0.0,0.0,6755.43,10445.49,10030.0,0.0,0.0,Water,0.26,69.1,19.96,10.68,0.0,0,0.0,Unknown,0,187.88,273.07,273.07,365.51,578.34
cell_00029,80.0525,12.9975,299884.3413673865,19.0,27.0,19.59,0.0,18.01,1.52,0.0,0.0,0.0,7027.46,10026.34,9890.04,0.0,0.0,Water,0.0,99.81,0.19,0.0,0.0,0,0.0,Unknown,0,187.88,273.07,273.07,365.51,578.34
cell_00030,80.0525,13.0025,299878.45011164807,19.0,19.0,19.0,0.0,18.01,0.95,0.0,0.0,0.0,7331.18,9620.72,9779.39,0.0,0.0,Water,0.0,99.42,0.58,0.0,0.0,0,0.0,Unknown,0,187.88,273.07,273.07,365.51,578.34
cell_00031,80.0525,13.0075,299872.5566201659,19.0,19.0,19.0,0.0,18.01,0.95,0.0,0.0,0.0,7590.38,9145.44,9699.06,0.0,0.0,Water,0.0,100.0,0.0,0.0,0.0,0,0.0,Unknown,0,187.88,273.07,273.07,365.51,578.34
cell_00032,80.0525,13.0125,299866.6608926496,19.0,19.0,19.0,0.0,18.01,0.95,0.0,0.0,0.0,7784.32,8603.9,9649.79,0.0,0.0,Water,0.0,99.59,0.41,0.0,0.0,0,0.0,Unknown,0,187.88,273.07,273.07,365.51,578.34
cell_00033,80.0525,13.0175,299860.76292956906,19.0,38.0,19.49,0.0,21.76,1.8,0.0,0.0,0.0,8011.81,8063.92,9615.69,0.0,0.0,Water,0.0,93.86,6.14,0.0,0.0,0,0.0,Unknown,0,187.88,273.07,273.07,365.51,578.34
cell_00034,80.0525,13.0225,299854.86273088906,18.0,31.0,23.73,0.0,27.95,3.31,0.0,0.0,0.0,8270.07,7525.83,9590.35,0.0,0.0,Vegetation,0.0,13.39,64.54,22.07,0.0,0,0.0,Unknown,0,187.88,273.07,273.07,365.51,578.34
cell_00035,80.0525,13.0275,299848.96029606735,22.0,35.0,28.67,0.0,31.0,3.57,0.0,0.0,0.0,8556.33,6990.07,9596.85,0.0,0.0,Vegetation,2.33,0.0,59.41,38.27,0.0,0,0.0,Unknown,0,187.88,273.07,273.07,365.51,578.34
cell_00036,80.0525,13.0325,299843.0556261263,28.0,38.0,32.86,0.0,31.63,3.53,0.0,0.0,0.0,8867.86,6457.21,9635.15,0.0,0.0,Vegetation,29.87,0.0,35.42,34.22,0.49,0,0.0,Unknown,0,187.88,273.07,273.07,365.51,578.34
cell_00037,80.0525,13.0375,299837.1487205258,19.0,38.0,29.23,0.0,26.4,3.95,0.0,0.0,0.0,9202.11,5926.65,9704.85,0.0,0.0,Vegetation,37.15,0.0,49.97,12.34,0.54,0,0.0,Unknown,0,187.88,273.07,273.07,365.51,578.34
cell_00038,80.0525,13.0425,299831.23957896035,21.0,32.0,25.52,0.0,26.39,3.78,0.0,0.0,0.0,9556.56,5396.14,9805.29,0.0,0.0,Vegetation,34.12,0.0,34.69,27.39,3.79,0,0.0,Unknown,0,187.88,273.07,273.07,365.51,578.34
cell_00039,80.0525,13.0475,299825.32820221386,22.0,30.0,25.65,0.0,24.0,3.05,0.0,0.0,0.0,9579.98,4866.21,9935.54,0.0,0.0,Vegetation,14.09,0.0,43.05,24.35,18.51,0,0.0,Unknown,0,187.88,273.07,273.07,365.51,578.34
cell_00040,80.0525,13.0525,299819.41459001624,22.0,32.0,26.08,0.0,25.65,3.47,0.0,0.0,0.0,9611.54,4341.26,10094.45,0.0,0.0,Cropland,0.19,0.0,34.63,46.72,18.46,0,0.0,Unknown,0,187.88,273.07,273.07,365.51,578.34
cell_00041,80.0525,13.0575,299813.498742062,20.0,33.0,27.32,0.0,27.22,4.04,0.0,0.0,0.0,9674.65,3824.23,10280.68,0.0,0.0,Cropland,14.41,0.0,25.96,59.53,0.1,0,0.0,Unknown,0,187.88,273.07,273.07,365.51,578.34
cell_00042,80.0525,13.0625,299807.58065902366,23.0,35.0,27.62,0.0,26.44,3.7,0.0,0.0,0.0,9756.43,3318.82,10492.79,0.0,0.0,Cropland,3.34,0.0,35.91,60.75,0.0,0,0.0,Unknown,0,187.88,273.07,273.07,365.51,578.34
cell_00043,80.0525,13.0675,299801.66034034616,18.0,31.0,25.59,0.0,27.18,3.7,0.0,0.0,0.0,9858.16,2824.07,10729.23,0.0,0.0,Vegetation,0.0,0.0,68.08,31.92,0.0,0,0.0,Unknown,0,187.88,273.07,273.07,365.51,578.34
cell_00044,80.0525,13.0725,299795.7377861677,21.0,29.0,26.04,0.0,25.65,3.22,0.0,0.0,0.0,9743.44,2338.71,10988.44,0.0,0.0,Cropland,2.97,0.0,38.36,58.13,0.54,0,0.0,Unknown,0,187.88,273.07,273.07,365.51,578.34
cell_00045,80.0525,13.0775,299789.81299713085,23.0,32.0,26.72,0.0,26.4,3.29,0.0,0.0,0.0,9533.63,1890.41,10872.04,0.0,0.0,Cropland,1.36,0.0,40.75,57.4,0.49,0,0.0,Unknown,0,187.88,273.07,273.07,365.51,578.34
cell_00046,80.0525,13.0825,299783.8859725673,22.0,32.0,26.57,0.0,27.18,3.3,0.0,0.0,0.0,9351.85,1494.36,10709.79,0.0,0.0,Cropland,2.01,0.0,22.7,69.16,6.12,0,0.0,Unknown,0,187.88,273.07,273.07,365.51,578.34
cell_00047,80.0525,13.0875,299777.95671255304,18.0,33.0,26.7,0.0,28.13,4.09,0.0,0.0,0.0,9199.77,1132.67,10574.01,0.0,0.0,Cropland,20.55,0.0,26.79,49.94,2.73,0,0.0,Unknown,0,187.88,273.07,273.07,365.51,578.34
cell_00048,80.0525,13.0925,299772.0252176032,23.0,34.0,28.36,0.0,28.71,3.9,0.0,0.0,0.0,9078.87,711.73,10465.72,0.0,0.0,Vegetation,25.73,0.0,58.51,15.31,0.45,0,0.0,Unknown,0,187.88,273.07,273.07,365.51,578.34
cell_00049,80.0525,13.0975,299766.0914874603,19.0,36.0,28.81,0.0,31.0,4.29,0.0,0.0,0.0,8990.43,213.31,10385.78,371.09,0.001238,Vegetation,16.84,0.03,62.34,20.79,0.0,0,0.0,Unknown,0,187.88,273.07,273.07,365.51,578.34
cell_00050,80.0525,13.1025,299760.1555220427,23.0,35.0,29.09,0.0,30.95,4.04,0.0,0.0,0.0,8935.4,193.82,10334.86,560.89,0.001871,Vegetation,15.06,0.0,65.23,19.71,0.0,0,0.0,Unknown,0,187.88,273.07,273.07,365.51,578.34
cell_00051,80.0525,13.1075,299754.217321488,24.0,33.0,28.89,0.0,28.7,3.25,0.0,0.0,0.0,8914.39,373.73,10313.38,0.0,0.0,Vegetation,22.86,0.0,53.54,23.6,0.0,0,0.0,Unknown,0,187.88,273.07,273.07,365.51,578.34
cell_00052,80.0525,13.1125,299748.2768859645,22.0,32.0,27.09,0.0,27.28,3.41,0.0,0.0,0.0,8927.66,745.01,10321.53,0.0,0.0,Vegetation,13.11,0.0,45.15,40.66,1.08,0,0.0,Unknown,0,187.88,273.07,273.07,365.51,578.34
cell_00053,80.0525,13.1175,299742.33421553177,23.0,38.0,28.72,0.0,31.63,3.77,0.0,0.0,0.0,8975.05,1221.22,10359.23,0.0,0.0,Vegetation,18.93,2.5,66.23,11.98,0.36,0,0.0,Unknown,0,187.88,273.07,273.07,365.51,578.34
cell_00054,80.0525,13.1225,299736.38930960005,25.0,36.0,29.7,0.0,29.46,3.53,0.0,0.0,0.0,9042.89,1741.39,10426.17,0.0,0.0,Built-up,56.57,0.0,36.03,7.3,0.1,0,0.0,Unknown,0,187.88,273.07,273.07,365.51,578.34
cell_00055,80.0525,13.1275,299730.44216920796,22.0,37.0,32.11,0.0,31.64,3.96,0.0,0.0,0.0,9014.2,2277.09,10521.79,0.0,0.0,Built-up,60.71,0.0,30.8,8.48,0.0,0,0.0,Unknown,0,187.88,273.07,273.07,365.51,578.34
cell_00056,80.0525,13.1325,299724.49279357813,29.0,41.0,34.26,0.0,32.34,4.17,0.0,0.0,0.0,8871.03,2818.73,10645.31,0.0,0.0,Built-up,66.17,0.0,25.65,8.12,0.06,0,0.0,Unknown,0,187.88,273.07,273.07,365.51,578.34
cell_00057,80.0525,13.1375,299718.5411832731,25.0,39.0,30.9,0.0,27.95,4.1,0.0,0.0,0.0,8760.48,3361.22,10795.78,0.0,0.0,Vegetation,32.62,0.0,34.06,32.21,1.12,0,0.0,Unknown,0,187.88,273.07,273.07,365.51,578.34
cell_00058,80.0525,13.1425,299712.58733798895,26.0,41.0,30.43,0.0,27.95,3.71,0.0,0.0,0.0,8683.81,3906.25,10972.08,0.0,0.0,Vegetation,21.14,0.0,54.4,24.04,0.41,0,0.0,Unknown,0,187.88,273.07,273.07,365.51,578.34
cell_00059,80.0525,13.1475,299706.631257926,26.0,37.0,31.09,0.0,28.7,3.42,0.0,0.0,0.0,8641.91,4453.25,11173.01,0.0,0.0,Vegetation,24.48,0.0,40.36,35.13,0.03,0,0.0,Unknown,0,187.88,273.07,273.07,365.51,578.34
cell_00060,80.0525,13.1525,299700.6729428917,22.0,38.0,28.94,0.0,27.17,3.66,0.0,0.0,0.0,8635.3,5001.57,11397.24,0.0,0.0,Vegetation,20.44,0.0,51.12,28.44,0.0,0,0.0,Unknown,0,187.88,273.07,273.07,365.51,578.34
cell_00061,80.0525,13.1575,299694.7123932136,23.0,32.0,26.6,0.0,26.4,3.34,0.0,0.0,0.0,8664.05,5550.83,11643.45,0.0,0.0,Cropland,3.7,0.0,6.22,90.08,0.0,0,0.0,Unknown,0,187.88,273.07,273.07,365.51,578.34
cell_00062,80.0525,13.1625,299688.7496089172,20.0,33.0,27.1,0.0,28.7,3.51,0.0,0.0,0.0,8727.82,6100.76,11910.26,0.0,0.0,Cropland,3.34,0.0,25.06,71.59,0.0,0,0.0,Unknown,0,187.88,273.07,273.07,365.51,578.34
cell_00063,80.0525,13.1675,299682.7845898088,21.0,33.0,27.46,0.0,28.7,3.59,0.0,0.0,0.0,8825.84,6651.2,12196.32,0.0,0.0,Vegetation,7.24,0.06,48.6,44.1,0.0,0,0.0,Unknown,0,187.88,273.07,273.07,365.51,578.34
cell_00064,80.0525,13.1725,299676.81733602646,22.0,31.0,27.35,0.0,27.99,3.3,0.0,0.0,0.0,8956.99,7202.04,12500.31,0.0,0.0,Vegetation,0.64,0.13,55.13,44.07,0.03,0,0.0,Unknown,0,187.88,273.07,273.07,365.51,578.34
cell_00065,80.0525,13.1775,299670.8478477079,21.0,31.0,26.07,0.0,27.18,3.37,0.0,0.0,0.0,9119.85,7753.18,12820.96,0.0,0.0,Cropland,0.06,0.0,35.06,64.87,0.0,0,0.0,Unknown,0,187.88,273.07,273.07,365.51,578.34
cell_00066,80.0525,13.1825,299664.8761247703,21.0,32.0,27.0,0.0,27.99,3.45,0.0,0.0,0.0,9307.44,8304.58,13157.04,0.0,0.0,Vegetation,6.03,0.0,60.62,32.02,1.34,0,0.0,Unknown,0,187.88,273.07,273.07,365.51,578.34
cell_00067,80.0525,13.1875,299658.90216731926,21.0,32.0,26.4,0.0,26.44,3.22,0.0,0.0,0.0,9515.08,8856.17,13507.42,0.0,0.0,Cropland,0.92,0.0,23.5,73.95,1.63,0,0.0,Unknown,0,187.88,273.07,273.07,365.51,578.34
cell_00068,80.0525,13.1925,299652.925975508,20.0,32.0,27.02,0.0,28.7,3.7,0.0,0.0,0.0,9749.7,9407.93,13870.99,0.0,0.0,Vegetation,10.58,0.0,49.77,30.65,8.99,0,0.0,Unknown,0,187.88,273.07,273.07,365.51,578.34
cell_00069,80.0525,13.1975,299646.9475487017,20.0,30.0,26.04,0.0,24.81,3.43,0.0,0.0,0.0,10009.41,9959.84,14246.76,0.0,0.0,Vegetation,1.66,0.22,76.31,21.68,0.13,0,0.0,Unknown,0,187.88,273.07,273.07,365.51,578.34
cell_00070,80.0525,13.2025,299640.96688785707,22.0,30.0,25.9,0.0,25.65,3.19,0.0,0.0,0.0,10292.3,10511.85,14633.78,0.0,0.0,Vegetation,1.91,0.0,67.32,29.5,1.28,0,0.0,Unknown,0,187.88,273.07,273.07,365.51,578.34
cell_00071,80.0525,13.2075,299634.98399271775,18.0,28.0,24.22,0.0,25.61,3.53,0.0,0.0,0.0,10596.52,11063.97,14907.52,0.0,0.0,Cropland,3.18,0.0,22.53,60.91,13.38,0,0.0,Unknown,0,187.88,273.07,273.07,365.51,578.34
cell_00072,80.0525,13.2125,299628.99886302813,16.0,29.0,23.13,0.0,25.81,3.76,0.0,0.0,0.0,10920.29,11616.17,15002.85,0.0,0.0,Cropland,7.08,0.0,23.88,66.93,2.1,0,0.0,Unknown,0,187.88,273.07,273.07,365.51,578.34
cell_00073,80.0525,13.2175,299623.0114987989,18.0,25.0,21.23,0.0,21.5,2.61,0.0,0.0,0.0,11261.92,12168.45,15117.81,0.0,0.0,Cropland,0.0,0.0,36.1,63.84,0.06,0,0.0,Unknown,0,187.88,273.07,273.07,365.51,578.34
cell_00074,80.0525,13.2225,299617.0219005618,16.0,27.0,22.01,0.0,24.0,3.37,0.0,0.0,0.0,11619.83,12720.79,15251.98,0.0,0.0,Cropland,0.06,0.0,2.92,97.01,0.0,0,0.0,Unknown,0,187.88,273.07,273.07,365.51,578.34
cell_00075,80.0525,13.2275,299611.03006796504,18.0,28.0,23.19,0.0,23.98,3.31,0.0,0.0,0.0,11992.58,13273.19,15404.84,0.0,0.0,Cropland,0.1,0.0,5.39,94.52,0.0,0,0.0,Unknown,0,187.88,273.07,273.07,365.51,578.34
cell_00076,80.0525,13.2325,299605.0360011622,18.0,27.0,23.71,0.0,24.85,3.05,0.0,0.0,0.0,12378.81,13825.63,15575.84,0.0,0.0,Cropland,1.28,0.0,26.37,69.55,2.81,0,0.0,Unknown,0,187.88,273.07,273.07,365.51,578.34
cell_00077,80.0525,13.2375,299599.03970010136,14.0,29.0,21.88,0.0,25.61,3.6,0.0,0.0,0.0,12777.3,14378.12,15764.39,0.0,0.0,Vegetation,8.67,0.0,59.35,29.71,2.27,0,0.0,Unknown,0,187.88,273.07,273.07,365.51,578.34
cell_00078,80.0525,13.2425,299593.0411650165,14.0,28.0,20.53,0.0,23.3,3.49,0.0,0.0,0.0,13186.95,14930.65,15969.88,0.0,0.0,Cropland,0.0,0.0,22.96,74.87,2.17,0,0.0,Unknown,0,187.88,273.07,273.07,365.51,578.34
cell_00079,80.0525,13.2475,299587.040395776,18.0,27.0,23.46,0.0,24.81,3.16,0.0,0.0,0.0,13556.36,15483.21,16191.66,0.0,0.0,Cropland,4.5,0.0,26.63,68.88,0.0,0,0.0,Unknown,0,187.88,273.07,273.07,365.51,578.34
cell_00080,80.0525,13.2525,299581.037392122,0.0,0.0,0.0,0.0,0.0,0.0,0.0,0.0,0.0,13852.02,16035.81,16429.06,0.0,0.0,Unknown,0.0,0.0,0.0,0.0,0.0,0,0.0,Unknown,0,187.88,273.07,273.07,365.51,578.34
cell_00081,80.0575,12.8525,300053.3887198039,24.0,36.0,27.79,0.0,9.0,1.63,0.0,0.0,0.0,13346.27,15636.28,18043.03,0.0,0.0,Cropland,32.82,0.0,28.12,39.06,0.0,0,0.0,Unknown,0,187.88,273.07,273.07,365.51,578.34
cell_00082,80.0575,12.8575,300047.56236678176,22.0,33.0,26.96,0.0,6.91,2.08,0.0,0.0,0.0,12842.52,15557.41,17715.78,0.0,0.0,Built-up,51.02,0.0,34.69,14.22,0.06,0,0.0,Unknown,0,187.88,273.07,273.07,365.51,578.34
cell_00083,80.0575,12.8625,300041.73377699556,21.0,29.0,25.08,0.0,6.16,2.0,0.0,0.0,0.0,12342.98,15497.87,17399.96,0.0,0.0,Built-up,48.53,0.0,32.14,19.29,0.03,0,0.0,Unknown,0,187.88,273.07,273.07,365.51,578.34
cell_00084,80.0575,12.8675,300035.90295056766,20.0,29.0,24.59,0.0,6.51,2.12,0.0,0.0,0.0,11848.19,15457.9,17096.19,0.0,0.0,Built-up,70.26,0.0,17.21,12.08,0.45,0,0.0,Unknown,0,187.88,273.07,273.07,365.51,578.34
cell_00085,80.0575,12.8725,300030.0698871618,18.0,27.0,22.69,0.0,5.79,2.05,0.0,0.0,0.0,11358.78,15437.65,16805.14,0.0,0.0,Cropland,23.05,0.0,24.68,52.17,0.1,0,0.0,Unknown,0,187.88,273.07,273.07,365.51,578.34
cell_00086,80.0575,12.8775,300024.2345873742,19.0,26.0,20.39,0.0,8.23,1.17,0.0,0.0,0.0,10875.46,15437.19,16527.46,0.0,0.0,Vegetation,0.06,0.0,65.53,34.38,0.03,0,0.0,Unknown,0,187.88,273.07,273.07,365.51,578.34
cell_00087,80.0575,12.8825,300018.3970505368,18.0,29.0,20.81,0.0,9.49,1.79,0.0,0.0,0.0,10399.08,15456.53,16263.85,0.0,0.0,Vegetation,1.36,15.88,76.59,6.17,0.0,0,0.0,Unknown,0,187.88,273.07,273.07,365.51,578.34
cell_00088,80.0575,12.8875,300012.55727751437,18.0,30.0,22.72,0.0,7.5,2.89,0.0,0.0,0.0,9930.65,15495.59,16015.01,0.0,0.0,Cropland,13.74,0.0,41.84,44.29,0.13,0,0.0,Unknown,0,187.88,273.07,273.07,365.51,578.34
cell_00089,80.0575,12.8925,300006.71526763943,14.0,32.0,19.71,0.0,10.78,3.1,0.0,0.0,0.0,9471.35,15554.22,15762.84,0.0,0.0,Cropland,24.2,0.19,26.08,48.15,1.37,0,0.0,Unknown,0,187.88,273.07,273.07,365.51,578.34
cell_00090,80.0575,12.8975,300000.87102101726,15.0,31.0,19.77,0.0,11.47,3.16,0.0,0.0,0.0,9022.56,15632.21,15391.21,0.0,0.0,Vegetation,14.35,0.0,43.6,40.71,1.33,0,0.0,Unknown,0,187.88,273.07,273.07,365.51,578.34
cell_00091,80.0575,12.9025,299995.0245383709,13.0,21.0,17.33,0.0,5.79,2.09,0.0,0.0,0.0,8585.93,15697.74,15030.74,0.0,0.0,Cropland,7.81,0.0,38.52,53.41,0.26,0,0.0,Unknown,0,187.88,273.07,273.07,365.51,578.34
cell_00092,80.0575,12.9075,299989.1758187794,11.0,19.0,16.32,0.0,5.25,1.77,0.0,0.0,0.0,8163.43,15317.38,14682.25,0.0,0.0,Vegetation,3.03,0.0,52.71,44.16,0.1,0,0.0,Unknown,0,187.88,273.07,273.07,365.51,578.34
cell_00093,80.0575,12.9125,299983.32486310636,12.0,20.0,15.5,0.0,5.25,1.78,0.0,0.0,0.0,7757.36,14947.8,14346.62,0.0,0.0,Vegetation,14.09,0.0,66.36,19.51,0.03,0,0.0,Unknown,0,187.88,273.07,273.07,365.51,578.34
cell_00094,80.0575,12.9175,299977.47167054313,12.0,18.0,15.48,0.0,4.03,1.48,0.0,0.0,0.0,7370.42,14589.82,14024.77,0.0,0.0,Vegetation,21.43,0.0,64.57,13.97,0.03,0,0.0,Unknown,0,187.88,273.07,273.07,365.51,578.34
cell_00095,80.0575,12.9225,299971.6162421599,12.0,18.0,15.73,0.0,4.86,1.72,0.0,0.0,0.0,7005.8,14244.32,13717.66,0.0,0.0,Vegetation,3.51,0.0,94.83,1.66,0.0,0,0.0,Unknown,0,187.88,273.07,273.07,365.51,578.34
cell_00096,80.0575,12.9275,299965.7585770036,13.0,20.0,16.59,0.0,5.15,1.86,0.0,0.0,0.0,6667.16,13912.23,13426.32,0.0,0.0,Vegetation,0.0,0.0,82.79,17.21,0.0,0,0.0,Unknown,0,187.88,273.07,273.07,365.51,578.34
cell_00097,80.0575,12.9325,299959.898675543,12.0,21.0,16.44,0.0,6.93,1.81,0.0,0.0,0.0,6358.65,13594.53,13099.89,0.0,0.0,Vegetation,0.19,0.0,68.02,31.79,0.0,0,0.0,Unknown,0,187.88,273.07,273.07,365.51,578.34
cell_00098,80.0575,12.9375,299954.0365379807,15.0,27.0,19.38,0.0,7.84,2.33,0.0,0.0,0.0,6084.85,13292.24,12707.48,0.0,0.0,Vegetation,16.17,0.0,57.97,25.86,0.0,0,0.0,Unknown,0,187.88,273.07,273.07,365.51,578.34
cell_00099,80.0575,12.9425,299948.17216416914,16.0,29.0,20.11,0.0,6.83,2.17,0.0,0.0,0.0,5850.64,13006.46,12327.39,0.0,0.0,Cropland,1.17,0.0,25.1,73.73,0.0,0,0.0,Unknown,0,187.88,273.07,273.07,365.51,578.34
cell_00100,80.0575,12.9475,299942.3055540725,16.0,27.0,20.6,0.0,11.44,2.17,0.0,0.0,0.0,5660.94,12738.28,11960.8,0.0,0.0,Cropland,0.0,0.26,32.43,67.32,0.0,0,0.0,Unknown,0,187.88,273.07,273.07,365.51,578.34
cell_00101,80.0575,12.9525,299936.4367077188,13.0,29.0,23.74,0.0,9.01,2.78,0.0,0.0,0.0,5520.33,12488.84,11608.98,0.0,0.0,Vegetation,6.79,0.51,85.68,6.92,0.1,0,0.0,Unknown,0,187.88,273.07,273.07,365.51,578.34
cell_00102,80.0575,12.9575,299930.565625513,22.0,32.0,27.51,0.0,5.66,2.07,0.0,0.0,0.0,5432.63,12259.29,11273.32,0.0,0.0,Vegetation,25.58,0.0,71.59,2.31,0.52,0,0.0,Unknown,0,187.88,273.07,273.07,365.51,578.34
cell_00103,80.0575,12.9625,299924.6923068668,18.0,30.0,24.17,0.0,7.39,2.49,0.0,0.0,0.0,5400.41,12050.75,10955.31,0.0,0.0,Built-up,42.28,0.0,39.86,17.7,0.16,0,0.0,Unknown,0,187.88,273.07,273.07,365.51,578.34
cell_00104,80.0575,12.9675,299918.8167523605,18.0,31.0,23.53,0.0,7.09,2.19,0.0,0.0,0.0,5424.67,11864.35,10656.52,0.0,0.0,Vegetation,0.22,0.0,87.18,12.6,0.0,0,0.0,Unknown,0,187.88,273.07,273.07,365.51,578.34
cell_00105,80.0575,12.9725,299912.93896175286,22.0,35.0,28.37,0.0,6.16,2.45,0.0,0.0,0.0,5504.59,11701.14,10378.61,0.0,0.0,Vegetation,20.1,0.52,50.62,25.78,2.99,0,0.0,Unknown,0,187.88,273.07,273.07,365.51,578.34
cell_00106,80.0575,12.9775,299907.0589349918,20.0,32.0,25.42,0.0,7.59,2.63,0.0,0.0,0.0,5629.95,11470.61,10123.3,0.0,0.0,Vegetation,22.83,4.18,48.5,23.85,0.64,0,0.0,Unknown,0,187.88,273.07,273.07,365.51,578.34
cell_00107,80.0575,12.9825,299901.17667261086,23.0,37.0,30.77,0.0,6.41,2.11,0.0,0.0,0.0,5805.2,11007.24,9892.35,0.0,0.0,Built-up,68.24,0.32,18.85,11.86,0.73,0,0.0,Unknown,0,187.88,273.07,273.07,365.51,578.34
cell_00108,80.0575,12.9875,299895.29217389436,19.0,34.0,26.57,0.0,10.7,3.04,0.0,0.0,0.0,6024.1,10552.51,9687.5,0.0,0.0,Cropland,7.14,19.09,26.59,47.18,0.0,0,0.0,Unknown,0,187.88,273.07,273.07,365.51,578.34
cell_00109,80.0575,12.9925,299889.4054396261,18.0,31.0,21.94,0.0,7.53,1.76,0.0,0.0,0.0,6279.15,10107.58,9510.43,0.0,0.0,Water,0.0,75.35,13.84,10.81,0.0,0,0.0,Unknown,0,187.88,273.07,273.07,365.51,578.34
cell_00110,80.0575,12.9975,299883.5164691409,19.0,26.0,19.46,0.0,9.49,0.58,0.0,0.0,0.0,6570.94,9673.81,9362.71,0.0,0.0,Water,0.0,99.87,0.13,0.0,0.0,0,0.0,Unknown,0,187.88,273.07,273.07,365.51,578.34
cell_00111,80.0575,13.0025,299877.6252631757,19.0,19.0,19.0,0.0,0.0,0.0,0.0,0.0,0.0,6894.81,9252.75,9245.77,0.0,0.0,Water,0.0,99.97,0.03,0.0,0.0,0,0.0,Unknown,0,187.88,273.07,273.07,365.51,578.34
cell_00112,80.0575,13.0075,299871.7318212355,19.0,19.0,19.0,0.0,0.0,0.0,0.0,0.0,0.0,7078.52,8846.24,9160.76,0.0,0.0,Water,0.0,100.0,0.0,0.0,0.0,0,0.0,Unknown,0,187.88,273.07,273.07,365.51,578.34
cell_00113,80.0575,13.0125,299865.8361436323,19.0,19.0,19.0,0.0,0.0,0.0,0.0,0.0,0.0,7286.1,8456.37,9108.6,0.0,0.0,Water,0.0,100.0,0.0,0.0,0.0,0,0.0,Unknown,0,187.88,273.07,273.07,365.51,578.34
cell_00114,80.0575,13.0175,299859.93823007826,19.0,26.0,19.35,0.0,7.8,0.4,0.0,0.0,0.0,7528.67,8085.54,9075.05,0.0,0.0,Water,0.0,93.38,6.56,0.06,0.0,0,0.0,Unknown,0,187.88,273.07,273.07,365.51,578.34
cell_00115,80.0575,13.0225,299854.03808109014,19.0,28.0,23.05,0.0,10.3,2.03,0.0,0.0,0.0,7802.95,7671.25,9048.2,0.0,0.0,Vegetation,0.0,9.85,57.72,32.43,0.0,0,0.0,Unknown,0,187.88,273.07,273.07,365.51,578.34
cell_00116,80.0575,13.0275,299848.1356962842,23.0,35.0,28.31,0.0,6.98,2.2,0.0,0.0,0.0,8105.73,7140.75,9055.11,0.0,0.0,Vegetation,5.74,0.0,74.49,19.77,0.0,0,0.0,Unknown,0,187.88,273.07,273.07,365.51,578.34
cell_00117,80.0575,13.0325,299842.2310759557,24.0,39.0,33.69,0.0,11.29,2.4,0.0,0.0,0.0,8433.94,6611.44,9095.69,0.0,0.0,Built-up,46.59,0.0,33.6,19.68,0.13,0,0.0,Unknown,0,187.88,273.07,273.07,365.51,578.34
cell_00118,80.0575,13.0375,299836.3242200681,26.0,40.0,33.16,0.0,8.8,2.74,0.0,0.0,0.0,8784.72,6086.28,9169.51,0.0,0.0,Vegetation,35.33,0.0,43.27,21.3,0.1,0,0.0,Unknown,0,187.88,273.07,273.07,365.51,578.34
cell_00119,80.0575,13.0425,299830.4151283658,23.0,37.0,29.25,0.0,8.75,2.46,0.0,0.0,0.0,9038.36,5566.51,9275.76,0.0,0.0,Built-up,79.94,0.0,18.08,1.79,0.19,0,0.0,Unknown,0,187.88,273.07,273.07,365.51,578.34
cell_00120,80.0575,13.0475,299824.50380153896,21.0,32.0,27.36,0.0,8.66,2.51,0.0,0.0,0.0,9038.04,5053.81,9413.36,0.0,0.0,Built-up,71.66,0.0,14.48,13.44,0.42,0,0.0,Unknown,0,187.88,273.07,273.07,365.51,578.34
cell_00121,80.0575,13.0525,299818.5902389507,24.0,34.0,29.35,0.0,6.03,2.03,0.0,0.0,0.0,9071.49,4550.55,9580.94,0.0,0.0,Built-up,70.09,0.0,14.45,12.15,3.32,0,0.0,Unknown,0,187.88,273.07,273.07,365.51,578.34
cell_00122,80.0575,13.0575,299812.6744410233,22.0,31.0,26.32,0.0,6.65,2.08,0.0,0.0,0.0,9138.35,4055.76,9776.97,0.0,0.0,Built-up,40.02,0.0,28.57,30.01,1.4,0,0.0,Unknown,0,187.88,273.07,273.07,365.51,578.34
cell_00123,80.0575,13.0625,299806.7564077848,21.0,31.0,26.26,0.0,7.26,2.5,0.0,0.0,0.0,9221.37,3566.67,9999.77,0.0,0.0,Cropland,3.54,0.0,33.83,62.63,0.0,0,0.0,Unknown,0,187.88,273.07,273.07,365.51,578.34
cell_00124,80.0575,13.0675,299800.8361390411,22.0,29.0,24.56,0.0,7.79,1.98,0.0,0.0,0.0,9328.94,3098.69,10247.6,0.0,0.0,Cropland,0.0,0.0,40.88,59.12,0.0,0,0.0,Unknown,0,187.88,273.07,273.07,365.51,578.34
cell_00125,80.0575,13.0725,299794.91363475536,21.0,29.0,24.83,0.0,5.71,2.26,0.0,0.0,0.0,9250.05,2663.51,10518.7,0.0,0.0,Cropland,0.0,0.0,35.08,64.92,0.0,0,0.0,Unknown,0,187.88,273.07,273.07,365.51,578.34
cell_00126,80.0575,13.0775,299788.98889561766,21.0,32.0,26.97,0.0,8.3,2.53,0.0,0.0,0.0,9028.79,2267.78,10359.24,0.0,0.0,Vegetation,9.55,0.0,48.08,42.37,0.0,0,0.0,Unknown,0,187.88,273.07,273.07,365.51,578.34
cell_00127,80.0575,13.0825,299783.0619208361,21.0,30.0,26.16,0.0,6.72,2.28,0.0,0.0,0.0,8836.64,1906.44,10188.84,0.0,0.0,Cropland,4.27,0.0,29.56,62.63,3.54,0,0.0,Unknown,0,187.88,273.07,273.07,365.51,578.34
cell_00128,80.0575,13.0875,299777.132710957,22.0,31.0,25.49,0.0,6.81,2.13,0.0,0.0,0.0,8675.54,1445.01,10046.03,0.0,0.0,Cropland,18.08,0.0,39.38,40.88,1.66,0,0.0,Unknown,0,187.88,273.07,273.07,365.51,578.34
cell_00129,80.0575,13.0925,299771.20126583433,21.0,31.0,26.01,0.0,7.59,2.23,0.0,0.0,0.0,8547.25,958.09,9932.0,0.0,0.0,Vegetation,13.65,0.13,52.33,28.73,5.17,0,0.0,Unknown,0,187.88,273.07,273.07,365.51,578.34
cell_00130,80.0575,13.0975,299765.2675857806,21.0,38.0,29.17,0.0,9.01,2.5,0.0,0.0,0.0,8453.25,538.56,9847.74,0.0,0.0,Vegetation,26.91,0.0,45.31,27.77,0.0,0,0.0,Unknown,0,187.88,273.07,273.07,365.51,578.34
cell_00131,80.0575,13.1025,299759.3316703009,24.0,37.0,30.23,0.0,7.39,2.42,0.0,0.0,0.0,8394.71,324.66,9794.04,48.34,0.000161,Vegetation,22.66,0.0,54.94,22.4,0.0,0,0.0,Unknown,0,187.88,273.07,273.07,365.51,578.34
cell_00132,80.0575,13.1075,299753.39351975376,25.0,34.0,28.31,0.0,7.85,2.34,0.0,0.0,0.0,8372.36,1.11,9771.38,684.24,0.002283,Vegetation,10.27,0.0,78.67,11.07,0.0,0,0.0,Unknown,0,187.88,273.07,273.07,365.51,578.34
cell_00133,80.0575,13.1125,299747.453134356,19.0,36.0,28.56,0.0,11.31,2.85,0.0,0.0,0.0,8386.5,544.45,9779.99,0.0,0.0,Vegetation,19.04,0.0,60.78,20.18,0.0,0,0.0,Unknown,0,187.88,273.07,273.07,365.51,578.34
cell_00134,80.0575,13.1175,299741.51051381923,23.0,38.0,31.3,0.0,4.84,2.07,0.0,0.0,0.0,8436.78,1095.11,9819.78,0.0,0.0,Built-up,56.33,1.04,38.99,3.64,0.0,0,0.0,Unknown,0,187.88,273.07,273.07,365.51,578.34
cell_00135,80.0575,13.1225,299735.5656580611,26.0,40.0,34.04,0.0,6.03,2.09,0.0,0.0,0.0,8506.74,1647.34,9890.38,0.0,0.0,Built-up,85.14,0.0,14.16,0.7,0.0,0,0.0,Unknown,0,187.88,273.07,273.07,365.51,578.34
cell_00136,80.0575,13.1275,299729.6185677707,32.0,42.0,37.4,0.0,7.39,2.25,0.0,0.0,0.0,8496.52,2199.96,9991.14,0.0,0.0,Built-up,72.7,0.0,20.15,5.93,1.21,0,0.0,Unknown,0,187.88,273.07,273.07,365.51,578.34
cell_00137,80.0575,13.1325,299723.6692421219,33.0,45.0,39.46,0.0,6.19,2.35,0.0,0.0,0.0,8344.48,2752.74,10121.15,0.0,0.0,Vegetation,34.68,0.0,61.27,3.77,0.29,0,0.0,Unknown,0,187.88,273.07,273.07,365.51,578.34
cell_00138,80.0575,13.1375,299717.71768205916,32.0,45.0,37.96,0.0,5.94,2.49,0.0,0.0,0.0,8226.87,3305.59,10279.3,0.0,0.0,Built-up,51.02,0.0,43.08,5.9,0.0,0,0.0,Unknown,0,187.88,273.07,273.07,365.51,578.34
cell_00139,80.0575,13.1425,299711.7638868833,31.0,44.0,36.85,0.0,9.36,2.86,0.0,0.0,0.0,8145.18,3858.49,10464.33,0.0,0.0,Built-up,67.57,0.0,27.68,4.75,0.0,0,0.0,Unknown,0,187.88,273.07,273.07,365.51,578.34
cell_00140,80.0575,13.1475,299705.8078569997,24.0,38.0,31.68,0.0,8.52,2.7,0.0,0.0,0.0,8100.52,4411.42,10674.82,0.0,0.0,Vegetation,33.96,0.0,53.99,12.05,0.0,0,0.0,Unknown,0,187.88,273.07,273.07,365.51,578.34
cell_00141,80.0575,13.1525,299699.84959200997,18.0,33.0,27.72,0.0,9.46,2.32,0.0,0.0,0.0,8093.47,4964.36,10909.31,0.0,0.0,Vegetation,31.22,0.0,45.31,23.47,0.0,0,0.0,Unknown,0,187.88,273.07,273.07,365.51,578.34
cell_00142,80.0575,13.1575,299693.889092634,21.0,31.0,26.36,0.0,6.93,2.37,0.0,0.0,0.0,8124.15,5517.32,11166.29,0.0,0.0,Cropland,9.12,0.0,11.35,79.5,0.03,0,0.0,Unknown,0,187.88,273.07,273.07,365.51,578.34
cell_00143,80.0575,13.1625,299687.92635839584,21.0,30.0,25.29,0.0,5.59,1.9,0.0,0.0,0.0,8192.13,6070.29,11444.24,0.0,0.0,Cropland,0.0,0.0,9.32,90.68,0.0,0,0.0,Unknown,0,187.88,273.07,273.07,365.51,578.34
cell_00144,80.0575,13.1675,299681.9613896224,22.0,30.0,26.57,0.0,6.15,1.96,0.0,0.0,0.0,8296.5,6623.27,11741.67,0.0,0.0,Cropland,1.79,4.37,26.43,67.12,0.29,0,0.0,Unknown,0,187.88,273.07,273.07,365.51,578.34
cell_00145,80.0575,13.1725,299675.99418600893,22.0,31.0,26.09,0.0,6.81,2.45,0.0,0.0,0.0,8435.89,7176.25,12057.14,0.0,0.0,Cropland,3.79,0.0,31.22,57.81,7.17,0,0.0,Unknown,0,187.88,273.07,273.07,365.51,578.34
cell_00146,80.0575,13.1775,299670.024747946,18.0,31.0,25.4,0.0,11.08,2.58,0.0,0.0,0.0,8608.62,7729.23,12389.27,0.0,0.0,Cropland,0.81,0.0,4.19,94.12,0.88,0,0.0,Unknown,0,187.88,273.07,273.07,365.51,578.34
cell_00147,80.0575,13.1825,299664.0530752705,21.0,31.0,25.4,0.0,6.83,1.93,0.0,0.0,0.0,8801.87,8282.22,12736.76,0.0,0.0,Cropland,0.7,0.0,25.41,73.79,0.1,0,0.0,Unknown,0,187.88,273.07,273.07,365.51,578.34
cell_00148,80.0575,13.1875,299658.0791681522,21.0,33.0,26.68,0.0,7.53,2.46,0.0,0.0,0.0,9021.16,8835.21,13098.39,0.0,0.0,Cropland,6.63,0.0,14.06,77.84,1.47,0,0.0,Unknown,0,187.88,273.07,273.07,365.51,578.34
cell_00149,80.0575,13.1925,299652.1030265714,22.0,30.0,26.34,0.0,4.86,1.77,0.0,0.0,0.0,9268.31,9388.2,13473.01,0.0,0.0,Vegetation,0.0,0.0,58.31,41.69,0.0,0,0.0,Unknown,0,187.88,273.07,273.07,365.51,578.34
cell_00150,80.0575,13.1975,299646.1246501436,19.0,30.0,25.92,0.0,6.16,2.18,0.0,0.0,0.0,9541.13,9941.2,13859.58,0.0,0.0,Vegetation,3.41,0.22,56.51,39.16,0.7,0,0.0,Unknown,0,187.88,273.07,273.07,365.51,578.34
cell_00151,80.0575,13.2025,299640.1440396386,22.0,32.0,26.24,0.0,7.39,2.43,0.0,0.0,0.0,9837.51,10494.2,14257.12,0.0,0.0,Cropland,0.0,0.0,26.37,73.63,0.0,0,0.0,Unknown,0,187.88,273.07,273.07,365.51,578.34
cell_00152,80.0575,13.2075,299634.1611948002,19.0,28.0,23.98,0.0,6.72,2.15,0.0,0.0,0.0,10155.37,11047.2,14372.44,0.0,0.0,Cropland,0.0,0.0,18.05,81.82,0.13,0,0.0,Unknown,0,187.88,273.07,273.07,365.51,578.34
cell_00153,80.0575,13.2125,299628.17611544975,15.0,29.0,22.73,0.0,9.93,2.44,0.0,0.0,0.0,10492.77,11600.2,14471.3,0.0,0.0,Cropland,5.26,0.0,25.26,69.45,0.03,0,0.0,Unknown,0,187.88,273.07,273.07,365.51,578.34
cell_00154,80.0575,13.2175,299622.1888016767,18.0,26.0,20.98,0.0,6.51,1.93,0.0,0.0,0.0,10847.88,12153.2,14590.47,0.0,0.0,Cropland,0.0,0.16,33.64,66.14,0.06,0,0.0,Unknown,0,187.88,273.07,273.07,365.51,578.34
cell_00155,80.0575,13.2225,299616.19925366685,18.0,25.0,21.72,0.0,8.16,2.15,0.0,0.0,0.0,11219.02,12706.2,14729.44,0.0,0.0,Cropland,0.0,0.0,19.03,80.97,0.0,0,0.0,Unknown,0,187.88,273.07,273.07,365.51,578.34
cell_00156,80.0575,13.2275,299610.2074716055,18.0,27.0,22.23,0.0,5.79,1.81,0.0,0.0,0.0,11604.65,13259.21,14887.68,0.0,0.0,Cropland,0.0,0.0,8.64,91.36,0.0,0,0.0,Unknown,0,187.88,273.07,273.07,365.51,578.34
cell_00157,80.0575,13.2325,299604.2134553145,19.0,27.0,23.23,0.0,5.86,1.99,0.0,0.0,0.0,12003.38,13812.21,15064.56,0.0,0.0,Cropland,0.83,0.0,21.68,77.49,0.0,0,0.0,Unknown,0,187.88,273.07,273.07,365.51,578.34
cell_00158,80.0575,13.2375,299598.2172046312,13.0,27.0,20.16,0.0,8.59,2.56,0.0,0.0,0.0,12413.94,14365.22,15259.45,0.0,0.0,Vegetation,3.18,0.0,53.73,42.34,0.75,0,0.0,Unknown,0,187.88,273.07,273.07,365.51,578.34
cell_00159,80.0575,13.2425,299592.21872011834,20.0,29.0,23.48,0.0,6.19,2.14,0.0,0.0,0.0,12807.45,14918.22,15471.66,0.0,0.0,Cropland,8.04,0.0,21.84,69.58,0.54,0,0.0,Unknown,0,187.88,273.07,273.07,365.51,578.34
cell_00160,80.0575,13.2475,299586.21800112637,18.0,28.0,22.94,0.0,5.25,2.09,0.0,0.0,0.0,13096.68,15471.23,15700.48,0.0,0.0,Cropland,0.0,0.0,5.96,94.04,0.0,0,0.0,Unknown,0,187.88,273.07,273.07,365.51,578.34
cell_00161,80.0575,13.2525,299580.215048187,0.0,0.0,0.0,0.0,0.0,0.0,0.0,0.0,0.0,13402.5,16024.24,15945.21,0.0,0.0,Unknown,0.0,0.0,0.0,0.0,0.0,0,0.0,Unknown,0,187.88,273.07,273.07,365.51,578.34
cell_00162,80.0625,12.8525,300052.56676289445,23.0,37.0,28.93,0.0,5.94,1.99,0.0,0.0,0.0,13136.08,15100.92,17612.68,0.0,0.0,Built-up,68.4,0.0,22.84,8.76,0.0,0,0.0,Unknown,0,187.88,273.07,273.07,365.51,578.34
cell_00163,80.0625,12.8575,300046.74045895325,23.0,30.0,26.27,0.0,6.16,1.89,0.0,0.0,0.0,12623.95,15019.25,17277.29,0.0,0.0,Built-up,48.64,0.0,29.58,21.69,0.1,0,0.0,Unknown,0,187.88,273.07,273.07,365.51,578.34
cell_00164,80.0625,12.8625,300040.91191797145,21.0,29.0,25.11,0.0,6.72,1.78,0.0,0.0,0.0,12115.41,14957.58,16953.31,0.0,0.0,Built-up,78.96,0.0,13.44,7.6,0.0,0,0.0,Unknown,0,187.88,273.07,273.07,365.51,578.34
cell_00165,80.0625,12.8675,300035.0811406553,19.0,30.0,24.17,0.0,8.59,2.19,0.0,0.0,0.0,11610.94,14916.17,16641.41,0.0,0.0,Built-up,81.52,0.0,12.07,6.41,0.0,0,0.0,Unknown,0,187.88,273.07,273.07,365.51,578.34
cell_00166,80.0625,12.8725,300029.2481261635,20.0,26.0,22.79,0.0,4.89,1.44,0.0,0.0,0.0,11111.08,14895.19,16342.26,0.0,0.0,Vegetation,37.44,0.0,48.77,13.8,0.0,0,0.0,Unknown,0,187.88,273.07,273.07,365.51,578.34
cell_00167,80.0625,12.8775,300023.4128752975,19.0,35.0,24.79,0.0,5.79,2.21,0.0,0.0,0.0,10616.5,14894.73,16056.59,0.0,0.0,Vegetation,24.25,0.0,45.06,30.68,0.0,0,0.0,Unknown,0,187.88,273.07,273.07,365.51,578.34
cell_00168,80.0625,12.8825,300017.57538759423,19.0,32.0,24.53,0.0,10.39,2.43,0.0,0.0,0.0,10127.95,14914.78,15785.13,0.0,0.0,Vegetation,20.33,0.3,57.55,21.79,0.03,0,0.0,Unknown,0,187.88,273.07,273.07,365.51,578.34
cell_00169,80.0625,12.8875,300011.7356633974,20.0,31.0,24.96,0.0,6.16,2.56,0.0,0.0,0.0,9646.37,14955.27,15528.63,0.0,0.0,Vegetation,25.55,0.0,52.14,21.95,0.36,0,0.0,Unknown,0,187.88,273.07,273.07,365.51,578.34
cell_00170,80.0625,12.8925,300005.8937026875,15.0,28.0,22.42,0.0,6.93,2.46,0.0,0.0,0.0,9172.85,15016.02,15287.83,0.0,0.0,Built-up,55.29,0.0,32.79,11.62,0.29,0,0.0,Unknown,0,187.88,273.07,273.07,365.51,578.34
cell_00171,80.0625,12.8975,300000.0495050172,15.0,31.0,23.28,0.0,12.13,2.88,0.0,0.0,0.0,8708.7,15096.8,14988.99,0.0,0.0,Built-up,64.96,0.0,11.8,23.04,0.2,0,0.0,Unknown,0,187.88,273.07,273.07,365.51,578.34
cell_00172,80.0625,12.9025,299994.2030714553,14.0,23.0,18.23,0.0,6.65,2.17,0.0,0.0,0.0,8255.5,15197.29,14618.62,0.0,0.0,Built-up,65.0,0.0,25.65,8.31,1.04,0,0.0,Unknown,0,187.88,273.07,273.07,365.51,578.34
cell_00173,80.0625,12.9075,299988.3544009719,13.0,21.0,16.78,0.0,5.66,2.08,0.0,0.0,0.0,7815.16,14923.31,14260.07,0.0,0.0,Cropland,30.0,0.0,30.75,38.54,0.71,0,0.0,Unknown,0,187.88,273.07,273.07,365.51,578.34
cell_00174,80.0625,12.9125,299982.50349441567,12.0,22.0,16.16,0.0,6.03,2.34,0.0,0.0,0.0,7389.98,14543.73,13914.27,0.0,0.0,Built-up,46.94,0.0,26.74,25.82,0.5,0,0.0,Unknown,0,187.88,273.07,273.07,365.51,578.34
cell_00175,80.0625,12.9175,299976.65035104,12.0,19.0,15.18,0.0,4.98,1.85,0.0,0.0,0.0,6982.73,14175.56,13582.18,0.0,0.0,Built-up,41.49,0.0,28.02,29.77,0.71,0,0.0,Unknown,0,187.88,273.07,273.07,365.51,578.34
cell_00176,80.0625,12.9225,299970.79497172334,10.0,19.0,14.86,0.0,6.16,1.86,0.0,0.0,0.0,6596.72,13819.72,13264.85,0.0,0.0,Vegetation,15.16,0.0,78.64,6.2,0.0,0,0.0,Unknown,0,187.88,273.07,273.07,365.51,578.34
cell_00177,80.0625,12.9275,299964.93735564104,11.0,19.0,15.56,0.0,5.46,1.78,0.0,0.0,0.0,6235.92,13477.18,12963.34,0.0,0.0,Vegetation,0.0,0.0,81.49,18.51,0.0,0,0.0,Unknown,0,187.88,273.07,273.07,365.51,578.34
cell_00178,80.0625,12.9325,299959.0775033116,13.0,25.0,16.44,0.0,7.39,1.79,0.0,0.0,0.0,5904.92,13148.98,12678.79,0.0,0.0,Vegetation,0.0,0.0,73.18,26.82,0.0,0,0.0,Unknown,0,187.88,273.07,273.07,365.51,578.34
cell_00179,80.0625,12.9375,299953.2154149971,14.0,29.0,17.17,0.0,9.01,1.6,0.0,0.0,0.0,5609.03,12836.21,12325.31,0.0,0.0,Cropland,0.0,0.0,42.6,57.4,0.0,0,0.0,Unknown,0,187.88,273.07,273.07,365.51,578.34
cell_00180,80.0625,12.9425,299947.35109053506,16.0,27.0,19.83,0.0,5.66,1.91,0.0,0.0,0.0,5354.06,12540.05,11933.06,0.0,0.0,Vegetation,0.83,0.0,53.02,46.15,0.0,0,0.0,Unknown,0,187.88,273.07,273.07,365.51,578.34
cell_00181,80.0625,12.9475,299941.48452941753,19.0,32.0,25.82,0.0,7.85,2.64,0.0,0.0,0.0,5146.09,12261.68,11553.97,0.0,0.0,Vegetation,19.35,0.0,48.12,32.4,0.13,0,0.0,Unknown,0,187.88,273.07,273.07,365.51,578.34
cell_00182,80.0625,12.9525,299935.61573238135,16.0,31.0,26.29,0.0,11.08,2.54,0.0,0.0,0.0,4991.01,12002.35,11189.38,0.0,0.0,Vegetation,1.79,0.0,95.32,2.89,0.0,0,0.0,Unknown,0,187.88,273.07,273.07,365.51,578.34
cell_00183,80.0625,12.9575,299929.7446993907,9.0,29.0,23.06,0.0,13.75,3.27,0.0,0.0,0.0,4893.84,11763.32,10840.75,0.0,0.0,Vegetation,8.1,13.29,68.56,2.05,8.0,0,0.0,Unknown,0,187.88,273.07,273.07,365.51,578.34
cell_00184,80.0625,12.9625,299923.87143015664,-4.0,31.0,20.77,0.0,31.79,4.05,0.0,0.0,0.0,4858.07,11545.85,10509.66,0.0,0.0,Vegetation,2.66,0.13,80.91,16.3,0.0,0,0.0,Unknown,0,187.88,273.07,273.07,365.51,578.34
cell_00185,80.0625,12.9675,299917.99592483253,15.0,28.0,21.02,0.0,8.23,2.31,0.0,0.0,0.0,4885.04,11351.17,10197.83,0.0,0.0,Vegetation,0.49,0.0,78.28,21.23,0.0,0,0.0,Unknown,0,187.88,273.07,273.07,365.51,578.34
cell_00186,80.0625,12.9725,299912.11818349425,18.0,33.0,25.28,0.0,9.1,2.66,0.0,0.0,0.0,4972.21,11180.47,9907.07,0.0,0.0,Cropland,29.42,0.0,31.8,38.78,0.0,0,0.0,Unknown,0,187.88,273.07,273.07,365.51,578.34
cell_00187,80.0625,12.9775,299906.2382061211,17.0,31.0,22.32,0.0,6.98,2.36,0.0,0.0,0.0,5110.33,11034.88,9639.3,0.0,0.0,Cropland,18.31,0.0,35.13,46.3,0.26,0,0.0,Unknown,0,187.88,273.07,273.07,365.51,578.34
cell_00188,80.0625,12.9825,299900.3559929443,19.0,33.0,26.95,0.0,9.8,3.04,0.0,0.0,0.0,5302.79,10713.74,9396.47,0.0,0.0,Built-up,50.13,0.0,30.36,19.38,0.13,0,0.0,Unknown,0,187.88,273.07,273.07,365.51,578.34
cell_00189,80.0625,12.9875,299894.4715437867,18.0,30.0,24.79,0.0,8.8,2.48,0.0,0.0,0.0,5538.03,10246.87,9180.57,0.0,0.0,Water,10.98,39.01,34.15,15.24,0.63,0,0.0,Unknown,0,187.88,273.07,273.07,365.51,578.34
cell_00190,80.0625,12.9925,299888.58485878684,19.0,30.0,21.06,0.0,8.83,1.63,0.0,0.0,0.0,5814.45,9788.06,8993.53,0.0,0.0,Water,0.0,88.25,9.45,2.31,0.0,0,0.0,Unknown,0,187.88,273.07,273.07,365.51,578.34
cell_00191,80.0625,12.9975,299882.6959376081,19.0,20.0,19.0,0.0,6.72,0.06,0.0,0.0,0.0,6128.41,9339.46,8837.19,0.0,0.0,Water,0.0,99.06,0.94,0.0,0.0,0,0.0,Unknown,0,187.88,273.07,273.07,365.51,578.34
cell_00192,80.0625,13.0025,299876.8047811761,19.0,19.0,19.0,0.0,0.0,0.0,0.0,0.0,0.0,6388.63,8902.62,8713.21,0.0,0.0,Water,0.0,99.9,0.1,0.0,0.0,0,0.0,Unknown,0,187.88,273.07,273.07,365.51,578.34
cell_00193,80.0625,13.0075,299870.91138854186,19.0,19.0,19.0,0.0,0.0,0.0,0.0,0.0,0.0,6571.54,8479.35,8622.97,0.0,0.0,Water,0.0,100.0,0.0,0.0,0.0,0,0.0,Unknown,0,187.88,273.07,273.07,365.51,578.34
cell_00194,80.0625,13.0125,299865.0157603951,19.0,19.0,19.0,0.0,0.0,0.0,0.0,0.0,0.0,6794.64,8071.78,8567.54,0.0,0.0,Water,0.0,100.0,0.0,0.0,0.0,0,0.0,Unknown,0,187.88,273.07,273.07,365.51,578.34
cell_00195,80.0625,13.0175,299859.1178963679,19.0,19.0,19.0,0.0,0.0,0.0,0.0,0.0,0.0,7054.14,7682.42,8534.61,0.0,0.0,Water,0.0,99.93,0.07,0.0,0.0,0,0.0,Unknown,0,187.88,273.07,273.07,365.51,578.34
cell_00196,80.0625,13.0225,299853.2177967857,18.0,32.0,21.01,0.0,13.36,1.76,0.0,0.0,0.0,7346.17,7314.17,8506.07,0.0,0.0,Water,0.0,76.95,11.36,11.69,0.0,0,0.0,Unknown,0,187.88,273.07,273.07,365.51,578.34
cell_00197,80.0625,13.0275,299847.3154614886,19.0,28.0,23.74,0.0,6.19,2.22,0.0,0.0,0.0,7667.01,6970.38,8513.43,0.0,0.0,Vegetation,0.0,17.18,64.97,17.86,0.0,0,0.0,Unknown,0,187.88,273.07,273.07,365.51,578.34
cell_00198,80.0625,13.0325,299841.4108905972,18.0,29.0,24.11,0.0,5.94,2.37,0.0,0.0,0.0,8013.22,6654.84,8556.59,0.0,0.0,Vegetation,0.03,7.74,85.92,6.31,0.0,0,0.0,Unknown,0,187.88,273.07,273.07,365.51,578.34
cell_00199,80.0625,13.0375,299835.5040842972,19.0,37.0,25.7,0.0,10.78,2.65,0.0,0.0,0.0,8379.36,6284.24,8635.03,0.0,0.0,Vegetation,3.41,0.36,79.55,16.69,0.0,0,0.0,Unknown,0,187.88,273.07,273.07,365.51,578.34
cell_00200,80.0625,13.0425,299829.5950420957,21.0,38.0,28.93,0.0,6.19,2.27,0.0,0.0,0.0,8496.46,5782.29,8747.79,0.0,0.0,Built-up,51.82,0.0,44.9,2.69,0.58,0,0.0,Unknown,0,187.88,273.07,273.07,365.51,578.34
cell_00201,80.0625,13.0475,299823.683764792,23.0,32.0,27.07,0.0,5.94,2.0,0.0,0.0,0.0,8496.13,5287.46,8893.56,0.0,0.0,Vegetation,39.37,0.26,43.14,17.12,0.1,0,0.0,Unknown,0,187.88,273.07,273.07,365.51,578.34
cell_00202,80.0625,13.0525,299817.7702517981,24.0,35.0,29.52,0.0,6.72,2.19,0.0,0.0,0.0,8531.71,4796.57,9070.76,0.0,0.0,Built-up,68.15,0.32,27.01,2.99,1.53,0,0.0,Unknown,0,187.88,273.07,273.07,365.51,578.34
cell_00203,80.0625,13.0575,299811.8545033623,21.0,32.0,25.57,0.0,7.85,2.49,0.0,0.0,0.0,8602.78,4320.25,9277.59,0.0,0.0,Built-up,77.4,0.0,11.98,10.62,0.0,0,0.0,Unknown,0,187.88,273.07,273.07,365.51,578.34
cell_00204,80.0625,13.0625,299805.93651984347,21.0,32.0,24.62,0.0,8.23,2.29,0.0,0.0,0.0,8687.19,3864.41,9512.11,0.0,0.0,Vegetation,23.87,0.0,39.24,36.79,0.1,0,0.0,Unknown,0,187.88,273.07,273.07,365.51,578.34
cell_00205,80.0625,13.0675,299800.0163005895,20.0,28.0,24.3,0.0,7.5,2.39,0.0,0.0,0.0,8801.3,3437.21,9772.32,0.0,0.0,Cropland,0.39,0.0,28.44,70.94,0.23,0,0.0,Unknown,0,187.88,273.07,273.07,365.51,578.34
cell_00206,80.0625,13.0725,299794.0938460543,20.0,30.0,24.73,0.0,7.09,2.24,0.0,0.0,0.0,8762.41,3041.7,10051.18,0.0,0.0,Cropland,3.18,0.0,36.27,58.21,2.34,0,0.0,Unknown,0,187.88,273.07,273.07,365.51,578.34
cell_00207,80.0625,13.0775,299788.1691565489,21.0,32.0,26.98,0.0,6.15,2.53,0.0,0.0,0.0,8528.52,2676.72,9849.58,0.0,0.0,Vegetation,18.74,0.0,52.79,24.17,4.3,0,0.0,Unknown,0,187.88,273.07,273.07,365.51,578.34
cell_00208,80.0625,13.0825,299782.24223129585,19.0,29.0,24.26,0.0,8.13,2.13,0.0,0.0,0.0,8324.84,2184.12,9670.22,0.0,0.0,Cropland,15.13,0.0,32.86,48.83,3.18,0,0.0,Unknown,0,187.88,273.07,273.07,365.51,578.34
cell_00209,80.0625,13.0875,299776.31307137915,22.0,33.0,25.55,0.0,7.39,2.22,0.0,0.0,0.0,8153.65,1720.43,9519.64,0.0,0.0,Vegetation,7.17,0.23,65.19,24.0,3.4,0,0.0,Unknown,0,187.88,273.07,273.07,365.51,578.34
cell_00210,80.0625,13.0925,299770.38167578477,22.0,30.0,25.65,0.0,5.46,2.1,0.0,0.0,0.0,8017.02,1190.98,9399.24,0.0,0.0,Cropland,1.1,0.0,42.66,56.1,0.13,0,0.0,Unknown,0,187.88,273.07,273.07,365.51,578.34
cell_00211,80.0625,13.0975,299764.44804548676,21.0,29.0,25.18,0.0,5.66,2.1,0.0,0.0,0.0,7916.75,672.63,9310.17,0.0,0.0,Vegetation,3.73,0.0,46.04,40.0,10.23,0,0.0,Unknown,0,187.88,273.07,273.07,365.51,578.34
cell_00212,80.0625,13.1025,299758.5121796446,20.0,32.0,27.6,0.0,8.02,2.2,0.0,0.0,0.0,7854.22,180.38,9253.36,406.87,0.001357,Vegetation,13.72,0.0,47.77,38.51,0.0,0,0.0,Unknown,0,187.88,273.07,273.07,365.51,578.34
cell_00213,80.0625,13.1075,299752.57407893246,23.0,33.0,27.43,0.0,5.86,2.09,0.0,0.0,0.0,7830.34,232.9,9229.38,298.91,0.000997,Cropland,19.38,0.03,40.26,40.32,0.0,0,0.0,Unknown,0,187.88,273.07,273.07,365.51,578.34
cell_00214,80.0625,13.1125,299746.6337432829,24.0,37.0,30.53,0.0,7.7,2.33,0.0,0.0,0.0,7845.46,659.53,9238.51,0.0,0.0,Built-up,74.38,0.16,23.51,1.95,0.0,0,0.0,Unknown,0,187.88,273.07,273.07,365.51,578.34
cell_00215,80.0625,13.1175,299740.6911725968,26.0,39.0,32.65,0.0,9.52,2.86,0.0,0.0,0.0,7898.53,1164.1,9280.64,0.0,0.0,Built-up,80.96,0.0,18.84,0.0,0.2,0,0.0,Unknown,0,187.88,273.07,273.07,365.51,578.34
cell_00216,80.0625,13.1225,299734.74636661645,31.0,46.0,37.99,0.0,9.2,2.4,0.0,0.0,0.0,7971.4,1697.91,9355.32,0.0,0.0,Built-up,60.88,0.0,32.11,0.78,6.23,0,0.0,Unknown,0,187.88,273.07,273.07,365.51,578.34
cell_00217,80.0625,13.1275,299728.7993260953,36.0,47.0,40.81,0.0,9.46,2.36,0.0,0.0,0.0,7982.06,2241.05,9461.78,0.0,0.0,Vegetation,43.9,0.0,50.19,3.15,2.76,0,0.0,Unknown,0,187.88,273.07,273.07,365.51,578.34
cell_00218,80.0625,13.1325,299722.85005033546,34.0,56.0,42.62,0.0,12.55,3.75,0.0,0.0,0.0,7820.03,2788.07,9598.98,0.0,0.0,Vegetation,1.52,0.0,55.17,43.31,0.0,0,0.0,Unknown,0,187.88,273.07,273.07,365.51,578.34
cell_00219,80.0625,13.1375,299716.89854012086,38.0,56.0,46.87,0.0,8.66,2.76,0.0,0.0,0.0,7694.42,3337.03,9765.6,0.0,0.0,Vegetation,7.44,0.0,90.65,1.92,0.0,0,0.0,Unknown,0,187.88,273.07,273.07,365.51,578.34
cell_00220,80.0625,13.1425,299710.9447947369,31.0,53.0,41.78,0.0,16.06,3.82,0.0,0.0,0.0,7607.04,3886.39,9960.18,0.0,0.0,Vegetation,15.36,0.0,79.84,4.77,0.03,0,0.0,Unknown,0,187.88,273.07,273.07,365.51,578.34
cell_00221,80.0625,13.1475,299704.9888146062,25.0,47.0,37.39,0.0,9.46,2.81,0.0,0.0,0.0,7559.2,4435.91,10181.12,0.0,0.0,Built-up,71.17,0.0,25.45,3.37,0.0,0,0.0,Unknown,0,187.88,273.07,273.07,365.51,578.34
cell_00222,80.0625,13.1525,299699.0305997239,23.0,39.0,32.23,0.0,11.02,3.03,0.0,0.0,0.0,7551.66,4986.14,10426.73,0.0,0.0,Built-up,66.4,0.0,29.77,3.83,0.0,0,0.0,Unknown,0,187.88,273.07,273.07,365.51,578.34
cell_00223,80.0625,13.1575,299693.07015027426,23.0,34.0,27.16,0.0,6.41,2.13,0.0,0.0,0.0,7584.55,5536.92,10695.31,0.0,0.0,Cropland,14.06,0.0,31.36,54.45,0.13,0,0.0,Unknown,0,187.88,273.07,273.07,365.51,578.34
cell_00224,80.0625,13.1625,299687.10746585985,21.0,29.0,25.68,0.0,6.19,2.11,0.0,0.0,0.0,7657.33,6088.11,10985.19,0.0,0.0,Cropland,11.7,0.0,24.99,63.31,0.0,0,0.0,Unknown,0,187.88,273.07,273.07,365.51,578.34
cell_00225,80.0625,13.1675,299681.14254716865,21.0,30.0,25.23,0.0,6.91,2.26,0.0,0.0,0.0,7768.89,6639.6,11294.73,0.0,0.0,Cropland,0.0,0.0,47.95,52.05,0.0,0,0.0,Unknown,0,187.88,273.07,273.07,365.51,578.34
cell_00226,80.0625,13.1725,299675.17539336166,21.0,30.0,25.01,0.0,7.39,2.34,0.0,0.0,0.0,7917.59,7191.32,11622.34,0.0,0.0,Cropland,0.0,0.0,22.95,77.01,0.03,0,0.0,Unknown,0,187.88,273.07,273.07,365.51,578.34
cell_00227,80.0625,13.1775,299669.2060054119,21.0,32.0,25.73,0.0,6.81,2.26,0.0,0.0,0.0,8099.52,7743.23,11966.56,0.0,0.0,Cropland,11.6,0.0,43.44,44.83,0.13,0,0.0,Unknown,0,187.88,273.07,273.07,365.51,578.34
cell_00228,80.0625,13.1825,299663.2343827625,19.0,28.0,24.25,0.0,7.26,2.41,0.0,0.0,0.0,8300.89,8295.29,12325.98,0.0,0.0,Cropland,0.03,0.0,4.94,93.44,1.59,0,0.0,Unknown,0,187.88,273.07,273.07,365.51,578.34
cell_00229,80.0625,13.1875,299657.26052555203,20.0,31.0,25.71,0.0,6.81,2.24,0.0,0.0,0.0,8533.08,8847.46,12699.32,0.0,0.0,Cropland,4.87,0.0,26.2,67.34,1.59,0,0.0,Unknown,0,187.88,273.07,273.07,365.51,578.34
cell_00230,80.0625,13.1925,299651.2844339337,20.0,29.0,24.37,0.0,5.66,1.98,0.0,0.0,0.0,8793.96,9399.73,13085.38,0.0,0.0,Cropland,0.5,0.0,14.38,68.76,16.36,0,0.0,Unknown,0,187.88,273.07,273.07,365.51,578.34
cell_00231,80.0625,13.1975,299645.30610771355,20.0,30.0,25.32,0.0,5.79,2.01,0.0,0.0,0.0,9081.06,9952.09,13483.07,0.0,0.0,Cropland,3.8,0.0,18.96,69.97,7.27,0,0.0,Unknown,0,187.88,273.07,273.07,365.51,578.34
cell_00232,80.0625,13.2025,299639.32554717123,22.0,32.0,27.25,0.0,6.98,2.22,0.0,0.0,0.0,9391.97,10504.51,13756.69,0.0,0.0,Vegetation,10.16,0.0,79.55,9.81,0.49,0,0.0,Unknown,0,187.88,273.07,273.07,365.51,578.34
cell_00233,80.0625,13.2075,299633.3427524437,17.0,32.0,24.87,0.0,6.93,2.36,0.0,0.0,0.0,9724.42,11056.99,13837.88,0.0,0.0,Vegetation,7.67,0.0,51.6,40.73,0.0,0,0.0,Unknown,0,187.88,273.07,273.07,365.51,578.34
cell_00234,80.0625,13.2125,299627.3577230854,18.0,27.0,22.53,0.0,6.41,2.23,0.0,0.0,0.0,10076.26,11609.52,13940.55,0.0,0.0,Cropland,12.37,0.0,39.51,47.79,0.32,0,0.0,Unknown,0,187.88,273.07,273.07,365.51,578.34
cell_00235,80.0625,13.2175,299621.3704596134,16.0,25.0,20.79,0.0,5.94,1.84,0.0,0.0,0.0,10445.55,12162.1,14064.22,0.0,0.0,Vegetation,4.16,0.0,54.42,41.33,0.1,0,0.0,Unknown,0,187.88,273.07,273.07,365.51,578.34
cell_00236,80.0625,13.2225,299615.3809617853,15.0,26.0,20.98,0.0,6.03,2.24,0.0,0.0,0.0,10830.49,12714.72,14208.36,0.0,0.0,Cropland,0.07,0.0,21.19,78.68,0.07,0,0.0,Unknown,0,187.88,273.07,273.07,365.51,578.34
cell_00237,80.0625,13.2275,299609.389229786,19.0,27.0,22.53,0.0,5.25,2.0,0.0,0.0,0.0,11229.48,13267.36,14372.34,0.0,0.0,Cropland,0.0,0.0,5.78,94.22,0.0,0,0.0,Unknown,0,187.88,273.07,273.07,365.51,578.34
cell_00238,80.0625,13.2325,299603.3952634388,18.0,27.0,22.86,0.0,7.26,2.42,0.0,0.0,0.0,11641.07,13820.04,14555.5,0.0,0.0,Cropland,1.72,0.0,20.52,77.76,0.0,0,0.0,Unknown,0,187.88,273.07,273.07,365.51,578.34
cell_00239,80.0625,13.2375,299597.3990631962,13.0,29.0,20.45,0.0,6.72,2.67,0.0,0.0,0.0,12061.72,14372.75,14757.12,0.0,0.0,Cropland,6.64,0.07,37.49,51.17,4.63,0,0.0,Unknown,0,187.88,273.07,273.07,365.51,578.34
cell_00240,80.0625,13.2425,299591.4006288489,14.0,34.0,23.01,0.0,15.73,2.87,0.0,0.0,0.0,12343.67,14925.47,14976.46,0.0,0.0,Cropland,7.24,0.0,10.06,82.69,0.0,0,0.0,Unknown,0,187.88,273.07,273.07,365.51,578.34
cell_00241,80.0625,13.2475,299585.3999599974,18.0,29.0,23.12,0.0,8.3,2.36,0.0,0.0,0.0,12643.52,15478.22,15212.74,0.0,0.0,Cropland,0.75,0.0,11.3,87.92,0.03,0,0.0,Unknown,0,187.88,273.07,273.07,365.51,578.34
cell_00242,80.0625,13.2525,299579.39705730026,0.0,0.0,0.0,0.0,0.0,0.0,0.0,0.0,0.0,12960.05,16030.98,15465.2,0.0,0.0,Unknown,0.0,0.0,0.0,0.0,0.0,0,0.0,Unknown,0,187.88,273.07,273.07,365.51,578.34
cell_00243,80.0675,12.8525,300051.74918267166,24.0,34.0,27.96,0.0,5.79,2.07,0.0,0.0,0.0,12945.23,14566.1,17188.68,0.0,0.0,Built-up,77.05,0.0,20.19,2.66,0.1,0,0.0,Unknown,0,187.88,273.07,273.07,365.51,578.34
cell_00244,80.0675,12.8575,300045.922927414,23.0,32.0,26.67,0.0,6.16,1.82,0.0,0.0,0.0,12425.24,14481.41,16844.86,0.0,0.0,Built-up,80.55,0.0,17.63,1.5,0.32,0,0.0,Unknown,0,187.88,273.07,273.07,365.51,578.34
cell_00245,80.0675,12.8625,300040.0944350448,23.0,30.0,25.99,0.0,4.89,1.78,0.0,0.0,0.0,11908.22,14417.46,16512.41,0.0,0.0,Built-up,86.83,0.0,10.36,2.52,0.29,0,0.0,Unknown,0,187.88,273.07,273.07,365.51,578.34
cell_00246,80.0675,12.8675,300034.2637064279,20.0,30.0,24.66,0.0,5.79,1.9,0.0,0.0,0.0,11394.58,14374.51,16192.02,0.0,0.0,Built-up,69.77,0.0,26.14,4.09,0.0,0,0.0,Unknown,0,187.88,273.07,273.07,365.51,578.34
cell_00247,80.0675,12.8725,300028.43074064294,22.0,26.0,23.92,0.0,3.47,1.31,0.0,0.0,0.0,10884.8,14352.75,15884.42,0.0,0.0,Cropland,6.15,0.0,36.48,57.37,0.0,0,0.0,Unknown,0,187.88,273.07,273.07,365.51,578.34
cell_00248,80.0675,12.8775,300022.5955383651,21.0,34.0,27.76,0.0,6.51,2.13,0.0,0.0,0.0,10379.44,14352.28,15590.38,0.0,0.0,Vegetation,6.95,0.0,52.39,39.73,0.92,0,0.0,Unknown,0,187.88,273.07,273.07,365.51,578.34
cell_00249,80.0675,12.8825,300016.758099621,23.0,35.0,28.21,0.0,5.86,1.86,0.0,0.0,0.0,9879.19,14373.1,15310.67,0.0,0.0,Vegetation,18.47,1.69,46.33,33.41,0.1,0,0.0,Unknown,0,187.88,273.07,273.07,365.51,578.34
cell_00250,80.0675,12.8875,300010.9184240599,23.0,38.0,29.95,0.0,6.98,2.49,0.0,0.0,0.0,9384.86,14415.12,15046.09,0.0,0.0,Built-up,52.1,0.0,32.46,15.4,0.03,0,0.0,Unknown,0,187.88,273.07,273.07,365.51,578.34
cell_00251,80.0675,12.8925,300005.07651214965,22.0,32.0,27.5,0.0,7.09,2.15,0.0,0.0,0.0,8897.44,14478.15,14797.45,0.0,0.0,Built-up,72.99,0.0,19.77,5.9,1.34,0,0.0,Unknown,0,187.88,273.07,273.07,365.51,578.34
cell_00252,80.0675,12.8975,299999.23236330156,20.0,34.0,26.54,0.0,5.79,2.28,0.0,0.0,0.0,8418.12,14561.92,14565.57,0.0,0.0,Built-up,64.68,0.0,29.58,5.75,0.0,0,0.0,Unknown,0,187.88,273.07,273.07,365.51,578.34
cell_00253,80.0675,12.9025,299993.3859784922,16.0,27.0,21.6,0.0,7.79,2.14,0.0,0.0,0.0,7948.38,14666.09,14215.24,0.0,0.0,Built-up,82.05,0.06,16.71,1.08,0.1,0,0.0,Unknown,0,187.88,273.07,273.07,365.51,578.34
cell_00254,80.0675,12.9075,299987.5373567687,13.0,26.0,19.43,0.0,5.59,2.15,0.0,0.0,0.0,7490.01,14538.8,13846.26,0.0,0.0,Built-up,87.82,0.0,10.71,0.86,0.61,0,0.0,Unknown,0,187.88,273.07,273.07,365.51,578.34
cell_00255,80.0675,12.9125,299981.6864990745,14.0,24.0,18.55,0.0,7.53,2.15,0.0,0.0,0.0,7045.24,14148.92,13489.87,0.0,0.0,Built-up,69.58,0.0,16.17,14.16,0.1,0,0.0,Unknown,0,187.88,273.07,273.07,365.51,578.34
cell_00256,80.0675,12.9175,299975.83340461494,12.0,19.0,15.69,0.0,4.1,1.48,0.0,0.0,0.0,6616.82,13770.21,13147.08,0.0,0.0,Built-up,65.85,0.0,21.14,12.91,0.1,0,0.0,Unknown,0,187.88,273.07,273.07,365.51,578.34
cell_00257,80.0675,12.9225,299969.97807417536,11.0,18.0,15.05,0.0,5.59,1.88,0.0,0.0,0.0,6208.11,13403.61,12818.98,0.0,0.0,Vegetation,6.51,0.0,67.98,25.26,0.26,0,0.0,Unknown,0,187.88,273.07,273.07,365.51,578.34
cell_00258,80.0675,12.9275,299964.12050694705,12.0,19.0,15.28,0.0,4.84,1.85,0.0,0.0,0.0,5823.28,13050.16,12506.74,0.0,0.0,Vegetation,0.0,0.0,82.05,17.89,0.06,0,0.0,Unknown,0,187.88,273.07,273.07,365.51,578.34
cell_00259,80.0675,12.9325,299958.2607035086,13.0,20.0,16.09,0.0,4.29,1.65,0.0,0.0,0.0,5467.38,12710.95,12211.57,0.0,0.0,Vegetation,1.59,0.0,86.42,11.99,0.0,0,0.0,Unknown,0,187.88,273.07,273.07,365.51,578.34
cell_00260,80.0675,12.9375,299952.3986642197,13.0,26.0,17.84,0.0,4.89,1.77,0.0,0.0,0.0,5146.4,12387.14,11934.73,0.0,0.0,Vegetation,9.5,0.0,46.62,43.65,0.22,0,0.0,Unknown,0,187.88,273.07,273.07,365.51,578.34
cell_00261,80.0675,12.9425,299946.53438861825,16.0,33.0,23.07,0.0,6.51,2.38,0.0,0.0,0.0,4867.26,12079.98,11550.74,0.0,0.0,Cropland,23.08,0.0,27.92,48.8,0.19,0,0.0,Unknown,0,187.88,273.07,273.07,365.51,578.34
cell_00262,80.0675,12.9475,299940.66787635256,23.0,66.0,37.44,0.0,20.63,6.35,0.0,0.0,0.0,4637.53,11790.77,11158.68,0.0,0.0,Vegetation,7.88,0.0,89.83,2.3,0.0,0,0.0,Unknown,0,187.88,273.07,273.07,365.51,578.34
cell_00263,80.0675,12.9525,299934.7991285383,25.0,56.0,32.43,0.0,14.92,2.89,0.0,0.0,0.0,4464.83,11520.86,10780.74,0.0,0.0,Vegetation,0.0,0.0,99.97,0.03,0.0,0,0.0,Unknown,0,187.88,273.07,273.07,365.51,578.34
cell_00264,80.0675,12.9575,299928.92814438156,15.0,34.0,26.15,0.0,13.47,3.15,0.0,0.0,0.0,4355.95,11271.63,10418.45,0.0,0.0,Vegetation,4.64,6.3,72.99,15.42,0.65,0,0.0,Unknown,0,187.88,273.07,273.07,365.51,578.34
cell_00265,80.0675,12.9625,299923.0549241322,17.0,30.0,22.46,0.0,8.23,2.57,0.0,0.0,0.0,4315.73,11044.48,10073.5,0.0,0.0,Vegetation,13.04,0.0,56.92,29.78,0.26,0,0.0,Unknown,0,187.88,273.07,273.07,365.51,578.34
cell_00266,80.0675,12.9675,299917.17946776986,16.0,25.0,19.36,0.0,7.26,2.01,0.0,0.0,0.0,4346.08,10840.82,9747.73,0.0,0.0,Cropland,0.22,3.54,34.31,55.8,6.12,0,0.0,Unknown,0,187.88,273.07,273.07,365.51,578.34
cell_00267,80.0675,12.9725,299911.3017755413,16.0,22.0,19.16,0.0,5.25,1.65,0.0,0.0,0.0,4441.87,10661.97,9443.14,0.0,0.0,Vegetation,0.0,0.0,77.82,22.18,0.0,0,0.0,Unknown,0,187.88,273.07,273.07,365.51,578.34
cell_00268,80.0675,12.9775,299905.4218473159,18.0,27.0,22.65,0.0,7.66,2.17,0.0,0.0,0.0,4595.95,10509.21,9161.82,0.0,0.0,Vegetation,14.06,0.0,75.83,10.11,0.0,0,0.0,Unknown,0,187.88,273.07,273.07,365.51,578.34
cell_00269,80.0675,12.9825,299899.5396831066,16.0,32.0,21.35,0.0,7.8,2.56,0.0,0.0,0.0,4807.44,10383.68,8906.0,0.0,0.0,Vegetation,34.79,0.0,45.15,19.99,0.06,0,0.0,Unknown,0,187.88,273.07,273.07,365.51,578.34
cell_00270,80.0675,12.9875,299893.655283035,19.0,30.0,25.04,0.0,6.89,2.25,0.0,0.0,0.0,5063.4,9959.15,8677.91,0.0,0.0,Built-up,47.01,0.0,37.99,14.55,0.45,0,0.0,Unknown,0,187.88,273.07,273.07,365.51,578.34
cell_00271,80.0675,12.9925,299887.76864714327,19.0,28.0,22.51,0.0,5.25,1.96,0.0,0.0,0.0,5364.34,9488.77,8479.8,0.0,0.0,Vegetation,15.24,0.06,70.28,14.41,0.0,0,0.0,Unknown,0,187.88,273.07,273.07,365.51,578.34
cell_00272,80.0675,12.9975,299881.8797750959,19.0,27.0,20.55,0.0,9.49,1.73,0.0,0.0,0.0,5703.15,9025.33,8313.82,0.0,0.0,Water,1.31,55.58,42.92,0.19,0.0,0,0.0,Unknown,0,187.88,273.07,273.07,365.51,578.34
cell_00273,80.0675,13.0025,299875.9886677733,19.0,19.0,19.0,0.0,0.0,0.0,0.0,0.0,0.0,5872.17,8572.51,8181.92,0.0,0.0,Water,0.0,99.97,0.03,0.0,0.0,0,0.0,Unknown,0,187.88,273.07,273.07,365.51,578.34
cell_00274,80.0675,13.0075,299870.09532431804,19.0,19.0,19.0,0.0,0.0,0.0,0.0,0.0,0.0,6070.66,8132.08,8085.77,0.0,0.0,Water,0.0,100.0,0.0,0.0,0.0,0,0.0,Unknown,0,187.88,273.07,273.07,365.51,578.34
cell_00275,80.0675,13.0125,299864.1997452297,19.0,19.0,19.0,0.0,0.0,0.0,0.0,0.0,0.0,6311.51,7706.17,8026.64,0.0,0.0,Water,0.0,100.0,0.0,0.0,0.0,0,0.0,Unknown,0,187.88,273.07,273.07,365.51,578.34
cell_00276,80.0675,13.0175,299858.30193041137,19.0,23.0,19.06,0.0,8.75,0.2,0.0,0.0,0.0,6590.07,7297.33,7994.41,0.0,0.0,Water,0.0,100.0,0.0,0.0,0.0,0,0.0,Unknown,0,187.88,273.07,273.07,365.51,578.34
cell_00277,80.0675,13.0225,299852.40188015776,14.0,34.0,22.03,0.0,19.13,2.69,0.0,0.0,0.0,6901.77,6908.6,7963.95,0.0,0.0,Water,0.0,98.28,1.72,0.0,0.0,0,0.0,Unknown,0,187.88,273.07,273.07,365.51,578.34
cell_00278,80.0675,13.0275,299846.499594022,19.0,28.0,22.61,0.0,6.16,1.91,0.0,0.0,0.0,7242.34,6543.54,7971.82,0.0,0.0,Water,0.0,70.41,29.24,0.35,0.0,0,0.0,Unknown,0,187.88,273.07,273.07,365.51,578.34
cell_00279,80.0675,13.0325,299840.595072395,19.0,29.0,23.54,0.0,8.95,2.51,0.0,0.0,0.0,7605.91,6206.36,8017.91,0.0,0.0,Vegetation,0.0,10.65,80.55,8.8,0.0,0,0.0,Unknown,0,187.88,273.07,273.07,365.51,578.34
cell_00280,80.0675,13.0375,299834.68831532006,21.0,31.0,24.74,0.0,6.83,2.14,0.0,0.0,0.0,7989.93,5901.81,8101.57,0.0,0.0,Vegetation,2.49,4.37,87.66,4.85,0.64,0,0.0,Unknown,0,187.88,273.07,273.07,365.51,578.34
cell_00281,80.0675,13.0425,299828.77932246006,19.0,29.0,25.1,0.0,6.03,2.19,0.0,0.0,0.0,7954.59,5635.1,8221.66,0.0,0.0,Vegetation,10.68,0.0,75.57,12.6,1.15,0,0.0,Unknown,0,187.88,273.07,273.07,365.51,578.34
cell_00282,80.0675,13.0475,299822.868094348,20.0,31.0,26.15,0.0,7.39,2.26,0.0,0.0,0.0,7954.25,5404.7,8376.61,0.0,0.0,Vegetation,37.34,0.0,46.59,15.78,0.29,0,0.0,Unknown,0,187.88,273.07,273.07,365.51,578.34
cell_00283,80.0675,13.0525,299816.9546307114,22.0,32.0,26.69,0.0,5.94,2.04,0.0,0.0,0.0,7992.26,5026.27,8564.52,0.0,0.0,Built-up,51.47,0.0,40.43,8.1,0.0,0,0.0,Unknown,0,187.88,273.07,273.07,365.51,578.34
cell_00284,80.0675,13.0575,299811.03893162444,20.0,30.0,24.06,0.0,6.19,1.93,0.0,0.0,0.0,8068.09,4488.41,8783.29,0.0,0.0,Vegetation,10.91,0.0,51.02,38.07,0.0,0,0.0,Unknown,0,187.88,273.07,273.07,365.51,578.34
cell_00285,80.0675,13.0625,299805.120997367,19.0,27.0,23.21,0.0,7.09,2.37,0.0,0.0,0.0,8154.06,3954.73,9030.66,0.0,0.0,Cropland,4.45,0.0,30.19,65.36,0.0,0,0.0,Unknown,0,187.88,273.07,273.07,365.51,578.34
cell_00286,80.0675,13.0675,299799.20082753996,19.0,30.0,23.93,0.0,9.0,2.62,0.0,0.0,0.0,8275.54,3427.19,9304.36,0.0,0.0,Cropland,0.0,0.0,27.49,72.51,0.0,0,0.0,Unknown,0,187.88,273.07,273.07,365.51,578.34
cell_00287,80.0675,13.0725,299793.27842225065,20.0,28.0,24.62,0.0,6.89,1.89,0.0,0.0,0.0,8281.55,2909.11,9544.14,0.0,0.0,Cropland,7.21,0.0,21.08,71.59,0.13,0,0.0,Unknown,0,187.88,273.07,273.07,365.51,578.34
cell_00288,80.0675,13.0775,299787.3537822191,19.0,29.0,24.83,0.0,6.93,2.28,0.0,0.0,0.0,8033.68,2406.63,9343.58,0.0,0.0,Vegetation,20.49,0.0,36.4,35.29,7.82,0,0.0,Unknown,0,187.88,273.07,273.07,365.51,578.34
cell_00289,80.0675,13.0825,299781.426906462,19.0,30.0,24.55,0.0,6.98,2.6,0.0,0.0,0.0,7817.13,1931.95,9154.31,0.0,0.0,Cropland,6.35,0.0,29.59,64.06,0.0,0,0.0,Unknown,0,187.88,273.07,273.07,365.51,578.34
cell_00290,80.0675,13.0875,299775.49779578164,9.0,34.0,25.38,0.0,21.44,3.24,0.0,0.0,0.0,7634.57,1495.05,8995.11,0.0,0.0,Vegetation,5.68,0.0,57.08,37.24,0.0,0,0.0,Unknown,0,187.88,273.07,273.07,365.51,578.34
cell_00291,80.0675,13.0925,299769.5664496845,18.0,29.0,23.98,0.0,6.91,2.34,0.0,0.0,0.0,7488.49,1125.97,8867.6,0.0,0.0,Vegetation,0.0,0.0,51.15,48.85,0.0,0,0.0,Unknown,0,187.88,273.07,273.07,365.51,578.34
cell_00292,80.0675,13.0975,299763.63286878093,16.0,31.0,23.89,0.0,11.94,2.71,0.0,0.0,0.0,7381.05,573.46,8773.15,0.0,0.0,Vegetation,5.87,0.38,54.5,39.06,0.19,0,0.0,Unknown,0,187.88,273.07,273.07,365.51,578.34
cell_00293,80.0675,13.1025,299757.6970524975,21.0,30.0,26.22,0.0,6.89,2.32,0.0,0.0,0.0,7313.95,20.78,8712.85,550.31,0.001836,Vegetation,14.48,0.0,45.19,40.23,0.1,0,0.0,Unknown,0,187.88,273.07,273.07,365.51,578.34
cell_00294,80.0675,13.1075,299751.75900122494,21.0,30.0,25.76,0.0,6.16,1.87,0.0,0.0,0.0,7288.31,532.19,8687.39,0.0,0.0,Cropland,1.08,0.0,10.55,88.36,0.0,0,0.0,Unknown,0,187.88,273.07,273.07,365.51,578.34
cell_00295,80.0675,13.1125,299745.8187150701,18.0,30.0,25.04,0.0,8.8,2.38,0.0,0.0,0.0,7304.57,1004.4,8697.1,0.0,0.0,Built-up,40.21,0.0,21.88,37.88,0.03,0,0.0,Unknown,0,187.88,273.07,273.07,365.51,578.34
cell_00296,80.0675,13.1175,299739.8761937915,21.0,34.0,28.38,0.0,6.41,2.17,0.0,0.0,0.0,7360.27,1414.57,8741.85,0.0,0.0,Built-up,71.56,0.13,26.14,2.18,0.0,0,0.0,Unknown,0,187.88,273.07,273.07,365.51,578.34
cell_00297,80.0675,13.1225,299733.93143751065,28.0,40.0,35.09,0.0,6.03,2.09,0.0,0.0,0.0,7437.01,1890.46,8821.1,0.0,0.0,Built-up,94.61,0.0,4.62,0.77,0.0,0,0.0,Unknown,0,187.88,273.07,273.07,365.51,578.34
cell_00298,80.0675,13.1275,299727.9844463503,36.0,45.0,40.41,0.0,7.7,2.2,0.0,0.0,0.0,7471.49,2390.32,8933.95,0.0,0.0,Built-up,52.68,0.0,42.0,5.33,0.0,0,0.0,Unknown,0,187.88,273.07,273.07,365.51,578.34
cell_00299,80.0675,13.1325,299722.03522035317,37.0,64.0,47.22,0.0,17.1,4.09,0.0,0.0,0.0,7298.15,2909.41,9079.13,0.0,0.0,Vegetation,8.54,0.0,61.62,28.54,1.3,0,0.0,Unknown,0,187.88,273.07,273.07,365.51,578.34
cell_00300,80.0675,13.1375,299716.08375970356,44.0,59.0,50.76,0.0,13.27,3.11,0.0,0.0,0.0,7163.41,3439.08,9255.13,0.0,0.0,Vegetation,19.87,0.0,79.46,0.67,0.0,0,0.0,Unknown,0,187.88,273.07,273.07,365.51,578.34
cell_00301,80.0675,13.1425,299710.130063798,32.0,54.0,45.39,0.0,14.16,3.06,0.0,0.0,0.0,7069.47,3975.12,9460.23,0.0,0.0,Vegetation,21.65,0.0,70.54,7.37,0.45,0,0.0,Unknown,0,187.88,273.07,273.07,365.51,578.34
cell_00302,80.0675,13.1475,299704.1741335307,32.0,50.0,39.19,0.0,14.23,3.42,0.0,0.0,0.0,7017.98,4515.25,9692.57,0.0,0.0,Vegetation,30.75,0.0,66.43,2.82,0.0,0,0.0,Unknown,0,187.88,273.07,273.07,365.51,578.34
cell_00303,80.0675,13.1525,299698.21596823476,28.0,40.0,33.44,0.0,5.79,2.17,0.0,0.0,0.0,7009.87,5058.17,9950.26,0.0,0.0,Built-up,66.49,0.0,31.19,2.33,0.0,0,0.0,Unknown,0,187.88,273.07,273.07,365.51,578.34
cell_00304,80.0675,13.1575,299692.25556820683,20.0,36.0,28.24,0.0,11.67,2.93,0.0,0.0,0.0,7045.3,5603.06,10231.37,0.0,0.0,Cropland,22.74,0.0,28.92,48.31,0.03,0,0.0,Unknown,0,187.88,273.07,273.07,365.51,578.34
cell_00305,80.0675,13.1625,299686.29293361533,20.0,31.0,25.6,0.0,9.01,2.26,0.0,0.0,0.0,7123.6,6149.4,10534.04,0.0,0.0,Cropland,4.25,0.0,7.89,87.86,0.0,0,0.0,Unknown,0,187.88,273.07,273.07,365.51,578.34
cell_00306,80.0675,13.1675,299680.32806461316,21.0,29.0,25.51,0.0,6.83,2.35,0.0,0.0,0.0,7243.4,6696.83,10856.45,0.0,0.0,Cropland,16.1,0.0,19.04,64.13,0.73,0,0.0,Unknown,0,187.88,273.07,273.07,365.51,578.34
cell_00307,80.0675,13.1725,299674.360960487,21.0,31.0,25.69,0.0,8.87,2.55,0.0,0.0,0.0,7402.68,7245.11,11196.9,0.0,0.0,Cropland,8.58,0.0,17.44,73.92,0.06,0,0.0,Unknown,0,187.88,273.07,273.07,365.51,578.34
cell_00308,80.0675,13.1775,299668.39162220934,21.0,31.0,25.58,0.0,6.89,2.6,0.0,0.0,0.0,7591.23,7794.06,11553.81,0.0,0.0,Cropland,8.47,0.0,40.19,51.33,0.0,0,0.0,Unknown,0,187.88,273.07,273.07,365.51,578.34
cell_00309,80.0675,13.1825,299662.4200493046,20.0,29.0,24.86,0.0,6.41,2.2,0.0,0.0,0.0,7805.38,8343.41,11925.68,0.0,0.0,Cropland,6.28,0.0,26.28,67.44,0.0,0,0.0,Unknown,0,187.88,273.07,273.07,365.51,578.34
cell_00310,80.0675,13.1875,299656.4462418766,20.0,29.0,24.19,0.0,6.15,2.03,0.0,0.0,0.0,8051.88,8892.78,12311.17,0.0,0.0,Cropland,0.06,0.0,3.95,95.98,0.0,0,0.0,Unknown,0,187.88,273.07,273.07,365.51,578.34
cell_00311,80.0675,13.1925,299650.4701999851,19.0,31.0,25.18,0.0,5.71,2.34,0.0,0.0,0.0,8327.85,9442.4,12709.04,0.0,0.0,Cropland,8.15,0.0,30.97,57.05,3.83,0,0.0,Unknown,0,187.88,273.07,273.07,365.51,578.34
cell_00312,80.0675,13.1975,299644.4919236097,20.0,30.0,23.9,0.0,7.09,2.27,0.0,0.0,0.0,8630.48,9992.4,13118.16,0.0,0.0,Cropland,1.85,0.0,5.42,92.73,0.0,0,0.0,Unknown,0,187.88,273.07,273.07,365.51,578.34
cell_00313,80.0675,13.2025,299638.51141288737,20.0,30.0,25.43,0.0,6.16,2.49,0.0,0.0,0.0,8957.06,10542.71,13219.44,0.0,0.0,Vegetation,8.55,0.0,46.11,45.34,0.0,0,0.0,Unknown,0,187.88,273.07,273.07,365.51,578.34
cell_00314,80.0675,13.2075,299632.52866789367,17.0,31.0,25.48,0.0,6.16,2.21,0.0,0.0,0.0,9305.06,11093.28,13303.91,0.0,0.0,Vegetation,5.62,0.0,58.44,35.94,0.0,0,0.0,Unknown,0,187.88,273.07,273.07,365.51,578.34
cell_00315,80.0675,13.2125,299626.5436884196,16.0,28.0,22.15,0.0,9.1,2.67,0.0,0.0,0.0,9672.19,11644.09,13410.68,0.0,0.0,Cropland,6.15,0.0,31.35,62.47,0.03,0,0.0,Unknown,0,187.88,273.07,273.07,365.51,578.34
cell_00316,80.0675,13.2175,299620.5564747905,17.0,25.0,20.54,0.0,5.66,1.75,0.0,0.0,0.0,10056.33,12195.1,13539.21,0.0,0.0,Cropland,13.27,0.0,31.12,55.33,0.29,0,0.0,Unknown,0,187.88,273.07,273.07,365.51,578.34
cell_00317,80.0675,13.2225,299614.5670267981,16.0,24.0,20.05,0.0,5.59,1.99,0.0,0.0,0.0,10455.62,12746.29,13688.88,0.0,0.0,Cropland,0.94,0.0,3.18,95.88,0.0,0,0.0,Unknown,0,187.88,273.07,273.07,365.51,578.34
cell_00318,80.0675,13.2275,299608.5753447061,20.0,29.0,23.53,0.0,6.41,1.98,0.0,0.0,0.0,10868.39,13297.62,13859.03,0.0,0.0,Cropland,10.49,0.0,26.18,63.33,0.0,0,0.0,Unknown,0,187.88,273.07,273.07,365.51,578.34
cell_00319,80.0675,13.2325,299602.58142819395,11.0,29.0,20.73,0.0,8.3,2.97,0.0,0.0,0.0,11293.15,13849.09,14048.89,0.0,0.0,Vegetation,18.27,0.0,41.49,40.24,0.0,0,0.0,Unknown,0,187.88,273.07,273.07,365.51,578.34
cell_00320,80.0675,13.2375,299596.58527793566,14.0,26.0,21.58,0.0,7.84,2.64,0.0,0.0,0.0,11593.42,14400.68,14257.69,0.0,0.0,Cropland,1.3,0.0,35.0,63.64,0.06,0,0.0,Unknown,0,187.88,273.07,273.07,365.51,578.34
cell_00321,80.0675,13.2425,299590.58689342195,15.0,27.0,21.44,0.0,9.89,3.03,0.0,0.0,0.0,11886.48,14952.37,14484.6,0.0,0.0,Cropland,1.85,0.0,4.05,94.1,0.0,0,0.0,Unknown,0,187.88,273.07,273.07,365.51,578.34
cell_00322,80.0675,13.2475,299584.5862746806,15.0,31.0,22.66,0.0,13.11,3.44,0.0,0.0,0.0,12197.59,15504.16,14728.78,0.0,0.0,Cropland,0.0,0.0,3.09,96.91,0.0,0,0.0,Unknown,0,187.88,273.07,273.07,365.51,578.34
cell_00323,80.0675,13.2525,299578.5834218178,0.0,0.0,0.0,0.0,0.0,0.0,0.0,0.0,0.0,12525.4,16056.03,14989.4,0.0,0.0,Unknown,0.0,0.0,0.0,0.0,0.0,0,0.0,Unknown,0,187.88,273.07,273.07,365.51,578.34
cell_00324,80.0725,12.8525,300050.93597663747,10.0,41.0,27.56,0.0,25.85,4.31,0.0,0.0,0.0,12774.58,14031.87,16771.51,0.0,0.0,Vegetation,18.99,0.0,51.98,29.03,0.0,0,0.0,Unknown,0,187.88,273.07,273.07,365.51,578.34
cell_00325,80.0725,12.8575,300045.10976979433,24.0,35.0,28.65,0.0,8.3,2.09,0.0,0.0,0.0,12247.35,13943.95,16418.97,0.0,0.0,Built-up,46.62,0.19,40.98,11.64,0.57,0,0.0,Unknown,0,187.88,273.07,273.07,365.51,578.34
cell_00326,80.0725,12.8625,300039.2813258628,24.0,38.0,31.41,0.0,6.91,2.17,0.0,0.0,0.0,11722.49,13877.53,16077.72,0.0,0.0,Built-up,80.1,0.0,13.17,6.15,0.57,0,0.0,Unknown,0,187.88,273.07,273.07,365.51,578.34
cell_00327,80.0725,12.8675,300033.450645565,24.0,37.0,30.03,0.0,4.98,1.94,0.0,0.0,0.0,11200.34,13832.91,15748.5,0.0,0.0,Built-up,82.86,0.0,14.42,2.27,0.45,0,0.0,Unknown,0,187.88,273.07,273.07,365.51,578.34
cell_00328,80.0725,12.8725,300027.6177284067,23.0,32.0,26.68,0.0,4.84,1.62,0.0,0.0,0.0,10681.3,13810.31,15432.08,0.0,0.0,Vegetation,31.25,0.0,54.37,14.35,0.03,0,0.0,Unknown,0,187.88,273.07,273.07,365.51,578.34
cell_00329,80.0725,12.8775,300021.7825744302,21.0,33.0,27.33,0.0,6.41,2.02,0.0,0.0,0.0,10165.84,13809.83,15129.25,0.0,0.0,Cropland,29.15,0.0,33.55,37.31,0.0,0,0.0,Unknown,0,187.88,273.07,273.07,365.51,578.34
cell_00330,80.0725,12.8825,300015.9451841707,26.0,38.0,32.34,0.0,6.19,2.2,0.0,0.0,0.0,9654.53,13831.48,14840.86,0.0,0.0,Built-up,50.36,0.0,42.99,6.59,0.06,0,0.0,Unknown,0,187.88,273.07,273.07,365.51,578.34
cell_00331,80.0725,12.8875,300010.10555725737,20.0,34.0,28.3,0.0,10.77,2.8,0.0,0.0,0.0,9148.07,13875.15,14567.76,0.0,0.0,Vegetation,40.72,0.03,45.98,12.82,0.45,0,0.0,Unknown,0,187.88,273.07,273.07,365.51,578.34
cell_00332,80.0725,12.8925,300004.2636936239,16.0,31.0,24.93,0.0,12.13,2.88,0.0,0.0,0.0,8647.32,13940.64,14310.82,0.0,0.0,Vegetation,26.28,0.32,56.19,17.09,0.13,0,0.0,Unknown,0,187.88,273.07,273.07,365.51,578.34
cell_00333,80.0725,12.8975,299998.4195934411,18.0,31.0,23.15,0.0,5.71,2.1,0.0,0.0,0.0,8153.32,14027.63,14070.94,0.0,0.0,Vegetation,17.21,0.0,41.59,41.2,0.0,0,0.0,Unknown,0,187.88,273.07,273.07,365.51,578.34
cell_00334,80.0725,12.9025,299992.573257161,18.0,28.0,20.87,0.0,11.21,1.65,0.0,0.0,0.0,7667.37,14135.74,13821.39,0.0,0.0,Water,26.05,40.66,26.47,6.73,0.1,0,0.0,Unknown,0,187.88,273.07,273.07,365.51,578.34
cell_00335,80.0725,12.9075,299986.7246839273,16.0,27.0,20.63,0.0,5.79,1.99,0.0,0.0,0.0,7191.13,14164.63,13441.61,0.0,0.0,Built-up,42.51,1.05,26.12,30.29,0.03,0,0.0,Unknown,0,187.88,273.07,273.07,365.51,578.34
cell_00336,80.0725,12.9125,299980.8738748876,13.0,23.0,18.5,0.0,5.46,1.72,0.0,0.0,0.0,6726.63,13764.16,13074.19,0.0,0.0,Built-up,57.18,0.0,35.75,7.05,0.03,0,0.0,Unknown,0,187.88,273.07,273.07,365.51,578.34
cell_00337,80.0725,12.9175,299975.0208290273,12.0,22.0,16.15,0.0,7.8,2.06,0.0,0.0,0.0,6276.5,13374.56,12720.22,0.0,0.0,Built-up,62.09,0.0,28.92,8.86,0.13,0,0.0,Unknown,0,187.88,273.07,273.07,365.51,578.34
cell_00338,80.0725,12.9225,299969.165547101,12.0,19.0,15.54,0.0,5.25,1.9,0.0,0.0,0.0,5844.05,12996.82,12380.82,0.0,0.0,Vegetation,7.62,0.0,48.05,44.1,0.22,0,0.0,Unknown,0,187.88,273.07,273.07,365.51,578.34
cell_00339,80.0725,12.9275,299963.3080286604,10.0,19.0,14.83,0.0,5.25,1.97,0.0,0.0,0.0,5433.51,12632.0,12057.25,0.0,0.0,Vegetation,0.81,0.0,53.57,45.45,0.16,0,0.0,Unknown,0,187.88,273.07,273.07,365.51,578.34
cell_00340,80.0725,12.9325,299957.44827384484,12.0,19.0,15.29,0.0,4.98,1.94,0.0,0.0,0.0,5050.22,12281.26,11750.8,0.0,0.0,Vegetation,0.35,0.0,73.5,26.15,0.0,0,0.0,Unknown,0,187.88,273.07,273.07,365.51,578.34
cell_00341,80.0725,12.9375,299951.586283044,12.0,25.0,18.09,0.0,7.84,2.32,0.0,0.0,0.0,4700.85,11945.82,11462.86,0.0,0.0,Vegetation,6.41,0.0,50.16,43.37,0.06,0,0.0,Unknown,0,187.88,273.07,273.07,365.51,578.34
cell_00342,80.0725,12.9425,299945.7220562377,5.0,35.0,22.16,0.0,18.16,3.53,0.0,0.0,0.0,4393.5,11627.01,11181.66,0.0,0.0,Built-up,43.64,7.89,38.08,9.81,0.58,0,0.0,Unknown,0,187.88,273.07,273.07,365.51,578.34
cell_00343,80.0725,12.9475,299939.8555926003,17.0,59.0,25.91,0.0,15.33,3.84,0.0,0.0,0.0,4137.56,11326.25,10776.19,0.0,0.0,Vegetation,6.92,3.7,68.3,8.9,12.18,0,0.0,Unknown,0,187.88,273.07,273.07,365.51,578.34
cell_00344,80.0725,12.9525,299933.98689359607,17.0,109.0,49.19,0.95,27.99,11.18,0.0,0.0,0.0,3943.03,11045.0,10384.34,0.0,0.0,Vegetation,0.06,0.0,97.1,0.0,2.84,0,0.0,Unknown,0,187.88,273.07,273.07,365.51,578.34
cell_00345,80.0725,12.9575,299928.11595808447,19.0,92.0,35.54,0.0,27.16,6.56,0.0,0.0,0.0,3819.32,10784.79,10007.72,0.0,0.0,Vegetation,5.06,0.0,79.35,15.58,0.0,0,0.0,Unknown,0,187.88,273.07,273.07,365.51,578.34
cell_00346,80.0725,12.9625,299922.24278647127,16.0,31.0,21.05,0.0,5.59,2.01,0.0,0.0,0.0,3773.4,10547.18,9648.11,0.0,0.0,Vegetation,3.95,0.0,54.43,41.61,0.0,0,0.0,Unknown,0,187.88,273.07,273.07,365.51,578.34
cell_00347,80.0725,12.9675,299916.36737894133,15.0,25.0,19.02,0.0,5.59,1.84,0.0,0.0,0.0,3808.08,10333.72,9307.47,0.0,0.0,Cropland,0.0,3.48,8.35,84.22,3.95,0,0.0,Unknown,0,187.88,273.07,273.07,365.51,578.34
cell_00348,80.0725,12.9725,299910.4897356479,17.0,27.0,20.26,0.0,6.89,2.14,0.0,0.0,0.0,3914.81,10145.95,8987.98,0.0,0.0,Vegetation,0.0,0.0,63.05,36.95,0.0,0,0.0,Unknown,0,187.88,273.07,273.07,365.51,578.34
cell_00349,80.0725,12.9775,299904.6098560514,17.0,26.0,19.93,0.0,6.65,2.03,0.0,0.0,0.0,4088.82,9985.31,8691.96,0.0,0.0,Vegetation,0.0,0.0,96.88,3.12,0.0,0,0.0,Unknown,0,187.88,273.07,273.07,365.51,578.34
cell_00350,80.0725,12.9825,299898.7277407297,17.0,25.0,20.02,0.0,6.93,1.89,0.0,0.0,0.0,4320.64,9853.13,8421.88,0.0,0.0,Vegetation,0.0,0.0,79.43,20.57,0.0,0,0.0,Unknown,0,187.88,273.07,273.07,365.51,578.34
cell_00351,80.0725,12.9875,299892.84338937886,14.0,27.0,20.79,0.0,12.03,2.39,0.0,0.0,0.0,4603.75,9691.69,8180.32,0.0,0.0,Vegetation,1.27,0.0,55.81,42.92,0.0,0,0.0,Unknown,0,187.88,273.07,273.07,365.51,578.34
cell_00352,80.0725,12.9925,299886.9568023747,18.0,26.0,20.39,0.0,4.76,1.53,0.0,0.0,0.0,4932.82,9207.88,7969.86,0.0,0.0,Vegetation,12.85,0.0,77.68,9.38,0.1,0,0.0,Unknown,0,187.88,273.07,273.07,365.51,578.34
cell_00353,80.0725,12.9975,299881.0679792228,19.0,31.0,21.98,0.0,8.16,1.59,0.0,0.0,0.0,5194.15,8732.28,7793.04,0.0,0.0,Vegetation,16.2,40.05,42.16,1.59,0.0,0,0.0,Unknown,0,187.88,273.07,273.07,365.51,578.34
cell_00354,80.0725,13.0025,299875.17692069116,19.0,19.0,19.0,0.0,0.0,0.0,0.0,0.0,0.0,5360.81,8264.81,7652.18,0.0,0.0,Water,0.0,98.34,1.66,0.0,0.0,0,0.0,Unknown,0,187.88,273.07,273.07,365.51,578.34
cell_00355,80.0725,13.0075,299869.2836263338,19.0,19.0,19.0,0.0,0.0,0.0,0.0,0.0,0.0,5577.54,7807.04,7549.29,0.0,0.0,Water,0.0,100.0,0.0,0.0,0.0,0,0.0,Unknown,0,187.88,273.07,273.07,365.51,578.34
cell_00356,80.0725,13.0125,299863.3880960371,19.0,19.0,19.0,0.0,0.0,0.0,0.0,0.0,0.0,5838.77,7362.37,7485.94,0.0,0.0,Water,0.0,100.0,0.0,0.0,0.0,0,0.0,Unknown,0,187.88,273.07,273.07,365.51,578.34
cell_00357,80.0725,13.0175,299857.49033011193,3.0,30.0,19.83,0.0,16.32,2.67,0.0,0.0,0.0,6138.83,6933.3,7454.52,0.0,0.0,Water,0.0,100.0,0.0,0.0,0.0,0,0.0,Unknown,0,187.88,273.07,273.07,365.51,578.34
cell_00358,80.0725,13.0225,299851.5903288063,7.0,31.0,22.3,0.0,14.07,2.77,0.0,0.0,0.0,6472.31,6522.91,7421.84,0.0,0.0,Water,0.0,93.56,6.09,0.35,0.0,0,0.0,Unknown,0,187.88,273.07,273.07,365.51,578.34
cell_00359,80.0725,13.0275,299845.68809159554,15.0,27.0,21.75,0.0,10.82,2.92,0.0,0.0,0.0,6832.67,6134.96,7430.3,0.0,0.0,Vegetation,0.0,32.08,46.24,21.68,0.0,0,0.0,Unknown,0,187.88,273.07,273.07,365.51,578.34
cell_00360,80.0725,13.0325,299839.78361891623,20.0,29.0,23.91,0.0,6.16,2.4,0.0,0.0,0.0,7215.47,5773.97,7479.74,0.0,0.0,Vegetation,2.79,0.03,57.86,39.29,0.03,0,0.0,Unknown,0,187.88,273.07,273.07,365.51,578.34
cell_00361,80.0725,13.0375,299833.8769108901,20.0,29.0,24.59,0.0,5.71,2.13,0.0,0.0,0.0,7454.26,5445.3,7569.37,0.0,0.0,Vegetation,21.97,0.0,64.22,13.27,0.54,0,0.0,Unknown,0,187.88,273.07,273.07,365.51,578.34
cell_00362,80.0725,13.0425,299827.96796696144,21.0,31.0,26.27,0.0,6.91,2.34,0.0,0.0,0.0,7412.77,5155.14,7697.77,0.0,0.0,Built-up,41.96,0.0,31.57,25.19,1.28,0,0.0,Unknown,0,187.88,273.07,273.07,365.51,578.34
cell_00363,80.0725,13.0475,299822.05678794615,19.0,31.0,24.75,0.0,5.86,2.2,0.0,0.0,0.0,7412.42,4906.25,7863.06,0.0,0.0,Vegetation,31.2,0.0,51.92,16.1,0.78,0,0.0,Unknown,0,187.88,273.07,273.07,365.51,578.34
cell_00364,80.0725,13.0525,299816.1433732716,16.0,28.0,23.29,0.0,8.95,2.53,0.0,0.0,0.0,7453.21,4704.99,8062.96,0.0,0.0,Vegetation,24.2,0.0,67.22,8.58,0.0,0,0.0,Unknown,0,187.88,273.07,273.07,365.51,578.34
cell_00365,80.0725,13.0575,299810.2277233758,18.0,27.0,23.04,0.0,6.19,2.36,0.0,0.0,0.0,7530.83,4386.66,8294.98,0.0,0.0,Vegetation,20.6,0.0,53.38,25.99,0.03,0,0.0,Unknown,0,187.88,273.07,273.07,365.51,578.34
cell_00366,80.0725,13.0625,299804.3098380011,17.0,26.0,22.24,0.0,6.93,2.24,0.0,0.0,0.0,7622.2,3838.86,8556.49,0.0,0.0,Cropland,0.88,9.03,15.06,74.9,0.13,0,0.0,Unknown,0,187.88,273.07,273.07,365.51,578.34
cell_00367,80.0725,13.0675,299798.38971741253,6.0,27.0,22.17,0.0,16.25,2.93,0.0,0.0,0.0,7752.04,3292.81,8844.88,0.0,0.0,Vegetation,24.3,11.29,39.99,21.36,3.06,0,0.0,Unknown,0,187.88,273.07,273.07,365.51,578.34
cell_00368,80.0725,13.0725,299792.46736116265,21.0,28.0,23.87,0.0,5.66,1.82,0.0,0.0,0.0,7808.71,2749.53,9041.17,0.0,0.0,Cropland,16.71,0.0,36.45,46.65,0.19,0,0.0,Unknown,0,187.88,273.07,273.07,365.51,578.34
cell_00369,80.0725,13.0775,299786.54277025705,19.0,30.0,24.15,0.0,6.65,2.29,0.0,0.0,0.0,7545.33,2211.09,8841.84,0.0,0.0,Cropland,3.05,0.0,20.58,75.36,1.01,0,0.0,Unknown,0,187.88,273.07,273.07,365.51,578.34
cell_00370,80.0725,13.0825,299780.61594382505,19.0,31.0,25.65,0.0,7.09,2.69,0.0,0.0,0.0,7314.35,1682.11,8641.61,0.0,0.0,Vegetation,19.64,0.0,59.57,19.93,0.86,0,0.0,Unknown,0,187.88,273.07,273.07,365.51,578.34
cell_00371,80.0725,13.0875,299774.6868820346,20.0,31.0,25.63,0.0,7.09,2.18,0.0,0.0,0.0,7118.92,1175.46,8472.8,0.0,0.0,Vegetation,10.36,0.0,69.51,20.13,0.0,0,0.0,Unknown,0,187.88,273.07,273.07,365.51,578.34
cell_00372,80.0725,13.0925,299768.75558525976,21.0,30.0,24.67,0.0,6.91,2.29,0.0,0.0,0.0,6962.04,721.94,8337.31,0.0,0.0,Cropland,0.83,0.0,13.81,85.36,0.0,0,0.0,Unknown,0,187.88,273.07,273.07,365.51,578.34
cell_00373,80.0725,13.0975,299762.8220534804,22.0,31.0,26.17,0.0,6.19,2.2,0.0,0.0,0.0,6846.35,396.22,8236.79,0.0,0.0,Cropland,20.63,0.0,36.73,41.74,0.89,0,0.0,Unknown,0,187.88,273.07,273.07,365.51,578.34
cell_00374,80.0725,13.1025,299756.8862864245,21.0,30.0,25.78,0.0,7.59,2.22,0.0,0.0,0.0,6773.97,53.27,8172.54,606.59,0.002024,Cropland,12.56,0.0,40.94,46.43,0.06,0,0.0,Unknown,0,187.88,273.07,273.07,365.51,578.34
cell_00375,80.0725,13.1075,299750.94828445103,21.0,33.0,24.73,0.0,8.83,1.92,0.0,0.0,0.0,6746.29,585.52,8145.41,0.0,0.0,Cropland,2.87,0.06,41.58,55.48,0.0,0,0.0,Unknown,0,187.88,273.07,273.07,365.51,578.34
cell_00376,80.0725,13.1125,299745.0080473502,19.0,33.0,25.06,0.0,11.75,2.63,0.0,0.0,0.0,6763.87,1130.74,8155.77,0.0,0.0,Built-up,46.72,0.0,28.38,24.9,0.0,0,0.0,Unknown,0,187.88,273.07,273.07,365.51,578.34
cell_00377,80.0725,13.1175,299739.06557552743,22.0,35.0,28.42,0.0,8.87,2.42,0.0,0.0,0.0,6822.02,1676.93,8203.49,0.0,0.0,Built-up,80.26,0.0,16.07,3.64,0.03,0,0.0,Unknown,0,187.88,273.07,273.07,365.51,578.34
cell_00378,80.0725,13.1225,299733.1208683949,30.0,43.0,36.35,0.0,9.01,3.02,0.0,0.0,0.0,6903.82,2182.89,8287.9,0.0,0.0,Built-up,49.2,0.0,37.18,13.07,0.54,0,0.0,Unknown,0,187.88,273.07,273.07,365.51,578.34
cell_00379,80.0725,13.1275,299727.1739266742,33.0,48.0,39.13,0.0,11.08,2.83,0.0,0.0,0.0,6965.67,2637.33,8407.92,0.0,0.0,Vegetation,42.89,0.0,53.06,2.9,1.15,0,0.0,Unknown,0,187.88,273.07,273.07,365.51,578.34
cell_00380,80.0725,13.1325,299721.22474985383,34.0,52.0,46.42,0.0,9.36,2.95,0.0,0.0,0.0,6779.42,3121.46,8562.04,0.0,0.0,Vegetation,15.36,0.0,84.61,0.0,0.03,0,0.0,Unknown,0,187.88,273.07,273.07,365.51,578.34
cell_00381,80.0725,13.1375,299715.2733384219,39.0,52.0,44.02,0.0,7.8,2.5,0.0,0.0,0.0,6634.16,3620.24,8748.46,0.0,0.0,Vegetation,35.24,0.0,63.11,1.66,0.0,0,0.0,Unknown,0,187.88,273.07,273.07,365.51,578.34
cell_00382,80.0725,13.1425,299709.3196918675,37.0,46.0,42.08,0.0,5.71,2.31,0.0,0.0,0.0,6532.63,4132.84,8965.16,0.0,0.0,Vegetation,13.81,0.0,77.58,8.61,0.0,0,0.0,Unknown,0,187.88,273.07,273.07,365.51,578.34
cell_00383,80.0725,13.1475,299703.3638111803,33.0,45.0,39.92,0.0,6.98,2.6,0.0,0.0,0.0,6476.89,4654.71,9210.01,0.0,0.0,Vegetation,40.65,0.0,57.11,2.24,0.0,0,0.0,Unknown,0,187.88,273.07,273.07,365.51,578.34
cell_00384,80.0725,13.1525,299697.4056949056,27.0,40.0,33.23,0.0,6.72,2.45,0.0,0.0,0.0,6468.11,5183.03,9480.83,0.0,0.0,Vegetation,41.01,0.0,49.49,9.5,0.0,0,0.0,Unknown,0,187.88,273.07,273.07,365.51,578.34
cell_00385,80.0725,13.1575,299691.44534455216,4.0,42.0,27.93,0.0,22.06,3.69,0.0,0.0,0.0,6506.5,5716.03,9775.46,0.0,0.0,Vegetation,13.55,2.17,42.09,41.9,0.29,0,0.0,Unknown,0,187.88,273.07,273.07,365.51,578.34
cell_00386,80.0725,13.1625,299685.48275923205,16.0,34.0,26.35,0.0,17.12,3.04,0.0,0.0,0.0,6591.22,6252.5,10091.82,0.0,0.0,Cropland,0.0,12.66,25.68,58.96,2.69,0,0.0,Unknown,0,187.88,273.07,273.07,365.51,578.34
cell_00387,80.0725,13.1675,299679.51793961966,20.0,36.0,26.99,0.0,9.0,2.91,0.0,0.0,0.0,6720.53,6791.63,10427.92,0.0,0.0,Cropland,2.46,3.32,18.18,72.86,3.19,0,0.0,Unknown,0,187.88,273.07,273.07,365.51,578.34
cell_00388,80.0725,13.1725,299673.5508849695,21.0,30.0,24.64,0.0,6.16,2.12,0.0,0.0,0.0,6891.86,7332.82,10781.93,0.0,0.0,Cropland,17.86,0.0,12.24,69.71,0.19,0,0.0,Unknown,0,187.88,273.07,273.07,365.51,578.34
cell_00389,80.0725,13.1775,299667.5815961448,21.0,30.0,24.83,0.0,4.98,1.89,0.0,0.0,0.0,7087.53,7875.66,11152.13,0.0,0.0,Cropland,5.36,0.0,27.24,66.56,0.84,0,0.0,Unknown,0,187.88,273.07,273.07,365.51,578.34
cell_00390,80.0725,13.1825,299661.61007263605,20.0,29.0,24.37,0.0,8.02,2.25,0.0,0.0,0.0,7316.45,8419.82,11536.96,0.0,0.0,Cropland,14.48,0.0,26.79,58.74,0.0,0,0.0,Unknown,0,187.88,273.07,273.07,365.51,578.34
cell_00391,80.0725,13.1875,299655.6363147076,18.0,30.0,23.81,0.0,7.53,2.51,0.0,0.0,0.0,7578.88,8965.06,11935.02,0.0,0.0,Cropland,0.99,0.0,8.48,90.53,0.0,0,0.0,Unknown,0,187.88,273.07,273.07,365.51,578.34
cell_00392,80.0725,13.1925,299649.6603224493,19.0,30.0,23.78,0.0,6.41,2.15,0.0,0.0,0.0,7871.47,9511.21,12345.02,0.0,0.0,Cropland,7.24,0.0,30.06,62.69,0.0,0,0.0,Unknown,0,187.88,273.07,273.07,365.51,578.34
cell_00393,80.0725,13.1975,299643.6820955089,19.0,28.0,23.36,0.0,7.26,2.22,0.0,0.0,0.0,8190.98,10058.1,12618.18,0.0,0.0,Cropland,10.62,0.0,30.87,57.24,1.28,0,0.0,Unknown,0,187.88,273.07,273.07,365.51,578.34
cell_00394,80.0725,13.2025,299637.70163437224,18.0,30.0,23.39,0.0,6.65,2.03,0.0,0.0,0.0,8534.4,10605.62,12682.58,0.0,0.0,Cropland,0.0,0.0,33.51,66.49,0.0,0,0.0,Unknown,0,187.88,273.07,273.07,365.51,578.34
cell_00395,80.0725,13.2075,299631.71893878304,20.0,27.0,23.64,0.0,5.59,2.27,0.0,0.0,0.0,8898.96,11153.69,12770.61,0.0,0.0,Vegetation,0.55,0.0,79.58,19.87,0.0,0,0.0,Unknown,0,187.88,273.07,273.07,365.51,578.34
cell_00396,80.0725,13.2125,299625.7340090826,19.0,26.0,22.6,0.0,6.51,2.0,0.0,0.0,0.0,9282.16,11702.22,12881.81,0.0,0.0,Vegetation,5.26,0.0,56.03,38.71,0.0,0,0.0,Unknown,0,187.88,273.07,273.07,365.51,578.34
cell_00397,80.0725,13.2175,299619.746844841,17.0,26.0,20.79,0.0,6.16,2.2,0.0,0.0,0.0,9681.8,12251.16,13015.57,0.0,0.0,Cropland,2.2,0.0,30.33,67.32,0.16,0,0.0,Unknown,0,187.88,273.07,273.07,365.51,578.34
cell_00398,80.0725,13.2225,299613.7574464488,16.0,26.0,21.08,0.0,6.41,2.34,0.0,0.0,0.0,10095.92,12800.44,13171.21,0.0,0.0,Cropland,0.0,0.0,13.9,86.1,0.0,0,0.0,Unknown,0,187.88,273.07,273.07,365.51,578.34
cell_00399,80.0725,13.2275,299607.7658141052,19.0,27.0,22.75,0.0,4.86,1.99,0.0,0.0,0.0,10522.82,13349.8,13347.96,0.0,0.0,Cropland,5.74,0.0,44.29,49.97,0.0,0,0.0,Unknown,0,187.88,273.07,273.07,365.51,578.34
cell_00400,80.0725,13.2325,299601.771947176,12.0,26.0,19.25,0.0,6.51,2.79,0.0,0.0,0.0,10846.52,13899.22,13545.0,0.0,0.0,Vegetation,4.3,0.0,61.26,29.21,5.23,0,0.0,Unknown,0,187.88,273.07,273.07,365.51,578.34
cell_00401,80.0725,13.2375,299595.7758464615,18.0,29.0,22.16,0.0,8.3,2.13,0.0,0.0,0.0,11131.78,14448.89,13761.46,0.0,0.0,Cropland,2.31,0.0,14.35,81.36,1.98,0,0.0,Unknown,0,187.88,273.07,273.07,365.51,578.34
cell_00402,80.0725,13.2425,299589.7775117523,15.0,27.0,20.79,0.0,11.7,2.75,0.0,0.0,0.0,11436.69,14998.81,13996.42,0.0,0.0,Cropland,0.0,0.0,0.1,99.9,0.0,0,0.0,Unknown,0,187.88,273.07,273.07,365.51,578.34
cell_00403,80.0725,13.2475,299583.7769426335,13.0,30.0,22.17,0.0,10.93,3.23,0.0,0.0,0.0,11759.71,15548.95,14248.99,0.0,0.0,Cropland,0.0,0.0,1.63,98.37,0.0,0,0.0,Unknown,0,187.88,273.07,273.07,365.51,578.34
cell_00404,80.0725,13.2525,299577.7741394474,0.0,0.0,0.0,0.0,0.0,0.0,0.0,0.0,0.0,12099.4,16099.28,14518.24,0.0,0.0,Unknown,0.0,0.0,0.0,0.0,0.0,0,0.0,Unknown,0,187.88,273.07,273.07,365.51,578.34
cell_00405,80.0775,12.8525,300050.12714477064,17.0,35.0,28.72,0.0,11.75,2.03,0.0,0.0,0.0,12624.95,13498.3,16361.69,0.0,0.0,Vegetation,25.72,0.0,40.46,33.39,0.43,0,0.0,Unknown,0,187.88,273.07,273.07,365.51,578.34
cell_00406,80.0775,12.8575,300044.30098605604,26.0,42.0,32.46,0.0,6.81,2.1,0.0,0.0,0.0,12091.2,13406.9,16000.13,0.0,0.0,Built-up,76.2,0.0,13.67,9.71,0.42,0,0.0,Unknown,0,187.88,273.07,273.07,365.51,578.34
cell_00407,80.0775,12.8625,300038.4725903072,33.0,42.0,37.79,0.0,6.15,2.19,0.0,0.0,0.0,11559.26,13337.81,15649.76,0.0,0.0,Built-up,95.97,0.0,3.9,0.13,0.0,0,0.0,Unknown,0,187.88,273.07,273.07,365.51,578.34
cell_00408,80.0775,12.8675,300032.6419580407,32.0,52.0,41.23,0.0,6.98,2.45,0.0,0.0,0.0,11029.39,13291.4,15311.35,0.0,0.0,Built-up,84.83,0.0,10.41,4.63,0.13,0,0.0,Unknown,0,187.88,273.07,273.07,365.51,578.34
cell_00409,80.0775,12.8725,300026.8090890961,27.0,43.0,33.43,0.0,6.19,2.41,0.0,0.0,0.0,10501.91,13267.88,14985.71,0.0,0.0,Built-up,41.56,0.0,41.01,1.04,16.4,0,0.0,Unknown,0,187.88,273.07,273.07,365.51,578.34
cell_00410,80.0775,12.8775,300020.9739835,27.0,41.0,32.54,0.0,9.1,2.43,0.0,0.0,0.0,9977.18,13267.4,14673.69,0.0,0.0,Built-up,75.26,0.0,21.79,2.34,0.62,0,0.0,Unknown,0,187.88,273.07,273.07,365.51,578.34
cell_00411,80.0775,12.8825,300015.13664112095,28.0,38.0,33.88,0.0,6.72,2.01,0.0,0.0,0.0,9455.68,13289.94,14376.17,0.0,0.0,Built-up,71.67,0.0,23.5,4.6,0.23,0,0.0,Unknown,0,187.88,273.07,273.07,365.51,578.34
cell_00412,80.0775,12.8875,300009.2970627763,21.0,34.0,27.88,0.0,6.65,2.39,0.0,0.0,0.0,8937.97,13335.39,14094.08,0.0,0.0,Vegetation,19.48,0.0,58.93,21.59,0.0,0,0.0,Unknown,0,187.88,273.07,273.07,365.51,578.34
cell_00413,80.0775,12.8925,300003.455247199,17.0,33.0,26.28,0.0,9.89,2.62,0.0,0.0,0.0,8424.74,13403.53,13828.35,0.0,0.0,Vegetation,24.58,0.0,41.53,33.73,0.16,0,0.0,Unknown,0,187.88,273.07,273.07,365.51,578.34
cell_00414,80.0775,12.8975,299997.6111953942,17.0,33.0,23.64,0.0,6.89,2.32,0.0,0.0,0.0,7916.87,13494.0,13579.96,0.0,0.0,Cropland,21.36,0.0,36.5,41.98,0.17,0,0.0,Unknown,0,187.88,273.07,273.07,365.51,578.34
cell_00415,80.0775,12.9025,299991.7649073893,16.0,27.0,20.22,0.0,8.87,2.33,0.0,0.0,0.0,7415.45,13606.36,13349.86,0.0,0.0,Vegetation,4.48,31.66,54.32,9.51,0.03,0,0.0,Unknown,0,187.88,273.07,273.07,365.51,578.34
cell_00416,80.0775,12.9075,299985.91638243786,14.0,24.0,18.49,0.0,6.72,2.01,0.0,0.0,0.0,6921.9,13740.07,13046.96,0.0,0.0,Vegetation,6.79,0.0,61.79,31.43,0.0,0,0.0,Unknown,0,187.88,273.07,273.07,365.51,578.34
cell_00417,80.0775,12.9125,299980.06562178343,12.0,21.0,16.78,0.0,5.25,1.57,0.0,0.0,0.0,6438.02,13390.31,12668.11,0.0,0.0,Vegetation,6.94,0.0,61.98,31.07,0.0,0,0.0,Unknown,0,187.88,273.07,273.07,365.51,578.34
cell_00418,80.0775,12.9175,299974.21262406383,11.0,21.0,16.29,0.0,5.25,1.82,0.0,0.0,0.0,5966.16,12989.52,12302.46,0.0,0.0,Built-up,73.83,0.0,20.81,5.32,0.03,0,0.0,Unknown,0,187.88,273.07,273.07,365.51,578.34
cell_00419,80.0775,12.9225,299968.35739050613,11.0,19.0,15.41,0.0,4.29,1.64,0.0,0.0,0.0,5509.41,12600.25,11951.22,0.0,0.0,Built-up,40.71,0.0,27.63,31.53,0.13,0,0.0,Unknown,0,187.88,273.07,273.07,365.51,578.34
cell_00420,80.0775,12.9275,299962.49992047437,11.0,18.0,14.58,0.0,6.03,1.76,0.0,0.0,0.0,5071.86,12223.61,11615.7,0.0,0.0,Vegetation,17.42,0.0,51.01,31.34,0.23,0,0.0,Unknown,0,187.88,273.07,273.07,365.51,578.34
cell_00421,80.0775,12.9325,299956.6402141218,11.0,24.0,15.58,0.0,6.41,2.05,0.0,0.0,0.0,4658.92,11860.8,11297.29,0.0,0.0,Vegetation,2.31,0.78,84.84,11.66,0.42,0,0.0,Unknown,0,187.88,273.07,273.07,365.51,578.34
cell_00422,80.0775,12.9375,299950.77827155445,13.0,23.0,18.11,0.0,7.26,1.85,0.0,0.0,0.0,4277.72,11513.12,10997.48,0.0,0.0,Vegetation,4.03,0.0,86.66,9.32,0.0,0,0.0,Unknown,0,187.88,273.07,273.07,365.51,578.34
cell_00423,80.0775,12.9425,299944.9140933057,13.0,23.0,17.65,0.0,5.71,1.91,0.0,0.0,0.0,3937.5,11182.0,10717.84,0.0,0.0,Vegetation,20.33,0.96,65.39,12.63,0.69,0,0.0,Unknown,0,187.88,273.07,273.07,365.51,578.34
cell_00424,80.0775,12.9475,299939.0476782015,13.0,25.0,18.56,0.0,5.46,1.79,0.0,0.0,0.0,3649.72,10868.94,10407.9,0.0,0.0,Vegetation,7.14,26.82,45.62,2.21,18.21,0,0.0,Unknown,0,187.88,273.07,273.07,365.51,578.34
cell_00425,80.0775,12.9525,299933.1790273758,8.0,59.0,22.93,0.0,27.88,5.27,0.0,0.0,0.0,3427.63,10575.54,10001.65,0.0,0.0,Vegetation,16.75,6.95,61.49,1.07,13.73,0,0.0,Unknown,0,187.88,273.07,273.07,365.51,578.34
cell_00426,80.0775,12.9575,299927.30814055493,13.0,50.0,23.63,0.0,28.67,4.19,0.0,0.0,0.0,3284.58,10303.5,9610.05,0.0,0.0,Vegetation,9.02,0.3,48.53,41.92,0.23,0,0.0,Unknown,0,187.88,273.07,273.07,365.51,578.34
cell_00427,80.0775,12.9625,299921.4350173239,18.0,29.0,23.23,0.0,6.19,1.87,0.0,0.0,0.0,3231.08,10054.53,9234.97,0.0,0.0,Vegetation,29.29,0.0,55.65,15.06,0.0,0,0.0,Unknown,0,187.88,273.07,273.07,365.51,578.34
cell_00428,80.0775,12.9675,299915.55965834216,16.0,24.0,19.02,0.0,4.86,1.56,0.0,0.0,0.0,3271.53,9830.39,8878.51,0.0,0.0,Cropland,3.02,0.0,28.21,68.77,0.0,0,0.0,Unknown,0,187.88,273.07,273.07,365.51,578.34
cell_00429,80.0775,12.9725,299909.6820635887,15.0,22.0,18.31,0.0,5.15,1.72,0.0,0.0,0.0,3392.58,9632.82,8543.0,0.0,0.0,Cropland,0.0,0.0,7.54,92.46,0.0,0,0.0,Unknown,0,187.88,273.07,273.07,365.51,578.34
cell_00430,80.0775,12.9775,299903.80223220715,15.0,22.0,18.56,0.0,5.86,1.67,0.0,0.0,0.0,3591.27,9463.49,8231.0,0.0,0.0,Cropland,0.0,0.0,9.64,90.36,0.0,0,0.0,Unknown,0,187.88,273.07,273.07,365.51,578.34
cell_00431,80.0775,12.9825,299897.9201656775,16.0,25.0,19.69,0.0,8.3,2.08,0.0,0.0,0.0,3848.71,9323.92,7945.28,0.0,0.0,Vegetation,0.0,0.0,60.39,39.61,0.0,0,0.0,Unknown,0,187.88,273.07,273.07,365.51,578.34
cell_00432,80.0775,12.9875,299892.03586281167,16.0,23.0,19.25,0.0,5.66,1.79,0.0,0.0,0.0,4164.04,9215.47,7688.77,0.0,0.0,Vegetation,0.0,0.0,94.38,5.62,0.0,0,0.0,Unknown,0,187.88,273.07,273.07,365.51,578.34
cell_00433,80.0775,12.9925,299886.1493243776,17.0,29.0,21.05,0.0,7.7,1.95,0.0,0.0,0.0,4525.21,8950.82,7464.48,0.0,0.0,Vegetation,7.63,0.0,65.19,27.01,0.16,0,0.0,Unknown,0,187.88,273.07,273.07,365.51,578.34
cell_00434,80.0775,12.9975,299880.260549929,19.0,33.0,23.21,0.0,15.33,2.24,0.0,0.0,0.0,4671.52,8460.8,7275.39,0.0,0.0,Vegetation,15.32,28.28,50.91,5.16,0.32,0,0.0,Unknown,0,187.88,273.07,273.07,365.51,578.34
cell_00435,80.0775,13.0025,299874.36953995156,19.0,19.0,19.0,0.0,0.0,0.0,0.0,0.0,0.0,4856.16,7979.01,7124.31,0.0,0.0,Water,0.0,99.07,0.93,0.0,0.0,0,0.0,Unknown,0,187.88,273.07,273.07,365.51,578.34
cell_00436,80.0775,13.0075,299868.4762942833,19.0,19.0,19.0,0.0,0.0,0.0,0.0,0.0,0.0,5094.42,7506.97,7013.7,0.0,0.0,Water,0.0,100.0,0.0,0.0,0.0,0,0.0,Unknown,0,187.88,273.07,273.07,365.51,578.34
cell_00437,80.0775,13.0125,299862.58081258804,19.0,32.0,19.59,0.0,14.27,0.9,0.0,0.0,0.0,5379.18,7043.56,6945.48,0.0,0.0,Water,0.06,94.12,5.03,0.58,0.19,0,0.0,Unknown,0,187.88,273.07,273.07,365.51,578.34
cell_00438,80.0775,13.0175,299856.6830953975,-3.0,30.0,21.11,0.0,25.93,3.97,0.0,0.0,0.0,5703.47,6593.79,6914.98,0.0,0.0,Water,0.17,49.29,42.55,8.0,0.0,0,0.0,Unknown,0,187.88,273.07,273.07,365.51,578.34
cell_00439,80.0775,13.0225,299850.78314255,11.0,27.0,20.83,0.0,22.77,2.55,0.0,0.0,0.0,6059.74,6160.83,6879.76,0.0,0.0,Vegetation,0.36,7.69,52.82,39.12,0.0,0,0.0,Unknown,0,187.88,273.07,273.07,365.51,578.34
cell_00440,80.0775,13.0275,299844.8809540573,16.0,25.0,21.22,0.0,6.16,1.99,0.0,0.0,0.0,6441.0,5748.51,6888.89,0.0,0.0,Cropland,8.99,0.03,30.68,59.87,0.42,0,0.0,Unknown,0,187.88,273.07,273.07,365.51,578.34
cell_00441,80.0775,13.0325,299838.97653023043,16.0,27.0,21.82,0.0,9.51,2.44,0.0,0.0,0.0,6845.74,5361.57,6942.2,0.0,0.0,Cropland,6.12,0.0,25.09,67.9,0.89,0,0.0,Unknown,0,187.88,273.07,273.07,365.51,578.34
cell_00442,80.0775,13.0375,299833.06987087586,20.0,31.0,25.35,0.0,6.15,2.35,0.0,0.0,0.0,6915.74,5005.91,7038.69,0.0,0.0,Built-up,46.2,0.0,34.74,18.9,0.16,0,0.0,Unknown,0,187.88,273.07,273.07,365.51,578.34
cell_00443,80.0775,13.0425,299827.16097570496,22.0,30.0,26.65,0.0,5.66,2.24,0.0,0.0,0.0,6871.01,4688.64,7176.6,0.0,0.0,Built-up,92.08,0.0,5.62,1.69,0.62,0,0.0,Unknown,0,187.88,273.07,273.07,365.51,578.34
cell_00444,80.0775,13.0475,299821.24984547024,20.0,28.0,24.25,0.0,5.94,1.98,0.0,0.0,0.0,6870.64,4417.89,7353.63,0.0,0.0,Built-up,58.64,0.2,18.55,21.95,0.66,0,0.0,Unknown,0,187.88,273.07,273.07,365.51,578.34
cell_00445,80.0775,13.0525,299815.3364795524,17.0,27.0,22.01,0.0,6.98,2.39,0.0,0.0,0.0,6914.64,4193.49,7567.01,0.0,0.0,Vegetation,26.82,0.0,51.69,21.49,0.0,0,0.0,Unknown,0,187.88,273.07,273.07,365.51,578.34
cell_00446,80.0775,13.0575,299809.42087840504,14.0,33.0,22.09,0.0,10.11,3.14,0.0,0.0,0.0,6993.6,4032.71,7813.77,0.0,0.0,Cropland,34.29,0.0,16.85,48.05,0.81,0,0.0,Unknown,0,187.88,273.07,273.07,365.51,578.34
cell_00447,80.0775,13.0625,299803.5030419447,18.0,32.0,23.17,0.0,8.95,2.72,0.0,0.0,0.0,7091.91,3783.44,8090.86,0.0,0.0,Cropland,16.0,0.0,16.3,63.97,3.74,0,0.0,Unknown,0,187.88,273.07,273.07,365.51,578.34
cell_00448,80.0775,13.0675,299797.582970103,19.0,26.0,23.0,0.0,4.76,1.83,0.0,0.0,0.0,7231.28,3231.19,8395.27,0.0,0.0,Cropland,5.78,0.0,31.69,58.96,3.57,0,0.0,Unknown,0,187.88,273.07,273.07,365.51,578.34
cell_00449,80.0775,13.0725,299791.66066264024,21.0,29.0,24.71,0.0,4.84,1.92,0.0,0.0,0.0,7345.44,2679.26,8542.98,0.0,0.0,Built-up,34.22,0.0,29.51,33.73,2.53,0,0.0,Unknown,0,187.88,273.07,273.07,365.51,578.34
cell_00450,80.0775,13.0775,299785.73612068826,19.0,29.0,23.62,0.0,7.84,2.12,0.0,0.0,0.0,7064.83,2127.87,8334.0,0.0,0.0,Vegetation,5.02,0.0,44.17,38.21,12.6,0,0.0,Unknown,0,187.88,273.07,273.07,365.51,578.34
cell_00451,80.0775,13.0825,299779.8093429798,20.0,35.0,24.75,0.0,9.55,2.74,0.0,0.0,0.0,6817.6,1577.62,8132.72,0.0,0.0,Cropland,8.15,0.1,37.6,46.43,7.73,0,0.0,Unknown,0,187.88,273.07,273.07,365.51,578.34
cell_00452,80.0775,13.0875,299773.8803301724,19.0,27.0,23.14,0.0,6.93,2.08,0.0,0.0,0.0,6607.5,1028.15,7953.12,0.0,0.0,Vegetation,2.31,0.0,44.33,42.38,10.98,0,0.0,Unknown,0,187.88,273.07,273.07,365.51,578.34
cell_00453,80.0775,13.0925,299767.9490822626,20.0,37.0,25.48,0.0,10.21,2.61,0.0,0.0,0.0,6438.18,478.67,7808.63,0.0,0.0,Cropland,10.23,0.0,41.27,41.98,6.53,0,0.0,Unknown,0,187.88,273.07,273.07,365.51,578.34
cell_00454,80.0775,13.0975,299762.0155994989,16.0,29.0,23.04,0.0,8.16,2.76,0.0,0.0,0.0,6312.91,46.79,7701.23,697.21,0.002326,Vegetation,10.06,0.0,49.55,33.7,6.69,0,0.0,Unknown,0,187.88,273.07,273.07,365.51,578.34
cell_00455,80.0775,13.1025,299756.0798812929,20.0,29.0,24.65,0.0,6.83,2.1,0.0,0.0,0.0,6234.35,347.4,7632.49,61.4,0.000205,Cropland,6.31,0.0,21.75,70.98,0.96,0,0.0,Unknown,0,187.88,273.07,273.07,365.51,578.34
cell_00456,80.0775,13.1075,299750.1419282873,22.0,34.0,25.06,0.0,9.36,1.95,0.0,0.0,0.0,6204.28,767.99,7603.44,0.0,0.0,Vegetation,6.07,1.04,66.2,26.69,0.0,0,0.0,Unknown,0,187.88,273.07,273.07,365.51,578.34
cell_00457,80.0775,13.1125,299744.2017402554,23.0,34.0,25.9,0.0,6.51,1.79,0.0,0.0,0.0,6223.39,1275.55,7614.55,0.0,0.0,Vegetation,17.34,0.39,62.37,19.61,0.29,0,0.0,Unknown,0,187.88,273.07,273.07,365.51,578.34
cell_00458,80.0775,13.1175,299738.2593173672,21.0,33.0,26.33,0.0,9.1,2.64,0.0,0.0,0.0,6283.77,1797.77,7665.64,0.0,0.0,Built-up,41.39,0.0,36.6,21.22,0.79,0,0.0,Unknown,0,187.88,273.07,273.07,365.51,578.34
cell_00459,80.0775,13.1225,299732.31465909805,16.0,39.0,30.84,0.0,11.75,3.74,0.0,0.0,0.0,6372.13,2328.56,7755.93,0.0,0.0,Built-up,80.71,0.0,17.56,1.53,0.19,0,0.0,Unknown,0,187.88,273.07,273.07,365.51,578.34
cell_00460,80.0775,13.1275,299726.3677665631,32.0,45.0,39.23,0.0,9.62,2.26,0.0,0.0,0.0,6465.71,2862.83,7884.06,0.0,0.0,Built-up,70.29,0.0,28.8,0.39,0.52,0,0.0,Unknown,0,187.88,273.07,273.07,365.51,578.34
cell_00461,80.0775,13.1325,299720.41863865533,33.0,49.0,39.48,0.0,8.23,2.88,0.0,0.0,0.0,6264.63,3395.63,8048.22,0.0,0.0,Vegetation,39.97,0.0,57.79,1.88,0.36,0,0.0,Unknown,0,187.88,273.07,273.07,365.51,578.34
cell_00462,80.0775,13.1375,299714.467276363,31.0,46.0,38.76,0.0,7.7,2.68,0.0,0.0,0.0,6107.15,3865.75,8246.27,0.0,0.0,Vegetation,32.53,0.0,56.36,11.1,0.0,0,0.0,Unknown,0,187.88,273.07,273.07,365.51,578.34
cell_00463,80.0775,13.1425,299708.51367900224,31.0,44.0,37.89,0.0,6.91,2.63,0.0,0.0,0.0,5996.71,4352.79,8475.84,0.0,0.0,Vegetation,8.31,0.0,90.52,0.62,0.55,0,0.0,Unknown,0,187.88,273.07,273.07,365.51,578.34
cell_00464,80.0775,13.1475,299702.55784712324,28.0,43.0,34.35,0.0,6.91,2.5,0.0,0.0,0.0,5935.95,4851.04,8734.43,0.0,0.0,Vegetation,41.02,0.0,54.12,4.3,0.56,0,0.0,Unknown,0,187.88,273.07,273.07,365.51,578.34
cell_00465,80.0775,13.1525,299696.5997799631,25.0,37.0,31.06,0.0,6.65,2.18,0.0,0.0,0.0,5926.38,5360.04,9019.55,0.0,0.0,Vegetation,41.43,0.0,41.85,16.3,0.42,0,0.0,Unknown,0,187.88,273.07,273.07,365.51,578.34
cell_00466,80.0775,13.1575,299690.6394788896,27.0,39.0,33.42,0.0,8.02,2.41,0.0,0.0,0.0,5968.27,5877.0,9328.77,0.0,0.0,Vegetation,12.6,0.45,58.08,28.21,0.65,0,0.0,Unknown,0,187.88,273.07,273.07,365.51,578.34
cell_00467,80.0775,13.1625,299684.67694258987,25.0,36.0,29.82,0.0,6.19,2.36,0.0,0.0,0.0,6060.53,6400.0,9659.77,0.0,0.0,Vegetation,0.2,0.0,77.12,22.15,0.53,0,0.0,Unknown,0,187.88,273.07,273.07,365.51,578.34
cell_00468,80.0775,13.1675,299678.71217222663,22.0,38.0,30.94,0.0,9.52,3.4,0.0,0.0,0.0,6200.92,6927.65,10010.4,0.0,0.0,Cropland,6.4,0.0,28.86,64.74,0.0,0,0.0,Unknown,0,187.88,273.07,273.07,365.51,578.34
cell_00469,80.0775,13.1725,299672.7451668483,22.0,33.0,26.92,0.0,8.13,2.74,0.0,0.0,0.0,6382.76,7458.98,10378.66,0.0,0.0,Cropland,10.88,0.0,33.25,55.88,0.0,0,0.0,Unknown,0,187.88,273.07,273.07,365.51,578.34
cell_00470,80.0775,13.1775,299666.7759270818,18.0,31.0,23.8,0.0,6.98,2.59,0.0,0.0,0.0,6589.91,7993.25,10762.75,0.0,0.0,Cropland,16.99,0.0,31.8,51.14,0.07,0,0.0,Unknown,0,187.88,273.07,273.07,365.51,578.34
cell_00471,80.0775,13.1825,299660.8044527974,20.0,28.0,23.48,0.0,5.15,1.92,0.0,0.0,0.0,6835.52,8529.91,11161.03,0.0,0.0,Cropland,0.94,0.0,27.69,71.36,0.0,0,0.0,Unknown,0,187.88,273.07,273.07,365.51,578.34
cell_00472,80.0775,13.1875,299654.83074408455,17.0,29.0,23.04,0.0,6.19,2.38,0.0,0.0,0.0,7115.71,9068.53,11572.03,0.0,0.0,Cropland,5.49,0.0,40.81,52.44,1.27,0,0.0,Unknown,0,187.88,273.07,273.07,365.51,578.34
cell_00473,80.0775,13.1925,299648.8548010338,19.0,28.0,23.41,0.0,7.8,2.21,0.0,0.0,0.0,7426.58,9608.79,11994.46,0.0,0.0,Cropland,2.31,0.0,20.63,72.23,4.83,0,0.0,Unknown,0,187.88,273.07,273.07,365.51,578.34
cell_00474,80.0775,13.1975,299642.8766233728,18.0,26.0,22.21,0.0,6.19,2.45,0.0,0.0,0.0,7764.43,10150.43,12078.89,0.0,0.0,Cropland,5.62,0.0,2.99,91.4,0.0,0,0.0,Unknown,0,187.88,273.07,273.07,365.51,578.34
cell_00475,80.0775,13.2025,299636.89621142845,18.0,28.0,22.32,0.0,7.84,2.41,0.0,0.0,0.0,8125.91,10693.22,12146.15,0.0,0.0,Vegetation,5.32,0.0,51.53,43.12,0.03,0,0.0,Unknown,0,187.88,273.07,273.07,365.51,578.34
cell_00476,80.0775,13.2075,299630.9135651798,18.0,30.0,23.0,0.0,6.93,2.38,0.0,0.0,0.0,8508.0,11237.02,12238.06,0.0,0.0,Vegetation,1.49,0.0,58.71,37.42,2.38,0,0.0,Unknown,0,187.88,273.07,273.07,365.51,578.34
cell_00477,80.0775,13.2125,299624.928684765,16.0,28.0,22.73,0.0,6.98,2.73,0.0,0.0,0.0,8908.04,11781.67,12354.07,0.0,0.0,Vegetation,16.27,0.0,40.06,40.03,3.64,0,0.0,Unknown,0,187.88,273.07,273.07,365.51,578.34
cell_00478,80.0775,13.2175,299618.94156972267,17.0,25.0,20.72,0.0,6.03,1.92,0.0,0.0,0.0,9323.74,12327.06,12493.49,0.0,0.0,Cropland,12.95,0.0,40.36,46.36,0.32,0,0.0,Unknown,0,187.88,273.07,273.07,365.51,578.34
cell_00479,80.0775,13.2225,299612.95222088316,15.0,25.0,20.35,0.0,6.93,2.12,0.0,0.0,0.0,9753.08,12873.11,12655.56,0.0,0.0,Cropland,21.52,0.0,25.36,51.93,1.19,0,0.0,Unknown,0,187.88,273.07,273.07,365.51,578.34
cell_00480,80.0775,13.2275,299606.9606378334,15.0,25.0,20.76,0.0,5.94,2.02,0.0,0.0,0.0,10103.71,13419.73,12839.43,0.0,0.0,Cropland,0.0,0.0,26.53,73.47,0.0,0,0.0,Unknown,0,187.88,273.07,273.07,365.51,578.34
cell_00481,80.0775,13.2325,299600.96682036313,13.0,26.0,19.97,0.0,7.26,2.37,0.0,0.0,0.0,10379.94,13966.85,13044.16,0.0,0.0,Vegetation,2.6,0.0,62.21,32.53,2.66,0,0.0,Unknown,0,187.88,273.07,273.07,365.51,578.34
cell_00482,80.0775,13.2375,299594.97076883086,18.0,26.0,22.44,0.0,6.93,1.92,0.0,0.0,0.0,10677.69,14514.41,13268.79,0.0,0.0,Cropland,0.17,0.0,19.64,79.4,0.79,0,0.0,Unknown,0,187.88,273.07,273.07,365.51,578.34
cell_00483,80.0775,13.2425,299588.97248351714,14.0,27.0,21.5,0.0,8.95,2.79,0.0,0.0,0.0,10995.21,15062.38,13512.34,0.0,0.0,Cropland,0.23,0.0,13.51,86.27,0.0,0,0.0,Unknown,0,187.88,273.07,273.07,365.51,578.34
cell_00484,80.0775,13.2475,299582.9719639276,14.0,28.0,22.52,0.0,10.61,2.48,0.0,0.0,0.0,11330.83,15610.7,13773.8,0.0,0.0,Cropland,9.45,0.0,28.67,60.62,1.27,0,0.0,Unknown,0,187.88,273.07,273.07,365.51,578.34
cell_00485,80.0775,13.2525,299576.9692101991,0.0,0.0,0.0,0.0,0.0,0.0,0.0,0.0,0.0,11683.0,16159.34,14052.16,0.0,0.0,Unknown,0.0,0.0,0.0,0.0,0.0,0,0.0,Unknown,0,187.88,273.07,273.07,365.51,578.34
cell_00486,80.0825,12.8525,300049.3226893814,27.0,36.0,30.87,0.0,5.66,2.05,0.0,0.0,0.0,12497.09,12965.49,15959.8,0.0,0.0,Vegetation,35.91,0.0,38.73,25.26,0.1,0,0.0,Unknown,0,187.88,273.07,273.07,365.51,578.34
cell_00487,80.0825,12.8575,300043.4965783499,26.0,39.0,31.94,0.0,7.8,2.27,0.0,0.0,0.0,11957.64,12870.31,15588.93,0.0,0.0,Built-up,70.6,0.0,20.98,8.42,0.0,0,0.0,Unknown,0,187.88,273.07,273.07,365.51,578.34
cell_00488,80.0825,12.8625,300037.66823060845,30.0,41.0,34.23,0.0,5.25,1.88,0.0,0.0,0.0,11419.49,12798.34,15229.11,0.0,0.0,Built-up,71.21,0.0,22.8,5.99,0.0,0,0.0,Unknown,0,187.88,273.07,273.07,365.51,578.34
cell_00489,80.0825,12.8675,300031.8376463424,32.0,51.0,40.1,0.0,5.66,2.47,0.0,0.0,0.0,10882.82,12749.97,14881.14,0.0,0.0,Built-up,55.49,0.0,39.68,4.22,0.62,0,0.0,Unknown,0,187.88,273.07,273.07,365.51,578.34
cell_00490,80.0825,12.8725,300026.004825231,31.0,45.0,39.85,0.0,7.09,2.35,0.0,0.0,0.0,10347.87,12725.47,14545.88,0.0,0.0,Bare Land,20.63,0.0,27.36,0.73,51.28,0,0.0,Unknown,0,187.88,273.07,273.07,365.51,578.34
cell_00491,80.0825,12.8775,300020.1697676175,33.0,47.0,40.81,0.0,6.19,2.44,0.0,0.0,0.0,9814.92,12724.97,14224.22,0.0,0.0,Vegetation,47.1,0.0,51.15,1.24,0.51,0,0.0,Unknown,0,187.88,273.07,273.07,365.51,578.34
cell_00492,80.0825,12.8825,300014.33247318177,31.0,47.0,36.7,0.0,7.26,2.32,0.0,0.0,0.0,9284.31,12748.48,13917.11,0.0,0.0,Vegetation,36.75,0.0,59.12,4.12,0.0,0,0.0,Unknown,0,187.88,273.07,273.07,365.51,578.34
cell_00493,80.0825,12.8875,300008.49294272467,25.0,42.0,33.8,0.0,7.09,2.67,0.0,0.0,0.0,8756.48,12795.87,13625.53,0.0,0.0,Vegetation,47.16,0.0,50.48,1.79,0.57,0,0.0,Unknown,0,187.88,273.07,273.07,365.51,578.34
cell_00494,80.0825,12.8925,300002.6511753262,28.0,41.0,33.23,0.0,6.15,2.28,0.0,0.0,0.0,8231.94,12866.87,13350.49,0.0,0.0,Built-up,64.38,0.0,32.24,3.22,0.16,0,0.0,Unknown,0,187.88,273.07,273.07,365.51,578.34
cell_00495,80.0825,12.8975,299996.80717121856,21.0,35.0,28.13,0.0,9.2,2.92,0.0,0.0,0.0,7711.39,12961.1,13093.04,0.0,0.0,Built-up,68.44,0.0,26.14,5.42,0.0,0,0.0,Unknown,0,187.88,273.07,273.07,365.51,578.34
cell_00496,80.0825,12.9025,299990.96093133005,19.0,29.0,24.34,0.0,8.83,2.42,0.0,0.0,0.0,7195.68,13078.05,12854.24,0.0,0.0,Built-up,55.04,0.96,37.85,6.03,0.13,0,0.0,Unknown,0,187.88,273.07,273.07,365.51,578.34
cell_00497,80.0825,12.9075,299985.1124545498,17.0,27.0,21.76,0.0,8.3,2.27,0.0,0.0,0.0,6685.92,13217.12,12635.15,0.0,0.0,Built-up,74.27,0.0,20.7,4.66,0.38,0,0.0,Unknown,0,187.88,273.07,273.07,365.51,578.34
cell_00498,80.0825,12.9125,299979.26174182195,14.0,27.0,21.45,0.0,6.72,2.58,0.0,0.0,0.0,6183.61,13028.32,12272.56,0.0,0.0,Built-up,53.28,0.0,28.34,18.25,0.13,0,0.0,Unknown,0,187.88,273.07,273.07,365.51,578.34
cell_00499,80.0825,12.9175,299973.4087922257,18.0,26.0,22.09,0.0,6.19,2.0,0.0,0.0,0.0,5690.7,12616.04,11894.77,0.0,0.0,Built-up,81.63,0.0,14.09,4.15,0.13,0,0.0,Unknown,0,187.88,273.07,273.07,365.51,578.34
cell_00500,80.0825,12.9225,299967.55360679835,11.0,25.0,18.43,0.0,7.53,2.22,0.0,0.0,0.0,5209.86,12214.89,11531.13,0.0,0.0,Built-up,66.26,0.0,20.38,13.36,0.0,0,0.0,Unknown,0,187.88,273.07,273.07,365.51,578.34
cell_00501,80.0825,12.9275,299961.6961847626,11.0,20.0,15.54,0.0,5.94,1.8,0.0,0.0,0.0,4744.78,11825.99,11183.01,0.0,0.0,Vegetation,2.86,0.0,72.95,24.12,0.06,0,0.0,Unknown,0,187.88,273.07,273.07,365.51,578.34
cell_00502,80.0825,12.9325,299955.836526651,12.0,19.0,15.44,0.0,4.86,1.87,0.0,0.0,0.0,4300.55,11450.59,10851.93,0.0,0.0,Vegetation,13.23,0.0,69.04,17.63,0.1,0,0.0,Unknown,0,187.88,273.07,273.07,365.51,578.34
cell_00503,80.0825,12.9375,299949.9746322528,9.0,19.0,14.87,0.0,6.83,2.11,0.0,0.0,0.0,3884.35,11090.08,10539.47,0.0,0.0,Vegetation,12.88,0.0,79.08,7.37,0.67,0,0.0,Unknown,0,187.88,273.07,273.07,365.51,578.34
cell_00504,80.0825,12.9425,299944.1105019441,12.0,18.0,15.07,0.0,6.19,1.79,0.0,0.0,0.0,3506.17,10745.93,10247.35,0.0,0.0,Vegetation,14.87,0.0,71.69,12.21,1.23,0,0.0,Unknown,0,187.88,273.07,273.07,365.51,578.34
cell_00505,80.0825,12.9475,299938.2441351835,12.0,21.0,15.53,0.0,5.66,1.86,0.0,0.0,0.0,3179.61,10419.79,9977.35,0.0,0.0,Vegetation,5.71,1.21,80.87,12.12,0.1,0,0.0,Unknown,0,187.88,273.07,273.07,365.51,578.34
cell_00506,80.0825,12.9525,299932.3755323763,15.0,26.0,19.3,0.0,5.66,2.05,0.0,0.0,0.0,2922.01,10113.38,9634.29,0.0,0.0,Vegetation,18.49,0.06,74.65,6.44,0.35,0,0.0,Unknown,0,187.88,273.07,273.07,365.51,578.34
cell_00507,80.0825,12.9575,299926.50469388196,14.0,26.0,18.63,0.0,6.65,1.75,0.0,0.0,0.0,2752.82,9828.56,9227.12,0.0,0.0,Cropland,11.98,0.0,39.38,48.64,0.0,0,0.0,Unknown,0,187.88,273.07,273.07,365.51,578.34
cell_00508,80.0825,12.9625,299920.6316187962,15.0,29.0,20.88,0.0,5.86,2.06,0.0,0.0,0.0,2688.77,9567.25,8835.82,0.0,0.0,Vegetation,35.27,0.0,58.96,5.77,0.0,0,0.0,Unknown,0,187.88,273.07,273.07,365.51,578.34
cell_00509,80.0825,12.9675,299914.7563080926,16.0,28.0,20.07,0.0,9.75,2.11,0.0,0.0,0.0,2737.26,9331.43,8462.57,0.0,0.0,Vegetation,33.93,0.0,36.83,29.15,0.1,0,0.0,Unknown,0,187.88,273.07,273.07,365.51,578.34
cell_00510,80.0825,12.9725,299908.87876145233,15.0,21.0,17.77,0.0,4.86,1.61,0.0,0.0,0.0,2877.79,9123.07,8109.88,0.0,0.0,Cropland,22.73,0.0,28.12,49.12,0.03,0,0.0,Unknown,0,187.88,273.07,273.07,365.51,578.34
cell_00511,80.0825,12.9775,299902.99897868134,14.0,21.0,18.43,0.0,4.35,1.82,0.0,0.0,0.0,3103.28,8944.1,7780.54,0.0,0.0,Cropland,26.4,0.0,29.91,43.59,0.1,0,0.0,Unknown,0,187.88,273.07,273.07,365.51,578.34
cell_00512,80.0825,12.9825,299897.1169601376,16.0,22.0,18.74,0.0,4.98,1.56,0.0,0.0,0.0,3397.87,8796.31,7477.63,0.0,0.0,Cropland,0.0,0.0,49.01,50.99,0.0,0,0.0,Unknown,0,187.88,273.07,273.07,365.51,578.34
cell_00513,80.0825,12.9875,299891.232705659,16.0,28.0,21.12,0.0,7.39,2.18,0.0,0.0,0.0,3751.3,8681.29,7204.5,0.0,0.0,Vegetation,0.0,0.0,85.32,14.68,0.0,0,0.0,Unknown,0,187.88,273.07,273.07,365.51,578.34
cell_00514,80.0825,12.9925,299885.3462154628,16.0,28.0,20.55,0.0,8.8,2.08,0.0,0.0,0.0,4008.05,8600.35,6964.64,0.0,0.0,Vegetation,10.14,0.0,45.44,41.36,3.06,0,0.0,Unknown,0,187.88,273.07,273.07,365.51,578.34
cell_00515,80.0825,12.9975,299879.457489513,17.0,26.0,20.76,0.0,8.3,2.26,0.0,0.0,0.0,4153.94,8216.17,6761.61,0.0,0.0,Vegetation,5.52,1.79,68.14,23.76,0.8,0,0.0,Unknown,0,187.88,273.07,273.07,365.51,578.34
cell_00516,80.0825,13.0025,299873.566527773,17.0,38.0,21.52,0.0,20.22,2.53,0.0,0.0,0.0,4360.57,7719.13,6598.79,0.0,0.0,Vegetation,0.06,39.61,43.21,17.01,0.1,0,0.0,Unknown,0,187.88,273.07,273.07,365.51,578.34
cell_00517,80.0825,13.0075,299867.67333031894,18.0,39.0,21.79,0.0,20.54,3.38,0.0,0.0,0.0,4624.44,7230.22,6479.22,0.0,0.0,Vegetation,0.03,27.93,64.32,7.14,0.57,0,0.0,Unknown,0,187.88,273.07,273.07,365.51,578.34
cell_00518,80.0825,13.0125,299861.7778972081,15.0,28.0,19.85,0.0,10.4,2.55,0.0,0.0,0.0,4936.39,6751.22,6405.32,0.0,0.0,Vegetation,2.14,2.97,59.95,24.87,10.08,0,0.0,Unknown,0,187.88,273.07,273.07,365.51,578.34
cell_00519,80.0825,13.0175,299855.8802283574,17.0,28.0,20.15,0.0,8.13,1.89,0.0,0.0,0.0,5287.25,6282.79,6375.91,0.0,0.0,Vegetation,8.38,0.0,67.5,19.51,4.61,0,0.0,Unknown,0,187.88,273.07,273.07,365.51,578.34
cell_00520,80.0825,13.0225,299849.9803238895,18.0,26.0,21.29,0.0,5.94,2.14,0.0,0.0,0.0,5666.53,5826.78,6337.7,0.0,0.0,Vegetation,5.39,0.19,57.59,35.11,1.72,0,0.0,Unknown,0,187.88,273.07,273.07,365.51,578.34
cell_00521,80.0825,13.0275,299844.078184004,18.0,30.0,23.03,0.0,6.65,2.47,0.0,0.0,0.0,6072.54,5388.96,6347.62,0.0,0.0,Built-up,46.11,1.79,28.67,21.81,1.63,0,0.0,Unknown,0,187.88,273.07,273.07,365.51,578.34
cell_00522,80.0825,13.0325,299838.17380853917,17.0,31.0,24.6,0.0,10.43,2.84,0.0,0.0,0.0,6473.41,4974.14,6405.45,0.0,0.0,Cropland,35.29,0.0,20.81,43.73,0.16,0,0.0,Unknown,0,187.88,273.07,273.07,365.51,578.34
cell_00523,80.0825,13.0375,299832.267197444,19.0,35.0,24.61,0.0,9.62,2.91,0.0,0.0,0.0,6377.84,4588.55,6509.91,0.0,0.0,Vegetation,27.36,0.0,45.38,26.56,0.7,0,0.0,Unknown,0,187.88,273.07,273.07,365.51,578.34
cell_00524,80.0825,13.0425,299826.3583508877,16.0,31.0,25.18,0.0,7.8,2.47,0.0,0.0,0.0,6329.32,4240.19,6658.8,0.0,0.0,Built-up,46.43,0.0,40.05,13.49,0.03,0,0.0,Unknown,0,187.88,273.07,273.07,365.51,578.34
cell_00525,80.0825,13.0475,299820.4472691962,20.0,32.0,25.55,0.0,8.83,2.51,0.0,0.0,0.0,6328.93,3938.93,6849.22,0.0,0.0,Built-up,65.71,0.0,14.29,19.29,0.71,0,0.0,Unknown,0,187.88,273.07,273.07,365.51,578.34
cell_00526,80.0825,13.0525,299814.53395175113,18.0,28.0,22.7,0.0,6.41,2.27,0.0,0.0,0.0,6376.68,3690.76,7077.84,0.0,0.0,Vegetation,26.08,0.0,40.82,33.1,0.0,0,0.0,Unknown,0,187.88,273.07,273.07,365.51,578.34
cell_00527,80.0825,13.0575,299808.6183989895,17.0,26.0,21.38,0.0,7.85,2.68,0.0,0.0,0.0,6457.2,3507.01,7341.07,0.0,0.0,Cropland,7.72,0.0,40.43,51.79,0.06,0,0.0,Unknown,0,187.88,273.07,273.07,365.51,578.34
cell_00528,80.0825,13.0625,299802.7006112695,17.0,28.0,21.41,0.0,6.98,2.2,0.0,0.0,0.0,6563.55,3395.97,7635.34,0.0,0.0,Cropland,3.38,0.0,30.68,65.75,0.19,0,0.0,Unknown,0,187.88,273.07,273.07,365.51,578.34
cell_00529,80.0825,13.0675,299796.78058797197,17.0,29.0,23.07,0.0,7.59,2.69,0.0,0.0,0.0,6713.91,3236.95,7957.21,0.0,0.0,Cropland,8.55,0.0,18.81,72.19,0.45,0,0.0,Unknown,0,187.88,273.07,273.07,365.51,578.34
cell_00530,80.0825,13.0725,299790.8583291545,14.0,28.0,22.01,0.0,8.83,2.88,0.0,0.0,0.0,6886.23,2697.09,8050.47,0.0,0.0,Vegetation,30.13,0.0,58.58,8.77,2.52,0,0.0,Unknown,0,187.88,273.07,273.07,365.51,578.34
cell_00531,80.0825,13.0775,299784.93383561797,17.0,29.0,22.17,0.0,8.29,2.8,0.0,0.0,0.0,6593.87,2150.29,7828.37,0.0,0.0,Vegetation,6.49,0.0,78.21,9.29,6.01,0,0.0,Unknown,0,187.88,273.07,273.07,365.51,578.34
cell_00532,80.0825,13.0825,299779.007106601,18.0,29.0,22.8,0.0,7.7,2.49,0.0,0.0,0.0,6328.28,1606.91,7628.4,0.0,0.0,Vegetation,1.63,0.0,53.7,40.59,4.08,0,0.0,Unknown,0,187.88,273.07,273.07,365.51,578.34
cell_00533,80.0825,13.0875,299773.0781424153,17.0,37.0,25.25,0.0,9.93,2.92,0.0,0.0,0.0,6101.37,1064.23,7436.64,0.0,0.0,Cropland,1.79,0.0,42.31,53.05,2.86,0,0.0,Unknown,0,187.88,273.07,273.07,365.51,578.34
cell_00534,80.0825,13.0925,299767.14694319805,18.0,38.0,27.61,0.0,9.49,3.46,0.0,0.0,0.0,5917.6,523.44,7281.92,0.0,0.0,Vegetation,18.43,0.0,46.08,33.99,1.5,0,0.0,Unknown,0,187.88,273.07,273.07,365.51,578.34
cell_00535,80.0825,13.0975,299761.21350908576,16.0,32.0,22.27,0.0,12.84,3.27,0.0,0.0,0.0,5781.07,5.69,7166.65,669.25,0.002233,Vegetation,0.29,0.0,73.25,21.14,5.33,0,0.0,Unknown,0,187.88,273.07,273.07,365.51,578.34
cell_00536,80.0825,13.1025,299755.27783944417,16.0,32.0,23.67,0.0,12.57,2.45,0.0,0.0,0.0,5695.19,373.22,7092.73,22.11,7.4e-05,Cropland,1.36,0.0,30.71,67.92,0.0,0,0.0,Unknown,0,187.88,273.07,273.07,365.51,578.34
cell_00537,80.0825,13.1075,299749.3399351362,20.0,35.0,27.1,0.0,6.93,2.41,0.0,0.0,0.0,5662.27,736.2,7061.48,0.0,0.0,Cropland,30.48,0.0,29.27,40.24,0.0,0,0.0,Unknown,0,187.88,273.07,273.07,365.51,578.34
cell_00538,80.0825,13.1125,299743.3997959056,13.0,35.0,28.49,0.0,15.1,2.93,0.0,0.0,0.0,5683.22,1180.12,7073.45,0.0,0.0,Built-up,58.0,0.0,34.44,7.49,0.06,0,0.0,Unknown,0,187.88,273.07,273.07,365.51,578.34
cell_00539,80.0825,13.1175,299737.45742160646,20.0,34.0,27.6,0.0,6.51,2.29,0.0,0.0,0.0,5745.82,1682.35,7128.43,0.0,0.0,Built-up,47.69,0.0,39.58,12.24,0.49,0,0.0,Unknown,0,187.88,273.07,273.07,365.51,578.34
cell_00540,80.0825,13.1225,299731.5128121863,19.0,37.0,28.92,0.0,9.89,3.15,0.0,0.0,0.0,5842.33,2208.97,7225.44,0.0,0.0,Built-up,72.35,0.0,18.85,8.8,0.0,0,0.0,Unknown,0,187.88,273.07,273.07,365.51,578.34
cell_00541,80.0825,13.1275,299725.5659684457,22.0,42.0,33.77,0.0,11.44,3.55,0.0,0.0,0.0,5973.09,2745.95,7362.82,0.0,0.0,Built-up,66.58,0.0,28.76,4.66,0.0,0,0.0,Unknown,0,187.88,273.07,273.07,365.51,578.34
cell_00542,80.0825,13.1325,299719.6168892751,32.0,44.0,38.62,0.0,6.89,2.52,0.0,0.0,0.0,5754.83,3285.56,7538.36,0.0,0.0,Vegetation,40.26,0.0,56.82,2.69,0.23,0,0.0,Unknown,0,187.88,273.07,273.07,365.51,578.34
cell_00543,80.0825,13.1375,299713.6655757114,27.0,48.0,37.42,0.0,9.01,2.82,0.0,0.0,0.0,5582.99,3826.45,7749.46,0.0,0.0,Vegetation,24.84,0.0,73.98,0.61,0.57,0,0.0,Unknown,0,187.88,273.07,273.07,365.51,578.34
cell_00544,80.0825,13.1425,299707.7120271994,25.0,38.0,31.81,0.0,8.8,2.73,0.0,0.0,0.0,5461.98,4370.31,7993.32,0.0,0.0,Vegetation,21.3,0.0,67.06,9.69,1.95,0,0.0,Unknown,0,187.88,273.07,273.07,365.51,578.34
cell_00545,80.0825,13.1475,299701.7562440967,24.0,37.0,29.58,0.0,6.91,2.44,0.0,0.0,0.0,5395.21,4916.22,8267.02,0.0,0.0,Vegetation,37.05,0.0,61.2,0.39,1.36,0,0.0,Unknown,0,187.88,273.07,273.07,365.51,578.34
cell_00546,80.0825,13.1525,299695.79822586256,25.0,40.0,32.48,0.0,8.53,2.53,0.0,0.0,0.0,5384.7,5463.55,8567.72,0.0,0.0,Vegetation,29.02,0.0,65.15,5.84,0.0,0,0.0,Unknown,0,187.88,273.07,273.07,365.51,578.34
cell_00547,80.0825,13.1575,299689.837973597,30.0,40.0,35.68,0.0,8.02,2.55,0.0,0.0,0.0,5430.77,6011.92,8892.68,0.0,0.0,Vegetation,31.51,0.0,60.04,8.39,0.06,0,0.0,Unknown,0,187.88,273.07,273.07,365.51,578.34
cell_00548,80.0825,13.1625,299683.8754863171,29.0,40.0,35.61,0.0,7.84,2.46,0.0,0.0,0.0,5532.02,6561.07,9239.32,0.0,0.0,Vegetation,4.84,0.0,78.96,15.91,0.29,0,0.0,Unknown,0,187.88,273.07,273.07,365.51,578.34
cell_00549,80.0825,13.1675,299677.91076458694,27.0,39.0,32.83,0.0,8.95,2.59,0.0,0.0,0.0,5685.49,7102.53,9605.32,0.0,0.0,Vegetation,8.1,0.0,49.27,41.23,1.4,0,0.0,Unknown,0,187.88,273.07,273.07,365.51,578.34
cell_00550,80.0825,13.1725,299671.9438083237,22.0,34.0,27.25,0.0,8.83,2.39,0.0,0.0,0.0,5875.54,7621.67,9988.54,0.0,0.0,Cropland,8.96,0.0,22.93,67.79,0.32,0,0.0,Unknown,0,187.88,273.07,273.07,365.51,578.34
cell_00551,80.0825,13.1775,299665.9746172387,21.0,30.0,25.27,0.0,5.25,2.07,0.0,0.0,0.0,6099.83,8145.28,10387.07,0.0,0.0,Cropland,18.9,0.0,23.31,57.47,0.32,0,0.0,Unknown,0,187.88,273.07,273.07,365.51,578.34
cell_00552,80.0825,13.1825,299660.0031920685,19.0,32.0,24.95,0.0,6.89,2.36,0.0,0.0,0.0,6364.39,8672.53,10799.22,0.0,0.0,Cropland,18.4,0.0,27.58,54.02,0.0,0,0.0,Unknown,0,187.88,273.07,273.07,365.51,578.34
cell_00553,80.0825,13.1875,299654.02953228843,20.0,29.0,24.65,0.0,6.16,2.28,0.0,0.0,0.0,6664.44,9202.81,11223.49,0.0,0.0,Cropland,19.23,0.0,27.68,52.97,0.13,0,0.0,Unknown,0,187.88,273.07,273.07,365.51,578.34
cell_00554,80.0825,13.1925,299648.0536381147,19.0,28.0,22.83,0.0,6.03,1.98,0.0,0.0,0.0,6995.39,9735.61,11494.37,0.0,0.0,Vegetation,6.59,0.0,50.06,34.25,9.09,0,0.0,Unknown,0,187.88,273.07,273.07,365.51,578.34
cell_00555,80.0825,13.1975,299642.07550940174,16.0,26.0,22.38,0.0,7.59,2.04,0.0,0.0,0.0,7353.09,10270.56,11539.84,0.0,0.0,Cropland,3.99,0.0,32.65,56.57,6.79,0,0.0,Unknown,0,187.88,273.07,273.07,365.51,578.34
cell_00556,80.0825,13.2025,299636.0951465075,17.0,29.0,22.05,0.0,8.95,2.86,0.0,0.0,0.0,7733.83,10807.32,11610.24,0.0,0.0,Cropland,8.13,0.0,33.86,50.38,7.62,0,0.0,Unknown,0,187.88,273.07,273.07,365.51,578.34
cell_00557,80.0825,13.2075,299630.1125493647,16.0,27.0,21.02,0.0,7.09,2.3,0.0,0.0,0.0,8134.36,11345.64,11706.37,0.0,0.0,Cropland,1.1,0.0,34.61,64.29,0.0,0,0.0,Unknown,0,187.88,273.07,273.07,365.51,578.34
cell_00558,80.0825,13.2125,299624.12771779555,18.0,29.0,21.64,0.0,6.89,2.27,0.0,0.0,0.0,8551.91,11885.32,11827.6,0.0,0.0,Cropland,27.61,0.0,16.77,54.53,1.08,0,0.0,Unknown,0,187.88,273.07,273.07,365.51,578.34
cell_00559,80.0825,13.2175,299618.14065196866,15.0,26.0,20.71,0.0,6.51,2.11,0.0,0.0,0.0,8984.1,12426.16,11973.16,0.0,0.0,Cropland,7.24,0.0,44.55,48.21,0.0,0,0.0,Unknown,0,187.88,273.07,273.07,365.51,578.34
cell_00560,80.0825,13.2225,299612.1513522427,16.0,22.0,18.75,0.0,4.98,1.77,0.0,0.0,0.0,9365.96,12968.03,12142.19,0.0,0.0,Vegetation,12.73,0.0,50.13,35.0,2.14,0,0.0,Unknown,0,187.88,273.07,273.07,365.51,578.34
cell_00561,80.0825,13.2275,299606.15981806116,16.0,28.0,20.77,0.0,5.66,1.98,0.0,0.0,0.0,9631.62,13510.81,12333.72,0.0,0.0,Vegetation,1.43,0.0,64.35,34.22,0.0,0,0.0,Unknown,0,187.88,273.07,273.07,365.51,578.34
cell_00562,80.0825,13.2325,299600.16604976734,14.0,28.0,20.47,0.0,7.66,2.71,0.0,0.0,0.0,9921.01,14054.38,12546.72,0.0,0.0,Vegetation,6.63,0.1,75.38,17.0,0.89,0,0.0,Unknown,0,187.88,273.07,273.07,365.51,578.34
cell_00563,80.0825,13.2375,299594.1700475135,19.0,26.0,22.44,0.0,6.41,1.68,0.0,0.0,0.0,10232.13,14598.66,12780.11,0.0,0.0,Cropland,0.71,0.0,37.05,62.24,0.0,0,0.0,Unknown,0,187.88,273.07,273.07,365.51,578.34
cell_00564,80.0825,13.2425,299588.1718110431,17.0,27.0,23.02,0.0,5.25,1.92,0.0,0.0,0.0,10563.06,15143.58,13032.8,0.0,0.0,Cropland,0.0,0.0,15.56,84.09,0.35,0,0.0,Unknown,0,187.88,273.07,273.07,365.51,578.34
cell_00565,80.0825,13.2475,299582.1713407306,17.0,28.0,21.93,0.0,7.8,2.74,0.0,0.0,0.0,10911.99,15689.06,13303.7,0.0,0.0,Cropland,3.41,0.0,43.53,52.55,0.51,0,0.0,Unknown,0,187.88,273.07,273.07,365.51,578.34
cell_00566,80.0825,13.2525,299576.16863620945,0.0,0.0,0.0,0.0,0.0,0.0,0.0,0.0,0.0,11277.26,16235.05,13591.7,0.0,0.0,Unknown,0.0,0.0,0.0,0.0,0.0,0,0.0,Unknown,0,187.88,273.07,273.07,365.51,578.34
cell_00567,80.0875,12.8525,300048.5226078928,30.0,42.0,33.83,0.0,7.39,2.09,0.0,0.0,0.0,12391.69,12433.52,15566.43,0.0,0.0,Vegetation,28.08,0.0,66.49,5.39,0.03,0,0.0,Unknown,0,187.88,273.07,273.07,365.51,578.34
cell_00568,80.0875,12.8575,300042.69654448045,32.0,40.0,35.26,0.0,6.41,1.8,0.0,0.0,0.0,11847.44,12334.25,15185.97,0.0,0.0,Vegetation,34.85,0.0,61.64,3.51,0.0,0,0.0,Unknown,0,187.88,273.07,273.07,365.51,578.34
cell_00569,80.0875,12.8625,300036.8682444764,31.0,41.0,35.69,0.0,7.85,2.57,0.0,0.0,0.0,11304.04,12259.14,14816.37,0.0,0.0,Cropland,31.54,0.0,33.16,35.24,0.06,0,0.0,Unknown,0,187.88,273.07,273.07,365.51,578.34
cell_00570,80.0875,12.8675,300031.03770778124,32.0,44.0,36.25,0.0,6.03,1.97,0.0,0.0,0.0,10761.62,12208.64,14458.49,0.0,0.0,Vegetation,26.98,0.0,54.58,18.05,0.39,0,0.0,Unknown,0,187.88,273.07,273.07,365.51,578.34
cell_00571,80.0875,12.8725,300025.2049343745,34.0,47.0,40.16,0.0,6.19,2.54,0.0,0.0,0.0,10220.33,12183.06,14113.2,0.0,0.0,Vegetation,15.59,0.0,79.27,4.97,0.16,0,0.0,Unknown,0,187.88,273.07,273.07,365.51,578.34
cell_00572,80.0875,12.8775,300019.3699243789,38.0,50.0,43.99,0.0,9.66,2.56,0.0,0.0,0.0,9680.37,12182.56,13781.45,0.0,0.0,Vegetation,14.86,0.0,79.82,5.33,0.0,0,0.0,Unknown,0,187.88,273.07,273.07,365.51,578.34
cell_00573,80.0875,12.8825,300013.5326776322,35.0,59.0,44.87,0.0,10.16,2.88,0.0,0.0,0.0,9141.96,12207.12,13464.26,0.0,0.0,Vegetation,0.88,0.0,95.91,3.21,0.0,0,0.0,Unknown,0,187.88,273.07,273.07,365.51,578.34
cell_00574,80.0875,12.8875,300007.6931948563,37.0,151.0,66.47,0.0,29.06,11.0,0.0,0.0,0.0,8605.4,12256.62,13162.65,0.0,0.0,Vegetation,1.82,0.0,98.02,0.06,0.1,0,0.0,Unknown,0,187.88,273.07,273.07,365.51,578.34
cell_00575,80.0875,12.8925,300001.85147533607,32.0,150.0,61.0,0.0,32.41,10.53,0.0,0.0,0.0,8071.06,12330.74,12877.74,0.0,0.0,Vegetation,32.75,0.0,66.39,0.86,0.0,0,0.0,Unknown,0,187.88,273.07,273.07,365.51,578.34
cell_00576,80.0875,12.8975,299996.0075189087,24.0,36.0,30.77,0.0,7.59,2.39,0.0,0.0,0.0,7539.41,12429.04,12610.66,0.0,0.0,Built-up,78.15,0.0,21.59,0.26,0.0,0,0.0,Unknown,0,187.88,273.07,273.07,365.51,578.34
cell_00577,80.0875,12.9025,299990.16132672364,19.0,32.0,24.25,0.0,10.56,2.61,0.0,0.0,0.0,7011.06,12550.96,12362.56,0.0,0.0,Built-up,57.3,0.0,29.21,13.49,0.0,0,0.0,Unknown,0,187.88,273.07,273.07,365.51,578.34
cell_00578,80.0875,12.9075,299984.3128978139,3.0,28.0,20.16,0.0,16.78,3.13,0.0,0.0,0.0,6486.82,12695.82,12134.59,0.0,0.0,Built-up,55.58,1.31,33.71,9.38,0.03,0,0.0,Unknown,0,187.88,273.07,273.07,365.51,578.34
cell_00579,80.0875,12.9125,299978.4622327732,3.0,25.0,18.35,0.0,16.22,2.71,0.0,0.0,0.0,5967.78,12679.21,11888.6,0.0,0.0,Built-up,59.32,0.16,26.98,12.86,0.68,0,0.0,Unknown,0,187.88,273.07,273.07,365.51,578.34
cell_00580,80.0875,12.9175,299972.60933102935,14.0,24.0,18.67,0.0,6.41,2.02,0.0,0.0,0.0,5455.41,12255.2,11498.21,0.0,0.0,Built-up,78.7,0.0,16.77,4.43,0.1,0,0.0,Unknown,0,187.88,273.07,273.07,365.51,578.34
cell_00581,80.0875,12.9225,299966.7541934318,12.0,21.0,16.57,0.0,6.15,1.78,0.0,0.0,0.0,4951.78,11841.83,11121.62,0.0,0.0,Cropland,39.32,0.0,20.34,39.76,0.57,0,0.0,Unknown,0,187.88,273.07,273.07,365.51,578.34
cell_00582,80.0875,12.9275,299960.89681923285,10.0,20.0,15.17,0.0,5.86,1.82,0.0,0.0,0.0,4459.87,11440.26,10760.28,0.0,0.0,Vegetation,8.83,0.0,54.32,36.4,0.45,0,0.0,Unknown,0,187.88,273.07,273.07,365.51,578.34
cell_00583,80.0875,12.9325,299955.03720885544,12.0,18.0,15.2,0.0,4.84,1.78,0.0,0.0,0.0,3984.01,11051.79,10415.77,0.0,0.0,Vegetation,14.0,0.0,67.6,18.37,0.03,0,0.0,Unknown,0,187.88,273.07,273.07,365.51,578.34
cell_00584,80.0875,12.9375,299949.1753625321,11.0,18.0,14.59,0.0,5.66,1.71,0.0,0.0,0.0,3530.7,10677.82,10089.82,0.0,0.0,Vegetation,16.52,0.0,47.48,35.94,0.06,0,0.0,Unknown,0,187.88,273.07,273.07,365.51,578.34
cell_00585,80.0875,12.9425,299943.3112799576,11.0,18.0,14.42,0.0,4.84,2.03,0.0,0.0,0.0,3109.81,10319.95,9784.3,0.0,0.0,Cropland,12.24,0.0,29.16,58.41,0.19,0,0.0,Unknown,0,187.88,273.07,273.07,365.51,578.34
cell_00586,80.0875,12.9475,299937.444961112,11.0,19.0,14.38,0.0,4.98,1.77,0.0,0.0,0.0,2736.36,9979.9,9501.16,0.0,0.0,Vegetation,13.01,0.0,49.74,37.24,0.0,0,0.0,Unknown,0,187.88,273.07,273.07,365.51,578.34
cell_00587,80.0875,12.9525,299931.57640637015,12.0,20.0,15.44,0.0,5.46,1.45,0.0,0.0,0.0,2432.27,9659.56,9242.46,0.0,0.0,Vegetation,15.34,0.0,65.5,19.01,0.16,0,0.0,Unknown,0,187.88,273.07,273.07,365.51,578.34
cell_00588,80.0875,12.9575,299925.70561563276,13.0,22.0,16.77,0.0,5.25,1.49,0.0,0.0,0.0,2226.18,9360.95,8860.86,0.0,0.0,Cropland,4.71,0.0,37.05,58.25,0.0,0,0.0,Unknown,0,187.88,273.07,273.07,365.51,578.34
cell_00589,80.0875,12.9625,299919.8325886905,13.0,21.0,17.42,0.0,5.59,1.61,0.0,0.0,0.0,2146.49,9086.21,8452.62,0.0,0.0,Vegetation,15.5,0.0,52.33,31.38,0.8,0,0.0,Unknown,0,187.88,273.07,273.07,365.51,578.34
cell_00590,80.0875,12.9675,299913.9573258701,15.0,23.0,18.43,0.0,4.86,1.79,0.0,0.0,0.0,2204.72,8837.58,8061.66,0.0,0.0,Built-up,63.39,0.0,31.31,4.94,0.35,0,0.0,Unknown,0,187.88,273.07,273.07,365.51,578.34
cell_00591,80.0875,12.9725,299908.0798271839,15.0,24.0,18.85,0.0,5.25,2.1,0.0,0.0,0.0,2375.28,8617.3,7690.61,0.0,0.0,Built-up,79.22,0.0,15.97,4.48,0.32,0,0.0,Unknown,0,187.88,273.07,273.07,365.51,578.34
cell_00592,80.0875,12.9775,299902.200092516,13.0,22.0,18.25,0.0,5.94,1.97,0.0,0.0,0.0,2636.57,8427.6,7342.5,0.0,0.0,Vegetation,39.67,0.0,45.06,15.27,0.0,0,0.0,Unknown,0,187.88,273.07,273.07,365.51,578.34
cell_00593,80.0875,12.9825,299896.3181218306,14.0,24.0,18.32,0.0,6.15,1.96,0.0,0.0,0.0,2977.7,8270.6,7020.73,0.0,0.0,Vegetation,12.02,0.0,79.72,8.26,0.0,0,0.0,Unknown,0,187.88,273.07,273.07,365.51,578.34
cell_00594,80.0875,12.9875,299890.4339155505,17.0,28.0,20.5,0.0,7.39,2.42,0.0,0.0,0.0,3343.41,8148.17,6729.09,0.0,0.0,Vegetation,11.27,0.0,81.1,7.63,0.0,0,0.0,Unknown,0,187.88,273.07,273.07,365.51,578.34
cell_00595,80.0875,12.9925,299884.54747333896,16.0,28.0,22.27,0.0,7.8,2.47,0.0,0.0,0.0,3482.43,8061.89,6471.65,0.0,0.0,Vegetation,36.86,0.0,57.68,4.05,1.4,0,0.0,Unknown,0,187.88,273.07,273.07,365.51,578.34
cell_00596,80.0875,12.9975,299878.65879542864,17.0,27.0,20.79,0.0,6.03,2.03,0.0,0.0,0.0,3643.56,8000.86,6252.63,0.0,0.0,Vegetation,29.11,0.0,63.62,7.17,0.1,0,0.0,Unknown,0,187.88,273.07,273.07,365.51,578.34
cell_00597,80.0875,13.0025,299872.76788181625,17.0,24.0,20.31,0.0,5.46,1.97,0.0,0.0,0.0,3877.49,7489.55,6076.2,0.0,0.0,Vegetation,13.08,0.0,67.31,19.09,0.52,0,0.0,Unknown,0,187.88,273.07,273.07,365.51,578.34
cell_00598,80.0875,13.0075,299866.87473236915,17.0,27.0,21.14,0.0,9.51,2.33,0.0,0.0,0.0,4172.03,6984.6,5946.14,0.0,0.0,Vegetation,16.84,0.0,71.4,9.06,2.71,0,0.0,Unknown,0,187.88,273.07,273.07,365.51,578.34
cell_00599,80.0875,13.0125,299860.97934743186,15.0,26.0,20.54,0.0,5.79,2.39,0.0,0.0,0.0,4515.29,6487.48,5865.54,0.0,0.0,Vegetation,11.19,0.0,55.8,32.46,0.54,0,0.0,Unknown,0,187.88,273.07,273.07,365.51,578.34
cell_00600,80.0875,13.0175,299855.08172671543,15.0,23.0,19.5,0.0,4.98,2.03,0.0,0.0,0.0,4892.05,6000.16,5836.45,0.0,0.0,Vegetation,1.59,0.0,66.2,31.95,0.26,0,0.0,Unknown,0,187.88,273.07,273.07,365.51,578.34
cell_00601,80.0875,13.0225,299849.1818704201,16.0,25.0,20.27,0.0,5.25,2.02,0.0,0.0,0.0,5299.7,5525.21,5795.67,0.0,0.0,Vegetation,0.45,0.0,73.88,25.41,0.26,0,0.0,Unknown,0,187.88,273.07,273.07,365.51,578.34
cell_00602,80.0875,13.0275,299843.27977865265,18.0,28.0,22.11,0.0,6.91,2.19,0.0,0.0,0.0,5731.76,5062.05,5806.53,0.0,0.0,Vegetation,21.94,0.0,44.9,27.68,5.48,0,0.0,Unknown,0,187.88,273.07,273.07,365.51,578.34
cell_00603,80.0875,13.0325,299837.3754514088,16.0,29.0,22.64,0.0,8.66,2.75,0.0,0.0,0.0,5944.94,4617.96,5869.7,0.0,0.0,Cropland,32.05,0.0,31.17,36.49,0.29,0,0.0,Unknown,0,187.88,273.07,273.07,365.51,578.34
cell_00604,80.0875,13.0375,299831.46888854174,14.0,27.0,21.75,0.0,6.72,2.53,0.0,0.0,0.0,5840.74,4199.81,5983.53,0.0,0.0,Vegetation,16.01,0.03,57.21,25.7,1.05,0,0.0,Unknown,0,187.88,273.07,273.07,365.51,578.34
cell_00605,80.0875,13.0425,299825.5600901893,14.0,29.0,22.18,0.0,7.85,3.02,0.0,0.0,0.0,5787.73,3816.13,6145.2,0.0,0.0,Built-up,39.6,0.0,23.63,36.26,0.51,0,0.0,Unknown,0,187.88,273.07,273.07,365.51,578.34
cell_00606,80.0875,13.0475,299819.64905678923,18.0,33.0,24.6,0.0,7.66,2.42,0.0,0.0,0.0,5787.31,3478.35,6351.05,0.0,0.0,Vegetation,43.02,0.0,44.38,12.01,0.58,0,0.0,Unknown,0,187.88,273.07,273.07,365.51,578.34
cell_00607,80.0875,13.0525,299813.73578753206,18.0,29.0,22.36,0.0,6.65,2.23,0.0,0.0,0.0,5839.5,3200.71,6596.97,0.0,0.0,Vegetation,26.63,0.0,50.38,22.0,0.99,0,0.0,Unknown,0,187.88,273.07,273.07,365.51,578.34
cell_00608,80.0875,13.0575,299807.8202829181,16.0,25.0,21.39,0.0,6.93,2.01,0.0,0.0,0.0,5921.84,2987.21,6878.63,0.0,0.0,Cropland,0.0,0.0,28.28,71.72,0.0,0,0.0,Unknown,0,187.88,273.07,273.07,365.51,578.34
cell_00609,80.0875,13.0625,299801.9025436221,17.0,28.0,20.74,0.0,4.81,1.72,0.0,0.0,0.0,6037.64,2860.04,7191.86,0.0,0.0,Cropland,3.18,0.0,15.78,80.45,0.58,0,0.0,Unknown,0,187.88,273.07,273.07,365.51,578.34
cell_00610,80.0875,13.0675,299795.982568472,19.0,30.0,24.37,0.0,8.16,2.29,0.0,0.0,0.0,6200.78,2822.36,7532.71,0.0,0.0,Built-up,53.73,0.0,19.71,26.47,0.1,0,0.0,Unknown,0,187.88,273.07,273.07,365.51,578.34
cell_00611,80.0875,13.0725,299790.0603580788,14.0,26.0,21.31,0.0,7.85,2.09,0.0,0.0,0.0,6351.37,2467.39,7564.75,0.0,0.0,Cropland,6.89,0.0,20.47,72.39,0.26,0,0.0,Unknown,0,187.88,273.07,273.07,365.51,578.34
cell_00612,80.0875,13.0775,299784.1359127849,17.0,26.0,21.53,0.0,5.79,2.14,0.0,0.0,0.0,6134.68,2162.13,7327.94,0.0,0.0,Cropland,0.16,0.0,36.88,62.95,0.0,0,0.0,Unknown,0,187.88,273.07,273.07,365.51,578.34
cell_00613,80.0875,13.0825,299778.2092322077,15.0,24.0,20.26,0.0,6.81,2.22,0.0,0.0,0.0,5848.28,1739.6,7126.27,0.0,0.0,Vegetation,0.1,0.0,78.76,20.98,0.16,0,0.0,Unknown,0,187.88,273.07,273.07,365.51,578.34
cell_00614,80.0875,13.0875,299772.28031631093,19.0,28.0,23.11,0.0,6.16,2.24,0.0,0.0,0.0,5601.97,1225.81,6924.08,0.0,0.0,Cropland,1.85,0.0,27.69,69.03,1.43,0,0.0,Unknown,0,187.88,273.07,273.07,365.51,578.34
cell_00615,80.0875,13.0925,299766.34916551627,20.0,36.0,28.93,0.0,8.75,2.46,0.0,0.0,0.0,5401.24,748.2,6757.64,0.0,0.0,Vegetation,20.41,0.0,43.46,34.69,1.43,0,0.0,Unknown,0,187.88,273.07,273.07,365.51,578.34
cell_00616,80.0875,13.0975,299760.4157796784,16.0,36.0,28.3,0.0,10.66,3.07,0.0,0.0,0.0,5251.32,393.94,6633.27,0.0,0.0,Cropland,24.84,0.0,34.34,40.08,0.73,0,0.0,Unknown,0,187.88,273.07,273.07,365.51,578.34
cell_00617,80.0875,13.1025,299754.48015858687,16.0,31.0,22.81,0.0,10.7,2.58,0.0,0.0,0.0,5156.64,37.17,6553.36,698.61,0.002331,Cropland,2.99,0.0,46.14,50.88,0.0,0,0.0,Unknown,0,187.88,273.07,273.07,365.51,578.34
cell_00618,80.0875,13.1075,299748.5423027737,17.0,29.0,22.55,0.0,7.8,2.5,0.0,0.0,0.0,5120.27,468.95,6519.53,0.0,0.0,Cropland,33.55,0.0,30.42,35.4,0.64,0,0.0,Unknown,0,187.88,273.07,273.07,365.51,578.34
cell_00619,80.0875,13.1125,299742.60221180867,15.0,30.0,22.53,0.0,13.43,4.0,0.0,0.0,0.0,5143.44,1008.82,6532.51,0.0,0.0,Cropland,21.3,5.17,35.2,37.76,0.57,0,0.0,Unknown,0,187.88,273.07,273.07,365.51,578.34
cell_00620,80.0875,13.1175,299736.6598860657,15.0,30.0,24.66,0.0,9.62,2.51,0.0,0.0,0.0,5208.72,1554.84,6592.01,0.0,0.0,Vegetation,33.7,1.98,37.24,26.33,0.75,0,0.0,Unknown,0,187.88,273.07,273.07,365.51,578.34
cell_00621,80.0875,13.1225,299730.7153249894,22.0,33.0,28.9,0.0,8.16,2.24,0.0,0.0,0.0,5314.99,2104.5,6696.81,0.0,0.0,Built-up,63.07,0.0,23.47,13.36,0.1,0,0.0,Unknown,0,187.88,273.07,273.07,365.51,578.34
cell_00622,80.0875,13.1275,299724.7685298361,27.0,43.0,33.04,0.0,13.17,3.26,0.0,0.0,0.0,5475.32,2655.56,6844.82,0.0,0.0,Vegetation,12.5,0.0,73.21,14.29,0.0,0,0.0,Unknown,0,187.88,273.07,273.07,365.51,578.34
cell_00623,80.0875,13.1325,299718.8194991817,29.0,44.0,37.98,0.0,8.66,2.55,0.0,0.0,0.0,5251.47,3207.28,7033.3,0.0,0.0,Vegetation,24.84,0.0,74.77,0.39,0.0,0,0.0,Unknown,0,187.88,273.07,273.07,365.51,578.34
cell_00624,80.0875,13.1375,299712.86823401734,25.0,45.0,37.5,0.0,8.29,2.39,0.0,0.0,0.0,5062.6,3759.38,7259.12,0.0,0.0,Built-up,56.03,0.0,40.5,0.1,3.38,0,0.0,Unknown,0,187.88,273.07,273.07,365.51,578.34
cell_00625,80.0875,13.1425,299706.9147341483,22.0,36.0,29.51,0.0,7.84,2.8,0.0,0.0,0.0,4928.84,4311.72,7518.9,0.0,0.0,Vegetation,25.67,0.0,61.96,11.93,0.45,0,0.0,Unknown,0,187.88,273.07,273.07,365.51,578.34
cell_00626,80.0875,13.1475,299700.95899958565,21.0,33.0,27.02,0.0,7.26,2.47,0.0,0.0,0.0,4854.75,4864.2,7809.27,0.0,0.0,Built-up,51.27,0.0,47.53,0.75,0.45,0,0.0,Unknown,0,187.88,273.07,273.07,365.51,578.34
cell_00627,80.0875,13.1525,299695.0010300093,27.0,37.0,30.88,0.0,7.39,2.37,0.0,0.0,0.0,4843.08,5416.79,8126.93,0.0,0.0,Vegetation,21.33,0.0,74.68,3.99,0.0,0,0.0,Unknown,0,187.88,273.07,273.07,365.51,578.34
cell_00628,80.0875,13.1575,299689.0408262358,27.0,37.0,32.44,0.0,7.8,2.36,0.0,0.0,0.0,4894.26,5969.46,8468.82,0.0,0.0,Vegetation,13.36,0.0,83.32,3.09,0.22,0,0.0,Unknown,0,187.88,273.07,273.07,365.51,578.34
cell_00629,80.0875,13.1625,299683.07838761463,26.0,37.0,33.23,0.0,7.09,2.59,0.0,0.0,0.0,5006.38,6522.19,8832.13,0.0,0.0,Vegetation,10.58,0.0,60.0,29.42,0.0,0,0.0,Unknown,0,187.88,273.07,273.07,365.51,578.34
cell_00630,80.0875,13.1675,299677.11371434596,30.0,42.0,35.55,0.0,6.93,2.72,0.0,0.0,0.0,5175.08,7074.96,9214.32,0.0,0.0,Vegetation,30.77,0.0,45.22,23.82,0.19,0,0.0,Unknown,0,187.88,273.07,273.07,365.51,578.34
cell_00631,80.0875,13.1725,299671.14680678793,25.0,36.0,30.42,0.0,8.87,2.57,0.0,0.0,0.0,5374.97,7627.76,9613.14,0.0,0.0,Built-up,43.3,0.0,30.55,25.96,0.19,0,0.0,Unknown,0,187.88,273.07,273.07,365.51,578.34
cell_00632,80.0875,13.1775,299665.1776644154,23.0,37.0,28.71,0.0,7.85,2.83,0.0,0.0,0.0,5619.28,8180.59,10026.61,0.0,0.0,Cropland,22.66,0.0,34.45,42.27,0.62,0,0.0,Unknown,0,187.88,273.07,273.07,365.51,578.34
cell_00633,80.0875,13.1825,299659.20628790243,26.0,38.0,31.83,0.0,8.59,2.3,0.0,0.0,0.0,5905.42,8733.44,10452.99,0.0,0.0,Vegetation,31.38,0.0,38.93,29.37,0.32,0,0.0,Unknown,0,187.88,273.07,273.07,365.51,578.34
cell_00634,80.0875,13.1875,299653.2326767721,20.0,32.0,26.08,0.0,7.85,2.57,0.0,0.0,0.0,6227.63,9286.32,10890.76,0.0,0.0,Vegetation,5.9,0.0,63.68,30.42,0.0,0,0.0,Unknown,0,187.88,273.07,273.07,365.51,578.34
cell_00635,80.0875,13.1925,299647.25683133525,19.0,33.0,24.35,0.0,9.89,2.51,0.0,0.0,0.0,6580.6,9839.2,10953.62,0.0,0.0,Cropland,0.36,0.0,44.51,55.06,0.06,0,0.0,Unknown,0,187.88,273.07,273.07,365.51,578.34
cell_00636,80.0875,13.1975,299641.2787512404,18.0,30.0,24.19,0.0,6.51,2.3,0.0,0.0,0.0,6959.66,10392.1,11001.07,0.0,0.0,Cropland,4.5,0.0,21.94,73.57,0.0,0,0.0,Unknown,0,187.88,273.07,273.07,365.51,578.34
cell_00637,80.0875,13.2025,299635.2984373034,17.0,32.0,24.26,0.0,9.49,2.66,0.0,0.0,0.0,7360.78,10945.01,11074.9,0.0,0.0,Vegetation,15.82,0.0,51.34,32.84,0.0,0,0.0,Unknown,0,187.88,273.07,273.07,365.51,578.34
cell_00638,80.0875,13.2075,299629.31588884117,18.0,31.0,22.88,0.0,9.55,2.27,0.0,0.0,0.0,7780.54,11478.85,11175.65,0.0,0.0,Cropland,7.6,0.0,43.12,49.29,0.0,0,0.0,Unknown,0,187.88,273.07,273.07,365.51,578.34
cell_00639,80.0875,13.2125,299623.33110592817,18.0,28.0,20.97,0.0,5.59,2.03,0.0,0.0,0.0,8216.1,12012.54,11302.58,0.0,0.0,Vegetation,26.95,0.0,38.42,34.15,0.48,0,0.0,Unknown,0,187.88,273.07,273.07,365.51,578.34
cell_00640,80.0875,13.2175,299617.3440889708,15.0,25.0,19.54,0.0,5.46,1.97,0.0,0.0,0.0,8634.58,12547.9,11454.83,0.0,0.0,Vegetation,15.05,0.0,58.45,26.5,0.0,0,0.0,Unknown,0,187.88,273.07,273.07,365.51,578.34
cell_00641,80.0875,13.2225,299611.35483793326,14.0,24.0,18.58,0.0,6.51,2.25,0.0,0.0,0.0,8887.71,13084.73,11631.41,0.0,0.0,Vegetation,20.1,0.0,60.55,15.39,3.96,0,0.0,Unknown,0,187.88,273.07,273.07,365.51,578.34
cell_00642,80.0875,13.2275,299605.3633525429,9.0,25.0,19.24,0.0,5.86,2.14,0.0,0.0,0.0,9167.25,13622.85,11831.22,0.0,0.0,Vegetation,3.19,0.0,59.02,37.15,0.64,0,0.0,Unknown,0,187.88,273.07,273.07,365.51,578.34
cell_00643,80.0875,13.2325,299599.3696332047,12.0,26.0,19.63,0.0,7.5,2.49,0.0,0.0,0.0,9470.85,14162.12,12053.11,0.0,0.0,Vegetation,12.88,0.0,48.63,32.05,6.44,0,0.0,Unknown,0,187.88,273.07,273.07,365.51,578.34
cell_00644,80.0875,13.2375,299593.37367982004,17.0,25.0,21.63,0.0,5.15,1.71,0.0,0.0,0.0,9796.29,14702.41,12295.88,0.0,0.0,Vegetation,1.14,0.45,59.97,34.16,4.29,0,0.0,Unknown,0,187.88,273.07,273.07,365.51,578.34
cell_00645,80.0875,13.2425,299587.3754921324,18.0,25.0,21.18,0.0,6.83,1.95,0.0,0.0,0.0,10141.46,15243.61,12558.33,0.0,0.0,Vegetation,0.0,0.22,45.03,20.44,34.31,0,0.0,Unknown,0,187.88,273.07,273.07,365.51,578.34
cell_00646,80.0875,13.2475,299581.37507076835,12.0,25.0,21.27,0.0,9.55,2.1,0.0,0.0,0.0,10504.41,15785.64,12839.25,0.0,0.0,Vegetation,0.54,0.0,51.08,45.5,2.87,0,0.0,Unknown,0,187.88,273.07,273.07,365.51,578.34
cell_00647,80.0875,13.2525,299575.3724150924,0.0,0.0,0.0,0.0,0.0,0.0,0.0,0.0,0.0,10873.42,16328.4,13137.45,0.0,0.0,Unknown,0.0,0.0,0.0,0.0,0.0,0,0.0,Unknown,0,187.88,273.07,273.07,365.51,578.34
cell_00648,80.0925,12.8525,300047.72690052295,29.0,43.0,36.9,0.0,5.79,1.87,0.0,0.0,0.0,12309.31,11902.5,15182.26,0.0,0.0,Vegetation,0.0,0.0,100.0,0.0,0.0,0,0.0,Unknown,0,187.88,273.07,273.07,365.51,578.34
cell_00649,80.0925,12.8575,300041.90088458464,33.0,39.0,36.11,0.0,5.66,1.64,0.0,0.0,0.0,11761.25,11798.78,14791.92,0.0,0.0,Vegetation,0.06,0.0,99.25,0.68,0.0,0,0.0,Unknown,0,187.88,273.07,273.07,365.51,578.34
cell_00650,80.0925,12.8625,300036.0726318257,34.0,42.0,38.04,0.0,5.59,1.58,0.0,0.0,0.0,11213.68,11720.25,14412.24,0.0,0.0,Vegetation,0.19,0.0,97.05,2.76,0.0,0,0.0,Unknown,0,187.88,273.07,273.07,365.51,578.34
cell_00651,80.0925,12.8675,300030.242142526,38.0,45.0,40.49,0.0,4.35,1.53,0.0,0.0,0.0,10666.67,11667.43,14044.07,0.0,0.0,Vegetation,0.0,0.0,100.0,0.0,0.0,0,0.0,Unknown,0,187.88,273.07,273.07,365.51,578.34
cell_00652,80.0925,12.8725,300024.4094163971,34.0,48.0,39.96,0.0,6.41,2.05,0.0,0.0,0.0,10120.3,11640.67,13688.34,0.0,0.0,Vegetation,4.03,0.0,94.97,0.16,0.84,0,0.0,Unknown,0,187.88,273.07,273.07,365.51,578.34
cell_00653,80.0925,12.8775,300018.574454018,31.0,44.0,38.06,0.0,8.13,2.8,0.0,0.0,0.0,9574.7,11640.15,13346.05,0.0,0.0,Vegetation,0.29,0.0,98.77,0.94,0.0,0,0.0,Unknown,0,187.88,273.07,273.07,365.51,578.34
cell_00654,80.0925,12.8825,300012.73725456244,31.0,54.0,41.47,0.0,7.5,2.82,0.0,0.0,0.0,9030.0,11665.88,13018.25,0.0,0.0,Vegetation,0.1,0.0,99.9,0.0,0.0,0,0.0,Unknown,0,187.88,273.07,273.07,365.51,578.34
cell_00655,80.0925,12.8875,300006.897819323,36.0,127.0,48.29,0.0,30.1,4.94,0.0,0.0,0.0,8486.37,11717.67,12706.08,0.0,0.0,Vegetation,0.06,0.0,99.94,0.0,0.0,0,0.0,Unknown,0,187.88,273.07,273.07,365.51,578.34
cell_00656,80.0925,12.8925,300001.0561470481,39.0,142.0,87.65,2.15,28.35,13.69,0.0,0.0,0.0,7944.03,11795.18,12410.7,0.0,0.0,Vegetation,0.0,0.0,100.0,0.0,0.0,0,0.0,Unknown,0,187.88,273.07,273.07,365.51,578.34
cell_00657,80.0925,12.8975,299995.2122383798,28.0,163.0,66.46,0.0,34.17,12.34,0.0,0.0,0.0,7403.26,11897.92,12133.35,0.0,0.0,Vegetation,29.22,0.0,70.02,0.73,0.03,0,0.0,Unknown,0,187.88,273.07,273.07,365.51,578.34
cell_00658,80.0925,12.9025,299989.36609367636,25.0,65.0,31.08,0.0,24.99,2.7,0.0,0.0,0.0,6864.45,12025.24,11875.29,0.0,0.0,Built-up,93.86,0.0,4.35,0.03,1.75,0,0.0,Unknown,0,187.88,273.07,273.07,365.51,578.34
cell_00659,80.0925,12.9075,299983.51771214406,20.0,34.0,27.71,0.0,5.94,2.14,0.0,0.0,0.0,6328.08,12176.36,11637.8,0.0,0.0,Built-up,98.73,0.0,1.23,0.0,0.03,0,0.0,Unknown,0,187.88,273.07,273.07,365.51,578.34
cell_00660,80.0925,12.9125,299977.66709472635,15.0,27.0,22.46,0.0,5.94,2.07,0.0,0.0,0.0,5794.84,12344.06,11422.16,0.0,0.0,Built-up,92.63,0.0,6.02,1.12,0.23,0,0.0,Unknown,0,187.88,273.07,273.07,365.51,578.34
cell_00661,80.0925,12.9175,299971.8142405355,14.0,20.0,16.78,0.0,4.98,2.01,0.0,0.0,0.0,5265.67,11908.12,11113.98,0.0,0.0,Built-up,76.2,0.0,14.68,8.57,0.55,0,0.0,Unknown,0,187.88,273.07,273.07,365.51,578.34
cell_00662,80.0925,12.9225,299965.95915049704,13.0,20.0,16.25,0.0,5.25,1.78,0.0,0.0,0.0,4741.94,11482.28,10723.91,0.0,0.0,Built-up,87.18,0.0,9.06,3.6,0.16,0,0.0,Unknown,0,187.88,273.07,273.07,365.51,578.34
cell_00663,80.0925,12.9275,299960.10182391305,11.0,18.0,14.52,0.0,4.84,1.74,0.0,0.0,0.0,4225.68,11067.68,10348.7,0.0,0.0,Built-up,72.46,0.0,15.01,12.13,0.4,0,0.0,Unknown,0,187.88,273.07,273.07,365.51,578.34
cell_00664,80.0925,12.9325,299954.24226096866,12.0,18.0,14.72,0.0,4.89,1.82,0.0,0.0,0.0,3719.99,10665.65,9990.02,0.0,0.0,Vegetation,33.54,0.0,48.15,18.21,0.1,0,0.0,Unknown,0,187.88,273.07,273.07,365.51,578.34
cell_00665,80.0925,12.9375,299948.3804622125,11.0,19.0,14.55,0.0,4.98,1.59,0.0,0.0,0.0,3229.84,10277.66,9649.71,0.0,0.0,Vegetation,29.61,0.0,37.82,32.27,0.29,0,0.0,Unknown,0,187.88,273.07,273.07,365.51,578.34
cell_00666,80.0925,12.9425,299942.51642746513,10.0,18.0,14.1,0.0,5.66,2.08,0.0,0.0,0.0,2763.51,9905.35,9329.79,0.0,0.0,Cropland,20.17,0.0,17.36,62.02,0.46,0,0.0,Unknown,0,187.88,273.07,273.07,365.51,578.34
cell_00667,80.0925,12.9475,299936.6501562015,11.0,17.0,14.13,0.0,4.86,1.8,0.0,0.0,0.0,2335.32,9550.56,9032.43,0.0,0.0,Cropland,0.16,0.0,27.11,72.44,0.29,0,0.0,Unknown,0,187.88,273.07,273.07,365.51,578.34
cell_00668,80.0925,12.9525,299930.78164911305,11.0,19.0,14.4,0.0,5.25,1.64,0.0,0.0,0.0,1970.3,9215.31,8759.91,0.0,0.0,Vegetation,0.75,0.0,84.25,14.06,0.94,0,0.0,Unknown,0,187.88,273.07,273.07,365.51,578.34
cell_00669,80.0925,12.9575,299924.9109060211,12.0,19.0,15.19,0.0,4.84,1.65,0.0,0.0,0.0,1709.4,8901.82,8513.4,0.0,0.0,Vegetation,26.84,0.0,63.64,7.77,1.75,0,0.0,Unknown,0,187.88,273.07,273.07,365.51,578.34
cell_00670,80.0925,12.9625,299919.0379267323,13.0,22.0,16.4,0.0,5.79,1.9,0.0,0.0,0.0,1604.25,8612.46,8087.65,0.0,0.0,Vegetation,27.95,0.0,57.31,14.32,0.42,0,0.0,Unknown,0,187.88,273.07,273.07,365.51,578.34
cell_00671,80.0925,12.9675,299913.162711668,12.0,19.0,16.66,0.0,5.59,1.74,0.0,0.0,0.0,1676.13,8349.74,7678.13,0.0,0.0,Built-up,49.74,0.0,49.22,1.04,0.0,0,0.0,Unknown,0,187.88,273.07,273.07,365.51,578.34
cell_00672,80.0925,12.9725,299907.28526071354,13.0,24.0,18.54,0.0,5.59,2.08,0.0,0.0,0.0,1886.07,8116.24,7287.59,0.0,0.0,Built-up,68.73,0.0,30.58,0.56,0.13,0,0.0,Unknown,0,187.88,273.07,273.07,365.51,578.34
cell_00673,80.0925,12.9775,299901.40557373816,14.0,27.0,19.77,0.0,8.66,2.69,0.0,0.0,0.0,2204.74,7914.56,6919.24,0.0,0.0,Vegetation,6.56,0.0,75.13,17.92,0.39,0,0.0,Unknown,0,187.88,273.07,273.07,365.51,578.34
cell_00674,80.0925,12.9825,299895.5236509585,15.0,33.0,21.41,0.0,11.87,3.1,0.0,0.0,0.0,2593.78,7747.17,6576.81,0.0,0.0,Vegetation,6.14,0.0,86.92,6.95,0.0,0,0.0,Unknown,0,187.88,273.07,273.07,365.51,578.34
cell_00675,80.0925,12.9875,299889.6394923551,16.0,43.0,23.45,0.0,13.67,3.2,0.0,0.0,0.0,2813.88,7616.34,6264.55,0.0,0.0,Vegetation,35.7,0.0,55.93,6.55,1.82,0,0.0,Unknown,0,187.88,273.07,273.07,365.51,578.34
cell_00676,80.0925,12.9925,299883.7530980961,17.0,28.0,21.8,0.0,7.5,2.28,0.0,0.0,0.0,2955.71,7523.98,5987.17,0.0,0.0,Built-up,69.35,0.0,25.68,4.94,0.03,0,0.0,Unknown,0,187.88,273.07,273.07,365.51,578.34
cell_00677,80.0925,12.9975,299877.86446775164,19.0,28.0,23.12,0.0,5.79,2.16,0.0,0.0,0.0,3143.88,7471.52,5749.74,0.0,0.0,Built-up,69.9,0.36,27.5,0.91,1.33,0,0.0,Unknown,0,187.88,273.07,273.07,365.51,578.34
cell_00678,80.0925,13.0025,299871.97360201157,17.0,25.0,20.67,0.0,5.46,1.77,0.0,0.0,0.0,3412.25,7293.13,5557.38,0.0,0.0,Built-up,70.38,0.0,25.92,2.15,1.55,0,0.0,Unknown,0,187.88,273.07,273.07,365.51,578.34
cell_00679,80.0925,13.0075,299866.0805004145,16.0,26.0,19.2,0.0,6.89,2.12,0.0,0.0,0.0,3743.59,6773.55,5414.89,0.0,0.0,Vegetation,32.73,0.0,40.81,25.26,1.2,0,0.0,Unknown,0,187.88,273.07,273.07,365.51,578.34
cell_00680,80.0925,13.0125,299860.1851633026,2.0,29.0,19.49,0.0,13.75,3.36,0.0,0.0,0.0,4117.57,6259.71,5326.27,0.0,0.0,Vegetation,27.79,5.65,54.35,8.67,3.54,0,0.0,Unknown,0,187.88,273.07,273.07,365.51,578.34
cell_00681,80.0925,13.0175,299854.2875905455,14.0,29.0,19.95,0.0,9.36,3.13,0.0,0.0,0.0,4527.42,5753.13,5294.23,0.0,0.0,Vegetation,10.21,0.0,70.02,19.74,0.03,0,0.0,Unknown,0,187.88,273.07,273.07,365.51,578.34
cell_00682,80.0925,13.0225,299848.3877821074,13.0,24.0,19.71,0.0,8.75,2.45,0.0,0.0,0.0,4965.1,5255.91,5253.68,0.0,0.0,Vegetation,12.6,0.0,52.08,32.63,2.69,0,0.0,Unknown,0,187.88,273.07,273.07,365.51,578.34
cell_00683,80.0925,13.0275,299842.4857382043,14.0,25.0,19.87,0.0,7.09,2.07,0.0,0.0,0.0,5423.88,4770.99,5265.67,0.0,0.0,Cropland,16.69,0.0,30.91,52.24,0.16,0,0.0,Unknown,0,187.88,273.07,273.07,365.51,578.34
cell_00684,80.0925,13.0325,299836.58145881747,15.0,23.0,19.65,0.0,6.89,2.17,0.0,0.0,0.0,5419.17,4300.81,5335.26,0.0,0.0,Cropland,6.41,0.0,18.31,74.98,0.3,0,0.0,Unknown,0,187.88,273.07,273.07,365.51,578.34
cell_00685,80.0925,13.0375,299830.6749441147,14.0,29.0,20.33,0.0,9.89,3.03,0.0,0.0,0.0,5304.66,3848.36,5460.25,0.0,0.0,Cropland,37.92,0.0,16.07,45.78,0.23,0,0.0,Unknown,0,187.88,273.07,273.07,365.51,578.34
cell_00686,80.0925,13.0425,299824.766193555,17.0,30.0,22.13,0.0,10.4,3.0,0.0,0.0,0.0,5246.25,3425.55,5636.96,0.0,0.0,Built-up,63.54,0.0,9.06,27.27,0.13,0,0.0,Unknown,0,187.88,273.07,273.07,365.51,578.34
cell_00687,80.0925,13.0475,299818.8552080032,16.0,28.0,22.89,0.0,7.59,2.63,0.0,0.0,0.0,5245.8,3044.75,5860.71,0.0,0.0,Built-up,64.26,0.0,21.32,12.56,1.85,0,0.0,Unknown,0,187.88,273.07,273.07,365.51,578.34
cell_00688,80.0925,13.0525,299812.9419868074,20.0,28.0,23.61,0.0,6.15,1.94,0.0,0.0,0.0,5303.33,2723.65,6126.34,0.0,0.0,Built-up,76.56,0.0,19.9,0.97,2.56,0,0.0,Unknown,0,187.88,273.07,273.07,365.51,578.34
cell_00689,80.0925,13.0575,299807.0265302628,16.0,27.0,20.57,0.0,9.89,2.34,0.0,0.0,0.0,5387.84,2476.99,6428.67,0.0,0.0,Cropland,26.75,0.0,22.95,49.68,0.62,0,0.0,Unknown,0,187.88,273.07,273.07,365.51,578.34
cell_00690,80.0925,13.0625,299801.1088389338,17.0,29.0,21.99,0.0,8.16,3.03,0.0,0.0,0.0,5514.88,2326.97,6762.78,0.0,0.0,Cropland,10.58,0.0,41.39,47.87,0.17,0,0.0,Unknown,0,187.88,273.07,273.07,365.51,578.34
cell_00691,80.0925,13.0675,299795.18891178956,16.0,30.0,23.55,0.0,8.52,2.6,0.0,0.0,0.0,5693.03,2280.53,7124.2,0.0,0.0,Built-up,43.44,0.0,41.92,12.89,1.75,0,0.0,Unknown,0,187.88,273.07,273.07,365.51,578.34
cell_00692,80.0925,13.0725,299789.26674934675,13.0,27.0,21.15,0.0,6.98,2.5,0.0,0.0,0.0,5817.84,2067.12,7087.2,0.0,0.0,Vegetation,0.0,0.0,64.77,35.23,0.0,0,0.0,Unknown,0,187.88,273.07,273.07,365.51,578.34
cell_00693,80.0925,13.0775,299783.34235235874,16.0,28.0,21.32,0.0,6.91,2.32,0.0,0.0,0.0,5690.09,1702.23,6833.88,0.0,0.0,Cropland,3.24,0.0,40.1,56.6,0.07,0,0.0,Unknown,0,187.88,273.07,273.07,365.51,578.34
cell_00694,80.0925,13.0825,299777.41571976326,16.0,28.0,22.0,0.0,6.93,2.46,0.0,0.0,0.0,5380.08,1399.48,6617.18,0.0,0.0,Cropland,11.4,0.1,32.79,55.29,0.42,0,0.0,Unknown,0,187.88,273.07,273.07,365.51,578.34
cell_00695,80.0925,13.0875,299771.48685198295,17.0,31.0,24.36,0.0,9.93,2.99,0.0,0.0,0.0,5111.27,1124.11,6416.36,0.0,0.0,Cropland,14.84,0.0,40.23,44.69,0.23,0,0.0,Unknown,0,187.88,273.07,273.07,365.51,578.34
cell_00696,80.0925,13.0925,299765.55574923404,18.0,33.0,24.54,0.0,9.49,2.97,0.0,0.0,0.0,4890.46,772.94,6236.41,0.0,0.0,Cropland,4.55,0.0,38.73,55.58,1.14,0,0.0,Unknown,0,187.88,273.07,273.07,365.51,578.34
cell_00697,80.0925,13.0975,299759.62241162144,19.0,34.0,26.94,0.0,10.2,2.45,0.0,0.0,0.0,4724.37,401.9,6101.43,0.0,0.0,Cropland,10.42,0.0,31.3,55.71,2.56,0,0.0,Unknown,0,187.88,273.07,273.07,365.51,578.34
cell_00698,80.0925,13.1025,299753.68683862116,18.0,34.0,26.39,0.0,9.89,3.22,0.0,0.0,0.0,4618.91,34.78,6014.46,655.84,0.002188,Built-up,46.91,0.0,39.27,12.89,0.93,0,0.0,Unknown,0,187.88,273.07,273.07,365.51,578.34
cell_00699,80.0925,13.1075,299747.74903090775,20.0,35.0,29.53,0.0,6.93,2.27,0.0,0.0,0.0,4578.27,514.57,5977.6,0.0,0.0,Built-up,93.28,0.0,6.69,0.0,0.03,0,0.0,Unknown,0,187.88,273.07,273.07,365.51,578.34
cell_00700,80.0925,13.1125,299741.80898814474,23.0,36.0,29.83,0.0,6.89,2.58,0.0,0.0,0.0,4604.18,1038.02,5991.76,0.0,0.0,Built-up,85.32,0.0,12.14,2.31,0.23,0,0.0,Unknown,0,187.88,273.07,273.07,365.51,578.34
cell_00701,80.0925,13.1175,299735.86671067495,23.0,39.0,32.33,0.0,6.72,2.55,0.0,0.0,0.0,4672.75,1579.66,6056.59,0.0,0.0,Built-up,85.65,0.0,13.42,0.1,0.83,0,0.0,Unknown,0,187.88,273.07,273.07,365.51,578.34
cell_00702,80.0925,13.1225,299729.9221977681,27.0,40.0,33.41,0.0,8.87,2.42,0.0,0.0,0.0,4790.93,2123.15,6170.5,0.0,0.0,Built-up,85.78,0.0,14.03,0.0,0.19,0,0.0,Unknown,0,187.88,273.07,273.07,365.51,578.34
cell_00703,80.0925,13.1275,299723.9754508086,27.0,47.0,38.32,0.0,7.39,2.72,0.0,0.0,0.0,4968.21,2670.35,6330.83,0.0,0.0,Vegetation,26.75,0.0,73.15,0.0,0.1,0,0.0,Unknown,0,187.88,273.07,273.07,365.51,578.34
cell_00704,80.0925,13.1325,299718.02646838885,33.0,49.0,40.21,0.0,10.56,2.45,0.0,0.0,0.0,4756.61,3219.54,6534.18,0.0,0.0,Vegetation,15.04,0.0,81.29,3.67,0.0,0,0.0,Unknown,0,187.88,273.07,273.07,365.51,578.34
cell_00705,80.0925,13.1375,299712.0752515282,28.0,45.0,37.43,0.0,7.84,2.67,0.0,0.0,0.0,4547.24,3769.85,6776.66,0.0,0.0,Vegetation,43.6,0.0,44.81,11.36,0.23,0,0.0,Unknown,0,187.88,273.07,273.07,365.51,578.34
cell_00706,80.0925,13.1425,299706.12179992325,21.0,38.0,28.98,0.0,7.84,3.13,0.0,0.0,0.0,4397.84,4320.84,7054.24,0.0,0.0,Vegetation,10.13,0.0,74.87,15.0,0.0,0,0.0,Unknown,0,187.88,273.07,273.07,365.51,578.34
cell_00707,80.0925,13.1475,299700.16611366434,14.0,45.0,22.66,0.0,27.17,3.25,0.0,0.0,0.0,4314.66,4872.29,7362.96,0.0,0.0,Vegetation,9.59,2.64,59.31,23.44,5.02,0,0.0,Unknown,0,187.88,273.07,273.07,365.51,578.34
cell_00708,80.0925,13.1525,299694.20819238445,21.0,35.0,28.13,0.0,6.19,2.4,0.0,0.0,0.0,4301.53,5424.06,7699.06,0.0,0.0,Vegetation,15.13,0.0,75.39,9.06,0.42,0,0.0,Unknown,0,187.88,273.07,273.07,365.51,578.34
cell_00709,80.0925,13.1575,299688.2480368999,27.0,38.0,32.56,0.0,6.93,2.18,0.0,0.0,0.0,4359.09,5976.06,8059.14,0.0,0.0,Vegetation,15.94,0.0,81.56,1.95,0.55,0,0.0,Unknown,0,187.88,273.07,273.07,365.51,578.34
cell_00710,80.0925,13.1625,299682.2856465427,31.0,43.0,36.09,0.0,7.09,2.14,0.0,0.0,0.0,4484.62,6528.22,8440.1,0.0,0.0,Vegetation,2.18,0.0,96.36,1.45,0.0,0,0.0,Unknown,0,187.88,273.07,273.07,365.51,578.34
cell_00711,80.0925,13.1675,299676.32102168753,23.0,39.0,32.74,0.0,11.48,2.85,0.0,0.0,0.0,4665.99,7080.52,8839.27,0.0,0.0,Vegetation,31.98,0.0,60.13,7.82,0.06,0,0.0,Unknown,0,187.88,273.07,273.07,365.51,578.34
cell_00712,80.0925,13.1725,299670.3541625195,20.0,36.0,27.94,0.0,8.13,2.68,0.0,0.0,0.0,4883.23,7632.92,9254.28,0.0,0.0,Built-up,39.16,0.0,27.47,33.31,0.06,0,0.0,Unknown,0,187.88,273.07,273.07,365.51,578.34
cell_00713,80.0925,13.1775,299664.3850685927,22.0,38.0,29.29,0.0,13.62,2.99,0.0,0.0,0.0,5150.93,8185.4,9683.09,0.0,0.0,Cropland,17.02,0.0,9.16,73.69,0.13,0,0.0,Unknown,0,187.88,273.07,273.07,365.51,578.34
cell_00714,80.0925,13.1825,299658.4137403915,28.0,40.0,33.76,0.0,6.98,2.38,0.0,0.0,0.0,5461.68,8737.95,10123.95,0.0,0.0,Cropland,7.76,0.0,34.94,55.45,1.85,0,0.0,Unknown,0,187.88,273.07,273.07,365.51,578.34
cell_00715,80.0925,13.1875,299652.4401776594,23.0,42.0,31.11,0.0,10.3,2.9,0.0,0.0,0.0,5808.55,9290.55,10389.59,0.0,0.0,Cropland,10.19,0.0,40.39,49.16,0.26,0,0.0,Unknown,0,187.88,273.07,273.07,365.51,578.34
cell_00716,80.0925,13.1925,299646.46438072255,20.0,38.0,29.07,0.0,6.72,2.68,0.0,0.0,0.0,6185.49,9843.2,10412.99,0.0,0.0,Cropland,8.63,0.0,14.58,76.79,0.0,0,0.0,Unknown,0,187.88,273.07,273.07,365.51,578.34
cell_00717,80.0925,13.1975,299640.4863490882,24.0,38.0,31.55,0.0,7.09,2.3,0.0,0.0,0.0,6587.34,10395.89,10462.61,0.0,0.0,Cropland,2.34,0.0,16.62,80.97,0.06,0,0.0,Unknown,0,187.88,273.07,273.07,365.51,578.34
cell_00718,80.0925,13.2025,299634.5060835252,22.0,35.0,29.44,0.0,6.15,2.51,0.0,0.0,0.0,7009.8,10948.61,10540.23,0.0,0.0,Cropland,5.75,0.0,24.64,69.55,0.06,0,0.0,Unknown,0,187.88,273.07,273.07,365.51,578.34
cell_00719,80.0925,13.2075,299628.52358355507,18.0,32.0,22.89,0.0,8.16,2.42,0.0,0.0,0.0,7449.38,11501.35,10646.05,0.0,0.0,Cropland,0.93,0.0,8.53,90.55,0.0,0,0.0,Unknown,0,187.88,273.07,273.07,365.51,578.34
cell_00720,80.0925,13.2125,299622.53884925274,16.0,31.0,22.37,0.0,6.41,2.36,0.0,0.0,0.0,7903.21,12054.12,10779.23,0.0,0.0,Cropland,17.56,0.0,33.67,48.31,0.45,0,0.0,Unknown,0,187.88,273.07,273.07,365.51,578.34
cell_00721,80.0925,13.2175,299616.5518806618,14.0,24.0,19.7,0.0,6.65,2.16,0.0,0.0,0.0,8149.43,12606.92,10938.78,0.0,0.0,Cropland,2.05,0.0,31.75,60.62,5.58,0,0.0,Unknown,0,187.88,273.07,273.07,365.51,578.34
cell_00722,80.0925,13.2225,299610.5626782506,11.0,21.0,17.01,0.0,6.41,2.24,0.0,0.0,0.0,8417.17,13159.73,11123.56,0.0,0.0,Vegetation,27.9,0.0,51.01,10.98,10.12,0,0.0,Unknown,0,187.88,273.07,273.07,365.51,578.34
cell_00723,80.0925,13.2275,299604.57124138274,9.0,23.0,15.46,0.0,7.84,2.49,0.0,0.0,0.0,8711.83,13712.55,11332.34,0.0,0.0,Vegetation,1.46,1.14,49.51,42.11,5.78,0,0.0,Unknown,0,187.88,273.07,273.07,365.51,578.34
cell_00724,80.0925,13.2325,299598.5775705757,13.0,24.0,20.64,0.0,6.03,2.21,0.0,0.0,0.0,9030.76,14265.39,11563.82,0.0,0.0,Vegetation,10.52,0.0,62.53,23.02,3.93,0,0.0,Unknown,0,187.88,273.07,273.07,365.51,578.34
cell_00725,80.0925,13.2375,299592.581665762,14.0,25.0,20.73,0.0,6.91,1.96,0.0,0.0,0.0,9371.5,14818.25,11816.66,0.0,0.0,Cropland,5.02,0.0,42.41,47.9,4.66,0,0.0,Unknown,0,187.88,273.07,273.07,365.51,578.34
cell_00726,80.0925,13.2425,299586.5835267793,18.0,32.0,22.46,0.0,6.65,2.64,0.0,0.0,0.0,9731.76,15362.13,12089.52,0.0,0.0,Cropland,10.88,0.0,17.5,71.62,0.0,0,0.0,Unknown,0,187.88,273.07,273.07,365.51,578.34
cell_00727,80.0925,13.2475,299580.5831538909,13.0,27.0,21.68,0.0,8.66,2.75,0.0,0.0,0.0,10102.74,15900.11,12381.09,0.0,0.0,Cropland,5.68,0.0,35.26,59.06,0.0,0,0.0,Unknown,0,187.88,273.07,273.07,365.51,578.34
cell_00728,80.0925,13.2525,299574.5805468873,0.0,0.0,0.0,0.0,0.0,0.0,0.0,0.0,0.0,10466.58,16439.08,12690.07,0.0,0.0,Unknown,0.0,0.0,0.0,0.0,0.0,0,0.0,Unknown,0,187.88,273.07,273.07,365.51,578.34
cell_00729,80.0975,12.8525,300046.93556934095,19.0,40.0,32.99,0.0,10.56,2.59,0.0,0.0,0.0,12250.42,11372.58,14808.0,0.0,0.0,Vegetation,4.06,0.0,94.9,1.04,0.0,0,0.0,Unknown,0,187.88,273.07,273.07,365.51,578.34
cell_00730,80.0975,12.8575,300041.10960057646,19.0,39.0,32.24,0.0,10.77,3.2,0.0,0.0,0.0,11699.6,11263.99,14407.54,0.0,0.0,Vegetation,21.11,0.0,77.26,1.5,0.13,0,0.0,Unknown,0,187.88,273.07,273.07,365.51,578.34
cell_00731,80.0975,12.8625,300035.2813949198,31.0,38.0,34.78,0.0,4.98,1.63,0.0,0.0,0.0,11149.01,11181.72,14017.45,0.0,0.0,Vegetation,0.19,0.0,99.43,0.38,0.0,0,0.0,Unknown,0,187.88,273.07,273.07,365.51,578.34
cell_00732,80.0975,12.8675,300029.4509526345,33.0,59.0,41.28,0.0,12.89,2.65,0.0,0.0,0.0,10598.66,11126.35,13638.64,0.0,0.0,Vegetation,0.49,0.0,99.48,0.03,0.0,0,0.0,Unknown,0,187.88,273.07,273.07,365.51,578.34
cell_00733,80.0975,12.8725,300023.6182736854,31.0,60.0,39.8,0.0,13.43,3.07,0.0,0.0,0.0,10048.6,11098.3,13272.05,0.0,0.0,Vegetation,3.99,0.0,94.29,0.45,1.28,0,0.0,Unknown,0,187.88,273.07,273.07,365.51,578.34
cell_00734,80.0975,12.8775,300017.78335854167,29.0,41.0,34.76,0.0,10.87,2.58,0.0,0.0,0.0,9498.88,11097.77,12918.75,0.0,0.0,Vegetation,0.26,0.0,98.28,1.37,0.1,0,0.0,Unknown,0,187.88,273.07,273.07,365.51,578.34
cell_00735,80.0975,12.8825,300011.9462063782,27.0,40.0,32.5,0.0,8.52,2.63,0.0,0.0,0.0,8949.57,11124.75,12579.83,0.0,0.0,Vegetation,0.68,0.0,94.64,4.68,0.0,0,0.0,Unknown,0,187.88,273.07,273.07,365.51,578.34
cell_00736,80.0975,12.8875,300006.1068181852,28.0,47.0,36.88,0.0,8.52,2.68,0.0,0.0,0.0,8400.74,11179.06,12256.51,0.0,0.0,Vegetation,0.54,0.0,96.3,3.16,0.0,0,0.0,Unknown,0,187.88,273.07,273.07,365.51,578.34
cell_00737,80.0975,12.8925,300000.26519305765,41.0,147.0,77.56,0.98,26.44,12.74,0.0,0.0,0.0,7852.49,11260.3,11950.03,0.0,0.0,Vegetation,0.13,0.0,99.87,0.0,0.0,0,0.0,Unknown,0,187.88,273.07,273.07,365.51,578.34
cell_00738,80.0975,12.8975,299994.42133163917,30.0,163.0,93.38,0.0,29.49,14.56,0.0,0.0,0.0,7304.96,11367.88,11661.74,0.0,0.0,Vegetation,0.0,0.0,100.0,0.0,0.0,0,0.0,Unknown,0,187.88,273.07,273.07,365.51,578.34
cell_00739,80.0975,12.9025,299988.57523419434,24.0,91.0,35.14,0.0,25.93,5.48,0.0,0.0,0.0,6758.31,11501.08,11393.01,0.0,0.0,Vegetation,32.14,0.0,64.29,0.0,3.57,0,0.0,Unknown,0,187.88,273.07,273.07,365.51,578.34
cell_00740,80.0975,12.9075,299982.7268998656,19.0,29.0,24.66,0.0,6.83,2.18,0.0,0.0,0.0,6212.79,11659.01,11145.26,0.0,0.0,Built-up,71.94,0.06,21.01,6.92,0.06,0,0.0,Unknown,0,187.88,273.07,273.07,365.51,578.34
cell_00741,80.0975,12.9125,299976.87632973865,16.0,29.0,21.51,0.0,5.59,2.13,0.0,0.0,0.0,5668.71,11840.68,10919.91,0.0,0.0,Built-up,85.62,0.0,13.8,0.58,0.0,0,0.0,Unknown,0,187.88,273.07,273.07,365.51,578.34
cell_00742,80.0975,12.9175,299971.0235227981,12.0,23.0,18.27,0.0,6.93,2.05,0.0,0.0,0.0,5126.55,11576.07,10718.38,0.0,0.0,Built-up,91.36,0.0,7.43,0.96,0.26,0,0.0,Unknown,0,187.88,273.07,273.07,365.51,578.34
cell_00743,80.0975,12.9225,299965.16848011303,13.0,25.0,19.28,0.0,5.15,1.91,0.0,0.0,0.0,4586.97,11137.54,10339.37,0.0,0.0,Built-up,96.65,0.0,3.25,0.0,0.1,0,0.0,Unknown,0,187.88,273.07,273.07,365.51,578.34
cell_00744,80.0975,12.9275,299959.3112007958,12.0,22.0,17.01,0.0,4.98,1.99,0.0,0.0,0.0,4051.01,10709.62,9949.67,0.0,0.0,Built-up,85.49,0.0,9.71,4.74,0.06,0,0.0,Unknown,0,187.88,273.07,273.07,365.51,578.34
cell_00745,80.0975,12.9325,299953.45168529917,11.0,21.0,15.12,0.0,6.98,1.9,0.0,0.0,0.0,3520.31,10293.62,9576.07,0.0,0.0,Vegetation,38.04,0.0,52.61,8.64,0.7,0,0.0,Unknown,0,187.88,273.07,273.07,365.51,578.34
cell_00746,80.0975,12.9375,299947.5899338233,12.0,20.0,15.2,0.0,5.86,1.69,0.0,0.0,0.0,2997.7,9891.05,9220.5,0.0,0.0,Vegetation,29.69,0.0,52.65,17.12,0.54,0,0.0,Unknown,0,187.88,273.07,273.07,365.51,578.34
cell_00747,80.0975,12.9425,299941.7259464443,11.0,20.0,14.24,0.0,6.15,1.79,0.0,0.0,0.0,2488.25,9503.61,8885.15,0.0,0.0,Vegetation,13.08,0.0,63.73,22.95,0.23,0,0.0,Unknown,0,187.88,273.07,273.07,365.51,578.34
cell_00748,80.0975,12.9475,299935.85972263716,10.0,18.0,14.34,0.0,4.84,1.78,0.0,0.0,0.0,2002.04,9133.24,8572.39,0.0,0.0,Cropland,3.03,0.0,29.59,67.35,0.03,0,0.0,Unknown,0,187.88,273.07,273.07,365.51,578.34
cell_00749,80.0975,12.9525,299929.9912628539,9.0,18.0,14.37,0.0,4.84,1.65,0.0,0.0,0.0,1560.94,8782.09,8284.76,0.0,0.0,Vegetation,0.1,0.0,67.7,32.21,0.0,0,0.0,Unknown,0,187.88,273.07,273.07,365.51,578.34
cell_00750,80.0975,12.9575,299924.1205672171,11.0,19.0,14.52,0.0,5.86,1.54,0.0,0.0,0.0,1215.13,8452.56,8024.98,0.0,0.0,Vegetation,0.29,0.0,82.14,17.11,0.45,0,0.0,Unknown,0,187.88,273.07,273.07,365.51,578.34
cell_00751,80.0975,12.9625,299918.2476353119,12.0,18.0,15.08,0.0,4.29,1.67,0.0,0.0,0.0,1062.13,8147.26,7743.48,0.0,0.0,Vegetation,0.0,0.0,57.02,42.98,0.0,0,0.0,Unknown,0,187.88,273.07,273.07,365.51,578.34
cell_00752,80.0975,12.9675,299912.3724677494,11.0,20.0,15.41,0.0,4.35,1.74,0.0,0.0,0.0,1160.31,7869.04,7314.73,0.0,0.0,Built-up,46.65,0.0,30.58,22.42,0.35,0,0.0,Unknown,0,187.88,273.07,273.07,365.51,578.34
cell_00753,80.0975,12.9725,299906.4950642415,12.0,23.0,17.6,0.0,6.98,2.0,0.0,0.0,0.0,1433.48,7620.84,6903.67,0.0,0.0,Vegetation,38.7,0.0,54.38,6.88,0.03,0,0.0,Unknown,0,187.88,273.07,273.07,365.51,578.34
cell_00754,80.0975,12.9775,299900.61542464147,15.0,27.0,20.42,0.0,9.0,2.47,0.0,0.0,0.0,1820.41,7405.68,6513.66,0.0,0.0,Cropland,1.5,0.0,38.04,60.46,0.0,0,0.0,Unknown,0,187.88,273.07,273.07,365.51,578.34
cell_00755,80.0975,12.9825,299894.7335493408,16.0,27.0,20.79,0.0,9.93,2.56,0.0,0.0,0.0,2193.06,7226.53,6148.69,0.0,0.0,Vegetation,16.52,0.0,51.59,31.86,0.03,0,0.0,Unknown,0,187.88,273.07,273.07,365.51,578.34
cell_00756,80.0975,12.9875,299888.84943839663,16.0,35.0,20.56,0.0,14.55,2.55,0.0,0.0,0.0,2290.34,7086.11,5813.48,0.0,0.0,Built-up,54.94,0.0,41.14,3.67,0.26,0,0.0,Unknown,0,187.88,273.07,273.07,365.51,578.34
cell_00757,80.0975,12.9925,299882.9630915366,13.0,25.0,19.42,0.0,6.93,2.43,0.0,0.0,0.0,2435.73,6986.75,5513.47,0.0,0.0,Built-up,84.92,0.0,13.9,0.48,0.7,0,0.0,Unknown,0,187.88,273.07,273.07,365.51,578.34
cell_00758,80.0975,12.9975,299877.07450875733,15.0,26.0,21.79,0.0,5.94,2.1,0.0,0.0,0.0,2660.94,6930.23,5254.7,0.0,0.0,Built-up,78.19,0.0,14.38,5.07,2.36,0,0.0,Unknown,0,187.88,273.07,273.07,365.51,578.34
cell_00759,80.0975,13.0025,299871.1836906535,16.0,27.0,20.35,0.0,7.09,2.1,0.0,0.0,0.0,2973.23,6917.59,5043.5,0.0,0.0,Built-up,65.45,0.0,26.49,6.3,1.75,0,0.0,Unknown,0,187.88,273.07,273.07,365.51,578.34
cell_00760,80.0975,13.0075,299865.2906366205,1.0,26.0,17.29,0.0,14.96,3.68,0.0,0.0,0.0,3343.09,6600.41,4886.05,0.0,0.0,Vegetation,16.39,16.07,59.73,6.57,1.24,0,0.0,Unknown,0,187.88,273.07,273.07,365.51,578.34
cell_00761,80.0975,13.0125,299859.39534706494,-4.0,28.0,14.17,0.0,23.33,6.0,0.0,0.0,0.0,3756.03,6071.93,4787.66,0.0,0.0,Vegetation,6.76,39.51,49.36,1.34,3.03,0,0.0,Unknown,0,187.88,273.07,273.07,365.51,578.34
cell_00762,80.0975,13.0175,299853.4978218729,0.0,25.0,16.37,0.0,16.57,5.12,0.0,0.0,0.0,4201.3,5548.24,4752.0,0.0,0.0,Vegetation,18.54,18.73,47.63,14.42,0.68,0,0.0,Unknown,0,187.88,273.07,273.07,365.51,578.34
cell_00763,80.0975,13.0225,299847.5980611175,9.0,27.0,18.93,0.0,9.55,2.57,0.0,0.0,0.0,4669.65,5030.82,4711.75,0.0,0.0,Vegetation,4.56,0.03,59.85,35.43,0.13,0,0.0,Unknown,0,187.88,273.07,273.07,365.51,578.34
cell_00764,80.0975,13.0275,299841.696064905,13.0,26.0,19.24,0.0,6.89,2.18,0.0,0.0,0.0,5081.33,4521.83,4725.13,0.0,0.0,Cropland,22.96,0.0,16.49,59.63,0.92,0,0.0,Unknown,0,187.88,273.07,273.07,365.51,578.34
cell_00765,80.0975,13.0325,299835.7918330423,14.0,26.0,19.81,0.0,9.1,2.9,0.0,0.0,0.0,4896.99,4024.47,4802.57,0.0,0.0,Built-up,62.4,0.0,12.56,24.71,0.32,0,0.0,Unknown,0,187.88,273.07,273.07,365.51,578.34
cell_00766,80.0975,13.0375,299829.8853661088,16.0,28.0,21.2,0.0,7.39,2.59,0.0,0.0,0.0,4769.97,3543.64,4941.06,0.0,0.0,Built-up,54.34,0.0,22.0,23.28,0.38,0,0.0,Unknown,0,187.88,273.07,273.07,365.51,578.34
cell_00767,80.0975,13.0425,299823.9766631377,15.0,28.0,21.0,0.0,8.02,2.98,0.0,0.0,0.0,4704.94,3081.2,5135.67,0.0,0.0,Built-up,50.54,0.0,13.68,35.49,0.29,0,0.0,Unknown,0,187.88,273.07,273.07,365.51,578.34
cell_00768,80.0975,13.0475,299818.0657253239,16.0,30.0,23.73,0.0,7.53,2.42,0.0,0.0,0.0,4704.45,2651.41,5380.32,0.0,0.0,Built-up,71.85,0.16,23.28,1.95,2.76,0,0.0,Unknown,0,187.88,273.07,273.07,365.51,578.34
cell_00769,80.0975,13.0525,299812.15255187347,18.0,31.0,24.2,0.0,5.25,2.23,0.0,0.0,0.0,4768.53,2275.47,5668.52,0.0,0.0,Built-up,84.34,0.0,9.02,4.43,2.2,0,0.0,Unknown,0,187.88,273.07,273.07,365.51,578.34
cell_00770,80.0975,13.0575,299806.2371431928,15.0,27.0,20.7,0.0,7.09,2.23,0.0,0.0,0.0,4855.66,1983.55,5993.99,0.0,0.0,Built-up,67.92,0.0,19.67,11.26,1.15,0,0.0,Unknown,0,187.88,273.07,273.07,365.51,578.34
cell_00771,80.0975,13.0625,299800.3194994346,14.0,27.0,20.06,0.0,7.84,2.24,0.0,0.0,0.0,4996.26,1795.72,6351.02,0.0,0.0,Vegetation,9.87,0.0,49.55,40.45,0.13,0,0.0,Unknown,0,187.88,273.07,273.07,365.51,578.34
cell_00772,80.0975,13.0675,299794.3996201066,18.0,27.0,21.92,0.0,6.98,2.18,0.0,0.0,0.0,5192.24,1738.87,6734.58,0.0,0.0,Vegetation,24.68,0.0,45.41,29.85,0.06,0,0.0,Unknown,0,187.88,273.07,273.07,365.51,578.34
cell_00773,80.0975,13.0725,299788.47750548803,15.0,25.0,19.02,0.0,8.8,2.24,0.0,0.0,0.0,5286.07,1646.28,6619.6,0.0,0.0,Vegetation,1.47,0.0,73.31,24.62,0.61,0,0.0,Unknown,0,187.88,273.07,273.07,365.51,578.34
cell_00774,80.0975,13.0775,299782.5531562372,18.0,29.0,21.83,0.0,8.87,2.3,0.0,0.0,0.0,5263.8,1292.73,6347.66,0.0,0.0,Vegetation,8.21,0.0,51.82,39.97,0.0,0,0.0,Unknown,0,187.88,273.07,273.07,365.51,578.34
cell_00775,80.0975,13.0825,299776.62657145073,16.0,30.0,21.67,0.0,8.87,2.41,0.0,0.0,0.0,4927.06,948.18,6113.76,0.0,0.0,Cropland,20.79,0.0,36.32,42.73,0.16,0,0.0,Unknown,0,187.88,273.07,273.07,365.51,578.34
cell_00776,80.0975,13.0875,299770.69775147026,16.0,33.0,22.53,0.0,9.89,2.87,0.0,0.0,0.0,4632.04,641.54,5914.74,0.0,0.0,Cropland,13.8,0.42,19.9,64.74,1.14,0,0.0,Unknown,0,187.88,273.07,273.07,365.51,578.34
cell_00777,80.0975,13.0925,299764.76669662347,16.0,29.0,22.5,0.0,11.07,2.82,0.0,0.0,0.0,4387.18,355.93,5719.04,58.22,0.000194,Vegetation,14.35,1.08,44.93,38.9,0.73,0,0.0,Unknown,0,187.88,273.07,273.07,365.51,578.34
cell_00778,80.0975,13.0975,299758.83340696886,15.0,31.0,22.53,0.0,8.16,3.1,0.0,0.0,0.0,4201.25,1.96,5571.55,735.92,0.002455,Vegetation,2.93,0.0,54.69,34.76,7.62,0,0.0,Unknown,0,187.88,273.07,273.07,365.51,578.34
cell_00779,80.0975,13.1025,299752.89788172924,18.0,35.0,27.73,0.0,6.72,2.49,0.0,0.0,0.0,4082.31,372.29,5476.19,29.35,9.8e-05,Built-up,55.19,0.0,37.01,7.76,0.03,0,0.0,Unknown,0,187.88,273.07,273.07,365.51,578.34
cell_00780,80.0975,13.1075,299746.96012186306,26.0,37.0,32.21,0.0,6.16,1.92,0.0,0.0,0.0,4036.29,788.55,5435.69,0.0,0.0,Built-up,93.65,0.0,6.25,0.0,0.1,0,0.0,Unknown,0,187.88,273.07,273.07,365.51,578.34
cell_00781,80.0975,13.1125,299741.0201271126,21.0,35.0,28.82,0.0,8.95,2.48,0.0,0.0,0.0,4065.65,1262.16,5451.27,0.0,0.0,Built-up,97.07,0.0,2.68,0.0,0.26,0,0.0,Unknown,0,187.88,273.07,273.07,365.51,578.34
cell_00782,80.0975,13.1175,299735.0778974743,28.0,37.0,31.43,0.0,6.41,1.98,0.0,0.0,0.0,4138.35,1746.2,5522.46,0.0,0.0,Built-up,75.52,0.0,23.02,0.0,1.46,0,0.0,Unknown,0,187.88,273.07,273.07,365.51,578.34
cell_00783,80.0975,13.1225,299729.1334326912,27.0,40.0,34.87,0.0,6.03,2.48,0.0,0.0,0.0,4271.36,2255.03,5647.17,0.0,0.0,Built-up,56.57,0.0,33.07,10.27,0.1,0,0.0,Unknown,0,187.88,273.07,273.07,365.51,578.34
cell_00784,80.0975,13.1275,299723.1867334684,35.0,46.0,40.39,0.0,6.91,2.47,0.0,0.0,0.0,4469.31,2780.78,5821.94,0.0,0.0,Vegetation,19.58,0.0,80.07,0.0,0.35,0,0.0,Unknown,0,187.88,273.07,273.07,365.51,578.34
cell_00785,80.0975,13.1325,299717.2377990454,25.0,45.0,33.91,0.0,9.01,3.61,0.0,0.0,0.0,4273.19,3315.41,6042.44,0.0,0.0,Vegetation,36.79,0.0,47.56,15.65,0.0,0,0.0,Unknown,0,187.88,273.07,273.07,365.51,578.34
cell_00786,80.0975,13.1375,299711.2866303948,23.0,37.0,30.37,0.0,8.02,2.82,0.0,0.0,0.0,4038.85,3855.22,6303.87,0.0,0.0,Vegetation,28.38,0.0,43.34,28.28,0.0,0,0.0,Unknown,0,187.88,273.07,273.07,365.51,578.34
cell_00787,80.0975,13.1425,299705.33322670765,15.0,47.0,24.42,0.0,27.37,4.13,0.0,0.0,0.0,3869.89,4397.25,6601.38,0.0,0.0,Vegetation,3.64,5.58,67.44,20.5,2.84,0,0.0,Unknown,0,187.88,273.07,273.07,365.51,578.34
cell_00788,80.0975,13.1475,299699.3775884218,15.0,35.0,15.26,0.0,25.53,0.75,0.0,0.0,0.0,3775.1,4940.2,6930.3,0.0,0.0,Vegetation,0.0,21.59,76.66,0.45,1.3,0,0.0,Unknown,0,187.88,273.07,273.07,365.51,578.34
cell_00789,80.0975,13.1525,299693.4197151078,15.0,34.0,26.5,0.0,20.91,3.86,0.0,0.0,0.0,3760.1,5485.14,7286.4,0.0,0.0,Vegetation,9.98,0.86,74.9,12.4,1.85,0,0.0,Unknown,0,187.88,273.07,273.07,365.51,578.34
cell_00790,80.0975,13.1575,299687.45960772235,23.0,35.0,29.63,0.0,11.48,3.14,0.0,0.0,0.0,3825.83,6031.54,7665.89,0.0,0.0,Vegetation,12.63,0.0,48.69,36.22,2.46,0,0.0,Unknown,0,187.88,273.07,273.07,365.51,578.34
cell_00791,80.0975,13.1625,299681.49726547254,22.0,39.0,29.49,0.0,7.53,2.8,0.0,0.0,0.0,3968.27,6579.05,8065.46,0.0,0.0,Vegetation,13.57,0.0,52.95,30.97,2.5,0,0.0,Unknown,0,187.88,273.07,273.07,365.51,578.34
cell_00792,80.0975,13.1675,299675.5326888429,19.0,33.0,26.76,0.0,7.09,2.81,0.0,0.0,0.0,4161.05,7127.41,8482.28,0.0,0.0,Built-up,59.47,0.0,27.49,12.85,0.19,0,0.0,Unknown,0,187.88,273.07,273.07,365.51,578.34
cell_00793,80.0975,13.1725,299669.5658777344,19.0,30.0,25.39,0.0,7.84,2.96,0.0,0.0,0.0,4403.29,7676.43,8913.93,0.0,0.0,Cropland,22.07,0.0,23.41,54.18,0.35,0,0.0,Unknown,0,187.88,273.07,273.07,365.51,578.34
cell_00794,80.0975,13.1775,299663.5968318274,24.0,37.0,29.24,0.0,9.01,2.6,0.0,0.0,0.0,4698.43,8225.99,9358.36,0.0,0.0,Cropland,31.14,0.0,22.86,45.19,0.81,0,0.0,Unknown,0,187.88,273.07,273.07,365.51,578.34
cell_00795,80.0975,13.1825,299657.6255517172,29.0,39.0,35.16,0.0,9.01,2.32,0.0,0.0,0.0,5037.17,8775.98,9813.83,0.0,0.0,Cropland,10.62,0.0,40.27,48.6,0.51,0,0.0,Unknown,0,187.88,273.07,273.07,365.51,578.34
cell_00796,80.0975,13.1875,299651.65203713096,28.0,42.0,36.29,0.0,9.89,2.91,0.0,0.0,0.0,5411.34,9326.33,9847.8,0.0,0.0,Cropland,4.69,0.0,16.65,78.67,0.0,0,0.0,Unknown,0,187.88,273.07,273.07,365.51,578.34
cell_00797,80.0975,13.1925,299645.67628845933,29.0,43.0,36.27,0.0,6.89,2.43,0.0,0.0,0.0,5814.09,9876.98,9872.49,0.0,0.0,Built-up,53.54,0.0,19.84,25.03,1.59,0,0.0,Unknown,0,187.88,273.07,273.07,365.51,578.34
cell_00798,80.0975,13.1975,299639.6983050033,33.0,41.0,35.9,0.0,6.81,2.12,0.0,0.0,0.0,6239.91,10427.87,9924.53,0.0,0.0,Vegetation,5.33,0.0,65.31,28.73,0.64,0,0.0,Unknown,0,187.88,273.07,273.07,365.51,578.34
cell_00799,80.0975,13.2025,299633.7180875464,23.0,38.0,30.71,0.0,5.66,2.34,0.0,0.0,0.0,6684.37,10978.98,10006.33,0.0,0.0,Vegetation,12.31,0.0,46.24,41.45,0.0,0,0.0,Unknown,0,187.88,273.07,273.07,365.51,578.34
cell_00800,80.0975,13.2075,299627.7356358487,21.0,37.0,26.12,0.0,6.93,2.13,0.0,0.0,0.0,7144.0,11530.27,10117.75,0.0,0.0,Vegetation,17.53,0.19,43.12,38.96,0.19,0,0.0,Unknown,0,187.88,273.07,273.07,365.51,578.34
cell_00801,80.0975,13.2125,299621.75094987446,22.0,38.0,29.0,0.0,7.84,2.7,0.0,0.0,0.0,7418.46,12081.72,10257.8,0.0,0.0,Cropland,33.58,0.0,29.56,36.86,0.0,0,0.0,Unknown,0,187.88,273.07,273.07,365.51,578.34
cell_00802,80.0975,13.2175,299615.76402939786,18.0,28.0,22.28,0.0,7.59,2.18,0.0,0.0,0.0,7671.87,12633.3,10425.34,0.0,0.0,Cropland,9.57,0.0,34.06,56.38,0.0,0,0.0,Unknown,0,187.88,273.07,273.07,365.51,578.34
cell_00803,80.0975,13.2225,299609.77487526584,13.0,28.0,19.11,0.0,5.79,2.28,0.0,0.0,0.0,7955.71,13185.0,10619.07,0.0,0.0,Vegetation,17.37,0.0,59.61,16.88,6.14,0,0.0,Unknown,0,187.88,273.07,273.07,365.51,578.34
cell_00804,80.0975,13.2275,299603.7834867336,11.0,23.0,14.65,0.0,7.39,2.11,0.0,0.0,0.0,8266.84,13736.81,10837.58,0.0,0.0,Vegetation,0.32,0.0,65.4,34.15,0.13,0,0.0,Unknown,0,187.88,273.07,273.07,365.51,578.34
cell_00805,80.0975,13.2325,299597.7898641596,11.0,25.0,18.35,0.0,7.09,2.5,0.0,0.0,0.0,8602.3,14288.71,11079.41,0.0,0.0,Vegetation,13.9,0.0,54.37,24.97,6.76,0,0.0,Unknown,0,187.88,273.07,273.07,365.51,578.34
cell_00806,80.0975,13.2375,299591.7940076342,15.0,26.0,20.29,0.0,7.26,2.33,0.0,0.0,0.0,8959.35,14840.69,11343.07,0.0,0.0,Cropland,3.57,0.0,23.31,57.31,15.81,0,0.0,Unknown,0,187.88,273.07,273.07,365.51,578.34
cell_00807,80.0975,13.2425,299585.7959171048,16.0,27.0,20.67,0.0,10.3,2.5,0.0,0.0,0.0,9332.63,15392.75,11627.06,0.0,0.0,Cropland,0.45,0.0,13.84,85.71,0.0,0,0.0,Unknown,0,187.88,273.07,273.07,365.51,578.34
cell_00808,80.0975,13.2475,299579.79559240857,15.0,28.0,21.14,0.0,8.3,2.53,0.0,0.0,0.0,9693.84,15817.1,11929.94,0.0,0.0,Cropland,8.61,0.0,26.75,64.64,0.0,0,0.0,Unknown,0,187.88,273.07,273.07,365.51,578.34
cell_00809,80.0975,13.2525,299573.79303384334,0.0,0.0,0.0,0.0,0.0,0.0,0.0,0.0,0.0,10072.47,16225.36,12250.31,0.0,0.0,Unknown,0.0,0.0,0.0,0.0,0.0,0,0.0,Unknown,0,187.88,273.07,273.07,365.51,578.34
cell_00810,80.1025,12.8525,300046.1486122495,25.0,37.0,31.28,0.0,8.75,2.45,0.0,0.0,0.0,12215.36,10843.91,14363.91,0.0,0.0,Vegetation,0.0,0.0,62.99,36.75,0.26,0,0.0,Unknown,0,187.88,273.07,273.07,365.51,578.34
cell_00811,80.1025,12.8575,300040.3226901346,24.0,38.0,30.71,0.0,7.26,2.42,0.0,0.0,0.0,11662.89,10729.98,14033.59,0.0,0.0,Vegetation,8.48,0.0,64.99,26.53,0.0,0,0.0,Unknown,0,187.88,273.07,273.07,365.51,578.34
cell_00812,80.1025,12.8625,300034.4945314195,26.0,38.0,32.06,0.0,6.19,2.29,0.0,0.0,0.0,11110.48,10643.59,13632.82,0.0,0.0,Vegetation,33.26,0.0,52.52,14.16,0.06,0,0.0,Unknown,0,187.88,273.07,273.07,365.51,578.34
cell_00813,80.1025,12.8675,300028.66413598944,26.0,41.0,33.01,0.0,6.98,2.4,0.0,0.0,0.0,10558.12,10585.42,13243.02,0.0,0.0,Vegetation,8.21,0.0,88.21,3.44,0.13,0,0.0,Unknown,0,187.88,273.07,273.07,365.51,578.34
cell_00814,80.1025,12.8725,300022.83150402905,27.0,44.0,33.23,0.0,6.89,2.06,0.0,0.0,0.0,10005.84,10555.94,12865.18,0.0,0.0,Vegetation,32.4,0.0,63.04,4.56,0.0,0,0.0,Unknown,0,187.88,273.07,273.07,365.51,578.34
cell_00815,80.1025,12.8775,300016.9966355668,26.0,39.0,31.44,0.0,7.53,2.18,0.0,0.0,0.0,9453.63,10555.39,12500.38,0.0,0.0,Vegetation,18.97,0.0,73.98,6.92,0.13,0,0.0,Unknown,0,187.88,273.07,273.07,365.51,578.34
cell_00816,80.1025,12.8825,300011.1595303928,23.0,38.0,28.81,0.0,10.93,2.95,0.0,0.0,0.0,8901.53,10583.77,12149.81,0.0,0.0,Vegetation,8.86,35.55,52.66,2.44,0.49,0,0.0,Unknown,0,187.88,273.07,273.07,365.51,578.34
cell_00817,80.1025,12.8875,300005.32018905407,17.0,41.0,28.66,0.0,8.8,2.98,0.0,0.0,0.0,8349.54,10640.86,11814.73,0.0,0.0,Vegetation,0.0,20.95,77.49,1.34,0.22,0,0.0,Unknown,0,187.88,273.07,273.07,365.51,578.34
cell_00818,80.1025,12.8925,299999.4786110579,27.0,73.0,38.35,0.0,22.35,5.14,0.0,0.0,0.0,7797.7,10726.18,11496.5,0.0,0.0,Vegetation,0.0,0.0,100.0,0.0,0.0,0,0.0,Unknown,0,187.88,273.07,273.07,365.51,578.34
cell_00819,80.1025,12.8975,299993.6347965574,26.0,58.0,37.09,0.0,15.14,4.05,0.0,0.0,0.0,7246.03,10839.08,11196.54,0.0,0.0,Vegetation,0.0,0.0,100.0,0.0,0.0,0,0.0,Unknown,0,187.88,273.07,273.07,365.51,578.34
cell_00820,80.1025,12.9025,299987.7887459749,22.0,31.0,26.33,0.0,6.93,2.07,0.0,0.0,0.0,6694.57,10978.7,10916.38,0.0,0.0,Built-up,48.85,0.0,48.25,2.9,0.0,0,0.0,Unknown,0,187.88,273.07,273.07,365.51,578.34
cell_00821,80.1025,12.9075,299981.9404586591,18.0,27.0,22.97,0.0,5.71,2.2,0.0,0.0,0.0,6143.4,11144.05,10657.56,0.0,0.0,Built-up,81.09,0.32,15.11,3.35,0.13,0,0.0,Unknown,0,187.88,273.07,273.07,365.51,578.34
cell_00822,80.1025,12.9125,299976.0899355045,17.0,26.0,21.96,0.0,5.94,2.45,0.0,0.0,0.0,5592.58,11333.99,10421.69,0.0,0.0,Built-up,72.14,0.0,27.86,0.0,0.0,0,0.0,Unknown,0,187.88,273.07,273.07,365.51,578.34
cell_00823,80.1025,12.9175,299970.2371757021,18.0,27.0,21.64,0.0,6.19,2.24,0.0,0.0,0.0,5042.23,11260.36,10210.34,0.0,0.0,Built-up,71.11,0.0,23.66,4.43,0.8,0,0.0,Unknown,0,187.88,273.07,273.07,365.51,578.34
cell_00824,80.1025,12.9225,299964.38217997417,15.0,29.0,20.4,0.0,6.91,2.04,0.0,0.0,0.0,4492.54,10809.03,9969.51,0.0,0.0,Built-up,53.86,0.0,30.64,14.29,1.21,0,0.0,Unknown,0,187.88,273.07,273.07,365.51,578.34
cell_00825,80.1025,12.9275,299958.5249477002,16.0,30.0,22.79,0.0,6.81,2.17,0.0,0.0,0.0,3943.77,10367.57,9564.76,0.0,0.0,Built-up,78.7,0.55,19.16,1.49,0.1,0,0.0,Unknown,0,187.88,273.07,273.07,365.51,578.34
cell_00826,80.1025,12.9325,299952.665479255,14.0,54.0,23.21,0.0,25.02,3.49,0.0,0.0,0.0,3396.37,9937.27,9175.51,0.0,0.0,Built-up,48.98,2.33,34.98,8.16,5.55,0,0.0,Unknown,0,187.88,273.07,273.07,365.51,578.34
cell_00827,80.1025,12.9375,299946.80377501337,14.0,85.0,32.59,0.0,25.67,7.14,0.0,0.0,0.0,2851.12,9519.65,8803.79,0.0,0.0,Vegetation,40.69,0.0,53.95,3.76,1.59,0,0.0,Unknown,0,187.88,273.07,273.07,365.51,578.34
cell_00828,80.1025,12.9425,299940.93983462296,10.0,28.0,17.06,0.0,10.21,2.85,0.0,0.0,0.0,2309.57,9116.45,8451.93,0.0,0.0,Vegetation,20.71,0.0,71.88,6.27,1.14,0,0.0,Unknown,0,187.88,273.07,273.07,365.51,578.34
cell_00829,80.1025,12.9475,299935.07365790603,5.0,17.0,14.13,0.0,10.61,1.91,0.0,0.0,0.0,1775.08,8729.68,8122.51,0.0,0.0,Vegetation,1.69,0.0,90.75,6.15,1.4,0,0.0,Unknown,0,187.88,273.07,273.07,365.51,578.34
cell_00830,80.1025,12.9525,299929.2052452217,11.0,18.0,13.83,0.0,6.83,1.85,0.0,0.0,0.0,1256.71,8361.6,7818.36,0.0,0.0,Vegetation,16.58,0.0,65.82,11.22,6.38,0,0.0,Unknown,0,187.88,273.07,273.07,365.51,578.34
cell_00831,80.1025,12.9575,299923.3345968808,11.0,17.0,13.99,0.0,4.86,1.88,0.0,0.0,0.0,786.97,8014.81,7542.54,0.0,0.0,Vegetation,1.14,0.0,85.19,13.12,0.55,0,0.0,Unknown,0,187.88,273.07,273.07,365.51,578.34
cell_00832,80.1025,12.9625,299917.4617121529,11.0,18.0,13.89,0.0,4.86,1.64,0.0,0.0,0.0,520.51,7692.17,7298.27,0.0,0.0,Cropland,9.47,0.0,36.13,53.28,1.12,0,0.0,Unknown,0,187.88,273.07,273.07,365.51,578.34
cell_00833,80.1025,12.9675,299911.5865916659,11.0,18.0,14.88,0.0,4.86,1.6,0.0,0.0,0.0,669.84,7396.86,6974.6,0.0,0.0,Built-up,45.25,0.0,36.58,17.57,0.61,0,0.0,Unknown,0,187.88,273.07,273.07,365.51,578.34
cell_00834,80.1025,12.9725,299905.7092354309,12.0,19.0,16.33,0.0,4.98,1.88,0.0,0.0,0.0,1048.78,7132.25,6542.21,0.0,0.0,Vegetation,25.39,0.0,67.79,6.2,0.62,0,0.0,Unknown,0,187.88,273.07,273.07,365.51,578.34
cell_00835,80.1025,12.9775,299899.82964303246,14.0,25.0,17.63,0.0,5.94,1.92,0.0,0.0,0.0,1518.42,6901.9,6129.25,0.0,0.0,Vegetation,32.75,0.0,57.53,8.16,1.56,0,0.0,Unknown,0,187.88,273.07,273.07,365.51,578.34
cell_00836,80.1025,12.9825,299893.9478149712,15.0,25.0,18.92,0.0,7.59,2.55,0.0,0.0,0.0,1653.22,6709.32,5739.9,0.0,0.0,Vegetation,10.01,0.0,69.96,19.74,0.29,0,0.0,Unknown,0,187.88,273.07,273.07,365.51,578.34
cell_00837,80.1025,12.9875,299888.06375121267,13.0,24.0,17.06,0.0,7.66,2.12,0.0,0.0,0.0,1775.24,6557.84,5379.29,0.0,0.0,Vegetation,25.16,0.0,64.35,10.36,0.13,0,0.0,Unknown,0,187.88,273.07,273.07,365.51,578.34
cell_00838,80.1025,12.9925,299882.1774516722,12.0,25.0,17.53,0.0,8.59,2.31,0.0,0.0,0.0,1928.08,6450.37,5053.58,0.0,0.0,Built-up,48.79,0.0,28.28,22.74,0.19,0,0.0,Unknown,0,187.88,273.07,273.07,365.51,578.34
cell_00839,80.1025,12.9975,299876.2889161566,12.0,22.0,17.48,0.0,5.15,2.18,0.0,0.0,0.0,2205.77,6389.11,4769.92,0.0,0.0,Built-up,47.96,0.0,33.48,18.02,0.54,0,0.0,Unknown,0,187.88,273.07,273.07,365.51,578.34
cell_00840,80.1025,13.0025,299870.3981453088,14.0,25.0,18.36,0.0,7.53,2.3,0.0,0.0,0.0,2568.6,6375.41,4536.22,0.0,0.0,Built-up,55.36,0.0,30.71,12.95,0.97,0,0.0,Unknown,0,187.88,273.07,273.07,365.51,578.34
cell_00841,80.1025,13.0075,299864.50513872935,0.0,22.0,16.45,0.0,12.67,2.8,0.0,0.0,0.0,2986.25,6409.57,4360.51,0.0,0.0,Vegetation,35.24,3.7,52.87,5.23,2.97,0,0.0,Unknown,0,187.88,273.07,273.07,365.51,578.34
cell_00842,80.1025,13.0125,299858.6098963045,5.0,27.0,18.47,0.0,14.16,2.56,0.0,0.0,0.0,3442.28,5927.96,4249.98,0.0,0.0,Built-up,48.21,0.0,46.97,3.51,1.31,0,0.0,Unknown,0,187.88,273.07,273.07,365.51,578.34
cell_00843,80.1025,13.0175,299852.7124185648,15.0,25.0,19.89,0.0,5.66,2.19,0.0,0.0,0.0,3923.32,5390.3,4209.79,0.0,0.0,Built-up,70.81,0.16,26.43,1.79,0.81,0,0.0,Unknown,0,187.88,273.07,273.07,365.51,578.34
cell_00844,80.1025,13.0225,299846.81270509656,13.0,25.0,20.3,0.0,9.01,2.46,0.0,0.0,0.0,4393.0,4856.09,4169.89,0.0,0.0,Built-up,54.62,0.0,39.16,5.07,1.15,0,0.0,Unknown,0,187.88,273.07,273.07,365.51,578.34
cell_00845,80.1025,13.0275,299840.91075621254,13.0,25.0,19.57,0.0,7.39,2.41,0.0,0.0,0.0,4584.84,4326.59,4185.01,0.0,0.0,Built-up,54.62,0.0,17.76,26.53,1.08,0,0.0,Unknown,0,187.88,273.07,273.07,365.51,578.34
cell_00846,80.1025,13.0325,299835.00657196954,15.0,23.0,19.59,0.0,7.53,2.49,0.0,0.0,0.0,4379.67,3803.8,4272.27,0.0,0.0,Built-up,61.36,0.0,26.59,11.46,0.58,0,0.0,Unknown,0,187.88,273.07,273.07,365.51,578.34
cell_00847,80.1025,13.0375,299829.10015228397,15.0,26.0,19.79,0.0,8.29,2.13,0.0,0.0,0.0,4237.19,3290.89,4427.39,0.0,0.0,Built-up,45.41,0.0,24.55,29.43,0.61,0,0.0,Unknown,0,187.88,273.07,273.07,365.51,578.34
cell_00848,80.1025,13.0425,299823.19149674155,14.0,26.0,19.44,0.0,6.65,2.24,0.0,0.0,0.0,4163.85,2793.32,4643.59,0.0,0.0,Built-up,53.99,0.0,9.5,36.38,0.13,0,0.0,Unknown,0,187.88,273.07,273.07,365.51,578.34
cell_00849,80.1025,13.0475,299817.2806064119,16.0,28.0,22.09,0.0,6.51,2.42,0.0,0.0,0.0,4163.31,2318.9,4912.81,0.0,0.0,Built-up,69.19,0.0,19.68,10.36,0.78,0,0.0,Unknown,0,187.88,273.07,273.07,365.51,578.34
cell_00850,80.1025,13.0525,299811.36748040665,19.0,29.0,23.14,0.0,6.89,2.48,0.0,0.0,0.0,4235.55,1877.53,5226.86,0.0,0.0,Built-up,91.26,0.0,8.58,0.03,0.13,0,0.0,Unknown,0,187.88,273.07,273.07,365.51,578.34
cell_00851,80.1025,13.0575,299805.4521191163,9.0,27.0,20.05,0.0,9.51,3.06,0.0,0.0,0.0,4325.95,1511.47,5578.17,0.0,0.0,Built-up,67.6,0.0,16.36,15.31,0.73,0,0.0,Unknown,0,187.88,273.07,273.07,365.51,578.34
cell_00852,80.1025,13.0625,299799.53452296194,12.0,29.0,20.1,0.0,10.78,2.47,0.0,0.0,0.0,4483.2,1269.79,5960.17,0.0,0.0,Cropland,32.27,0.0,17.01,46.23,4.48,0,0.0,Unknown,0,187.88,273.07,273.07,365.51,578.34
cell_00853,80.1025,13.0675,299793.61469104,15.0,31.0,20.98,0.0,8.95,2.82,0.0,0.0,0.0,4662.51,1197.65,6367.32,0.0,0.0,Cropland,7.62,0.0,19.9,72.48,0.0,0,0.0,Unknown,0,187.88,273.07,273.07,365.51,578.34
cell_00854,80.1025,13.0725,299787.69262407173,14.0,25.0,19.13,0.0,5.46,1.96,0.0,0.0,0.0,4756.64,1130.68,6164.21,0.0,0.0,Vegetation,0.16,0.0,69.39,30.45,0.0,0,0.0,Unknown,0,187.88,273.07,273.07,365.51,578.34
cell_00855,80.1025,13.0775,299781.7683222102,16.0,29.0,19.7,0.0,7.85,2.48,0.0,0.0,0.0,4860.63,989.92,5871.23,0.0,0.0,Vegetation,3.05,0.0,51.95,45.0,0.0,0,0.0,Unknown,0,187.88,273.07,273.07,365.51,578.34
cell_00856,80.1025,13.0825,299775.8417849465,17.0,29.0,21.99,0.0,6.51,2.71,0.0,0.0,0.0,4493.79,518.34,5617.53,0.0,0.0,Vegetation,8.64,0.0,50.77,39.83,0.77,0,0.0,Unknown,0,187.88,273.07,273.07,365.51,578.34
cell_00857,80.1025,13.0875,299769.91301259305,14.0,29.0,22.09,0.0,9.71,3.05,0.0,0.0,0.0,4168.23,203.38,5408.67,412.24,0.001375,Vegetation,29.58,0.0,48.41,20.55,1.46,0,0.0,Unknown,0,187.88,273.07,273.07,365.51,578.34
cell_00858,80.1025,13.0925,299763.9820053965,18.0,29.0,24.24,0.0,7.79,2.7,0.0,0.0,0.0,3894.33,80.87,5206.7,602.24,0.002009,Vegetation,30.48,0.0,58.07,11.26,0.19,0,0.0,Unknown,0,187.88,273.07,273.07,365.51,578.34
cell_00859,80.1025,13.0975,299758.0487631796,17.0,30.0,22.16,0.0,8.66,2.54,0.0,0.0,0.0,3683.61,413.21,5044.27,0.0,0.0,Cropland,31.15,0.0,30.23,38.49,0.13,0,0.0,Unknown,0,187.88,273.07,273.07,365.51,578.34
cell_00860,80.1025,13.1025,299752.11328570114,20.0,35.0,26.08,0.0,7.85,2.79,0.0,0.0,0.0,3547.37,769.01,4938.74,0.0,0.0,Built-up,59.42,0.49,34.16,5.71,0.23,0,0.0,Unknown,0,187.88,273.07,273.07,365.51,578.34
cell_00861,80.1025,13.1075,299746.17557338235,20.0,39.0,25.78,0.0,13.46,3.32,0.0,0.0,0.0,3494.33,1146.56,4893.8,0.0,0.0,Built-up,58.83,9.76,26.63,3.09,1.69,0,0.0,Unknown,0,187.88,273.07,273.07,365.51,578.34
cell_00862,80.1025,13.1125,299740.23562636145,19.0,28.0,24.1,0.0,7.09,2.26,0.0,0.0,0.0,3527.4,1555.39,4911.12,0.0,0.0,Built-up,96.21,0.0,1.95,0.86,0.99,0,0.0,Unknown,0,187.88,273.07,273.07,365.51,578.34
cell_00863,80.1025,13.1175,299734.2934443186,23.0,33.0,27.5,0.0,7.66,2.37,0.0,0.0,0.0,3606.24,2015.16,4990.04,0.0,0.0,Built-up,77.95,0.0,21.43,0.13,0.49,0,0.0,Unknown,0,187.88,273.07,273.07,365.51,578.34
cell_00864,80.1025,13.1225,299728.349027406,25.0,40.0,32.27,0.0,11.6,2.73,0.0,0.0,0.0,3758.14,2491.7,5127.71,0.0,0.0,Vegetation,41.39,0.0,44.9,11.38,2.33,0,0.0,Unknown,0,187.88,273.07,273.07,365.51,578.34
cell_00865,80.1025,13.1275,299722.40237569925,28.0,41.0,36.53,0.0,7.39,2.16,0.0,0.0,0.0,3981.7,2977.86,5319.59,0.0,0.0,Vegetation,19.42,0.0,80.39,0.03,0.16,0,0.0,Unknown,0,187.88,273.07,273.07,365.51,578.34
cell_00866,80.1025,13.1325,299716.45348897344,23.0,38.0,31.21,0.0,8.87,3.21,0.0,0.0,0.0,3805.58,3482.36,5560.06,0.0,0.0,Vegetation,8.38,0.0,71.4,20.23,0.0,0,0.0,Unknown,0,187.88,273.07,273.07,365.51,578.34
cell_00867,80.1025,13.1375,299710.5023680754,24.0,34.0,29.08,0.0,7.79,1.86,0.0,0.0,0.0,3540.43,3999.7,5843.13,0.0,0.0,Built-up,50.41,0.0,28.64,20.85,0.1,0,0.0,Unknown,0,187.88,273.07,273.07,365.51,578.34
cell_00868,80.1025,13.1425,299704.5490121178,15.0,38.0,27.83,0.0,22.45,3.15,0.0,0.0,0.0,3346.41,4525.49,6162.92,0.0,0.0,Built-up,59.18,2.52,30.52,7.08,0.7,0,0.0,Unknown,0,187.88,273.07,273.07,365.51,578.34
cell_00869,80.1025,13.1475,299698.5934215384,15.0,35.0,21.87,0.0,19.5,3.46,0.0,0.0,0.0,3236.34,5057.08,6514.03,0.0,0.0,Vegetation,20.84,1.53,63.77,9.64,4.22,0,0.0,Unknown,0,187.88,273.07,273.07,365.51,578.34
cell_00870,80.1025,13.1525,299692.6355961891,16.0,30.0,22.88,0.0,8.83,2.75,0.0,0.0,0.0,3218.85,5592.83,6891.68,0.0,0.0,Built-up,43.11,0.0,34.53,20.82,1.53,0,0.0,Unknown,0,187.88,273.07,273.07,365.51,578.34
cell_00871,80.1025,13.1575,299686.67553649185,19.0,34.0,26.19,0.0,7.09,2.36,0.0,0.0,0.0,3295.4,6131.64,7291.75,0.0,0.0,Built-up,46.88,0.0,28.09,24.84,0.19,0,0.0,Unknown,0,187.88,273.07,273.07,365.51,578.34
cell_00872,80.1025,13.1625,299680.71324197063,19.0,41.0,23.87,0.0,17.59,2.96,0.0,0.0,0.0,3458.28,6672.78,7710.74,0.0,0.0,Cropland,9.16,1.01,43.15,45.52,1.17,0,0.0,Unknown,0,187.88,273.07,273.07,365.51,578.34
cell_00873,80.1025,13.1675,299674.7487131411,17.0,32.0,23.52,0.0,11.02,2.72,0.0,0.0,0.0,3666.69,7214.82,8145.74,0.0,0.0,Cropland,8.32,0.0,18.43,73.25,0.0,0,0.0,Unknown,0,187.88,273.07,273.07,365.51,578.34
cell_00874,80.1025,13.1725,299668.7819497941,21.0,31.0,26.25,0.0,7.8,2.65,0.0,0.0,0.0,3939.46,7757.66,8594.32,0.0,0.0,Cropland,16.96,0.0,18.18,64.54,0.32,0,0.0,Unknown,0,187.88,273.07,273.07,365.51,578.34
cell_00875,80.1025,13.1775,299662.8129519717,25.0,36.0,29.99,0.0,7.26,2.46,0.0,0.0,0.0,4266.81,8301.84,9054.45,0.0,0.0,Cropland,24.81,0.0,22.08,53.12,0.0,0,0.0,Unknown,0,187.88,273.07,273.07,365.51,578.34
cell_00876,80.1025,13.1825,299656.84171957464,30.0,43.0,35.6,0.0,7.5,2.41,0.0,0.0,0.0,4637.2,8847.12,9312.7,0.0,0.0,Cropland,11.0,0.0,28.57,60.27,0.16,0,0.0,Unknown,0,187.88,273.07,273.07,365.51,578.34
cell_00877,80.1025,13.1875,299650.8682530253,30.0,41.0,35.24,0.0,5.94,2.28,0.0,0.0,0.0,5041.15,9393.3,9306.02,0.0,0.0,Vegetation,7.11,0.0,50.77,42.12,0.0,0,0.0,Unknown,0,187.88,273.07,273.07,365.51,578.34
cell_00878,80.1025,13.1925,299644.8925521609,28.0,39.0,33.06,0.0,6.72,2.19,0.0,0.0,0.0,5471.23,9940.23,9332.16,0.0,0.0,Cropland,22.66,0.0,26.04,51.14,0.16,0,0.0,Unknown,0,187.88,273.07,273.07,365.51,578.34
cell_00879,80.1025,13.1975,299638.9146165831,24.0,39.0,30.98,0.0,6.89,2.16,0.0,0.0,0.0,5921.75,10487.8,9386.88,0.0,0.0,Cropland,24.11,0.0,29.78,45.82,0.29,0,0.0,Unknown,0,187.88,273.07,273.07,365.51,578.34
cell_00880,80.1025,13.2025,299632.93444710836,22.0,38.0,29.58,0.0,7.39,2.84,0.0,0.0,0.0,6388.4,11035.92,9473.34,0.0,0.0,Cropland,3.64,0.0,26.72,68.94,0.7,0,0.0,Unknown,0,187.88,273.07,273.07,365.51,578.34
cell_00881,80.1025,13.2075,299626.9520433682,24.0,39.0,29.44,0.0,9.8,2.62,0.0,0.0,0.0,6697.19,11584.49,9590.95,0.0,0.0,Vegetation,29.12,0.0,46.1,23.93,0.84,0,0.0,Unknown,0,187.88,273.07,273.07,365.51,578.34
cell_00882,80.1025,13.2125,299620.96740523324,23.0,40.0,29.7,0.0,8.3,3.02,0.0,0.0,0.0,6932.89,12133.47,9738.6,0.0,0.0,Cropland,4.66,0.0,38.49,55.68,1.18,0,0.0,Unknown,0,187.88,273.07,273.07,365.51,578.34
cell_00883,80.1025,13.2175,299614.9805329192,19.0,33.0,22.38,0.0,9.8,2.35,0.0,0.0,0.0,7203.41,12682.81,9914.93,0.0,0.0,Cropland,2.04,0.0,25.96,72.0,0.0,0,0.0,Unknown,0,187.88,273.07,273.07,365.51,578.34
cell_00884,80.1025,13.2225,299608.99142667424,17.0,30.0,22.4,0.0,8.83,2.64,0.0,0.0,0.0,7504.99,13232.44,10118.44,0.0,0.0,Cropland,4.55,0.0,46.27,49.19,0.0,0,0.0,Unknown,0,187.88,273.07,273.07,365.51,578.34
cell_00885,80.1025,13.2275,299603.0000862735,10.0,25.0,18.48,0.0,6.91,2.22,0.0,0.0,0.0,7834.05,13782.35,10347.54,0.0,0.0,Cropland,0.41,0.0,46.88,52.14,0.57,0,0.0,Unknown,0,187.88,273.07,273.07,365.51,578.34
cell_00886,80.1025,13.2325,299597.006511618,9.0,23.0,14.59,0.0,9.93,2.84,0.0,0.0,0.0,8187.27,14254.52,10600.57,0.0,0.0,Vegetation,1.12,0.0,72.45,22.61,3.83,0,0.0,Unknown,0,187.88,273.07,273.07,365.51,578.34
cell_00887,80.1025,13.2375,299591.0107031285,13.0,26.0,19.58,0.0,7.8,2.83,0.0,0.0,0.0,8561.67,14643.71,10875.85,0.0,0.0,Vegetation,14.22,0.0,32.14,26.23,27.4,0,0.0,Unknown,0,187.88,273.07,273.07,365.51,578.34
cell_00888,80.1025,13.2425,299585.012660643,14.0,26.0,19.77,0.0,11.31,2.66,0.0,0.0,0.0,8921.32,15043.17,11171.73,0.0,0.0,Cropland,2.07,0.0,10.78,85.55,1.59,0,0.0,Unknown,0,187.88,273.07,273.07,365.51,578.34
cell_00889,80.1025,13.2475,299579.0123840641,15.0,25.0,19.07,0.0,6.81,2.29,0.0,0.0,0.0,9298.53,15452.1,11486.64,0.0,0.0,Cropland,0.0,0.0,8.48,91.52,0.0,0,0.0,Unknown,0,187.88,273.07,273.07,365.51,578.34
cell_00890,80.1025,13.2525,299573.00987359125,0.0,0.0,0.0,0.0,0.0,0.0,0.0,0.0,0.0,9692.62,15869.76,11819.04,0.0,0.0,Unknown,0.0,0.0,0.0,0.0,0.0,0,0.0,Unknown,0,187.88,273.07,273.07,365.51,578.34
cell_00891,80.1075,12.8525,300045.3660290823,25.0,36.0,29.48,0.0,5.79,2.0,0.0,0.0,0.0,11738.23,10316.68,13821.34,0.0,0.0,Cropland,0.0,0.0,39.64,60.36,0.0,0,0.0,Unknown,0,187.88,273.07,273.07,365.51,578.34
cell_00892,80.1075,12.8575,300039.5401533623,25.0,35.0,28.7,0.0,6.03,1.73,0.0,0.0,0.0,11582.54,10196.87,13670.96,0.0,0.0,Cropland,13.18,0.0,23.05,63.77,0.0,0,0.0,Unknown,0,187.88,273.07,273.07,365.51,578.34
cell_00893,80.1075,12.8625,300033.7120412717,23.0,36.0,31.11,0.0,6.41,2.12,0.0,0.0,0.0,11098.36,10105.94,13259.23,0.0,0.0,Built-up,43.96,0.0,41.69,14.32,0.03,0,0.0,Unknown,0,187.88,273.07,273.07,365.51,578.34
cell_00894,80.1075,12.8675,300027.881692521,22.0,37.0,28.9,0.0,8.3,2.47,0.0,0.0,0.0,10545.37,10044.67,12858.12,0.0,0.0,Built-up,60.63,0.0,24.73,14.55,0.1,0,0.0,Unknown,0,187.88,273.07,273.07,365.51,578.34
cell_00895,80.1075,12.8725,300022.0491070906,23.0,38.0,29.39,0.0,6.19,2.23,0.0,0.0,0.0,9992.38,10013.61,12468.63,0.0,0.0,Built-up,44.64,0.42,40.75,13.73,0.45,0,0.0,Unknown,0,187.88,273.07,273.07,365.51,578.34
cell_00896,80.1075,12.8775,300016.2142851815,22.0,38.0,28.88,0.0,5.94,2.42,0.0,0.0,0.0,9439.39,10013.04,12091.88,0.0,0.0,Vegetation,30.29,0.42,56.88,12.34,0.06,0,0.0,Unknown,0,187.88,273.07,273.07,365.51,578.34
cell_00897,80.1075,12.8825,300010.3772267257,22.0,87.0,40.0,0.0,37.1,9.86,0.0,0.0,0.0,8886.4,10042.96,11729.12,0.0,0.0,Vegetation,14.84,11.5,71.77,1.06,0.83,0,0.0,Unknown,0,187.88,273.07,273.07,365.51,578.34
cell_00898,80.1075,12.8875,300004.53793217737,21.0,30.0,25.53,0.0,6.16,2.0,0.0,0.0,0.0,8333.41,10103.11,11381.67,0.0,0.0,Vegetation,19.45,7.18,53.38,19.45,0.55,0,0.0,Unknown,0,187.88,273.07,273.07,365.51,578.34
cell_00899,80.1075,12.8925,299998.696400774,22.0,36.0,28.21,0.0,8.3,2.62,0.0,0.0,0.0,7780.43,10192.95,11050.98,0.0,0.0,Vegetation,17.34,0.0,66.79,15.84,0.03,0,0.0,Unknown,0,187.88,273.07,273.07,365.51,578.34
cell_00900,80.1075,12.8975,299992.85263298475,24.0,59.0,33.16,0.0,15.55,3.05,0.0,0.0,0.0,7227.44,10311.7,10738.6,0.0,0.0,Built-up,58.84,0.0,40.96,0.2,0.0,0,0.0,Unknown,0,187.88,273.07,273.07,365.51,578.34
cell_00901,80.1075,12.9025,299987.0066290423,22.0,33.0,27.14,0.0,5.94,1.81,0.0,0.0,0.0,6674.45,10458.38,10446.17,0.0,0.0,Vegetation,7.18,0.0,92.73,0.1,0.0,0,0.0,Unknown,0,187.88,273.07,273.07,365.51,578.34
cell_00902,80.1075,12.9075,299981.15838850016,14.0,27.0,21.84,0.0,7.85,2.34,0.0,0.0,0.0,6121.46,10631.83,10175.41,0.0,0.0,Built-up,51.23,0.0,41.88,4.22,2.66,0,0.0,Unknown,0,187.88,273.07,273.07,365.51,578.34
cell_00903,80.1075,12.9125,299975.3079121591,18.0,30.0,23.94,0.0,10.16,2.25,0.0,0.0,0.0,5568.47,10830.76,9928.1,0.0,0.0,Built-up,74.15,0.0,14.02,11.14,0.69,0,0.0,Unknown,0,187.88,273.07,273.07,365.51,578.34
cell_00904,80.1075,12.9175,299969.45519906783,15.0,32.0,25.17,0.0,12.27,2.36,0.0,0.0,0.0,5015.49,10962.4,9706.02,0.0,0.0,Built-up,75.19,0.26,19.64,3.96,0.94,0,0.0,Unknown,0,187.88,273.07,273.07,365.51,578.34
cell_00905,80.1075,12.9225,299963.6002500749,5.0,34.0,25.17,0.0,18.16,3.68,0.0,0.0,0.0,4462.5,10498.28,9510.94,0.0,0.0,Built-up,58.08,0.0,20.29,20.97,0.65,0,0.0,Unknown,0,187.88,273.07,273.07,365.51,578.34
cell_00906,80.1075,12.9275,299957.74306474836,21.0,43.0,30.53,0.0,9.01,2.77,0.0,0.0,0.0,3909.52,10043.17,9195.74,0.0,0.0,Built-up,78.78,0.0,16.4,4.56,0.26,0,0.0,Unknown,0,187.88,273.07,273.07,365.51,578.34
cell_00907,80.1075,12.9325,299951.8836428642,22.0,126.0,55.12,0.0,34.51,11.78,0.0,0.0,0.0,3356.54,9598.35,8790.17,0.0,0.0,Vegetation,17.14,0.0,79.32,3.54,0.0,0,0.0,Unknown,0,187.88,273.07,273.07,365.51,578.34
cell_00908,80.1075,12.9375,299946.02198560146,24.0,115.0,59.96,0.0,31.73,12.79,0.0,0.0,0.0,2803.56,9165.3,8401.43,0.0,0.0,Vegetation,2.53,0.0,97.47,0.0,0.0,0,0.0,Unknown,0,187.88,273.07,273.07,365.51,578.34
cell_00909,80.1075,12.9425,299940.158092119,7.0,46.0,20.5,0.0,13.27,3.62,0.0,0.0,0.0,2250.59,8745.8,8031.97,0.0,0.0,Vegetation,18.81,0.0,77.82,3.24,0.13,0,0.0,Unknown,0,187.88,273.07,273.07,365.51,578.34
cell_00910,80.1075,12.9475,299934.2919621764,0.0,41.0,18.52,0.0,15.42,3.92,0.0,0.0,0.0,1697.64,8341.86,7684.58,0.0,0.0,Vegetation,27.47,0.36,69.06,2.44,0.68,0,0.0,Unknown,0,187.88,273.07,273.07,365.51,578.34
cell_00911,80.1075,12.9525,299928.4235962579,10.0,38.0,19.08,0.0,21.37,3.74,0.0,0.0,0.0,1144.72,7955.88,7362.37,0.0,0.0,Vegetation,12.14,7.69,72.31,0.88,6.98,0,0.0,Unknown,0,187.88,273.07,273.07,365.51,578.34
cell_00912,80.1075,12.9575,299922.5529949282,11.0,22.0,14.96,0.0,5.25,1.94,0.0,0.0,0.0,591.95,7590.58,7068.79,0.0,0.0,Vegetation,5.65,0.0,90.98,2.28,1.09,0,0.0,Unknown,0,187.88,273.07,273.07,365.51,578.34
cell_00913,80.1075,12.9625,299916.6801570933,9.0,19.0,13.59,0.0,7.39,2.28,0.0,0.0,0.0,39.87,7249.1,6807.55,0.0,0.0,Vegetation,7.99,0.0,76.92,13.99,1.1,0,0.0,Unknown,0,187.88,273.07,273.07,365.51,578.34
cell_00914,80.1075,12.9675,299910.8050834117,9.0,17.0,13.49,0.0,5.25,1.66,0.0,0.0,0.0,288.37,6934.95,6582.5,0.0,0.0,Vegetation,27.76,0.0,59.45,12.31,0.49,0,0.0,Unknown,0,187.88,273.07,273.07,365.51,578.34
cell_00915,80.1075,12.9725,299904.9277741945,12.0,21.0,15.13,0.0,5.94,2.05,0.0,0.0,0.0,760.35,6652.0,6207.14,0.0,0.0,Vegetation,15.47,0.0,64.4,19.64,0.5,0,0.0,Unknown,0,187.88,273.07,273.07,365.51,578.34
cell_00916,80.1075,12.9775,299899.04822871205,10.0,22.0,17.01,0.0,8.23,2.33,0.0,0.0,0.0,1040.73,6404.41,5770.25,0.0,0.0,Vegetation,36.43,0.0,38.25,25.26,0.06,0,0.0,Unknown,0,187.88,273.07,273.07,365.51,578.34
cell_00917,80.1075,12.9825,299893.16644770175,13.0,25.0,16.54,0.0,7.84,2.07,0.0,0.0,0.0,1113.39,6196.4,5354.86,0.0,0.0,Vegetation,3.54,0.0,54.68,41.72,0.06,0,0.0,Unknown,0,187.88,273.07,273.07,365.51,578.34
cell_00918,80.1075,12.9875,299887.2824307483,13.0,22.0,15.75,0.0,6.41,2.08,0.0,0.0,0.0,1244.46,6032.07,4966.38,0.0,0.0,Built-up,53.32,0.0,34.48,12.0,0.2,0,0.0,Unknown,0,187.88,273.07,273.07,365.51,578.34
cell_00919,80.1075,12.9925,299881.39617840026,12.0,21.0,15.81,0.0,5.71,1.87,0.0,0.0,0.0,1445.82,5915.06,4611.61,0.0,0.0,Built-up,67.73,0.0,17.24,14.71,0.32,0,0.0,Unknown,0,187.88,273.07,273.07,365.51,578.34
cell_00920,80.1075,12.9975,299875.5076898639,12.0,21.0,15.94,0.0,5.25,2.22,0.0,0.0,0.0,1794.12,5848.21,4298.91,0.0,0.0,Vegetation,31.95,0.0,60.84,6.92,0.29,0,0.0,Unknown,0,187.88,273.07,273.07,365.51,578.34
cell_00921,80.1075,13.0025,299869.6169660186,12.0,25.0,16.85,0.0,8.8,2.59,0.0,0.0,0.0,2219.75,5833.25,4038.05,0.0,0.0,Vegetation,18.21,0.0,57.62,24.17,0.0,0,0.0,Unknown,0,187.88,273.07,273.07,365.51,578.34
cell_00922,80.1075,13.0075,299863.7240064666,11.0,21.0,15.97,0.0,5.94,1.85,0.0,0.0,0.0,2692.07,5870.58,3839.61,0.0,0.0,Built-up,45.42,0.0,38.73,12.73,3.12,0,0.0,Unknown,0,187.88,273.07,273.07,365.51,578.34
cell_00923,80.1075,13.0125,299857.82881107583,12.0,20.0,16.17,0.0,5.66,1.98,0.0,0.0,0.0,3185.79,5831.04,3713.63,0.0,0.0,Built-up,51.01,0.0,26.3,20.45,2.24,0,0.0,Unknown,0,187.88,273.07,273.07,365.51,578.34
cell_00924,80.1075,13.0175,299851.9313805687,12.0,25.0,17.33,0.0,7.84,1.95,0.0,0.0,0.0,3627.63,5283.53,3667.57,0.0,0.0,Built-up,52.83,0.0,24.13,21.09,1.95,0,0.0,Unknown,0,187.88,273.07,273.07,365.51,578.34
cell_00925,80.1075,13.0225,299846.0317141985,10.0,24.0,18.54,0.0,8.3,2.5,0.0,0.0,0.0,4094.15,4737.29,3628.14,0.0,0.0,Vegetation,21.23,0.0,53.25,24.97,0.55,0,0.0,Unknown,0,187.88,273.07,273.07,365.51,578.34
cell_00926,80.1075,13.0275,299840.1298122287,15.0,26.0,21.19,0.0,5.79,2.09,0.0,0.0,0.0,4099.96,4192.83,3645.52,0.0,0.0,Built-up,71.95,0.0,19.84,8.15,0.06,0,0.0,Unknown,0,187.88,273.07,273.07,365.51,578.34
cell_00927,80.1075,13.0325,299834.2256751145,16.0,27.0,20.68,0.0,8.23,2.59,0.0,0.0,0.0,3869.16,3650.93,3745.38,0.0,0.0,Built-up,84.79,0.0,14.48,0.53,0.2,0,0.0,Unknown,0,187.88,273.07,273.07,365.51,578.34
cell_00928,80.1075,13.0375,299828.3193026456,16.0,26.0,19.8,0.0,6.93,2.31,0.0,0.0,0.0,3707.13,3112.94,3921.41,0.0,0.0,Built-up,79.09,0.0,16.85,3.93,0.13,0,0.0,Unknown,0,187.88,273.07,273.07,365.51,578.34
cell_00929,80.1075,13.0425,299822.4106943596,15.0,28.0,21.0,0.0,8.23,2.34,0.0,0.0,0.0,3623.09,2581.29,4163.98,0.0,0.0,Built-up,71.1,0.0,21.66,6.95,0.29,0,0.0,Unknown,0,187.88,273.07,273.07,365.51,578.34
cell_00930,80.1075,13.0475,299816.49985108885,19.0,33.0,24.36,0.0,8.95,2.64,0.0,0.0,0.0,3622.48,2060.92,4462.23,0.0,0.0,Built-up,52.83,0.0,44.2,2.21,0.76,0,0.0,Unknown,0,187.88,273.07,273.07,365.51,578.34
cell_00931,80.1075,13.0525,299810.58677243395,15.0,29.0,21.23,0.0,9.1,2.68,0.0,0.0,0.0,3696.54,1563.1,4805.83,0.0,0.0,Built-up,68.25,0.0,26.82,4.71,0.23,0,0.0,Unknown,0,187.88,273.07,273.07,365.51,578.34
cell_00932,80.1075,13.0575,299804.6714581854,15.0,28.0,20.32,0.0,9.0,2.95,0.0,0.0,0.0,3799.75,1104.42,5185.75,0.0,0.0,Built-up,66.98,0.0,26.62,6.4,0.0,0,0.0,Unknown,0,187.88,273.07,273.07,365.51,578.34
cell_00933,80.1075,13.0625,299798.75390927086,9.0,27.0,18.53,0.0,11.6,3.11,0.0,0.0,0.0,3977.87,766.41,5594.61,0.0,0.0,Built-up,79.47,0.0,12.13,8.33,0.07,0,0.0,Unknown,0,187.88,273.07,273.07,365.51,578.34
cell_00934,80.1075,13.0675,299792.8341245806,12.0,23.0,18.44,0.0,6.93,2.11,0.0,0.0,0.0,4124.29,657.91,5949.12,0.0,0.0,Cropland,1.56,0.0,19.84,78.31,0.29,0,0.0,Unknown,0,187.88,273.07,273.07,365.51,578.34
cell_00935,80.1075,13.0725,299786.91210491495,16.0,27.0,20.37,0.0,6.98,2.06,0.0,0.0,0.0,4230.42,596.65,5723.95,0.0,0.0,Vegetation,3.08,0.0,67.05,29.64,0.23,0,0.0,Unknown,0,187.88,273.07,273.07,365.51,578.34
cell_00936,80.1075,13.0775,299780.9878503495,15.0,27.0,21.41,0.0,7.8,2.71,0.0,0.0,0.0,4403.95,474.48,5407.17,0.0,0.0,Vegetation,10.84,0.0,81.22,7.87,0.07,0,0.0,Unknown,0,187.88,273.07,273.07,365.51,578.34
cell_00937,80.1075,13.0825,299775.0613603581,14.0,30.0,22.28,0.0,11.48,3.03,0.0,0.0,0.0,4086.57,233.87,5130.6,353.84,0.00118,Vegetation,16.98,0.06,70.65,8.67,3.64,0,0.0,Unknown,0,187.88,273.07,273.07,365.51,578.34
cell_00938,80.1075,13.0875,299769.1326352988,17.0,30.0,22.29,0.0,8.02,3.14,0.0,0.0,0.0,3725.61,241.21,4901.03,362.63,0.00121,Vegetation,44.66,0.0,49.49,4.0,1.85,0,0.0,Unknown,0,187.88,273.07,273.07,365.51,578.34
cell_00939,80.1075,13.0925,299763.20167537354,16.0,29.0,21.34,0.0,8.3,2.93,0.0,0.0,0.0,3416.41,567.21,4701.02,0.0,0.0,Built-up,56.1,0.0,28.9,11.56,3.44,0,0.0,Unknown,0,187.88,273.07,273.07,365.51,578.34
cell_00940,80.1075,13.0975,299757.2684804202,18.0,30.0,23.85,0.0,6.51,2.39,0.0,0.0,0.0,3174.14,834.38,4520.47,0.0,0.0,Built-up,78.12,0.0,13.6,7.99,0.29,0,0.0,Unknown,0,187.88,273.07,273.07,365.51,578.34
cell_00941,80.1075,13.1025,299751.3330504343,18.0,30.0,23.38,0.0,8.87,2.48,0.0,0.0,0.0,3014.97,1183.73,4402.42,0.0,0.0,Built-up,62.98,1.92,26.78,7.31,1.02,0,0.0,Unknown,0,187.88,273.07,273.07,365.51,578.34
cell_00942,80.1075,13.1075,299745.39538553683,16.0,28.0,21.54,0.0,7.39,1.57,0.0,0.0,0.0,2952.39,1539.97,4351.96,0.0,0.0,Vegetation,32.66,18.54,41.4,5.16,2.24,0,0.0,Unknown,0,187.88,273.07,273.07,365.51,578.34
cell_00943,80.1075,13.1125,299739.4554857712,20.0,34.0,26.12,0.0,6.72,2.33,0.0,0.0,0.0,2989.15,1920.89,4371.43,0.0,0.0,Built-up,88.93,0.0,9.29,0.71,1.07,0,0.0,Unknown,0,187.88,273.07,273.07,365.51,578.34
cell_00944,80.1075,13.1175,299733.51335113344,24.0,35.0,28.67,0.0,6.03,2.31,0.0,0.0,0.0,3077.59,2327.2,4459.92,0.0,0.0,Built-up,57.62,0.0,39.31,1.62,1.45,0,0.0,Unknown,0,187.88,273.07,273.07,365.51,578.34
cell_00945,80.1075,13.1225,299727.56898152473,26.0,42.0,34.43,0.0,7.66,2.63,0.0,0.0,0.0,3254.27,2770.32,4613.46,0.0,0.0,Vegetation,11.3,0.0,87.4,1.3,0.0,0,0.0,Unknown,0,187.88,273.07,273.07,365.51,578.34
cell_00946,80.1075,13.1275,299721.6223773827,31.0,43.0,37.89,0.0,9.1,2.69,0.0,0.0,0.0,3510.07,3242.34,4825.84,0.0,0.0,Vegetation,5.84,0.0,91.23,2.89,0.03,0,0.0,Unknown,0,187.88,273.07,273.07,365.51,578.34
cell_00947,80.1075,13.1325,299715.673538102,29.0,41.0,35.38,0.0,7.53,2.96,0.0,0.0,0.0,3360.38,3721.29,5089.7,0.0,0.0,Vegetation,6.41,0.0,85.98,7.6,0.0,0,0.0,Unknown,0,187.88,273.07,273.07,365.51,578.34
cell_00948,80.1075,13.1375,299709.722464657,26.0,37.0,31.68,0.0,7.8,2.37,0.0,0.0,0.0,3056.87,4209.52,5397.5,0.0,0.0,Vegetation,46.95,0.1,50.19,2.76,0.0,0,0.0,Unknown,0,187.88,273.07,273.07,365.51,578.34
cell_00949,80.1075,13.1425,299703.7691560818,24.0,35.0,28.37,0.0,8.87,2.9,0.0,0.0,0.0,2829.9,4711.94,5742.17,0.0,0.0,Built-up,72.89,0.0,23.44,3.67,0.0,0,0.0,Unknown,0,187.88,273.07,273.07,365.51,578.34
cell_00950,80.1075,13.1475,299697.8136130338,18.0,32.0,23.04,0.0,9.93,2.57,0.0,0.0,0.0,2698.86,5224.6,6117.49,0.0,0.0,Cropland,27.54,0.0,34.68,37.42,0.36,0,0.0,Unknown,0,187.88,273.07,273.07,365.51,578.34
cell_00951,80.1075,13.1525,299691.8558353191,16.0,28.0,19.43,0.0,8.02,2.46,0.0,0.0,0.0,2677.87,5744.74,6518.16,0.0,0.0,Cropland,10.88,0.0,16.53,71.56,1.04,0,0.0,Unknown,0,187.88,273.07,273.07,365.51,578.34
cell_00952,80.1075,13.1575,299685.89582306135,17.0,31.0,21.74,0.0,7.85,2.09,0.0,0.0,0.0,2769.42,6270.51,6939.8,0.0,0.0,Cropland,15.71,0.0,24.16,60.1,0.03,0,0.0,Unknown,0,187.88,273.07,273.07,365.51,578.34
cell_00953,80.1075,13.1625,299679.9335761279,19.0,37.0,23.5,0.0,17.12,1.77,0.0,0.0,0.0,2949.43,6800.6,7378.81,0.0,0.0,Vegetation,0.66,17.19,71.6,10.48,0.07,0,0.0,Unknown,0,187.88,273.07,273.07,365.51,578.34
cell_00954,80.1075,13.1675,299673.9690948143,14.0,30.0,23.91,0.0,13.11,3.87,0.0,0.0,0.0,3187.83,7334.08,7832.27,0.0,0.0,Cropland,2.14,0.0,16.01,81.75,0.1,0,0.0,Unknown,0,187.88,273.07,273.07,365.51,578.34
cell_00955,80.1075,13.1725,299668.0023789905,21.0,33.0,27.65,0.0,8.02,2.72,0.0,0.0,0.0,3498.15,7870.25,8297.82,0.0,0.0,Cropland,1.75,0.0,19.35,78.9,0.0,0,0.0,Unknown,0,187.88,273.07,273.07,365.51,578.34
cell_00956,80.1075,13.1775,299662.0334287006,24.0,39.0,31.84,0.0,9.2,2.8,0.0,0.0,0.0,3863.09,8408.6,8773.52,0.0,0.0,Cropland,2.81,0.0,26.08,71.01,0.1,0,0.0,Unknown,0,187.88,273.07,273.07,365.51,578.34
cell_00957,80.1075,13.1825,299656.0622440337,31.0,46.0,38.73,0.0,10.78,2.75,0.0,0.0,0.0,4268.66,8948.74,8771.33,0.0,0.0,Cropland,13.7,0.0,40.06,46.23,0.0,0,0.0,Unknown,0,187.88,273.07,273.07,365.51,578.34
cell_00958,80.1075,13.1875,299650.0888250797,33.0,45.0,40.11,0.0,5.94,2.28,0.0,0.0,0.0,4704.37,9490.34,8764.25,0.0,0.0,Vegetation,14.09,0.0,65.45,19.22,1.23,0,0.0,Unknown,0,187.88,273.07,273.07,365.51,578.34
cell_00959,80.1075,13.1925,299644.113171772,27.0,45.0,35.89,0.0,5.59,2.16,0.0,0.0,0.0,5162.59,10032.4,8791.91,0.0,0.0,Vegetation,2.84,0.0,78.64,18.35,0.17,0,0.0,Unknown,0,187.88,273.07,273.07,365.51,578.34
cell_00960,80.1075,13.1975,299638.135283885,23.0,38.0,29.55,0.0,5.46,1.87,0.0,0.0,0.0,5637.84,10575.2,8849.74,0.0,0.0,Cropland,3.41,0.0,22.79,73.57,0.23,0,0.0,Unknown,0,187.88,273.07,273.07,365.51,578.34
cell_00961,80.1075,13.2025,299632.1551620761,14.0,32.0,25.77,0.0,14.55,2.95,0.0,0.0,0.0,5988.07,11119.0,8941.41,0.0,0.0,Cropland,0.36,12.82,36.17,50.65,0.0,0,0.0,Unknown,0,187.88,273.07,273.07,365.51,578.34
cell_00962,80.1075,13.2075,299626.17280599574,17.0,36.0,28.59,0.0,13.53,2.7,0.0,0.0,0.0,6202.49,11663.67,9065.94,0.0,0.0,Vegetation,16.4,12.33,61.85,7.64,1.79,0,0.0,Unknown,0,187.88,273.07,273.07,365.51,578.34
cell_00963,80.1075,13.2125,299620.1882155754,19.0,35.0,27.44,0.0,6.93,2.45,0.0,0.0,0.0,6456.28,12209.09,9222.0,0.0,0.0,Vegetation,20.26,0.0,41.14,38.47,0.13,0,0.0,Unknown,0,187.88,273.07,273.07,365.51,578.34
cell_00964,80.1075,13.2175,299614.20139109396,17.0,26.0,20.96,0.0,6.72,2.17,0.0,0.0,0.0,6745.95,12739.41,9408.03,0.0,0.0,Cropland,0.03,0.0,25.03,74.94,0.0,0,0.0,Unknown,0,187.88,273.07,273.07,365.51,578.34
cell_00965,80.1075,13.2225,299608.2123324848,16.0,29.0,21.21,0.0,7.8,2.34,0.0,0.0,0.0,7067.09,13103.63,9622.28,0.0,0.0,Cropland,1.52,0.0,20.3,78.15,0.03,0,0.0,Unknown,0,187.88,273.07,273.07,365.51,578.34
cell_00966,80.1075,13.2275,299602.2210398538,16.0,27.0,20.91,0.0,8.3,2.58,0.0,0.0,0.0,7415.61,13480.69,9862.92,0.0,0.0,Cropland,15.91,0.0,31.59,47.89,4.61,0,0.0,Unknown,0,187.88,273.07,273.07,365.51,578.34
cell_00967,80.1075,13.2325,299596.2275129754,8.0,23.0,15.29,0.0,10.56,3.25,0.0,0.0,0.0,7787.84,13869.56,10128.07,0.0,0.0,Vegetation,4.51,0.0,49.58,20.36,25.55,0,0.0,Unknown,0,187.88,273.07,273.07,365.51,578.34
cell_00968,80.1075,13.2375,299590.2317521923,14.0,28.0,20.18,0.0,10.4,2.95,0.0,0.0,0.0,8149.1,14269.27,10415.85,0.0,0.0,Cropland,10.58,0.0,31.97,43.64,13.82,0,0.0,Unknown,0,187.88,273.07,273.07,365.51,578.34
cell_00969,80.1075,13.2425,299584.2337575168,14.0,22.0,19.26,0.0,6.15,2.03,0.0,0.0,0.0,8524.61,14678.93,10724.45,0.0,0.0,Cropland,2.05,0.0,25.45,70.1,2.4,0,0.0,Unknown,0,187.88,273.07,273.07,365.51,578.34
cell_00970,80.1075,13.2475,299578.2335287857,15.0,25.0,19.49,0.0,7.09,2.31,0.0,0.0,0.0,8918.62,15097.73,11052.11,0.0,0.0,Cropland,0.0,0.0,1.33,98.67,0.0,0,0.0,Unknown,0,187.88,273.07,273.07,365.51,578.34
cell_00971,80.1075,13.2525,299572.23106602696,0.0,0.0,0.0,0.0,0.0,0.0,0.0,0.0,0.0,9328.78,15524.94,11397.2,0.0,0.0,Unknown,0.0,0.0,0.0,0.0,0.0,0,0.0,Unknown,0,187.88,273.07,273.07,365.51,578.34
cell_00972,80.1125,12.8525,300044.58782188245,24.0,36.0,28.75,0.0,5.86,2.18,0.0,0.0,0.0,11197.23,9791.13,13278.77,0.0,0.0,Vegetation,2.34,3.18,46.62,40.97,6.88,0,0.0,Unknown,0,187.88,273.07,273.07,365.51,578.34
cell_00973,80.1125,12.8575,300038.761992556,22.0,34.0,26.65,0.0,8.8,2.44,0.0,0.0,0.0,11118.65,9664.81,13285.91,0.0,0.0,Cropland,0.0,0.0,38.17,61.83,0.0,0,0.0,Unknown,0,187.88,273.07,273.07,365.51,578.34
cell_00974,80.1125,12.8625,300032.9339266773,20.0,31.0,24.74,0.0,8.52,2.47,0.0,0.0,0.0,10836.11,9568.84,12897.65,0.0,0.0,Vegetation,5.33,0.0,52.26,42.41,0.0,0,0.0,Unknown,0,187.88,273.07,273.07,365.51,578.34
cell_00975,80.1125,12.8675,300027.10362438334,16.0,32.0,23.8,0.0,7.53,2.99,0.0,0.0,0.0,10560.5,9504.12,12484.93,0.0,0.0,Built-up,45.42,0.0,22.89,31.46,0.23,0,0.0,Unknown,0,187.88,273.07,273.07,365.51,578.34
cell_00976,80.1125,12.8725,300021.271085165,20.0,30.0,23.5,0.0,6.16,1.78,0.0,0.0,0.0,10008.35,9471.3,12083.42,0.0,0.0,Vegetation,9.69,0.0,57.84,30.71,1.75,0,0.0,Unknown,0,187.88,273.07,273.07,365.51,578.34
cell_00977,80.1125,12.8775,300015.4363096969,20.0,33.0,24.51,0.0,5.66,1.95,0.0,0.0,0.0,9456.29,9470.71,11694.28,0.0,0.0,Built-up,44.45,0.0,27.42,27.3,0.83,0,0.0,Unknown,0,187.88,273.07,273.07,365.51,578.34
cell_00978,80.1125,12.8825,300009.59929769015,21.0,34.0,27.31,0.0,8.75,2.08,0.0,0.0,0.0,8904.34,9502.35,11318.79,0.0,0.0,Built-up,51.14,0.06,33.44,15.23,0.13,0,0.0,Unknown,0,187.88,273.07,273.07,365.51,578.34
cell_00979,80.1125,12.8875,300003.76004953514,20.0,30.0,23.84,0.0,5.59,1.9,0.0,0.0,0.0,8352.46,9565.91,10958.35,0.0,0.0,Vegetation,11.77,0.0,44.87,42.25,1.12,0,0.0,Unknown,0,187.88,273.07,273.07,365.51,578.34
cell_00980,80.1125,12.8925,299997.91856445384,20.0,30.0,23.39,0.0,5.79,1.86,0.0,0.0,0.0,7800.73,9660.76,10614.49,0.0,0.0,Built-up,51.88,0.0,17.89,28.64,1.59,0,0.0,Unknown,0,187.88,273.07,273.07,365.51,578.34
cell_00981,80.1125,12.8975,299992.07484302676,22.0,33.0,26.86,0.0,7.59,2.43,0.0,0.0,0.0,7249.2,9785.98,10288.87,0.0,0.0,Vegetation,39.35,1.01,52.6,4.71,2.34,0,0.0,Unknown,0,187.88,273.07,273.07,365.51,578.34
cell_00982,80.1125,12.9025,299986.2288857225,23.0,34.0,28.76,0.0,5.15,2.08,0.0,0.0,0.0,6697.91,9940.42,9983.29,0.0,0.0,Vegetation,21.4,0.0,77.36,1.02,0.22,0,0.0,Unknown,0,187.88,273.07,273.07,365.51,578.34
cell_00983,80.1125,12.9075,299980.3806917001,15.0,30.0,23.75,0.0,9.51,2.79,0.0,0.0,0.0,6146.92,10122.76,9699.63,0.0,0.0,Vegetation,18.24,0.0,63.3,18.24,0.22,0,0.0,Unknown,0,187.88,273.07,273.07,365.51,578.34
cell_00984,80.1125,12.9125,299974.53026166605,11.0,33.0,24.11,0.0,21.38,3.35,0.0,0.0,0.0,5596.33,10331.51,9439.87,0.0,0.0,Vegetation,23.64,0.03,49.9,25.97,0.45,0,0.0,Unknown,0,187.88,273.07,273.07,365.51,578.34
cell_00985,80.1125,12.9175,299968.67759511096,16.0,33.0,27.67,0.0,11.51,2.78,0.0,0.0,0.0,5046.26,10565.11,9206.03,0.0,0.0,Built-up,71.52,0.35,15.02,13.07,0.03,0,0.0,Unknown,0,187.88,273.07,273.07,365.51,578.34
cell_00986,80.1125,12.9225,299962.8226926138,25.0,35.0,29.7,0.0,6.81,2.39,0.0,0.0,0.0,4496.91,10206.91,9000.13,0.0,0.0,Built-up,66.9,0.0,28.92,3.99,0.19,0,0.0,Unknown,0,187.88,273.07,273.07,365.51,578.34
cell_00987,80.1125,12.9275,299956.9655538552,26.0,40.0,34.2,0.0,6.98,2.37,0.0,0.0,0.0,3948.57,9738.2,8824.14,0.0,0.0,Built-up,85.94,0.0,12.01,1.4,0.65,0,0.0,Unknown,0,187.88,273.07,273.07,365.51,578.34
cell_00988,80.1125,12.9325,299951.106178578,24.0,50.0,32.29,0.0,19.36,2.86,0.0,0.0,0.0,3401.74,9278.77,8422.15,0.0,0.0,Vegetation,30.23,0.0,68.94,0.45,0.38,0,0.0,Unknown,0,187.88,273.07,273.07,365.51,578.34
cell_00989,80.1125,12.9375,299945.24456774036,22.0,52.0,30.01,0.0,11.7,2.85,0.0,0.0,0.0,2857.29,8830.07,8015.59,0.0,0.0,Built-up,73.92,0.0,22.83,2.1,1.15,0,0.0,Unknown,0,187.88,273.07,273.07,365.51,578.34
cell_00990,80.1125,12.9425,299939.38072094484,21.0,67.0,35.46,0.0,23.45,7.62,0.0,0.0,0.0,2316.88,8393.84,7627.47,0.0,0.0,Vegetation,18.12,0.0,69.45,11.79,0.65,0,0.0,Unknown,0,187.88,273.07,273.07,365.51,578.34
cell_00991,80.1125,12.9475,299933.51463752275,21.0,83.0,44.34,0.95,29.73,12.31,0.0,0.0,0.0,1784.2,7972.1,7260.76,0.0,0.0,Vegetation,4.11,0.0,95.54,0.32,0.03,0,0.0,Unknown,0,187.88,273.07,273.07,365.51,578.34
cell_00992,80.1125,12.9525,299927.64631841646,-4.0,71.0,27.05,0.0,25.86,6.98,0.0,0.0,0.0,1269.01,7567.28,6918.85,0.0,0.0,Vegetation,14.25,17.89,57.78,0.06,10.01,0,0.0,Unknown,0,187.88,273.07,273.07,365.51,578.34
cell_00993,80.1125,12.9575,299921.7757634486,5.0,24.0,16.48,0.0,13.67,3.02,0.0,0.0,0.0,805.63,7182.26,6605.6,0.0,0.0,Vegetation,17.24,0.0,72.95,2.37,7.44,0,0.0,Unknown,0,187.88,273.07,273.07,365.51,578.34
cell_00994,80.1125,12.9625,299915.902972363,11.0,52.0,19.13,0.0,19.23,3.69,0.0,0.0,0.0,401.54,6820.37,6325.27,0.0,0.0,Vegetation,26.12,2.52,68.69,2.61,0.06,0,0.0,Unknown,0,187.88,273.07,273.07,365.51,578.34
cell_00995,80.1125,12.9675,299910.02794539137,10.0,31.0,13.71,0.0,11.08,2.22,0.0,0.0,0.0,3.63,6485.5,6082.41,0.0,0.0,Vegetation,6.51,0.0,82.05,11.45,0.0,0,0.0,Unknown,0,187.88,273.07,273.07,365.51,578.34
cell_00996,80.1125,12.9725,299904.1506827977,11.0,21.0,14.97,0.0,6.98,2.1,0.0,0.0,0.0,349.58,6182.03,5871.65,0.0,0.0,Vegetation,0.0,0.0,75.94,24.06,0.0,0,0.0,Unknown,0,187.88,273.07,273.07,365.51,578.34
cell_00997,80.1125,12.9775,299898.27118400997,10.0,20.0,15.34,0.0,8.29,2.32,0.0,0.0,0.0,518.79,5914.8,5441.69,0.0,0.0,Vegetation,2.36,0.0,63.68,33.93,0.03,0,0.0,Unknown,0,187.88,273.07,273.07,365.51,578.34
cell_00998,80.1125,12.9825,299892.3894497486,11.0,19.0,14.76,0.0,4.35,1.75,0.0,0.0,0.0,576.11,5688.93,4999.08,0.0,0.0,Vegetation,7.24,0.0,52.3,40.37,0.1,0,0.0,Unknown,0,187.88,273.07,273.07,365.51,578.34
cell_00999,80.1125,12.9875,299886.5054796153,9.0,19.0,14.46,0.0,6.72,2.05,0.0,0.0,0.0,717.71,5509.49,4580.54,0.0,0.0,Built-up,38.08,0.0,32.6,26.82,2.5,0,0.0,Unknown,0,187.88,273.07,273.07,365.51,578.34
cell_01000,80.1125,12.9925,299880.6192737959,11.0,20.0,15.26,0.0,6.41,2.23,0.0,0.0,0.0,1019.68,5381.14,4193.26,0.0,0.0,Built-up,52.71,0.0,44.16,3.0,0.13,0,0.0,Unknown,0,187.88,273.07,273.07,365.51,578.34
cell_01001,80.1125,12.9975,299874.7308321283,13.0,25.0,18.25,0.0,9.01,2.75,0.0,0.0,0.0,1461.7,5307.59,3846.7,0.0,0.0,Vegetation,28.54,0.0,62.4,8.99,0.06,0,0.0,Unknown,0,187.88,273.07,273.07,365.51,578.34
cell_01002,80.1125,13.0025,299868.8401550647,11.0,25.0,16.68,0.0,6.91,2.67,0.0,0.0,0.0,1958.57,5291.11,3552.8,0.0,0.0,Built-up,62.63,0.0,26.33,10.75,0.29,0,0.0,Unknown,0,187.88,273.07,273.07,365.51,578.34
cell_01003,80.1125,13.0075,299862.9472422061,9.0,21.0,15.39,0.0,7.53,2.4,0.0,0.0,0.0,2415.42,5332.25,3325.55,0.0,0.0,Built-up,55.61,0.0,30.04,12.91,1.43,0,0.0,Unknown,0,187.88,273.07,273.07,365.51,578.34
cell_01004,80.1125,13.0125,299857.052093738,12.0,22.0,17.37,0.0,6.19,2.16,0.0,0.0,0.0,2867.16,5429.68,3179.27,0.0,0.0,Built-up,74.78,0.0,13.74,10.78,0.7,0,0.0,Unknown,0,187.88,273.07,273.07,365.51,578.34
cell_01005,80.1125,13.0175,299851.1547098308,12.0,21.0,16.76,0.0,6.19,1.96,0.0,0.0,0.0,3348.33,5231.05,3125.36,0.0,0.0,Built-up,55.78,0.0,17.69,25.39,1.14,0,0.0,Unknown,0,187.88,273.07,273.07,365.51,578.34
cell_01006,80.1125,13.0225,299845.2550904317,13.0,23.0,18.65,0.0,5.79,2.06,0.0,0.0,0.0,3848.85,4678.69,3086.56,0.0,0.0,Vegetation,36.7,0.0,40.78,22.13,0.38,0,0.0,Unknown,0,187.88,273.07,273.07,365.51,578.34
cell_01007,80.1125,13.0275,299839.3532353471,15.0,25.0,19.46,0.0,6.16,1.94,0.0,0.0,0.0,3631.32,4126.51,3106.98,0.0,0.0,Built-up,61.19,0.0,25.51,7.81,5.48,0,0.0,Unknown,0,187.88,273.07,273.07,365.51,578.34
cell_01008,80.1125,13.0325,299833.44914499845,15.0,27.0,19.48,0.0,6.41,2.21,0.0,0.0,0.0,3368.58,3574.57,3223.57,0.0,0.0,Built-up,53.73,0.0,26.59,18.86,0.81,0,0.0,Unknown,0,187.88,273.07,273.07,365.51,578.34
cell_01009,80.1125,13.0375,299827.54281946016,15.0,26.0,19.61,0.0,7.09,2.47,0.0,0.0,0.0,3181.16,3023.02,3426.53,0.0,0.0,Built-up,77.74,0.0,17.7,3.54,1.02,0,0.0,Unknown,0,187.88,273.07,273.07,365.51,578.34
cell_01010,80.1125,13.0425,299821.6342580506,16.0,29.0,22.14,0.0,8.52,2.59,0.0,0.0,0.0,3082.82,2472.12,3701.68,0.0,0.0,Built-up,81.31,0.0,15.72,2.01,0.96,0,0.0,Unknown,0,187.88,273.07,273.07,365.51,578.34
cell_01011,80.1125,13.0475,299815.72346161713,16.0,28.0,21.88,0.0,6.91,2.35,0.0,0.0,0.0,3082.12,1922.42,4034.27,0.0,0.0,Built-up,87.92,0.0,8.54,2.27,1.27,0,0.0,Unknown,0,187.88,273.07,273.07,365.51,578.34
cell_01012,80.1125,13.0525,299809.810429981,16.0,26.0,21.38,0.0,5.71,2.06,0.0,0.0,0.0,3158.55,1375.37,4411.33,0.0,0.0,Built-up,87.63,0.0,10.87,0.7,0.8,0,0.0,Unknown,0,187.88,273.07,273.07,365.51,578.34
cell_01013,80.1125,13.0575,299803.8951628062,16.0,25.0,20.42,0.0,4.98,2.02,0.0,0.0,0.0,3278.76,836.17,4822.44,0.0,0.0,Built-up,84.12,0.0,13.65,1.79,0.45,0,0.0,Unknown,0,187.88,273.07,273.07,365.51,578.34
cell_01014,80.1125,13.0625,299797.97766053135,14.0,25.0,19.75,0.0,7.39,2.3,0.0,0.0,0.0,3483.63,337.17,5186.96,85.52,0.000285,Built-up,77.6,0.0,20.49,1.07,0.84,0,0.0,Unknown,0,187.88,273.07,273.07,365.51,578.34
cell_01015,80.1125,13.0675,299792.057923089,13.0,26.0,17.8,0.0,9.2,2.53,0.0,0.0,0.0,3587.25,123.36,5520.01,581.73,0.00194,Built-up,40.5,0.0,30.93,28.32,0.26,0,0.0,Unknown,0,187.88,273.07,273.07,365.51,578.34
cell_01016,80.1125,13.0725,299786.1359503477,14.0,27.0,19.35,0.0,9.89,2.92,0.0,0.0,0.0,3708.79,72.03,5302.59,576.28,0.001922,Vegetation,36.64,0.0,43.49,19.77,0.1,0,0.0,Unknown,0,187.88,273.07,273.07,365.51,578.34
cell_01017,80.1125,13.0775,299780.2117427134,12.0,28.0,20.04,0.0,11.75,3.13,0.0,0.0,0.0,3905.57,55.78,4958.97,577.54,0.001927,Built-up,57.6,0.0,37.27,4.42,0.71,0,0.0,Unknown,0,187.88,273.07,273.07,365.51,578.34
cell_01018,80.1125,13.0825,299774.28529983497,13.0,28.0,21.62,0.0,8.02,2.56,0.0,0.0,0.0,3667.95,219.37,4655.86,350.58,0.001169,Vegetation,40.08,0.0,48.98,5.39,5.55,0,0.0,Unknown,0,187.88,273.07,273.07,365.51,578.34
cell_01019,80.1125,13.0875,299768.35662180354,16.0,29.0,21.31,0.0,8.29,2.96,0.0,0.0,0.0,3312.67,539.11,4401.62,0.0,0.0,Vegetation,26.53,0.0,45.97,21.23,6.27,0,0.0,Unknown,0,187.88,273.07,273.07,365.51,578.34
cell_01020,80.1125,13.0925,299762.4257088821,16.0,26.0,19.65,0.0,5.66,2.17,0.0,0.0,0.0,2960.67,984.08,4204.43,0.0,0.0,Built-up,40.08,0.0,26.85,31.98,1.08,0,0.0,Unknown,0,187.88,273.07,273.07,365.51,578.34
cell_01021,80.1125,13.0975,299756.49256105017,15.0,30.0,23.06,0.0,9.2,2.5,0.0,0.0,0.0,2677.48,1297.64,4001.54,0.0,0.0,Built-up,67.12,0.0,26.72,6.15,0.0,0,0.0,Unknown,0,187.88,273.07,273.07,365.51,578.34
cell_01022,80.1125,13.1025,299750.5571780988,13.0,31.0,20.52,0.0,8.02,2.86,0.0,0.0,0.0,2486.75,1604.72,3867.7,0.0,0.0,Built-up,74.68,0.0,22.24,3.05,0.03,0,0.0,Unknown,0,187.88,273.07,273.07,365.51,578.34
cell_01023,80.1125,13.1075,299744.6195603865,16.0,26.0,20.59,0.0,7.59,2.28,0.0,0.0,0.0,2410.5,1954.24,3810.17,0.0,0.0,Built-up,74.71,0.0,20.06,5.2,0.03,0,0.0,Unknown,0,187.88,273.07,273.07,365.51,578.34
cell_01024,80.1125,13.1125,299738.67970764055,21.0,32.0,26.94,0.0,7.5,2.04,0.0,0.0,0.0,2450.9,2311.38,3832.41,0.0,0.0,Built-up,88.27,0.0,11.58,0.16,0.0,0,0.0,Unknown,0,187.88,273.07,273.07,365.51,578.34
cell_01025,80.1125,13.1175,299732.73762015696,18.0,31.0,25.73,0.0,8.66,2.43,0.0,0.0,0.0,2554.54,2695.22,3933.06,0.0,0.0,Built-up,55.29,0.0,41.23,2.14,1.33,0,0.0,Unknown,0,187.88,273.07,273.07,365.51,578.34
cell_01026,80.1125,13.1225,299726.79329758364,24.0,39.0,30.95,0.0,11.7,2.66,0.0,0.0,0.0,2764.86,3100.26,4106.35,0.0,0.0,Vegetation,44.45,0.0,50.99,1.37,3.19,0,0.0,Unknown,0,187.88,273.07,273.07,365.51,578.34
cell_01027,80.1125,13.1275,299720.8467407678,27.0,39.0,33.96,0.0,6.51,2.46,0.0,0.0,0.0,3061.84,3532.99,4343.61,0.0,0.0,Vegetation,9.47,0.0,80.99,9.53,0.0,0,0.0,Unknown,0,187.88,273.07,273.07,365.51,578.34
cell_01028,80.1125,13.1325,299714.897948696,23.0,40.0,30.82,0.0,7.26,2.53,0.0,0.0,0.0,2947.77,3995.5,4635.01,0.0,0.0,Vegetation,1.2,0.0,95.45,3.34,0.0,0,0.0,Unknown,0,187.88,273.07,273.07,365.51,578.34
cell_01029,80.1125,13.1375,299708.94692242093,24.0,37.0,29.54,0.0,9.62,2.61,0.0,0.0,0.0,2596.48,4469.8,4971.05,0.0,0.0,Vegetation,38.23,0.0,58.86,2.9,0.0,0,0.0,Unknown,0,187.88,273.07,273.07,365.51,578.34
cell_01030,80.1125,13.1425,299702.9936608973,19.0,31.0,25.01,0.0,6.03,2.47,0.0,0.0,0.0,2325.0,4950.99,5343.31,0.0,0.0,Built-up,56.63,0.0,35.87,7.24,0.26,0,0.0,Unknown,0,187.88,273.07,273.07,365.51,578.34
cell_01031,80.1125,13.1475,299697.03816527117,15.0,27.0,21.14,0.0,9.0,2.73,0.0,0.0,0.0,2163.61,5441.16,5744.76,0.0,0.0,Built-up,47.92,0.0,27.18,24.32,0.58,0,0.0,Unknown,0,187.88,273.07,273.07,365.51,578.34
cell_01032,80.1125,13.1525,299691.0804346716,14.0,22.0,18.83,0.0,8.02,1.87,0.0,0.0,0.0,2137.37,5942.38,6169.69,0.0,0.0,Cropland,21.4,0.0,29.21,49.17,0.22,0,0.0,Unknown,0,187.88,273.07,273.07,365.51,578.34
cell_01033,80.1125,13.1575,299685.1204696306,16.0,24.0,19.74,0.0,5.15,1.9,0.0,0.0,0.0,2251.03,6452.06,6613.59,0.0,0.0,Cropland,4.56,0.0,3.95,91.33,0.16,0,0.0,Unknown,0,187.88,273.07,273.07,365.51,578.34
cell_01034,80.1125,13.1625,299679.1582700642,18.0,34.0,25.74,0.0,9.89,3.01,0.0,0.0,0.0,2450.33,6968.35,7072.88,0.0,0.0,Built-up,40.45,0.0,30.55,28.41,0.58,0,0.0,Unknown,0,187.88,273.07,273.07,365.51,578.34
cell_01035,80.1125,13.1675,299673.1938360953,15.0,32.0,24.75,0.0,7.79,2.23,0.0,0.0,0.0,2732.63,7489.88,7544.76,0.0,0.0,Cropland,9.98,0.0,15.27,74.14,0.61,0,0.0,Unknown,0,187.88,273.07,273.07,365.51,578.34
cell_01036,80.1125,13.1725,299667.2271676083,19.0,35.0,26.18,0.0,7.84,2.77,0.0,0.0,0.0,3089.03,8015.64,8027.0,0.0,0.0,Cropland,0.0,0.0,26.59,73.41,0.0,0,0.0,Unknown,0,187.88,273.07,273.07,365.51,578.34
cell_01037,80.1125,13.1775,299661.2582645038,26.0,40.0,30.89,0.0,7.5,2.13,0.0,0.0,0.0,3496.93,8544.83,8274.61,0.0,0.0,Cropland,0.06,0.0,27.66,71.69,0.58,0,0.0,Unknown,0,187.88,273.07,273.07,365.51,578.34
cell_01038,80.1125,13.1825,299655.28712726646,31.0,48.0,37.34,0.0,11.31,2.86,0.0,0.0,0.0,3940.38,9076.86,8230.03,0.0,0.0,Cropland,13.27,0.0,31.38,52.52,2.84,0,0.0,Unknown,0,187.88,273.07,273.07,365.51,578.34
cell_01039,80.1125,13.1875,299649.31375559396,37.0,48.0,43.3,0.0,7.85,2.33,0.0,0.0,0.0,4408.66,9611.27,8222.49,0.0,0.0,Vegetation,2.2,0.0,56.54,38.52,2.74,0,0.0,Unknown,0,187.88,273.07,273.07,365.51,578.34
cell_01040,80.1125,13.1925,299643.33814968524,35.0,49.0,41.89,0.0,7.85,2.6,0.0,0.0,0.0,4894.65,10147.66,8251.67,0.0,0.0,Vegetation,8.15,0.0,86.75,5.0,0.1,0,0.0,Unknown,0,187.88,273.07,273.07,365.51,578.34
cell_01041,80.1125,13.1975,299637.36030918895,27.0,42.0,33.58,0.0,6.41,2.03,0.0,0.0,0.0,5294.81,10685.75,8313.22,0.0,0.0,Cropland,1.88,0.0,36.58,61.22,0.32,0,0.0,Unknown,0,187.88,273.07,273.07,365.51,578.34
cell_01042,80.1125,13.2025,299631.38023474894,16.0,32.0,26.15,0.0,12.67,2.15,0.0,0.0,0.0,5484.09,11225.29,8410.74,0.0,0.0,Cropland,4.11,12.28,31.12,51.72,0.77,0,0.0,Unknown,0,187.88,273.07,273.07,365.51,578.34
cell_01043,80.1125,13.2075,299625.3979261228,16.0,46.0,26.3,0.0,20.95,3.03,0.0,0.0,0.0,5716.33,11621.63,8543.02,0.0,0.0,Vegetation,27.56,17.14,42.14,13.02,0.13,0,0.0,Unknown,0,187.88,273.07,273.07,365.51,578.34
cell_01044,80.1125,13.2125,299619.41338310105,26.0,35.0,30.38,0.0,6.19,1.92,0.0,0.0,0.0,5990.77,11968.78,8708.47,0.0,0.0,Vegetation,40.59,0.0,44.61,14.38,0.41,0,0.0,Unknown,0,187.88,273.07,273.07,365.51,578.34
cell_01045,80.1125,13.2175,299613.4266059337,15.0,30.0,23.86,0.0,9.66,2.65,0.0,0.0,0.0,6301.88,12330.96,8905.25,0.0,0.0,Cropland,2.84,0.0,30.9,66.07,0.19,0,0.0,Unknown,0,187.88,273.07,273.07,365.51,578.34
cell_01046,80.1125,13.2225,299607.4375950081,15.0,25.0,19.44,0.0,7.09,2.6,0.0,0.0,0.0,6644.53,12706.9,9131.31,0.0,0.0,Cropland,0.0,0.0,7.92,92.08,0.0,0,0.0,Unknown,0,187.88,273.07,273.07,365.51,578.34
cell_01047,80.1125,13.2275,299601.44634961156,15.0,25.0,20.88,0.0,9.1,2.42,0.0,0.0,0.0,7014.09,13095.4,9384.56,0.0,0.0,Cropland,2.77,0.0,38.17,49.14,9.92,0,0.0,Unknown,0,187.88,273.07,273.07,365.51,578.34
cell_01048,80.1125,13.2325,299595.4528704806,9.0,22.0,15.65,0.0,7.26,2.74,0.0,0.0,0.0,7377.28,13495.39,9662.85,0.0,0.0,Vegetation,0.96,0.0,57.46,38.11,3.48,0,0.0,Unknown,0,187.88,273.07,273.07,365.51,578.34
cell_01049,80.1125,13.2375,299589.45715704316,10.0,27.0,19.12,0.0,9.49,2.64,0.0,0.0,0.0,7750.74,13905.86,9964.09,0.0,0.0,Cropland,14.16,0.0,35.16,36.3,14.38,0,0.0,Unknown,0,187.88,273.07,273.07,365.51,578.34
cell_01050,80.1125,13.2425,299583.4592100204,13.0,25.0,18.21,0.0,9.62,2.68,0.0,0.0,0.0,8144.64,14325.92,10286.26,0.0,0.0,Vegetation,4.75,0.0,63.55,31.19,0.51,0,0.0,Unknown,0,187.88,273.07,273.07,365.51,578.34
cell_01051,80.1125,13.2475,299577.4590287926,14.0,24.0,19.07,0.0,8.95,2.62,0.0,0.0,0.0,8556.17,14754.76,10627.45,0.0,0.0,Cropland,0.38,0.0,17.28,82.33,0.0,0,0.0,Unknown,0,187.88,273.07,273.07,365.51,578.34
cell_01052,80.1125,13.2525,299571.4566135446,0.0,0.0,0.0,0.0,0.0,0.0,0.0,0.0,0.0,8982.91,15191.61,10985.9,0.0,0.0,Unknown,0.0,0.0,0.0,0.0,0.0,0,0.0,Unknown,0,187.88,273.07,273.07,365.51,578.34
cell_01053,80.1175,12.8525,300043.81398847117,25.0,38.0,30.3,0.0,6.72,2.04,0.0,0.0,0.0,10656.4,9267.54,12736.2,0.0,0.0,Built-up,44.61,0.0,41.43,6.4,7.56,0,0.0,Unknown,0,187.88,273.07,273.07,365.51,578.34
cell_01054,80.1175,12.8575,300037.9882052843,22.0,32.0,27.53,0.0,5.25,2.16,0.0,0.0,0.0,10625.19,9134.0,12743.66,0.0,0.0,Built-up,45.44,0.0,38.04,13.65,2.87,0,0.0,Unknown,0,187.88,273.07,273.07,365.51,578.34
cell_01055,80.1175,12.8625,300032.1601853943,19.0,31.0,23.83,0.0,8.23,2.16,0.0,0.0,0.0,10367.21,9032.39,12549.1,0.0,0.0,Vegetation,10.65,0.0,53.57,34.79,0.99,0,0.0,Unknown,0,187.88,273.07,273.07,365.51,578.34
cell_01056,80.1175,12.8675,300026.32992923947,17.0,28.0,21.14,0.0,8.02,1.98,0.0,0.0,0.0,10093.95,8963.82,12124.53,0.0,0.0,Vegetation,11.72,4.32,47.53,36.01,0.42,0,0.0,Unknown,0,187.88,273.07,273.07,365.51,578.34
cell_01057,80.1175,12.8725,300020.497436089,17.0,30.0,21.51,0.0,9.8,2.53,0.0,0.0,0.0,9844.19,8929.02,11710.68,0.0,0.0,Cropland,0.29,0.0,47.19,52.52,0.0,0,0.0,Unknown,0,187.88,273.07,273.07,365.51,578.34
cell_01058,80.1175,12.8775,300014.6627067908,17.0,28.0,20.36,0.0,7.09,1.85,0.0,0.0,0.0,9503.09,8928.4,11308.73,0.0,0.0,Cropland,3.16,0.0,36.42,60.43,0.0,0,0.0,Unknown,0,187.88,273.07,273.07,365.51,578.34
cell_01059,80.1175,12.8825,300008.825740773,15.0,26.0,21.42,0.0,4.35,1.74,0.0,0.0,0.0,8953.96,8961.97,10920.0,0.0,0.0,Cropland,10.62,0.0,34.61,46.82,7.95,0,0.0,Unknown,0,187.88,273.07,273.07,365.51,578.34
cell_01060,80.1175,12.8875,300002.9865387732,19.0,31.0,22.66,0.0,9.55,2.36,0.0,0.0,0.0,8405.34,9029.35,10545.94,0.0,0.0,Cropland,13.84,0.0,28.03,57.17,0.96,0,0.0,Unknown,0,187.88,273.07,273.07,365.51,578.34
cell_01061,80.1175,12.8925,299997.14509995026,17.0,24.0,21.09,0.0,4.76,1.81,0.0,0.0,0.0,7857.33,9129.78,10188.18,0.0,0.0,Built-up,81.12,0.0,8.04,9.28,1.56,0,0.0,Unknown,0,187.88,273.07,273.07,365.51,578.34
cell_01062,80.1175,12.8975,299991.3014247099,18.0,32.0,24.45,0.0,9.49,2.25,0.0,0.0,0.0,7310.06,9262.19,9848.49,0.0,0.0,Vegetation,22.92,0.0,65.39,10.58,1.1,0,0.0,Unknown,0,187.88,273.07,273.07,365.51,578.34
cell_01063,80.1175,12.9025,299985.45551356924,18.0,33.0,26.12,0.0,7.84,2.8,0.0,0.0,0.0,6763.73,9425.24,9528.81,0.0,0.0,Built-up,63.81,0.0,31.09,5.07,0.03,0,0.0,Unknown,0,187.88,273.07,273.07,365.51,578.34
cell_01064,80.1175,12.9075,299979.60736586025,21.0,36.0,28.81,0.0,8.52,3.07,0.0,0.0,0.0,6218.58,9617.36,9231.2,0.0,0.0,Built-up,58.96,0.0,38.74,1.34,0.96,0,0.0,Unknown,0,187.88,273.07,273.07,365.51,578.34
cell_01065,80.1175,12.9125,299973.75698179984,24.0,38.0,31.07,0.0,10.11,2.33,0.0,0.0,0.0,5674.94,9836.85,8957.87,0.0,0.0,Vegetation,25.32,0.0,73.93,0.65,0.1,0,0.0,Unknown,0,187.88,273.07,273.07,365.51,578.34
cell_01066,80.1175,12.9175,299967.90436168463,25.0,41.0,32.87,0.0,5.66,2.07,0.0,0.0,0.0,5133.3,10081.93,8711.12,0.0,0.0,Vegetation,19.64,0.0,78.67,1.69,0.0,0,0.0,Unknown,0,187.88,273.07,273.07,365.51,578.34
cell_01067,80.1175,12.9225,299962.0495053357,27.0,42.0,33.68,0.0,7.09,2.31,0.0,0.0,0.0,4594.37,9936.61,8493.24,0.0,0.0,Built-up,52.93,0.0,46.17,0.0,0.89,0,0.0,Unknown,0,187.88,273.07,273.07,365.51,578.34
cell_01068,80.1175,12.9275,299956.1924128435,29.0,40.0,33.99,0.0,6.03,2.19,0.0,0.0,0.0,4059.22,9454.52,8306.53,0.0,0.0,Built-up,92.37,0.0,6.98,0.0,0.65,0,0.0,Unknown,0,187.88,273.07,273.07,365.51,578.34
cell_01069,80.1175,12.9325,299950.3330841715,3.0,38.0,29.88,0.0,28.21,3.64,0.0,0.0,0.0,3529.58,8980.59,8073.81,0.0,0.0,Built-up,65.08,0.0,13.42,18.91,2.58,0,0.0,Unknown,0,187.88,273.07,273.07,365.51,578.34
cell_01070,80.1175,12.9375,299944.4715192528,17.0,32.0,25.19,0.0,16.77,3.01,0.0,0.0,0.0,3008.34,8516.21,7648.76,0.0,0.0,Built-up,57.91,0.06,25.7,16.2,0.13,0,0.0,Unknown,0,187.88,273.07,273.07,365.51,578.34
cell_01071,80.1175,12.9425,299938.60771876265,18.0,38.0,24.54,0.0,19.08,3.02,0.0,0.0,0.0,2500.79,8063.02,7241.02,0.0,0.0,Built-up,62.95,0.1,35.13,1.17,0.65,0,0.0,Unknown,0,187.88,273.07,273.07,365.51,578.34
cell_01072,80.1175,12.9475,299932.741681717,18.0,39.0,23.23,0.0,18.53,2.41,0.0,0.0,0.0,2017.27,7623.01,6853.67,0.0,0.0,Vegetation,32.33,0.0,66.61,1.05,0.0,0,0.0,Unknown,0,187.88,273.07,273.07,365.51,578.34
cell_01073,80.1175,12.9525,299926.87340913824,12.0,56.0,21.38,0.0,25.42,4.05,0.0,0.0,0.0,1580.0,7198.6,6490.36,0.0,0.0,Vegetation,19.29,0.0,72.39,5.17,3.16,0,0.0,Unknown,0,187.88,273.07,273.07,365.51,578.34
cell_01074,80.1175,12.9575,299921.00290040625,13.0,27.0,19.42,0.0,9.62,2.82,0.0,0.0,0.0,1169.56,6792.71,6155.35,0.0,0.0,Built-up,49.12,0.0,41.01,9.29,0.58,0,0.0,Unknown,0,187.88,273.07,273.07,365.51,578.34
cell_01075,80.1175,12.9625,299915.130155705,11.0,47.0,18.17,0.0,17.74,3.0,0.0,0.0,0.0,671.42,6408.87,5853.51,0.0,0.0,Vegetation,36.77,0.0,45.41,17.76,0.06,0,0.0,Unknown,0,187.88,273.07,273.07,365.51,578.34
cell_01076,80.1175,12.9675,299909.2551751731,12.0,25.0,15.13,0.0,10.87,1.96,0.0,0.0,0.0,294.5,6051.28,5590.2,0.0,0.0,Built-up,43.56,0.0,43.11,13.27,0.06,0,0.0,Unknown,0,187.88,273.07,273.07,365.51,578.34
cell_01077,80.1175,12.9725,299903.37795875967,9.0,20.0,14.2,0.0,7.09,2.49,0.0,0.0,0.0,104.83,5724.85,5371.1,0.0,0.0,Vegetation,41.4,0.0,49.74,7.92,0.94,0,0.0,Unknown,0,187.88,273.07,273.07,365.51,578.34
cell_01078,80.1175,12.9775,299897.498506665,7.0,17.0,12.34,0.0,7.09,2.41,0.0,0.0,0.0,0.0,5435.21,5140.1,0.0,0.0,Vegetation,18.21,0.0,71.4,9.85,0.54,0,0.0,Unknown,0,187.88,273.07,273.07,365.51,578.34
cell_01079,80.1175,12.9825,299891.6168187266,7.0,18.0,12.63,0.0,6.03,2.25,0.0,0.0,0.0,75.96,5188.5,4679.23,0.0,0.0,Vegetation,18.05,0.0,76.31,5.39,0.26,0,0.0,Unknown,0,187.88,273.07,273.07,365.51,578.34
cell_01080,80.1175,12.9875,299885.73289522453,7.0,19.0,14.95,0.0,7.26,2.23,0.0,0.0,0.0,245.67,4991.12,4229.16,0.0,0.0,Built-up,52.05,0.0,40.84,5.65,1.46,0,0.0,Unknown,0,187.88,273.07,273.07,365.51,578.34
cell_01081,80.1175,12.9925,299879.84673568,9.0,21.0,15.2,0.0,8.02,2.48,0.0,0.0,0.0,730.28,4849.08,3806.3,0.0,0.0,Vegetation,23.72,0.0,69.58,6.28,0.41,0,0.0,Unknown,0,187.88,273.07,273.07,365.51,578.34
cell_01082,80.1175,12.9975,299873.9583405473,9.0,22.0,15.91,0.0,6.98,2.64,0.0,0.0,0.0,1223.38,4767.34,3420.77,0.0,0.0,Vegetation,25.06,0.0,47.8,26.05,1.08,0,0.0,Unknown,0,187.88,273.07,273.07,365.51,578.34
cell_01083,80.1175,13.0025,299868.0677099165,13.0,22.0,17.04,0.0,6.41,2.44,0.0,0.0,0.0,1647.28,4749.0,3086.59,0.0,0.0,Vegetation,42.82,0.0,47.34,9.29,0.55,0,0.0,Unknown,0,187.88,273.07,273.07,365.51,578.34
cell_01084,80.1175,13.0075,299862.17484372115,11.0,20.0,14.9,0.0,5.59,2.29,0.0,0.0,0.0,2116.86,4794.8,2822.06,0.0,0.0,Cropland,29.82,0.0,31.09,37.72,1.37,0,0.0,Unknown,0,187.88,273.07,273.07,365.51,578.34
cell_01085,80.1175,13.0125,299856.2797417981,12.0,24.0,18.14,0.0,8.29,2.32,0.0,0.0,0.0,2619.21,4902.94,2648.13,0.0,0.0,Vegetation,39.41,0.0,48.15,12.37,0.06,0,0.0,Unknown,0,187.88,273.07,273.07,365.51,578.34
cell_01086,80.1175,13.0175,299850.382404332,13.0,25.0,18.25,0.0,6.81,2.13,0.0,0.0,0.0,3138.63,5069.43,2583.16,0.0,0.0,Vegetation,42.79,0.0,50.65,5.91,0.65,0,0.0,Unknown,0,187.88,273.07,273.07,365.51,578.34
cell_01087,80.1175,13.0225,299844.48283147684,14.0,21.0,18.07,0.0,5.15,1.81,0.0,0.0,0.0,3368.98,4668.9,2545.25,0.0,0.0,Built-up,76.98,0.0,16.61,4.94,1.47,0,0.0,Unknown,0,187.88,273.07,273.07,365.51,578.34
cell_01088,80.1175,13.0275,299838.58102318086,13.0,22.0,16.97,0.0,6.81,1.92,0.0,0.0,0.0,3186.1,4116.26,2569.98,0.0,0.0,Cropland,27.93,0.0,18.24,52.61,1.21,0,0.0,Unknown,0,187.88,273.07,273.07,365.51,578.34
cell_01089,80.1175,13.0325,299832.67697934463,13.0,24.0,18.86,0.0,6.03,2.29,0.0,0.0,0.0,2883.08,3563.66,2709.79,0.0,0.0,Built-up,58.83,0.0,25.26,14.94,0.97,0,0.0,Unknown,0,187.88,273.07,273.07,365.51,578.34
cell_01090,80.1175,13.0375,299826.7707004226,12.0,26.0,18.39,0.0,9.55,2.31,0.0,0.0,0.0,2661.7,3011.06,2948.34,0.0,0.0,Built-up,69.45,0.0,21.05,8.51,0.99,0,0.0,Unknown,0,187.88,273.07,273.07,365.51,578.34
cell_01091,80.1175,13.0425,299820.8621855577,15.0,27.0,19.74,0.0,10.82,2.6,0.0,0.0,0.0,2543.37,2458.46,3264.06,0.0,0.0,Built-up,89.92,0.0,7.68,1.28,1.12,0,0.0,Unknown,0,187.88,273.07,273.07,365.51,578.34
cell_01092,80.1175,13.0475,299814.9514358337,15.0,24.0,19.62,0.0,6.93,2.61,0.0,0.0,0.0,2542.53,1905.86,3636.9,0.0,0.0,Built-up,71.62,0.0,25.23,1.72,1.43,0,0.0,Unknown,0,187.88,273.07,273.07,365.51,578.34
cell_01093,80.1175,13.0525,299809.03845080483,13.0,25.0,18.99,0.0,6.91,2.59,0.0,0.0,0.0,2622.29,1353.26,4051.13,0.0,0.0,Built-up,74.33,0.0,23.5,1.72,0.45,0,0.0,Unknown,0,187.88,273.07,273.07,365.51,578.34
cell_01094,80.1175,13.0575,299803.12323040445,14.0,26.0,19.99,0.0,9.89,2.75,0.0,0.0,0.0,2765.92,800.65,4429.04,0.0,0.0,Built-up,67.25,0.0,29.59,2.87,0.29,0,0.0,Unknown,0,187.88,273.07,273.07,365.51,578.34
cell_01095,80.1175,13.0625,299797.2057748326,10.0,26.0,17.63,0.0,14.51,3.14,0.0,0.0,0.0,3005.96,248.05,4750.89,426.7,0.001423,Vegetation,29.19,0.0,67.14,3.6,0.06,0,0.0,Unknown,0,187.88,273.07,273.07,365.51,578.34
cell_01096,80.1175,13.0675,299791.2860841156,11.0,24.0,17.96,0.0,7.66,2.81,0.0,0.0,0.0,3052.0,300.86,5112.44,120.25,0.000401,Vegetation,45.79,0.0,47.64,6.47,0.1,0,0.0,Unknown,0,187.88,273.07,273.07,365.51,578.34
cell_01097,80.1175,13.0725,299785.3641579355,15.0,25.0,20.13,0.0,6.91,2.56,0.0,0.0,0.0,3193.99,446.83,4904.99,0.0,0.0,Built-up,88.27,0.0,8.32,2.84,0.57,0,0.0,Unknown,0,187.88,273.07,273.07,365.51,578.34
cell_01098,80.1175,13.0775,299779.43999715487,13.0,28.0,19.17,0.0,10.87,2.91,0.0,0.0,0.0,3420.53,585.04,4531.34,0.0,0.0,Built-up,86.07,0.0,10.65,2.08,1.2,0,0.0,Unknown,0,187.88,273.07,273.07,365.51,578.34
cell_01099,80.1175,13.0825,299773.5136010435,12.0,26.0,19.2,0.0,7.7,2.81,0.0,0.0,0.0,3197.58,727.23,4197.47,0.0,0.0,Built-up,71.68,0.0,24.55,2.93,0.83,0,0.0,Unknown,0,187.88,273.07,273.07,365.51,578.34
cell_01100,80.1175,13.0875,299767.5849697075,14.0,25.0,19.01,0.0,8.13,2.51,0.0,0.0,0.0,2937.8,959.28,3913.57,0.0,0.0,Vegetation,19.32,0.0,40.49,35.91,4.29,0,0.0,Unknown,0,187.88,273.07,273.07,365.51,578.34
cell_01101,80.1175,13.0925,299761.65410361503,14.0,25.0,18.54,0.0,8.66,2.68,0.0,0.0,0.0,2539.08,1312.07,3691.2,0.0,0.0,Vegetation,1.85,0.0,58.42,39.73,0.0,0,0.0,Unknown,0,187.88,273.07,273.07,365.51,578.34
cell_01102,80.1175,13.0975,299755.72100268345,12.0,26.0,18.5,0.0,9.62,2.81,0.0,0.0,0.0,2202.35,1740.05,3489.65,0.0,0.0,Vegetation,3.12,0.0,58.39,38.49,0.0,0,0.0,Unknown,0,187.88,273.07,273.07,365.51,578.34
cell_01103,80.1175,13.1025,299749.78566638794,13.0,23.0,18.21,0.0,6.89,2.44,0.0,0.0,0.0,1966.05,2039.12,3335.33,0.0,0.0,Cropland,4.09,0.0,28.67,67.24,0.0,0,0.0,Unknown,0,187.88,273.07,273.07,365.51,578.34
cell_01104,80.1175,13.1075,299743.8480955455,13.0,23.0,17.82,0.0,8.59,2.98,0.0,0.0,0.0,1868.69,2373.83,3268.47,0.0,0.0,Cropland,28.6,0.0,29.66,41.61,0.13,0,0.0,Unknown,0,187.88,273.07,273.07,365.51,578.34
cell_01105,80.1175,13.1125,299737.9082896148,14.0,26.0,20.98,0.0,7.5,2.58,0.0,0.0,0.0,1912.66,2724.86,3294.38,0.0,0.0,Built-up,53.95,0.1,34.34,11.35,0.26,0,0.0,Unknown,0,187.88,273.07,273.07,365.51,578.34
cell_01106,80.1175,13.1175,299731.96624904795,16.0,32.0,24.06,0.0,6.93,2.39,0.0,0.0,0.0,2041.42,3084.14,3410.95,0.0,0.0,Built-up,50.0,0.0,48.34,1.46,0.19,0,0.0,Unknown,0,187.88,273.07,273.07,365.51,578.34
cell_01107,80.1175,13.1225,299726.0219734621,21.0,34.0,27.48,0.0,9.0,2.51,0.0,0.0,0.0,2299.18,3469.54,3609.41,0.0,0.0,Built-up,51.66,0.0,42.16,6.12,0.06,0,0.0,Unknown,0,187.88,273.07,273.07,365.51,578.34
cell_01108,80.1175,13.1275,299720.0754634691,25.0,39.0,31.14,0.0,9.93,2.87,0.0,0.0,0.0,2648.9,3873.82,3877.2,0.0,0.0,Vegetation,44.9,0.0,52.17,2.81,0.13,0,0.0,Unknown,0,187.88,273.07,273.07,365.51,578.34
cell_01109,80.1175,13.1325,299714.12671832246,22.0,36.0,27.01,0.0,7.66,2.78,0.0,0.0,0.0,2571.89,4299.82,4201.09,0.0,0.0,Built-up,47.47,0.0,43.83,6.75,1.95,0,0.0,Unknown,0,187.88,273.07,273.07,365.51,578.34
cell_01110,80.1175,13.1375,299708.1757388388,14.0,32.0,24.34,0.0,10.2,2.57,0.0,0.0,0.0,2174.02,4752.05,4569.16,0.0,0.0,Vegetation,22.42,7.05,50.51,20.03,0.0,0,0.0,Unknown,0,187.88,273.07,273.07,365.51,578.34
cell_01111,80.1175,13.1425,299702.22252438235,15.0,33.0,22.61,0.0,15.99,2.71,0.0,0.0,0.0,1841.29,5222.66,4971.61,0.0,0.0,Built-up,41.42,2.1,36.96,18.88,0.64,0,0.0,Unknown,0,187.88,273.07,273.07,365.51,578.34
cell_01112,80.1175,13.1475,299696.26707573724,12.0,28.0,19.9,0.0,8.29,2.92,0.0,0.0,0.0,1632.77,5698.81,5400.77,0.0,0.0,Cropland,28.08,0.0,17.47,54.38,0.06,0,0.0,Unknown,0,187.88,273.07,273.07,365.51,578.34
cell_01113,80.1175,13.1525,299690.3093919221,14.0,22.0,17.87,0.0,5.25,1.99,0.0,0.0,0.0,1597.86,6181.35,5850.74,0.0,0.0,Cropland,0.06,0.0,23.88,76.05,0.0,0,0.0,Unknown,0,187.88,273.07,273.07,365.51,578.34
cell_01114,80.1175,13.1575,299684.34947409853,15.0,25.0,18.81,0.0,6.19,1.8,0.0,0.0,0.0,1741.46,6672.8,6317.1,0.0,0.0,Cropland,10.49,0.0,8.23,81.25,0.03,0,0.0,Unknown,0,187.88,273.07,273.07,365.51,578.34
cell_01115,80.1175,13.1625,299678.3873214425,16.0,32.0,24.58,0.0,6.81,2.44,0.0,0.0,0.0,1973.93,7173.22,6796.46,0.0,0.0,Built-up,41.88,0.0,23.25,34.45,0.42,0,0.0,Unknown,0,187.88,273.07,273.07,365.51,578.34
cell_01116,80.1175,13.1675,299672.42293456505,11.0,33.0,24.09,0.0,19.05,3.42,0.0,0.0,0.0,2315.09,7680.85,7286.27,0.0,0.0,Cropland,13.11,0.0,35.33,51.56,0.0,0,0.0,Unknown,0,187.88,273.07,273.07,365.51,578.34
cell_01117,80.1175,13.1725,299666.4563130353,21.0,33.0,26.56,0.0,4.81,1.77,0.0,0.0,0.0,2726.63,8194.35,7784.54,0.0,0.0,Cropland,0.35,0.0,21.33,78.16,0.16,0,0.0,Unknown,0,187.88,273.07,273.07,365.51,578.34
cell_01118,80.1175,13.1775,299660.4874571018,26.0,40.0,32.15,0.0,7.39,2.52,0.0,0.0,0.0,3181.35,8712.7,7736.49,0.0,0.0,Cropland,2.18,0.0,32.92,64.32,0.58,0,0.0,Unknown,0,187.88,273.07,273.07,365.51,578.34
cell_01119,80.1175,13.1825,299654.5163667611,28.0,45.0,36.73,0.0,6.93,2.54,0.0,0.0,0.0,3663.21,9235.06,7688.81,0.0,0.0,Built-up,58.9,0.0,16.14,21.17,3.79,0,0.0,Unknown,0,187.88,273.07,273.07,365.51,578.34
cell_01120,80.1175,13.1875,299648.5430423227,36.0,48.0,42.98,0.0,6.19,2.07,0.0,0.0,0.0,4162.79,9760.8,7680.75,0.0,0.0,Vegetation,29.11,0.0,60.49,10.4,0.0,0,0.0,Unknown,0,187.88,273.07,273.07,365.51,578.34
cell_01121,80.1175,13.1925,299642.567483467,32.0,47.0,40.27,0.0,7.66,2.24,0.0,0.0,0.0,4627.27,10223.02,7711.6,0.0,0.0,Vegetation,0.0,0.0,60.62,39.38,0.0,0,0.0,Unknown,0,187.88,273.07,273.07,365.51,578.34
cell_01122,80.1175,13.1975,299636.58969012764,29.0,42.0,32.89,0.0,7.5,1.98,0.0,0.0,0.0,4780.34,10529.24,7777.43,0.0,0.0,Cropland,3.25,0.0,25.7,71.05,0.0,0,0.0,Unknown,0,187.88,273.07,273.07,365.51,578.34
cell_01123,80.1175,13.2025,299630.6096627567,21.0,36.0,26.92,0.0,6.81,2.33,0.0,0.0,0.0,4986.79,10855.01,7881.6,0.0,0.0,Vegetation,15.31,0.0,49.36,35.3,0.03,0,0.0,Unknown,0,187.88,273.07,273.07,365.51,578.34
cell_01124,80.1175,13.2075,299624.6274014437,17.0,28.0,22.25,0.0,6.72,2.33,0.0,0.0,0.0,5241.12,11198.63,8022.62,0.0,0.0,Cropland,7.79,0.0,33.34,58.7,0.16,0,0.0,Unknown,0,187.88,273.07,273.07,365.51,578.34
cell_01125,80.1175,13.2125,299618.64290549175,17.0,34.0,27.06,0.0,11.07,3.74,0.0,0.0,0.0,5539.15,11558.5,8198.59,0.0,0.0,Vegetation,8.16,0.0,50.89,40.47,0.48,0,0.0,Unknown,0,187.88,273.07,273.07,365.51,578.34
cell_01126,80.1175,13.2175,299612.6561753218,16.0,35.0,24.39,0.0,11.48,3.56,0.0,0.0,0.0,5874.24,11933.15,8407.32,0.0,0.0,Cropland,4.27,0.0,42.47,51.63,1.63,0,0.0,Unknown,0,187.88,273.07,273.07,365.51,578.34
cell_01127,80.1175,13.2225,299606.66721173446,12.0,26.0,21.51,0.0,9.2,2.64,0.0,0.0,0.0,6240.42,12321.24,8646.42,0.0,0.0,Cropland,0.39,0.0,23.41,70.75,5.45,0,0.0,Unknown,0,187.88,273.07,273.07,365.51,578.34
cell_01128,80.1175,13.2275,299600.6760134943,13.0,25.0,19.03,0.0,8.13,2.51,0.0,0.0,0.0,6606.0,12721.53,8913.47,0.0,0.0,Cropland,0.0,0.0,13.52,86.13,0.35,0,0.0,Unknown,0,187.88,273.07,273.07,365.51,578.34
cell_01129,80.1175,13.2325,299594.68258165364,11.0,37.0,19.86,0.0,10.21,3.34,0.0,0.0,0.0,6976.91,13132.91,9206.02,0.0,0.0,Cropland,0.54,0.0,43.59,54.15,1.72,0,0.0,Unknown,0,187.88,273.07,273.07,365.51,578.34
cell_01130,80.1175,13.2375,299588.6869154524,8.0,37.0,18.57,0.0,10.4,3.33,0.0,0.0,0.0,7370.69,13554.37,9521.73,0.0,0.0,Vegetation,0.03,0.19,49.94,49.42,0.42,0,0.0,Unknown,0,187.88,273.07,273.07,365.51,578.34
cell_01131,80.1175,13.2425,299582.6890156414,7.0,27.0,17.08,0.0,7.85,3.0,0.0,0.0,0.0,7783.86,13985.01,9858.37,0.0,0.0,Vegetation,2.39,0.0,53.22,44.39,0.0,0,0.0,Unknown,0,187.88,273.07,273.07,365.51,578.34
cell_01132,80.1175,13.2475,299576.68888164964,7.0,25.0,17.8,0.0,9.49,3.16,0.0,0.0,0.0,8213.49,14423.98,10213.88,0.0,0.0,Cropland,1.24,0.16,36.16,62.28,0.16,0,0.0,Unknown,0,187.88,273.07,273.07,365.51,578.34
cell_01133,80.1175,13.2525,299570.6865138349,0.0,0.0,0.0,0.0,0.0,0.0,0.0,0.0,0.0,8591.27,14870.57,10586.34,0.0,0.0,Unknown,0.0,0.0,0.0,0.0,0.0,0,0.0,Unknown,0,187.88,273.07,273.07,365.51,578.34
cell_01134,80.1225,12.8525,300043.044528793,28.0,66.0,35.26,0.0,17.33,3.79,0.0,0.0,0.0,10115.75,8746.26,12193.63,0.0,0.0,Vegetation,16.96,0.0,82.25,0.79,0.0,0,0.0,Unknown,0,187.88,273.07,273.07,365.51,578.34
cell_01135,80.1225,12.8575,300037.2187914429,27.0,108.0,42.87,0.0,30.89,7.05,0.0,0.0,0.0,10082.88,8604.64,12201.43,0.0,0.0,Vegetation,36.66,0.0,61.43,0.68,1.23,0,0.0,Unknown,0,187.88,273.07,273.07,365.51,578.34
cell_01136,80.1225,12.8625,300031.3908173346,19.0,37.0,26.2,0.0,7.39,2.14,0.0,0.0,0.0,9905.84,8496.73,12214.71,0.0,0.0,Vegetation,38.02,0.0,60.32,0.39,1.27,0,0.0,Unknown,0,187.88,273.07,273.07,365.51,578.34
cell_01137,80.1225,12.8675,300025.5606068909,16.0,26.0,20.88,0.0,7.7,2.04,0.0,0.0,0.0,9619.48,8423.8,11778.09,0.0,0.0,Vegetation,12.96,14.08,57.79,15.17,0.0,0,0.0,Unknown,0,187.88,273.07,273.07,365.51,578.34
cell_01138,80.1225,12.8725,300019.72815987,15.0,24.0,18.81,0.0,5.94,1.6,0.0,0.0,0.0,9357.08,8386.77,11351.63,0.0,0.0,Vegetation,0.26,1.43,63.6,34.51,0.19,0,0.0,Unknown,0,187.88,273.07,273.07,365.51,578.34
cell_01139,80.1225,12.8775,300013.8934762835,14.0,27.0,19.34,0.0,9.36,2.12,0.0,0.0,0.0,9120.69,8386.13,10936.5,0.0,0.0,Vegetation,0.0,0.0,64.48,35.52,0.0,0,0.0,Unknown,0,187.88,273.07,273.07,365.51,578.34
cell_01140,80.1225,12.8825,300008.0565561429,15.0,23.0,18.4,0.0,5.46,1.88,0.0,0.0,0.0,8867.55,8421.87,10534.05,0.0,0.0,Vegetation,0.0,0.0,68.5,31.5,0.0,0,0.0,Unknown,0,187.88,273.07,273.07,365.51,578.34
cell_01141,80.1225,12.8875,300002.21739994927,16.0,29.0,20.78,0.0,8.59,2.61,0.0,0.0,0.0,8492.6,8493.54,10145.79,0.0,0.0,Cropland,1.62,0.0,24.38,73.99,0.0,0,0.0,Unknown,0,187.88,273.07,273.07,365.51,578.34
cell_01142,80.1225,12.8925,299996.3760071772,15.0,24.0,19.89,0.0,8.66,2.21,0.0,0.0,0.0,7950.61,8600.24,9773.4,0.0,0.0,Vegetation,29.64,0.0,37.05,31.69,1.62,0,0.0,Unknown,0,187.88,273.07,273.07,365.51,578.34
cell_01143,80.1225,12.8975,299990.53237771126,19.0,30.0,22.62,0.0,8.75,2.15,0.0,0.0,0.0,7410.24,8740.69,9418.77,0.0,0.0,Vegetation,15.04,0.0,70.02,14.78,0.17,0,0.0,Unknown,0,187.88,273.07,273.07,365.51,578.34
cell_01144,80.1225,12.9025,299984.68651244766,17.0,29.0,24.46,0.0,7.66,2.3,0.0,0.0,0.0,6871.87,8913.29,9083.98,0.0,0.0,Vegetation,24.9,0.0,74.09,1.01,0.0,0,0.0,Unknown,0,187.88,273.07,273.07,365.51,578.34
cell_01145,80.1225,12.9075,299978.83841078205,18.0,39.0,27.53,0.0,9.89,2.94,0.0,0.0,0.0,6336.03,9116.22,8771.3,0.0,0.0,Built-up,57.79,0.0,36.53,5.68,0.0,0,0.0,Unknown,0,187.88,273.07,273.07,365.51,578.34
cell_01146,80.1225,12.9125,299972.98807275755,23.0,39.0,32.13,0.0,8.75,2.37,0.0,0.0,0.0,5803.4,9347.49,8483.18,0.0,0.0,Vegetation,38.05,0.0,60.43,0.63,0.89,0,0.0,Unknown,0,187.88,273.07,273.07,365.51,578.34
cell_01147,80.1225,12.9175,299967.1354984484,27.0,43.0,36.15,0.0,8.23,2.58,0.0,0.0,0.0,5274.97,9605.08,8222.2,0.0,0.0,Vegetation,4.35,0.0,94.48,1.17,0.0,0,0.0,Unknown,0,187.88,273.07,273.07,365.51,578.34
cell_01148,80.1225,12.9225,299961.2806881505,28.0,45.0,39.12,0.0,10.56,2.31,0.0,0.0,0.0,4752.13,9689.16,7991.02,0.0,0.0,Vegetation,13.73,0.0,85.81,0.13,0.32,0,0.0,Unknown,0,187.88,273.07,273.07,365.51,578.34
cell_01149,80.1225,12.9275,299955.42364162265,23.0,39.0,31.84,0.0,11.67,2.61,0.0,0.0,0.0,4236.95,9194.11,7792.29,0.0,0.0,Built-up,54.48,0.0,43.4,1.88,0.23,0,0.0,Unknown,0,187.88,273.07,273.07,365.51,578.34
cell_01150,80.1225,12.9325,299949.56435901934,21.0,36.0,30.11,0.0,11.31,2.31,0.0,0.0,0.0,3732.6,8706.03,7620.99,0.0,0.0,Built-up,76.82,0.03,16.66,6.23,0.26,0,0.0,Unknown,0,187.88,273.07,273.07,365.51,578.34
cell_01151,80.1225,12.9375,299943.7028402402,21.0,43.0,33.1,0.0,6.51,2.48,0.0,0.0,0.0,3244.15,8226.17,7303.82,0.0,0.0,Built-up,71.79,1.23,25.78,1.04,0.16,0,0.0,Unknown,0,187.88,273.07,273.07,365.51,578.34
cell_01152,80.1225,12.9425,299937.83908561233,21.0,100.0,42.08,0.0,33.54,8.82,0.0,0.0,0.0,2779.98,7756.05,6875.66,0.0,0.0,Vegetation,45.19,0.0,54.81,0.0,0.0,0,0.0,Unknown,0,187.88,273.07,273.07,365.51,578.34
cell_01153,80.1225,12.9475,299931.97309476975,18.0,38.0,24.44,0.0,14.54,2.37,0.0,0.0,0.0,2354.51,7297.56,6466.47,0.0,0.0,Built-up,72.18,0.0,25.71,1.98,0.13,0,0.0,Unknown,0,187.88,273.07,273.07,365.51,578.34
cell_01154,80.1225,12.9525,299926.1048682905,10.0,25.0,15.43,0.0,10.4,1.75,0.0,0.0,0.0,1902.86,6853.03,6080.07,0.0,0.0,Vegetation,8.47,12.99,51.43,27.11,0.0,0,0.0,Unknown,0,187.88,273.07,273.07,365.51,578.34
cell_01155,80.1225,12.9575,299920.23440564953,11.0,19.0,14.55,0.0,6.81,1.57,0.0,0.0,0.0,1432.04,6425.36,5721.1,0.0,0.0,Vegetation,24.07,1.79,58.28,15.8,0.07,0,0.0,Unknown,0,187.88,273.07,273.07,365.51,578.34
cell_01156,80.1225,12.9625,299914.36170704925,10.0,21.0,13.87,0.0,8.29,2.04,0.0,0.0,0.0,1044.81,6018.15,5395.02,0.0,0.0,Built-up,43.34,0.0,35.36,19.81,1.49,0,0.0,Unknown,0,187.88,273.07,273.07,365.51,578.34
cell_01157,80.1225,12.9675,299908.48677268974,0.0,64.0,21.34,0.0,27.73,7.5,0.0,0.0,0.0,819.23,5635.83,5108.14,0.0,0.0,Vegetation,19.42,10.0,62.18,2.24,6.17,0,0.0,Unknown,0,187.88,273.07,273.07,365.51,578.34
cell_01158,80.1225,12.9725,299902.6096025179,-1.0,41.0,20.15,0.0,26.9,4.38,0.0,0.0,0.0,575.15,5283.81,4867.4,0.0,0.0,Built-up,72.0,1.49,24.63,0.86,1.02,0,0.0,Unknown,0,187.88,273.07,273.07,365.51,578.34
cell_01159,80.1225,12.9775,299896.7301964514,10.0,21.0,15.71,0.0,7.59,2.56,0.0,0.0,0.0,423.36,4968.52,4654.26,0.0,0.0,Built-up,51.2,0.0,43.51,4.45,0.84,0,0.0,Unknown,0,187.88,273.07,273.07,365.51,578.34
cell_01160,80.1225,12.9825,299890.8485546288,12.0,20.0,15.87,0.0,5.59,2.02,0.0,0.0,0.0,328.87,4697.39,4402.45,0.0,0.0,Built-up,91.14,0.0,8.54,0.1,0.23,0,0.0,Unknown,0,187.88,273.07,273.07,365.51,578.34
cell_01161,80.1225,12.9875,299884.96467723546,4.0,18.0,11.71,0.0,11.48,2.86,0.0,0.0,0.0,90.21,4478.42,3921.52,0.0,0.0,Vegetation,30.08,0.17,55.14,14.58,0.03,0,0.0,Unknown,0,187.88,273.07,273.07,365.51,578.34
cell_01162,80.1225,12.9925,299879.07856407674,9.0,18.0,12.91,0.0,6.89,2.06,0.0,0.0,0.0,448.98,4319.57,3461.29,0.0,0.0,Vegetation,10.71,0.0,58.9,30.39,0.0,0,0.0,Unknown,0,187.88,273.07,273.07,365.51,578.34
cell_01163,80.1225,12.9975,299873.19021522615,11.0,19.0,14.23,0.0,6.15,2.12,0.0,0.0,0.0,886.17,4227.61,3032.22,0.0,0.0,Built-up,50.62,0.0,27.73,21.36,0.29,0,0.0,Unknown,0,187.88,273.07,273.07,365.51,578.34
cell_01164,80.1225,13.0025,299867.29963071254,10.0,21.0,14.9,0.0,5.86,2.1,0.0,0.0,0.0,1393.3,4206.93,2649.49,0.0,0.0,Built-up,48.89,0.0,43.34,6.61,1.16,0,0.0,Unknown,0,187.88,273.07,273.07,365.51,578.34
cell_01165,80.1225,13.0075,299861.4068107995,11.0,20.0,15.12,0.0,7.39,2.12,0.0,0.0,0.0,1925.84,4258.57,2335.98,0.0,0.0,Vegetation,23.93,0.0,53.96,19.77,2.34,0,0.0,Unknown,0,187.88,273.07,273.07,365.51,578.34
cell_01166,80.1225,13.0125,299855.51175515074,11.0,25.0,18.28,0.0,8.16,2.4,0.0,0.0,0.0,2432.41,4379.98,2122.59,0.0,0.0,Built-up,47.86,0.0,33.41,18.34,0.39,0,0.0,Unknown,0,187.88,273.07,273.07,365.51,578.34
cell_01167,80.1225,13.0175,299849.6144640621,14.0,21.0,16.86,0.0,4.84,1.9,0.0,0.0,0.0,2901.8,4565.59,2040.98,0.0,0.0,Vegetation,30.58,0.0,36.33,32.99,0.1,0,0.0,Unknown,0,187.88,273.07,273.07,365.51,578.34
cell_01168,80.1225,13.0225,299843.71493749716,15.0,23.0,18.16,0.0,5.15,1.91,0.0,0.0,0.0,2874.26,4702.63,2004.42,0.0,0.0,Vegetation,41.49,0.0,49.68,8.77,0.06,0,0.0,Unknown,0,187.88,273.07,273.07,365.51,578.34
cell_01169,80.1225,13.0275,299837.8131752802,13.0,19.0,16.21,0.0,4.81,1.77,0.0,0.0,0.0,2675.71,4153.63,2035.76,0.0,0.0,Vegetation,8.8,0.0,52.27,38.9,0.03,0,0.0,Unknown,0,187.88,273.07,273.07,365.51,578.34
cell_01170,80.1225,13.0325,299831.90917809913,11.0,23.0,16.89,0.0,5.66,2.07,0.0,0.0,0.0,2421.75,3605.84,2209.64,0.0,0.0,Vegetation,40.4,0.0,43.4,15.83,0.36,0,0.0,Unknown,0,187.88,273.07,273.07,365.51,578.34
cell_01171,80.1225,13.0375,299826.0029452861,12.0,20.0,17.17,0.0,6.03,2.11,0.0,0.0,0.0,2153.47,3059.94,2496.46,0.0,0.0,Built-up,95.19,0.0,4.22,0.19,0.39,0,0.0,Unknown,0,187.88,273.07,273.07,365.51,578.34
cell_01172,80.1225,13.0425,299820.0944769175,14.0,23.0,18.65,0.0,7.53,2.16,0.0,0.0,0.0,2005.39,2516.77,2862.47,0.0,0.0,Built-up,77.08,0.0,21.2,0.29,1.43,0,0.0,Unknown,0,187.88,273.07,273.07,365.51,578.34
cell_01173,80.1225,13.0475,299814.1837736034,13.0,25.0,18.39,0.0,6.72,2.44,0.0,0.0,0.0,2004.34,1974.27,3281.27,0.0,0.0,Built-up,67.47,0.0,26.88,4.2,1.45,0,0.0,Unknown,0,187.88,273.07,273.07,365.51,578.34
cell_01174,80.1225,13.0525,299808.27083493024,13.0,26.0,18.88,0.0,6.91,2.43,0.0,0.0,0.0,2089.08,1429.16,3677.99,0.0,0.0,Built-up,58.02,0.0,34.35,6.69,0.94,0,0.0,Unknown,0,187.88,273.07,273.07,365.51,578.34
cell_01175,80.1225,13.0575,299802.3556607982,8.0,27.0,17.55,0.0,10.87,3.32,0.0,0.0,0.0,2266.76,884.37,3983.79,0.0,0.0,Built-up,59.06,0.0,38.67,1.75,0.52,0,0.0,Unknown,0,187.88,273.07,273.07,365.51,578.34
cell_01176,80.1225,13.0625,299796.4382518656,8.0,27.0,18.25,0.0,10.93,3.11,0.0,0.0,0.0,2464.47,357.59,4338.8,0.0,0.0,Vegetation,34.08,0.0,55.14,10.78,0.0,0,0.0,Unknown,0,187.88,273.07,273.07,365.51,578.34
cell_01177,80.1225,13.0675,299790.5186075129,10.0,26.0,19.22,0.0,9.66,3.25,0.0,0.0,0.0,2519.7,115.85,4731.95,591.74,0.001974,Built-up,63.99,0.0,21.85,12.66,1.49,0,0.0,Unknown,0,187.88,273.07,273.07,365.51,578.34
cell_01178,80.1225,13.0725,299784.59672770434,13.0,26.0,19.63,0.0,8.29,2.49,0.0,0.0,0.0,2689.95,633.44,4537.42,0.0,0.0,Built-up,82.31,0.0,15.36,2.05,0.29,0,0.0,Unknown,0,187.88,273.07,273.07,365.51,578.34
cell_01179,80.1225,13.0775,299778.6726135397,13.0,24.0,18.87,0.0,8.52,2.36,0.0,0.0,0.0,2955.39,1084.94,4130.66,0.0,0.0,Built-up,89.88,0.0,6.74,3.17,0.2,0,0.0,Unknown,0,187.88,273.07,273.07,365.51,578.34
cell_01180,80.1225,13.0825,299772.74626386265,13.0,24.0,17.89,0.0,8.23,2.66,0.0,0.0,0.0,2753.69,1241.09,3761.39,0.0,0.0,Built-up,58.21,0.0,20.88,20.75,0.16,0,0.0,Unknown,0,187.88,273.07,273.07,365.51,578.34
cell_01181,80.1225,13.0875,299766.8176790003,12.0,25.0,18.21,0.0,7.85,2.77,0.0,0.0,0.0,2450.99,1436.24,3441.72,0.0,0.0,Vegetation,19.21,0.0,48.03,32.1,0.66,0,0.0,Unknown,0,187.88,273.07,273.07,365.51,578.34
cell_01182,80.1225,13.0925,299760.8868595326,13.0,26.0,19.78,0.0,6.41,2.54,0.0,0.0,0.0,2171.61,1716.0,3186.6,0.0,0.0,Cropland,19.64,0.0,39.71,39.94,0.71,0,0.0,Unknown,0,187.88,273.07,273.07,365.51,578.34
cell_01183,80.1225,13.0975,299754.9538051237,15.0,25.0,19.47,0.0,7.84,2.41,0.0,0.0,0.0,1766.17,2085.46,2988.41,0.0,0.0,Vegetation,2.6,0.0,55.29,42.11,0.0,0,0.0,Unknown,0,187.88,273.07,273.07,365.51,578.34
cell_01184,80.1225,13.1025,299749.01851529663,16.0,35.0,23.72,0.0,8.53,2.59,0.0,0.0,0.0,1460.96,2506.66,2806.68,0.0,0.0,Vegetation,26.94,0.0,51.5,21.55,0.0,0,0.0,Unknown,0,187.88,273.07,273.07,365.51,578.34
cell_01185,80.1225,13.1075,299743.08099108684,17.0,32.0,24.78,0.0,7.85,2.65,0.0,0.0,0.0,1327.06,2798.22,2726.89,0.0,0.0,Built-up,61.17,0.0,35.52,2.89,0.42,0,0.0,Unknown,0,187.88,273.07,273.07,365.51,578.34
cell_01186,80.1225,13.1125,299737.14123170084,13.0,32.0,23.94,0.0,7.5,3.02,0.0,0.0,0.0,1374.57,3141.96,2757.9,0.0,0.0,Vegetation,27.24,0.0,57.73,14.48,0.55,0,0.0,Unknown,0,187.88,273.07,273.07,365.51,578.34
cell_01187,80.1225,13.1175,299731.1992377987,14.0,28.0,22.94,0.0,9.2,2.73,0.0,0.0,0.0,1548.13,3495.8,2896.16,0.0,0.0,Vegetation,28.99,0.0,64.1,5.92,0.99,0,0.0,Unknown,0,187.88,273.07,273.07,365.51,578.34
cell_01188,80.1225,13.1225,299725.25500876067,16.0,30.0,22.54,0.0,11.6,2.42,0.0,0.0,0.0,1874.98,3857.52,3127.47,0.0,0.0,Built-up,83.73,0.0,11.01,5.06,0.19,0,0.0,Unknown,0,187.88,273.07,273.07,365.51,578.34
cell_01189,80.1225,13.1275,299719.30854540126,18.0,32.0,26.48,0.0,7.39,2.37,0.0,0.0,0.0,2208.88,4243.85,3433.07,0.0,0.0,Built-up,49.22,0.0,38.9,5.13,6.75,0,0.0,Unknown,0,187.88,273.07,273.07,365.51,578.34
cell_01190,80.1225,13.1325,299713.3598469909,21.0,34.0,27.1,0.0,10.43,2.86,0.0,0.0,0.0,2262.81,4647.62,3795.07,0.0,0.0,Vegetation,15.5,0.0,63.04,21.06,0.4,0,0.0,Unknown,0,187.88,273.07,273.07,365.51,578.34
cell_01191,80.1225,13.1375,299707.4089140779,20.0,40.0,25.41,0.0,15.93,2.23,0.0,0.0,0.0,1801.04,5068.92,4198.89,0.0,0.0,Vegetation,5.1,14.42,69.09,11.27,0.13,0,0.0,Unknown,0,187.88,273.07,273.07,365.51,578.34
cell_01192,80.1225,13.1425,299701.455746468,11.0,29.0,22.02,0.0,17.26,2.73,0.0,0.0,0.0,1400.88,5513.53,4633.62,0.0,0.0,Vegetation,4.68,2.4,68.51,24.38,0.03,0,0.0,Unknown,0,187.88,273.07,273.07,365.51,578.34
cell_01193,80.1225,13.1475,299695.5003442999,12.0,24.0,18.81,0.0,8.13,2.54,0.0,0.0,0.0,1112.7,5976.27,5091.35,0.0,0.0,Cropland,2.08,0.0,31.64,66.28,0.0,0,0.0,Unknown,0,187.88,273.07,273.07,365.51,578.34
cell_01194,80.1225,13.1525,299689.5427072842,14.0,21.0,17.06,0.0,6.15,1.98,0.0,0.0,0.0,1060.82,6449.8,5566.4,0.0,0.0,Cropland,0.0,0.0,15.03,84.97,0.0,0,0.0,Unknown,0,187.88,273.07,273.07,365.51,578.34
cell_01195,80.1225,13.1575,299683.58283622144,13.0,21.0,17.02,0.0,6.41,1.76,0.0,0.0,0.0,1234.69,6928.37,6054.7,0.0,0.0,Cropland,8.67,0.0,7.73,83.51,0.1,0,0.0,Unknown,0,187.88,273.07,273.07,365.51,578.34
cell_01196,80.1225,13.1625,299677.6207303185,15.0,23.0,18.7,0.0,5.25,1.92,0.0,0.0,0.0,1541.46,7412.13,6553.29,0.0,0.0,Cropland,5.88,0.0,12.1,81.98,0.03,0,0.0,Unknown,0,187.88,273.07,273.07,365.51,578.34
cell_01197,80.1225,13.1675,299671.656390107,17.0,25.0,20.25,0.0,4.76,1.78,0.0,0.0,0.0,1959.43,7904.43,7059.99,0.0,0.0,Cropland,0.0,0.0,0.0,100.0,0.0,0,0.0,Unknown,0,187.88,273.07,273.07,365.51,578.34
cell_01198,80.1225,13.1725,299665.6898153471,19.0,29.0,24.19,0.0,5.79,1.99,0.0,0.0,0.0,2431.92,8404.28,7291.89,0.0,0.0,Cropland,0.0,0.0,32.05,67.79,0.16,0,0.0,Unknown,0,187.88,273.07,273.07,365.51,578.34
cell_01199,80.1225,13.1775,299659.7210061916,22.0,35.0,28.35,0.0,7.53,2.81,0.0,0.0,0.0,2932.7,8797.88,7198.94,0.0,0.0,Cropland,2.12,0.0,29.32,68.5,0.07,0,0.0,Unknown,0,187.88,273.07,273.07,365.51,578.34
cell_01200,80.1225,13.1825,299653.7499627458,28.0,40.0,33.98,0.0,6.93,2.55,0.0,0.0,0.0,3449.48,9119.7,7147.68,0.0,0.0,Built-up,76.3,0.0,8.8,14.58,0.32,0,0.0,Unknown,0,187.88,273.07,273.07,365.51,578.34
cell_01201,80.1225,13.1875,299647.77668516344,35.0,45.0,40.8,0.0,4.84,1.64,0.0,0.0,0.0,3976.01,9462.91,7139.02,0.0,0.0,Vegetation,16.1,0.0,83.38,0.52,0.0,0,0.0,Unknown,0,187.88,273.07,273.07,365.51,578.34
cell_01202,80.1225,13.1925,299641.80117296777,32.0,44.0,37.89,0.0,5.71,1.7,0.0,0.0,0.0,4100.66,9769.54,7171.8,0.0,0.0,Vegetation,0.0,0.0,51.14,48.86,0.0,0,0.0,Unknown,0,187.88,273.07,273.07,365.51,578.34
cell_01203,80.1225,13.1975,299635.823426642,27.0,37.0,31.34,0.0,5.66,1.95,0.0,0.0,0.0,4272.63,10089.54,7242.55,0.0,0.0,Cropland,10.52,0.0,17.53,69.29,2.66,0,0.0,Unknown,0,187.88,273.07,273.07,365.51,578.34
cell_01204,80.1225,13.2025,299629.8434460408,21.0,35.0,26.77,0.0,8.52,2.88,0.0,0.0,0.0,4499.77,10429.06,7354.31,0.0,0.0,Cropland,29.87,0.0,24.94,35.06,10.13,0,0.0,Unknown,0,187.88,273.07,273.07,365.51,578.34
cell_01205,80.1225,13.2075,299623.8612316016,14.0,28.0,21.06,0.0,6.83,2.31,0.0,0.0,0.0,4780.1,10786.27,7505.25,0.0,0.0,Cropland,15.83,4.63,35.67,39.87,4.0,0,0.0,Unknown,0,187.88,273.07,273.07,365.51,578.34
cell_01206,80.1225,13.2125,299617.8767825946,17.0,32.0,24.62,0.0,7.84,2.78,0.0,0.0,0.0,5105.13,11159.45,7693.08,0.0,0.0,Vegetation,9.38,0.0,63.02,27.6,0.0,0,0.0,Unknown,0,187.88,273.07,273.07,365.51,578.34
cell_01207,80.1225,13.2175,299611.8900994243,20.0,33.0,26.66,0.0,6.72,2.81,0.0,0.0,0.0,5466.9,11547.06,7915.15,0.0,0.0,Vegetation,3.25,0.0,67.47,28.93,0.36,0,0.0,Unknown,0,187.88,273.07,273.07,365.51,578.34
cell_01208,80.1225,13.2225,299605.9011825291,18.0,35.0,23.71,0.0,10.39,3.58,0.0,0.0,0.0,5835.46,11947.71,8168.69,0.0,0.0,Cropland,0.26,0.33,17.02,79.8,2.58,0,0.0,Unknown,0,187.88,273.07,273.07,365.51,578.34
cell_01209,80.1225,13.2275,299599.9100315572,16.0,33.0,24.51,0.0,9.36,3.06,0.0,0.0,0.0,6203.16,12360.11,8450.85,0.0,0.0,Vegetation,6.33,0.0,47.86,44.87,0.94,0,0.0,Unknown,0,187.88,273.07,273.07,365.51,578.34
cell_01210,80.1225,13.2325,299593.9166464727,15.0,44.0,29.71,0.0,9.36,3.48,0.0,0.0,0.0,6596.78,12783.14,8758.88,0.0,0.0,Vegetation,0.42,0.0,61.33,22.95,15.29,0,0.0,Unknown,0,187.88,273.07,273.07,365.51,578.34
cell_01211,80.1225,13.2375,299587.92102730233,15.0,39.0,24.38,0.0,8.3,3.44,0.0,0.0,0.0,7011.94,13215.76,9090.14,0.0,0.0,Cropland,1.65,0.0,44.07,46.15,8.13,0,0.0,Unknown,0,187.88,273.07,273.07,365.51,578.34
cell_01212,80.1225,13.2425,299581.9231744363,13.0,26.0,19.6,0.0,7.5,2.34,0.0,0.0,0.0,7445.05,13657.08,9442.19,0.0,0.0,Cropland,7.92,0.0,33.38,58.7,0.0,0,0.0,Unknown,0,187.88,273.07,273.07,365.51,578.34
cell_01213,80.1225,13.2475,299575.9230874768,7.0,23.0,15.84,0.0,9.52,3.11,0.0,0.0,0.0,7893.16,14106.27,9812.79,0.0,0.0,Vegetation,0.0,0.0,52.14,47.82,0.03,0,0.0,Unknown,0,187.88,273.07,273.07,365.51,578.34
cell_01214,80.1225,13.2525,299569.92076662375,0.0,0.0,0.0,0.0,0.0,0.0,0.0,0.0,0.0,8073.72,14356.74,10199.92,0.0,0.0,Unknown,0.0,0.0,0.0,0.0,0.0,0,0.0,Unknown,0,187.88,273.07,273.07,365.51,578.34
cell_01215,80.1275,12.8525,300042.2794450997,22.0,49.0,29.43,0.0,11.67,2.66,0.0,0.0,0.0,9575.32,8227.74,11651.07,0.0,0.0,Vegetation,8.83,0.0,83.9,7.27,0.0,0,0.0,Unknown,0,187.88,273.07,273.07,365.51,578.34
cell_01216,80.1275,12.8575,300036.45375344256,23.0,109.0,57.87,0.0,27.95,13.02,0.0,0.0,0.0,9540.6,8077.05,11659.24,0.0,0.0,Vegetation,0.0,0.0,99.87,0.13,0.0,0,0.0,Unknown,0,187.88,273.07,273.07,365.51,578.34
cell_01217,80.1275,12.8625,300030.62582479866,20.0,74.0,30.0,0.0,25.47,3.92,0.0,0.0,0.0,9453.08,7961.99,11693.59,0.0,0.0,Vegetation,4.08,0.0,95.85,0.06,0.0,0,0.0,Unknown,0,187.88,273.07,273.07,365.51,578.34
cell_01218,80.1275,12.8675,300024.7956598903,18.0,28.0,22.54,0.0,7.8,2.09,0.0,0.0,0.0,9152.59,7884.13,11446.89,0.0,0.0,Vegetation,31.53,5.75,55.65,7.08,0.0,0,0.0,Unknown,0,187.88,273.07,273.07,365.51,578.34
cell_01219,80.1275,12.8725,300018.963258539,15.0,25.0,17.97,0.0,7.5,1.65,0.0,0.0,0.0,8876.4,7844.57,11007.61,0.0,0.0,Cropland,13.68,1.12,39.83,42.28,3.09,0,0.0,Unknown,0,187.88,273.07,273.07,365.51,578.34
cell_01220,80.1275,12.8775,300013.12862042454,13.0,22.0,17.01,0.0,6.65,1.98,0.0,0.0,0.0,8626.86,7843.89,10579.0,0.0,0.0,Vegetation,0.41,0.0,50.83,48.05,0.7,0,0.0,Unknown,0,187.88,273.07,273.07,365.51,578.34
cell_01221,80.1275,12.8825,300007.29174598504,11.0,21.0,16.43,0.0,5.71,1.79,0.0,0.0,0.0,8406.33,7882.1,10162.41,0.0,0.0,Vegetation,7.31,0.0,75.75,15.06,1.88,0,0.0,Unknown,0,187.88,273.07,273.07,365.51,578.34
cell_01222,80.1275,12.8875,300001.4526352638,15.0,23.0,17.49,0.0,4.1,1.78,0.0,0.0,0.0,8119.55,7958.65,9759.38,0.0,0.0,Vegetation,1.72,0.0,52.49,44.9,0.89,0,0.0,Unknown,0,187.88,273.07,273.07,365.51,578.34
cell_01223,80.1275,12.8925,299995.61128814623,15.0,29.0,20.39,0.0,6.98,2.43,0.0,0.0,0.0,7859.63,8072.43,9371.66,0.0,0.0,Vegetation,24.62,0.0,49.84,24.94,0.61,0,0.0,Unknown,0,187.88,273.07,273.07,365.51,578.34
cell_01224,80.1275,12.8975,299989.7677043749,20.0,32.0,27.18,0.0,6.91,2.4,0.0,0.0,0.0,7548.15,8221.91,9001.22,0.0,0.0,Vegetation,9.16,0.0,88.21,2.63,0.0,0,0.0,Unknown,0,187.88,273.07,273.07,365.51,578.34
cell_01225,80.1275,12.9025,299983.9218848612,19.0,31.0,25.55,0.0,9.0,2.57,0.0,0.0,0.0,7020.37,8405.18,8650.3,0.0,0.0,Vegetation,32.27,0.0,64.92,2.81,0.0,0,0.0,Unknown,0,187.88,273.07,273.07,365.51,578.34
cell_01226,80.1275,12.9075,299978.07382874837,23.0,38.0,32.53,0.0,8.13,2.43,0.0,0.0,0.0,6496.78,8620.09,8321.35,0.0,0.0,Vegetation,45.6,0.0,53.03,1.37,0.0,0,0.0,Unknown,0,187.88,273.07,273.07,365.51,578.34
cell_01227,80.1275,12.9125,299972.2235365685,21.0,38.0,29.77,0.0,7.5,2.99,0.0,0.0,0.0,5978.49,8864.33,8017.09,0.0,0.0,Vegetation,37.37,0.0,53.44,7.89,1.3,0,0.0,Unknown,0,187.88,273.07,273.07,365.51,578.34
cell_01228,80.1275,12.9175,299966.3710078282,29.0,41.0,34.55,0.0,5.79,2.06,0.0,0.0,0.0,5467.01,9135.55,7740.42,0.0,0.0,Built-up,50.0,0.0,47.45,1.91,0.64,0,0.0,Unknown,0,187.88,273.07,273.07,365.51,578.34
cell_01229,80.1275,12.9225,299960.5162433919,29.0,41.0,34.69,0.0,6.16,2.08,0.0,0.0,0.0,4964.43,9314.23,7494.4,0.0,0.0,Built-up,70.41,0.0,28.92,0.32,0.35,0,0.0,Unknown,0,187.88,273.07,273.07,365.51,578.34
cell_01230,80.1275,12.9275,299954.65924268577,30.0,38.0,33.92,0.0,5.79,1.9,0.0,0.0,0.0,4473.76,8958.99,7282.14,0.0,0.0,Built-up,71.14,0.0,28.44,0.23,0.19,0,0.0,Unknown,0,187.88,273.07,273.07,365.51,578.34
cell_01231,80.1275,12.9325,299948.8000056108,25.0,37.0,30.85,0.0,7.09,2.56,0.0,0.0,0.0,3999.39,8457.36,7106.67,0.0,0.0,Built-up,61.03,0.0,35.94,2.71,0.32,0,0.0,Unknown,0,187.88,273.07,273.07,365.51,578.34
cell_01232,80.1275,12.9375,299942.9385327638,27.0,39.0,34.02,0.0,6.91,2.51,0.0,0.0,0.0,3547.85,7962.54,6916.86,0.0,0.0,Built-up,57.88,0.0,41.58,0.35,0.19,0,0.0,Unknown,0,187.88,273.07,273.07,365.51,578.34
cell_01233,80.1275,12.9425,299937.0748239346,27.0,101.0,43.58,0.0,29.87,7.3,0.0,0.0,0.0,3129.06,7475.87,6534.93,0.0,0.0,Vegetation,5.65,0.0,94.29,0.06,0.0,0,0.0,Unknown,0,187.88,273.07,273.07,365.51,578.34
cell_01234,80.1275,12.9475,299931.2088788334,20.0,93.0,39.93,0.0,32.84,8.33,0.0,0.0,0.0,2651.86,6999.05,6102.94,0.0,0.0,Vegetation,42.06,0.0,57.27,0.67,0.0,0,0.0,Unknown,0,187.88,273.07,273.07,365.51,578.34
cell_01235,80.1275,12.9525,299925.340698058,13.0,29.0,19.66,0.0,9.55,2.72,0.0,0.0,0.0,2202.4,6534.26,5691.93,0.0,0.0,Built-up,53.76,3.38,17.63,24.94,0.29,0,0.0,Unknown,0,187.88,273.07,273.07,365.51,578.34
cell_01236,80.1275,12.9575,299919.4702814142,12.0,28.0,18.22,0.0,10.2,2.34,0.0,0.0,0.0,1811.19,6084.23,5306.77,0.0,0.0,Built-up,64.42,0.0,19.32,16.2,0.06,0,0.0,Unknown,0,187.88,273.07,273.07,365.51,578.34
cell_01237,80.1275,12.9625,299913.5976285338,11.0,23.0,16.67,0.0,6.93,2.34,0.0,0.0,0.0,1511.82,5652.5,4953.51,0.0,0.0,Built-up,56.79,0.0,25.83,17.19,0.19,0,0.0,Unknown,0,187.88,273.07,273.07,365.51,578.34
cell_01238,80.1275,12.9675,299907.72274013853,13.0,37.0,20.25,0.0,20.07,2.84,0.0,0.0,0.0,1320.56,5243.6,4639.42,0.0,0.0,Built-up,81.54,0.0,17.7,0.64,0.13,0,0.0,Unknown,0,187.88,273.07,273.07,365.51,578.34
cell_01239,80.1275,12.9725,299901.84561589255,16.0,31.0,23.01,0.0,11.29,2.17,0.0,0.0,0.0,1094.44,4863.27,4372.96,0.0,0.0,Built-up,92.5,0.0,7.18,0.29,0.03,0,0.0,Unknown,0,187.88,273.07,273.07,365.51,578.34
cell_01240,80.1275,12.9775,299895.9662556033,12.0,26.0,19.98,0.0,6.93,2.46,0.0,0.0,0.0,957.59,4518.75,4163.28,0.0,0.0,Built-up,69.04,0.61,26.79,1.66,1.91,0,0.0,Unknown,0,187.88,273.07,273.07,365.51,578.34
cell_01241,80.1275,12.9825,299890.0846599282,11.0,22.0,17.7,0.0,5.94,1.98,0.0,0.0,0.0,588.34,4218.82,3923.62,0.0,0.0,Built-up,92.86,0.0,6.41,0.45,0.29,0,0.0,Unknown,0,187.88,273.07,273.07,365.51,578.34
cell_01242,80.1275,12.9875,299884.20082830964,7.0,20.0,14.84,0.0,9.36,2.49,0.0,0.0,0.0,259.8,3973.58,3661.8,0.0,0.0,Built-up,77.86,0.49,16.14,4.64,0.88,0,0.0,Unknown,0,187.88,273.07,273.07,365.51,578.34
cell_01243,80.1275,12.9925,299878.31476107653,4.0,21.0,13.42,0.0,7.26,3.02,0.0,0.0,0.0,194.89,3793.66,3171.78,0.0,0.0,Vegetation,22.48,1.08,58.45,17.6,0.38,0,0.0,Unknown,0,187.88,273.07,273.07,365.51,578.34
cell_01244,80.1275,12.9975,299872.42645827186,9.0,19.0,13.8,0.0,6.72,2.18,0.0,0.0,0.0,741.86,3688.62,2697.24,0.0,0.0,Cropland,11.03,0.0,40.02,48.92,0.03,0,0.0,Unknown,0,187.88,273.07,273.07,365.51,578.34
cell_01245,80.1275,13.0025,299866.5359197007,10.0,19.0,13.93,0.0,5.94,2.04,0.0,0.0,0.0,1231.61,3664.92,2258.44,0.0,0.0,Built-up,45.71,0.0,33.73,18.18,2.37,0,0.0,Unknown,0,187.88,273.07,273.07,365.51,578.34
cell_01246,80.1275,13.0075,299860.6431457379,6.0,19.0,14.34,0.0,9.36,2.49,0.0,0.0,0.0,1672.56,3724.1,1880.85,0.0,0.0,Vegetation,42.79,0.0,53.19,4.02,0.0,0,0.0,Unknown,0,187.88,273.07,273.07,365.51,578.34
cell_01247,80.1275,13.0125,299854.7481361743,10.0,22.0,15.57,0.0,6.93,2.2,0.0,0.0,0.0,2165.57,3862.35,1608.19,0.0,0.0,Built-up,57.27,0.0,32.62,8.99,1.12,0,0.0,Unknown,0,187.88,273.07,273.07,365.51,578.34
cell_01248,80.1275,13.0175,299848.8508911156,12.0,21.0,15.94,0.0,6.81,2.27,0.0,0.0,0.0,2673.31,4071.64,1498.84,0.0,0.0,Cropland,25.52,0.0,24.51,45.49,4.48,0,0.0,Unknown,0,187.88,273.07,273.07,365.51,578.34
cell_01249,80.1275,13.0225,299842.9514105897,13.0,23.0,17.45,0.0,7.09,2.12,0.0,0.0,0.0,2400.15,4341.69,1464.64,0.0,0.0,Built-up,54.53,0.0,24.62,20.66,0.19,0,0.0,Unknown,0,187.88,273.07,273.07,365.51,578.34
cell_01250,80.1275,13.0275,299837.0496943228,11.0,20.0,15.67,0.0,6.03,2.28,0.0,0.0,0.0,2158.43,4010.72,1507.25,0.0,0.0,Built-up,59.44,0.0,19.64,20.63,0.29,0,0.0,Unknown,0,187.88,273.07,273.07,365.51,578.34
cell_01251,80.1275,13.0325,299831.1457433055,13.0,22.0,17.13,0.0,5.59,2.28,0.0,0.0,0.0,2001.39,3483.89,1734.94,0.0,0.0,Built-up,67.21,0.0,18.34,10.06,4.38,0,0.0,Unknown,0,187.88,273.07,273.07,365.51,578.34
cell_01252,80.1275,13.0375,299825.2395565247,13.0,23.0,18.7,0.0,6.93,2.19,0.0,0.0,0.0,1666.78,2966.59,2088.03,0.0,0.0,Built-up,85.94,0.0,9.98,3.64,0.45,0,0.0,Unknown,0,187.88,273.07,273.07,365.51,578.34
cell_01253,80.1275,13.0425,299819.331134416,14.0,24.0,18.91,0.0,8.16,2.31,202.56,0.000676,3.0,1470.49,2464.85,2514.22,0.0,0.0,Built-up,74.55,0.0,20.15,2.68,2.61,0,0.0,Unknown,0,187.88,273.07,273.07,365.51,578.34
cell_01254,80.1275,13.0475,299813.4204771329,13.0,24.0,17.78,0.0,6.15,2.37,367.54,0.001226,4.0,1469.07,1990.44,2939.09,0.0,0.0,Built-up,75.36,0.0,15.88,7.73,1.04,0,0.0,Unknown,0,187.88,273.07,273.07,365.51,578.34
cell_01255,80.1275,13.0525,299807.5075845616,14.0,24.0,18.65,0.0,7.7,2.37,0.0,0.0,0.0,1562.04,1568.4,3220.2,0.0,0.0,Built-up,57.4,0.0,30.87,10.75,0.99,0,0.0,Unknown,0,187.88,273.07,273.07,365.51,578.34
cell_01256,80.1275,13.0575,299801.5924565551,12.0,24.0,17.95,0.0,5.94,2.25,0.0,0.0,0.0,1792.75,1022.95,3565.49,0.0,0.0,Built-up,62.56,0.0,29.91,7.02,0.51,0,0.0,Unknown,0,187.88,273.07,273.07,365.51,578.34
cell_01257,80.1275,13.0625,299795.67509377253,11.0,26.0,17.57,0.0,10.4,2.69,0.0,0.0,0.0,1922.38,470.17,3958.2,0.0,0.0,Built-up,56.92,0.0,31.62,11.46,0.0,0,0.0,Unknown,0,187.88,273.07,273.07,365.51,578.34
cell_01258,80.1275,13.0675,299789.75549554656,9.0,23.0,16.24,0.0,8.53,2.76,0.0,0.0,0.0,1992.71,82.61,4385.61,544.24,0.001815,Built-up,59.85,0.0,29.62,10.08,0.45,0,0.0,Unknown,0,187.88,273.07,273.07,365.51,578.34
cell_01259,80.1275,13.0725,299783.8336621247,11.0,24.0,18.45,0.0,7.85,2.82,0.0,0.0,0.0,2204.05,635.45,4207.74,0.0,0.0,Built-up,80.42,0.06,12.28,6.7,0.54,0,0.0,Unknown,0,187.88,273.07,273.07,365.51,578.34
cell_01260,80.1275,13.0775,299777.9095940233,7.0,27.0,17.88,0.0,9.66,3.24,0.0,0.0,0.0,2521.19,1188.41,3765.54,0.0,0.0,Built-up,51.46,0.0,29.45,18.7,0.39,0,0.0,Unknown,0,187.88,273.07,273.07,365.51,578.34
cell_01261,80.1275,13.0825,299771.98329067085,11.0,27.0,19.6,0.0,10.3,2.81,0.0,0.0,0.0,2351.35,1741.4,3356.36,0.0,0.0,Vegetation,26.88,0.0,41.71,30.93,0.48,0,0.0,Unknown,0,187.88,273.07,273.07,365.51,578.34
cell_01262,80.1275,13.0875,299766.0547520623,11.0,27.0,17.95,0.0,10.7,3.25,0.0,0.0,0.0,1988.33,1933.21,2993.75,0.0,0.0,Vegetation,20.71,0.0,53.8,25.42,0.06,0,0.0,Unknown,0,187.88,273.07,273.07,365.51,578.34
cell_01263,80.1275,13.0925,299760.12397884065,12.0,24.0,17.01,0.0,8.29,2.45,0.0,0.0,0.0,1729.06,2172.18,2696.59,0.0,0.0,Built-up,45.82,0.0,42.92,10.65,0.61,0,0.0,Unknown,0,187.88,273.07,273.07,365.51,578.34
cell_01264,80.1275,13.0975,299754.1909705445,10.0,26.0,16.57,0.0,18.73,3.37,0.0,0.0,0.0,1405.7,2481.92,2488.42,0.0,0.0,Vegetation,11.99,0.0,60.08,27.9,0.03,0,0.0,Unknown,0,187.88,273.07,273.07,365.51,578.34
cell_01265,80.1275,13.1025,299748.2557271996,9.0,28.0,16.63,0.0,19.78,3.26,0.0,0.0,0.0,995.54,2859.36,2284.31,0.0,0.0,Vegetation,26.4,0.0,44.29,28.93,0.39,0,0.0,Unknown,0,187.88,273.07,273.07,365.51,578.34
cell_01266,80.1275,13.1075,299742.318249212,14.0,29.0,20.66,0.0,10.43,3.26,0.0,0.0,0.0,786.0,3252.98,2185.54,0.0,0.0,Built-up,53.89,0.0,39.76,6.25,0.1,0,0.0,Unknown,0,187.88,273.07,273.07,365.51,578.34
cell_01267,80.1275,13.1125,299736.37853627885,15.0,26.0,19.36,0.0,7.53,2.53,0.0,0.0,0.0,840.4,3563.88,2224.13,0.0,0.0,Built-up,62.18,0.0,34.82,1.95,1.05,0,0.0,Unknown,0,187.88,273.07,273.07,365.51,578.34
cell_01268,80.1275,13.1175,299730.4365886626,16.0,26.0,19.34,0.0,6.72,1.98,0.0,0.0,0.0,1101.61,3911.28,2393.43,0.0,0.0,Built-up,53.47,0.0,40.71,4.51,1.3,0,0.0,Unknown,0,187.88,273.07,273.07,365.51,578.34
cell_01269,80.1275,13.1225,299724.4924058385,17.0,27.0,22.27,0.0,5.46,2.13,0.0,0.0,0.0,1460.24,4266.73,2668.69,0.0,0.0,Built-up,95.54,0.0,3.92,0.32,0.22,0,0.0,Unknown,0,187.88,273.07,273.07,365.51,578.34
cell_01270,80.1275,13.1275,299718.5459888921,21.0,34.0,27.7,0.0,6.93,2.26,0.0,0.0,0.0,1782.93,4631.21,3021.07,0.0,0.0,Built-up,77.93,0.0,21.43,0.38,0.26,0,0.0,Unknown,0,187.88,273.07,273.07,365.51,578.34
cell_01271,80.1275,13.1325,299712.5973369348,22.0,40.0,32.62,0.0,10.78,2.84,0.0,0.0,0.0,1915.47,5018.16,3426.87,0.0,0.0,Vegetation,48.93,0.0,50.23,0.84,0.0,0,0.0,Unknown,0,187.88,273.07,273.07,365.51,578.34
cell_01272,80.1275,13.1375,299706.64645032503,25.0,45.0,31.04,0.0,13.46,3.29,0.0,0.0,0.0,1504.49,5421.56,3869.32,0.0,0.0,Vegetation,25.57,0.0,71.84,2.58,0.0,0,0.0,Unknown,0,187.88,273.07,273.07,365.51,578.34
cell_01273,80.1275,13.1425,299700.6933292635,20.0,29.0,25.47,0.0,6.93,2.16,0.0,0.0,0.0,1035.37,5839.38,4337.22,0.0,0.0,Vegetation,13.97,0.0,79.72,6.28,0.03,0,0.0,Unknown,0,187.88,273.07,273.07,365.51,578.34
cell_01274,80.1275,13.1475,299694.73797342967,16.0,26.0,21.24,0.0,6.16,2.26,0.0,0.0,0.0,630.6,6278.14,4823.16,0.0,0.0,Cropland,1.59,0.0,44.42,53.77,0.23,0,0.0,Unknown,0,187.88,273.07,273.07,365.51,578.34
cell_01275,80.1275,13.1525,299688.7803830091,13.0,21.0,16.51,0.0,6.03,2.16,0.0,0.0,0.0,533.78,6733.75,5322.21,0.0,0.0,Cropland,1.31,0.0,21.84,75.92,0.92,0,0.0,Unknown,0,187.88,273.07,273.07,365.51,578.34
cell_01276,80.1275,13.1575,299682.8205581557,13.0,22.0,17.21,0.0,6.16,1.88,0.0,0.0,0.0,769.08,7202.94,5831.0,0.0,0.0,Cropland,6.09,0.0,18.08,75.73,0.1,0,0.0,Unknown,0,187.88,273.07,273.07,365.51,578.34
cell_01277,80.1275,13.1625,299676.8584989119,15.0,29.0,21.02,0.0,6.81,2.27,0.0,0.0,0.0,1201.31,7495.01,6347.19,0.0,0.0,Cropland,21.72,0.0,13.93,64.32,0.03,0,0.0,Unknown,0,187.88,273.07,273.07,365.51,578.34
cell_01278,80.1275,13.1675,299670.8942050842,17.0,29.0,22.47,0.0,10.82,2.75,0.0,0.0,0.0,1704.83,7752.85,6869.12,0.0,0.0,Cropland,7.3,0.0,17.28,75.41,0.0,0,0.0,Unknown,0,187.88,273.07,273.07,365.51,578.34
cell_01279,80.1275,13.1725,299664.9276768729,21.0,31.0,24.49,0.0,7.53,1.98,0.0,0.0,0.0,2231.89,8040.5,6762.41,0.0,0.0,Cropland,0.0,0.0,11.51,88.49,0.0,0,0.0,Unknown,0,187.88,273.07,273.07,365.51,578.34
cell_01280,80.1275,13.1775,299658.958914274,24.0,36.0,29.19,0.0,5.46,1.97,0.0,0.0,0.0,2769.09,8354.9,6662.09,0.0,0.0,Cropland,12.21,0.0,20.19,67.5,0.1,0,0.0,Unknown,0,187.88,273.07,273.07,365.51,578.34
cell_01281,80.1275,13.1825,299652.9879174247,28.0,40.0,34.04,0.0,6.03,2.02,0.0,0.0,0.0,3311.49,8693.14,6606.68,0.0,0.0,Vegetation,44.01,0.0,45.85,10.08,0.06,0,0.0,Unknown,0,187.88,273.07,273.07,365.51,578.34
cell_01282,80.1275,13.1875,299647.01468617946,37.0,46.0,40.67,0.0,5.15,1.77,0.0,0.0,0.0,3460.85,9012.3,6597.32,0.0,0.0,Vegetation,0.1,0.0,80.84,19.07,0.0,0,0.0,Unknown,0,187.88,273.07,273.07,365.51,578.34
cell_01283,80.1275,13.1925,299641.0392206592,30.0,44.0,36.99,0.0,6.15,2.14,0.0,0.0,0.0,3578.6,9325.5,6632.33,0.0,0.0,Vegetation,0.0,0.0,62.34,37.56,0.1,0,0.0,Unknown,0,187.88,273.07,273.07,365.51,578.34
cell_01284,80.1275,13.1975,299635.0615209702,25.0,37.0,31.18,0.0,7.7,2.3,0.0,0.0,0.0,3771.64,9660.23,6708.78,0.0,0.0,Vegetation,0.16,0.0,55.36,44.2,0.29,0,0.0,Unknown,0,187.88,273.07,273.07,365.51,578.34
cell_01285,80.1275,13.2025,299629.08158690407,18.0,32.0,25.87,0.0,8.8,2.92,0.0,0.0,0.0,4026.8,10014.33,6829.3,0.0,0.0,Cropland,15.88,0.0,39.32,44.2,0.61,0,0.0,Unknown,0,187.88,273.07,273.07,365.51,578.34
cell_01286,80.1275,13.2075,299623.0994190548,14.0,28.0,19.33,0.0,6.89,2.66,0.0,0.0,0.0,4337.81,10385.81,6991.6,0.0,0.0,Water,1.66,56.3,26.82,15.16,0.06,0,0.0,Unknown,0,187.88,273.07,273.07,365.51,578.34
cell_01287,80.1275,13.2125,299617.11501663,10.0,32.0,21.92,0.0,10.93,3.2,0.0,0.0,0.0,4693.57,10772.89,7192.86,0.0,0.0,Vegetation,5.23,25.48,51.47,17.73,0.1,0,0.0,Unknown,0,187.88,273.07,273.07,365.51,578.34
cell_01288,80.1275,13.2175,299611.1283803027,15.0,34.0,24.31,0.0,13.47,3.14,0.0,0.0,0.0,5066.03,11173.93,7429.91,0.0,0.0,Cropland,4.02,0.06,47.0,48.88,0.03,0,0.0,Unknown,0,187.88,273.07,273.07,365.51,578.34
cell_01289,80.1275,13.2225,299605.13950998965,17.0,34.0,25.15,0.0,9.0,3.57,0.0,0.0,0.0,5429.52,11587.48,7699.45,0.0,0.0,Cropland,0.0,0.0,15.19,84.68,0.13,0,0.0,Unknown,0,187.88,273.07,273.07,365.51,578.34
cell_01290,80.1275,13.2275,299599.14840559225,22.0,39.0,32.33,0.0,10.82,3.0,0.0,0.0,0.0,5822.92,12012.27,7998.19,0.0,0.0,Vegetation,17.47,0.0,45.7,36.83,0.0,0,0.0,Unknown,0,187.88,273.07,273.07,365.51,578.34
cell_01291,80.1275,13.2325,299593.1550671701,26.0,43.0,32.37,0.0,7.53,2.63,0.0,0.0,0.0,6240.57,12447.13,8323.0,0.0,0.0,Vegetation,1.69,2.77,57.33,12.79,25.41,0,0.0,Unknown,0,187.88,273.07,273.07,365.51,578.34
cell_01292,80.1275,13.2375,299587.1594948912,14.0,35.0,23.21,0.0,11.47,3.37,0.0,0.0,0.0,6677.93,12891.04,8670.94,0.0,0.0,Vegetation,10.26,0.19,47.47,21.82,20.26,0,0.0,Unknown,0,187.88,273.07,273.07,365.51,578.34
cell_01293,80.1275,13.2425,299581.16168870364,9.0,33.0,16.23,0.0,10.77,3.3,0.0,0.0,0.0,7130.69,13343.11,9039.34,0.0,0.0,Vegetation,1.79,0.0,49.39,47.96,0.86,0,0.0,Unknown,0,187.88,273.07,273.07,365.51,578.34
cell_01294,80.1275,13.2475,299575.1616484778,7.0,23.0,15.56,0.0,7.66,3.0,0.0,0.0,0.0,7584.3,13802.53,9425.8,0.0,0.0,Vegetation,0.0,0.0,56.92,43.08,0.0,0,0.0,Unknown,0,187.88,273.07,273.07,365.51,578.34
cell_01295,80.1275,13.2525,299569.15937431913,0.0,0.0,0.0,0.0,0.0,0.0,0.0,0.0,0.0,7559.56,13815.29,9828.19,0.0,0.0,Unknown,0.0,0.0,0.0,0.0,0.0,0,0.0,Unknown,0,187.88,273.07,273.07,365.51,578.34
cell_01296,80.1325,12.8525,300041.5187351772,18.0,30.0,24.04,0.0,7.26,2.22,0.0,0.0,0.0,9035.15,7712.52,11108.5,0.0,0.0,Vegetation,2.82,2.69,76.79,16.23,1.46,0,0.0,Unknown,0,187.88,273.07,273.07,365.51,578.34
cell_01297,80.1325,12.8575,300035.6930887997,15.0,34.0,24.03,0.0,10.7,2.37,0.0,0.0,0.0,8998.36,7551.57,11117.09,0.0,0.0,Vegetation,35.78,4.62,49.17,10.4,0.03,0,0.0,Unknown,0,187.88,273.07,273.07,365.51,578.34
cell_01298,80.1325,12.8625,300029.865205365,16.0,34.0,22.53,0.0,7.09,2.41,0.0,0.0,0.0,8994.21,7428.39,11153.12,0.0,0.0,Vegetation,35.52,0.0,54.43,9.73,0.32,0,0.0,Unknown,0,187.88,273.07,273.07,365.51,578.34
cell_01299,80.1325,12.8675,300024.03508573695,14.0,28.0,20.66,0.0,9.66,2.61,0.0,0.0,0.0,8694.47,7344.88,11132.28,0.0,0.0,Vegetation,30.13,0.0,52.82,16.23,0.81,0,0.0,Unknown,0,187.88,273.07,273.07,365.51,578.34
cell_01300,80.1325,12.8725,300018.20272958005,14.0,25.0,20.08,0.0,9.0,2.36,0.0,0.0,0.0,8403.25,7302.41,10680.08,0.0,0.0,Cropland,31.73,0.0,24.33,43.43,0.51,0,0.0,Unknown,0,187.88,273.07,273.07,365.51,578.34
cell_01301,80.1325,12.8775,300012.3681369533,13.0,22.0,16.65,0.0,4.86,1.93,0.0,0.0,0.0,8139.22,7301.7,10237.77,0.0,0.0,Cropland,8.83,0.0,11.13,79.78,0.26,0,0.0,Unknown,0,187.88,273.07,273.07,365.51,578.34
cell_01302,80.1325,12.8825,300006.5313079146,12.0,20.0,15.94,0.0,5.79,1.99,0.0,0.0,0.0,7905.12,7342.74,9806.7,0.0,0.0,Cropland,15.16,0.0,33.7,49.94,1.2,0,0.0,Unknown,0,187.88,273.07,273.07,365.51,578.34
cell_01303,80.1325,12.8875,300000.69224255404,11.0,26.0,17.38,0.0,9.75,2.39,0.0,0.0,0.0,7653.39,7424.86,9388.42,0.0,0.0,Built-up,45.76,0.0,30.8,21.81,1.63,0,0.0,Unknown,0,187.88,273.07,273.07,365.51,578.34
cell_01304,80.1325,12.8925,299994.8509407573,16.0,28.0,22.49,0.0,6.93,2.26,0.0,0.0,0.0,7377.07,7546.71,8984.72,0.0,0.0,Vegetation,24.84,0.0,53.92,20.85,0.38,0,0.0,Unknown,0,187.88,273.07,273.07,365.51,578.34
cell_01305,80.1325,12.8975,299989.0074024256,19.0,31.0,24.63,0.0,6.03,2.13,0.0,0.0,0.0,7133.0,7706.4,8597.64,0.0,0.0,Vegetation,0.26,0.0,93.73,6.01,0.0,0,0.0,Unknown,0,187.88,273.07,273.07,365.51,578.34
cell_01306,80.1325,12.9025,299983.16162817064,19.0,32.0,24.87,0.0,8.16,2.2,0.0,0.0,0.0,6924.57,7901.65,8229.53,0.0,0.0,Vegetation,16.33,0.0,76.08,6.73,0.86,0,0.0,Unknown,0,187.88,273.07,273.07,365.51,578.34
cell_01307,80.1325,12.9075,299977.3136175929,20.0,35.0,29.42,0.0,7.53,2.39,0.0,0.0,0.0,6697.73,8129.88,7883.05,0.0,0.0,Vegetation,31.89,0.0,66.96,1.15,0.0,0,0.0,Unknown,0,187.88,273.07,273.07,365.51,578.34
cell_01308,80.1325,12.9125,299971.4633708459,14.0,37.0,25.72,0.0,12.67,3.52,0.0,0.0,0.0,6196.27,8388.42,7561.18,0.0,0.0,Vegetation,7.63,3.77,64.68,23.93,0.0,0,0.0,Unknown,0,187.88,273.07,273.07,365.51,578.34
cell_01309,80.1325,12.9175,299965.61088762485,20.0,36.0,26.0,0.0,6.72,2.41,0.0,0.0,0.0,5704.34,8643.79,7267.19,0.0,0.0,Cropland,33.55,0.38,30.36,35.71,0.0,0,0.0,Unknown,0,187.88,273.07,273.07,365.51,578.34
cell_01310,80.1325,12.9225,299959.7561685574,23.0,38.0,30.27,0.0,6.03,2.45,0.0,0.0,0.0,5224.63,8796.09,7004.58,0.0,0.0,Built-up,85.75,0.0,9.63,4.15,0.48,0,0.0,Unknown,0,187.88,273.07,273.07,365.51,578.34
cell_01311,80.1325,12.9275,299953.899213324,26.0,39.0,31.7,0.0,6.03,1.93,0.0,0.0,0.0,4760.85,8751.22,6777.01,0.0,0.0,Built-up,97.92,0.0,2.05,0.0,0.03,0,0.0,Unknown,0,187.88,273.07,273.07,365.51,578.34
cell_01312,80.1325,12.9325,299948.0400218414,21.0,34.0,29.61,0.0,9.52,2.46,0.0,0.0,0.0,4318.13,8236.95,6588.1,0.0,0.0,Built-up,85.84,2.65,10.33,1.18,0.0,0,0.0,Unknown,0,187.88,273.07,273.07,365.51,578.34
cell_01313,80.1325,12.9375,299942.1785943571,25.0,37.0,32.42,0.0,6.72,2.35,0.0,0.0,0.0,3879.27,7728.03,6408.53,0.0,0.0,Built-up,67.63,0.0,32.05,0.22,0.1,0,0.0,Unknown,0,187.88,273.07,273.07,365.51,578.34
cell_01314,80.1325,12.9425,299936.314931167,23.0,37.0,29.16,0.0,8.87,2.72,0.0,0.0,0.0,3412.3,7225.59,6222.87,0.0,0.0,Built-up,49.94,0.0,49.77,0.26,0.03,0,0.0,Unknown,0,187.88,273.07,273.07,365.51,578.34
cell_01315,80.1325,12.9475,299930.4490316675,19.0,31.0,24.28,0.0,7.5,2.25,0.0,0.0,0.0,2974.96,6731.07,5767.56,0.0,0.0,Built-up,65.11,0.0,30.13,4.75,0.0,0,0.0,Unknown,0,187.88,273.07,273.07,365.51,578.34
cell_01316,80.1325,12.9525,299924.5808963581,20.0,37.0,28.67,0.0,7.8,2.89,0.0,0.0,0.0,2582.36,6246.37,5330.77,0.0,0.0,Built-up,85.08,0.0,8.93,5.96,0.03,0,0.0,Unknown,0,187.88,273.07,273.07,365.51,578.34
cell_01317,80.1325,12.9575,299918.7105253298,18.0,34.0,25.07,0.0,6.98,2.34,0.0,0.0,0.0,2255.23,5773.96,4917.41,0.0,0.0,Built-up,97.99,0.0,1.75,0.0,0.26,0,0.0,Unknown,0,187.88,273.07,273.07,365.51,578.34
cell_01318,80.1325,12.9625,299912.83791807323,13.0,27.0,21.39,0.0,8.66,2.63,0.0,0.0,0.0,2011.6,5317.11,4533.92,0.0,0.0,Built-up,89.7,0.0,7.84,1.24,1.21,0,0.0,Unknown,0,187.88,273.07,273.07,365.51,578.34
cell_01319,80.1325,12.9675,299906.9630752,14.0,27.0,20.36,0.0,7.53,2.74,0.0,0.0,0.0,1791.83,4880.19,4188.49,0.0,0.0,Built-up,93.78,0.0,5.17,0.48,0.57,0,0.0,Unknown,0,187.88,273.07,273.07,365.51,578.34
cell_01320,80.1325,12.9725,299901.0859966738,13.0,25.0,21.23,0.0,6.91,2.22,0.0,0.0,0.0,1622.95,4469.05,3891.29,0.0,0.0,Built-up,86.53,0.0,11.23,1.85,0.39,0,0.0,Unknown,0,187.88,273.07,273.07,365.51,578.34
cell_01321,80.1325,12.9775,299895.2066819691,16.0,26.0,20.55,0.0,7.7,2.16,0.0,0.0,0.0,1361.65,4091.48,3654.09,0.0,0.0,Built-up,93.14,0.0,5.64,0.06,1.15,0,0.0,Unknown,0,187.88,273.07,273.07,365.51,578.34
cell_01322,80.1325,12.9825,299889.3251319976,7.0,20.0,15.08,0.0,6.89,2.33,0.0,0.0,0.0,887.16,3757.61,3436.97,0.0,0.0,Built-up,88.01,0.0,10.65,1.34,0.0,0,0.0,Unknown,0,187.88,273.07,273.07,365.51,578.34
cell_01323,80.1325,12.9875,299883.44134598185,9.0,22.0,14.25,0.0,6.15,2.11,0.0,0.0,0.0,334.35,3480.03,3213.61,0.0,0.0,Built-up,66.92,0.0,29.68,3.12,0.29,0,0.0,Unknown,0,187.88,273.07,273.07,365.51,578.34
cell_01324,80.1325,12.9925,299877.5553244693,6.0,19.0,11.94,0.0,9.66,2.62,0.0,0.0,0.0,169.53,3273.09,2937.2,0.0,0.0,Vegetation,0.67,0.32,85.97,13.04,0.0,0,0.0,Unknown,0,187.88,273.07,273.07,365.51,578.34
cell_01325,80.1325,12.9975,299871.6670673133,7.0,16.0,12.34,0.0,6.03,2.2,0.0,0.0,0.0,457.11,3150.76,2430.02,0.0,0.0,Cropland,2.33,0.0,33.86,63.81,0.0,0,0.0,Unknown,0,187.88,273.07,273.07,365.51,578.34
cell_01326,80.1325,13.0025,299865.7765744947,10.0,17.0,12.95,0.0,6.15,2.15,0.0,0.0,0.0,935.52,3122.99,1941.5,0.0,0.0,Built-up,52.63,0.0,25.55,21.82,0.0,0,0.0,Unknown,0,187.88,273.07,273.07,365.51,578.34
cell_01327,80.1325,13.0075,299859.88384627656,9.0,18.0,13.94,0.0,6.41,2.38,0.0,0.0,0.0,1442.56,3192.24,1485.42,0.0,0.0,Built-up,72.1,0.0,17.38,10.46,0.06,0,0.0,Unknown,0,187.88,273.07,273.07,365.51,578.34
cell_01328,80.1325,13.0125,299853.9888824026,12.0,23.0,16.94,0.0,7.53,2.34,0.0,0.0,0.0,1948.56,3352.52,1120.34,0.0,0.0,Built-up,58.39,0.0,25.92,15.59,0.1,0,0.0,Unknown,0,187.88,273.07,273.07,365.51,578.34
cell_01329,80.1325,13.0175,299848.09168310545,11.0,18.0,14.61,0.0,5.71,1.91,0.0,0.0,0.0,2313.3,3591.65,956.79,0.0,0.0,Built-up,63.15,0.0,23.31,11.85,1.69,0,0.0,Unknown,0,187.88,273.07,273.07,365.51,578.34
cell_01330,80.1325,13.0225,299842.1922483954,10.0,21.0,16.67,0.0,9.75,2.17,0.0,0.0,0.0,1950.64,3895.13,927.68,0.0,0.0,Built-up,75.51,0.0,18.18,5.87,0.45,0,0.0,Unknown,0,187.88,273.07,273.07,365.51,578.34
cell_01331,80.1325,13.0275,299836.29057806346,13.0,21.0,16.44,0.0,5.15,1.98,0.0,0.0,0.0,1657.15,3876.44,993.61,0.0,0.0,Built-up,56.7,0.0,28.41,14.6,0.29,0,0.0,Unknown,0,187.88,273.07,273.07,365.51,578.34
cell_01332,80.1325,13.0325,299830.38667262695,10.0,21.0,17.23,0.0,6.93,2.23,0.0,0.0,0.0,1501.14,3334.56,1313.59,0.0,0.0,Built-up,67.24,0.0,28.67,1.49,2.6,0,0.0,Unknown,0,187.88,273.07,273.07,365.51,578.34
cell_01333,80.1325,13.0375,299824.4805317178,15.0,23.0,18.78,0.0,5.79,2.11,0.0,0.0,0.0,1227.51,2797.04,1753.68,0.0,0.0,Built-up,90.43,0.0,4.66,4.15,0.77,0,0.0,Unknown,0,187.88,273.07,273.07,365.51,578.34
cell_01334,80.1325,13.0425,299818.5721554889,13.0,21.0,16.63,0.0,6.19,2.13,1568.69,0.005232,8.0,943.93,2266.06,2224.46,0.0,0.0,Built-up,68.56,0.0,15.59,8.71,7.14,0,0.0,Unknown,0,187.88,273.07,273.07,365.51,578.34
cell_01335,80.1325,13.0475,299812.6615440161,11.0,21.0,15.77,0.0,7.85,2.56,12338.13,0.041153,73.0,937.38,1739.02,2463.35,0.0,0.0,Built-up,70.1,0.0,12.01,16.4,1.49,0,0.0,Unknown,0,187.88,273.07,273.07,365.51,578.34
cell_01336,80.1325,13.0525,299806.74869731045,11.0,23.0,17.1,0.0,7.26,2.56,0.0,0.0,0.0,1050.5,1233.78,2792.77,0.0,0.0,Built-up,66.29,0.0,23.63,8.1,1.98,0,0.0,Unknown,0,187.88,273.07,273.07,365.51,578.34
cell_01337,80.1325,13.0575,299800.83361533534,14.0,24.0,18.48,0.0,7.53,2.59,0.0,0.0,0.0,1370.24,794.88,3184.75,0.0,0.0,Built-up,45.73,0.0,43.14,10.78,0.35,0,0.0,Unknown,0,187.88,273.07,273.07,365.51,578.34
cell_01338,80.1325,13.0625,299794.91629835515,12.0,24.0,18.3,0.0,8.83,3.13,0.0,0.0,0.0,1380.33,394.22,3619.03,0.0,0.0,Built-up,70.03,0.0,24.42,5.23,0.32,0,0.0,Unknown,0,187.88,273.07,273.07,365.51,578.34
cell_01339,80.1325,13.0675,299788.99674606544,9.0,24.0,15.13,0.0,9.55,3.29,0.0,0.0,0.0,1476.71,126.43,4082.11,581.2,0.001939,Vegetation,36.48,0.06,44.48,8.8,10.17,0,0.0,Unknown,0,187.88,273.07,273.07,365.51,578.34
cell_01340,80.1325,13.0725,299783.07495868276,9.0,19.0,14.35,0.0,6.41,1.87,0.0,0.0,0.0,1751.48,672.55,3925.52,0.0,0.0,Vegetation,4.21,1.31,59.6,34.89,0.0,0,0.0,Unknown,0,187.88,273.07,273.07,365.51,578.34
cell_01341,80.1325,13.0775,299777.1509363459,11.0,20.0,15.52,0.0,6.93,2.24,0.0,0.0,0.0,2136.88,1219.98,3447.31,0.0,0.0,Vegetation,0.42,0.0,60.42,39.16,0.0,0,0.0,Unknown,0,187.88,273.07,273.07,365.51,578.34
cell_01342,80.1325,13.0825,299771.22467906517,9.0,27.0,18.11,0.0,9.75,3.51,0.0,0.0,0.0,2000.26,1770.62,2994.97,0.0,0.0,Vegetation,16.45,0.0,50.48,32.46,0.61,0,0.0,Unknown,0,187.88,273.07,273.07,365.51,578.34
cell_01343,80.1325,13.0875,299765.2961864891,9.0,22.0,15.79,0.0,7.85,2.29,0.0,0.0,0.0,1577.08,2322.37,2582.11,0.0,0.0,Vegetation,18.28,0.0,62.99,18.31,0.42,0,0.0,Unknown,0,187.88,273.07,273.07,365.51,578.34
cell_01344,80.1325,13.0925,299759.36545907165,10.0,22.0,16.18,0.0,6.93,2.32,0.0,0.0,0.0,1234.26,2653.08,2230.78,0.0,0.0,Cropland,26.05,0.0,34.41,39.38,0.16,0,0.0,Unknown,0,187.88,273.07,273.07,365.51,578.34
cell_01345,80.1325,13.0975,299753.4324968392,10.0,24.0,18.96,0.0,13.46,2.55,0.0,0.0,0.0,972.13,2925.21,1974.1,0.0,0.0,Built-up,51.08,0.0,38.01,10.91,0.0,0,0.0,Unknown,0,187.88,273.07,273.07,365.51,578.34
cell_01346,80.1325,13.1025,299747.49729962973,10.0,27.0,18.2,0.0,18.79,2.28,0.0,0.0,0.0,654.17,3251.82,1773.77,0.0,0.0,Built-up,56.4,0.0,36.92,6.69,0.0,0,0.0,Unknown,0,187.88,273.07,273.07,365.51,578.34
cell_01347,80.1325,13.1075,299741.5598675498,14.0,22.0,18.47,0.0,6.15,2.03,0.0,0.0,0.0,249.18,3633.45,1644.65,0.0,0.0,Built-up,85.01,0.0,8.51,6.28,0.19,0,0.0,Unknown,0,187.88,273.07,273.07,365.51,578.34
cell_01348,80.1325,13.1125,299735.62020068924,12.0,21.0,18.41,0.0,8.59,2.25,0.0,0.0,0.0,332.7,4005.07,1695.6,0.0,0.0,Built-up,76.43,0.0,18.78,4.08,0.7,0,0.0,Unknown,0,187.88,273.07,273.07,365.51,578.34
cell_01349,80.1325,13.1175,299729.67829917057,15.0,30.0,21.48,0.0,6.19,2.3,0.0,0.0,0.0,762.61,4332.62,1912.29,0.0,0.0,Built-up,79.16,0.0,15.68,4.22,0.94,0,0.0,Unknown,0,187.88,273.07,273.07,365.51,578.34
cell_01350,80.1325,13.1225,299723.73416259454,21.0,31.0,26.51,0.0,6.83,2.13,0.0,0.0,0.0,1009.69,4681.75,2247.28,0.0,0.0,Built-up,89.22,0.0,10.52,0.06,0.19,0,0.0,Unknown,0,187.88,273.07,273.07,365.51,578.34
cell_01351,80.1325,13.1275,299717.7877915563,23.0,34.0,28.3,0.0,5.66,1.96,0.0,0.0,0.0,1433.17,5037.64,2656.18,0.0,0.0,Built-up,86.29,0.0,13.55,0.0,0.16,0,0.0,Unknown,0,187.88,273.07,273.07,365.51,578.34
cell_01352,80.1325,13.1325,299711.83918565774,25.0,38.0,30.86,0.0,6.03,1.92,0.0,0.0,0.0,1494.98,5405.07,3109.97,0.0,0.0,Built-up,83.6,0.0,12.53,3.83,0.03,0,0.0,Unknown,0,187.88,273.07,273.07,365.51,578.34
cell_01353,80.1325,13.1375,299705.8883453668,22.0,36.0,29.73,0.0,7.7,2.2,0.0,0.0,0.0,1141.31,5792.46,3591.68,0.0,0.0,Built-up,74.97,0.41,13.74,10.24,0.64,0,0.0,Unknown,0,187.88,273.07,273.07,365.51,578.34
cell_01354,80.1325,13.1425,299699.93527026917,16.0,30.0,23.5,0.0,8.87,3.14,0.0,0.0,0.0,741.81,6195.55,4091.46,0.0,0.0,Built-up,86.45,0.0,8.48,5.01,0.06,0,0.0,Unknown,0,187.88,273.07,273.07,365.51,578.34
cell_01355,80.1325,13.1475,299693.97996080265,11.0,24.0,18.94,0.0,6.15,2.18,0.0,0.0,0.0,305.97,6406.14,4603.42,0.0,0.0,Vegetation,19.71,0.0,60.06,20.23,0.0,0,0.0,Unknown,0,187.88,273.07,273.07,365.51,578.34
cell_01356,80.1325,13.1525,299688.022416379,10.0,21.0,15.53,0.0,7.79,2.53,0.0,0.0,0.0,24.61,6567.76,5123.92,0.0,0.0,Cropland,11.61,0.0,18.72,69.13,0.54,0,0.0,Unknown,0,187.88,273.07,273.07,365.51,578.34
cell_01357,80.1325,13.1575,299682.06263786124,12.0,26.0,17.64,0.0,8.59,2.57,0.0,0.0,0.0,495.87,6770.81,5650.6,0.0,0.0,Cropland,19.99,0.0,23.66,56.12,0.22,0,0.0,Unknown,0,187.88,273.07,273.07,365.51,578.34
cell_01358,80.1325,13.1625,299676.1006247558,16.0,28.0,21.22,0.0,8.83,2.69,0.0,0.0,0.0,1037.64,7011.69,6181.87,0.0,0.0,Cropland,8.34,0.0,36.04,55.55,0.06,0,0.0,Unknown,0,187.88,273.07,273.07,365.51,578.34
cell_01359,80.1325,13.1675,299670.1363771693,18.0,32.0,26.04,0.0,6.89,2.69,0.0,0.0,0.0,1576.35,7286.66,6390.17,0.0,0.0,Cropland,22.45,0.0,17.95,58.77,0.83,0,0.0,Unknown,0,187.88,273.07,273.07,365.51,578.34
cell_01360,80.1325,13.1725,299664.1698951604,23.0,37.0,28.69,0.0,5.66,2.24,0.0,0.0,0.0,2122.43,7592.01,6235.06,0.0,0.0,Cropland,5.01,0.0,16.58,76.08,2.33,0,0.0,Unknown,0,187.88,273.07,273.07,365.51,578.34
cell_01361,80.1325,13.1775,299658.20117888256,28.0,44.0,37.64,0.0,8.75,2.63,0.0,0.0,0.0,2671.35,7924.23,6126.12,0.0,0.0,Built-up,46.36,0.0,20.49,28.25,4.9,0,0.0,Unknown,0,187.88,273.07,273.07,365.51,578.34
cell_01362,80.1325,13.1825,299652.23022814223,36.0,46.0,39.67,0.0,5.25,1.98,0.0,0.0,0.0,2844.14,8258.19,6065.83,0.0,0.0,Cropland,35.71,0.0,22.64,41.52,0.13,0,0.0,Unknown,0,187.88,273.07,273.07,365.51,578.34
cell_01363,80.1325,13.1875,299646.2570434077,30.0,41.0,36.08,0.0,6.19,2.46,0.0,0.0,0.0,2925.05,8563.28,6055.65,0.0,0.0,Cropland,0.57,0.0,45.47,53.92,0.03,0,0.0,Unknown,0,187.88,273.07,273.07,365.51,578.34
cell_01364,80.1325,13.1925,299640.2816241224,30.0,46.0,37.43,0.0,6.16,2.46,0.0,0.0,0.0,3063.42,8892.32,6093.29,0.0,0.0,Vegetation,15.26,0.0,60.81,22.4,1.53,0,0.0,Unknown,0,187.88,273.07,273.07,365.51,578.34
cell_01365,80.1325,13.1975,299634.30397074093,24.0,35.0,29.37,0.0,8.83,2.96,0.0,0.0,0.0,3283.22,9242.76,6176.43,0.0,0.0,Cropland,5.8,0.0,33.23,60.78,0.19,0,0.0,Unknown,0,187.88,273.07,273.07,365.51,578.34
cell_01366,80.1325,13.2025,299628.3240830998,19.0,32.0,25.11,0.0,6.65,2.45,0.0,0.0,0.0,3573.43,9612.26,6307.13,0.0,0.0,Built-up,43.27,0.0,36.83,16.9,3.0,0,0.0,Unknown,0,187.88,273.07,273.07,365.51,578.34
cell_01367,80.1325,13.2075,299622.3419613996,13.0,25.0,18.44,0.0,7.84,2.36,0.0,0.0,0.0,3920.58,9998.7,6482.53,0.0,0.0,Water,3.67,62.63,13.73,19.12,0.84,0,0.0,Unknown,0,187.88,273.07,273.07,365.51,578.34
cell_01368,80.1325,13.2125,299616.3576055886,12.0,22.0,16.64,0.0,7.66,2.82,0.0,0.0,0.0,4298.29,10400.2,6699.11,0.0,0.0,Water,0.0,99.08,0.89,0.03,0.0,0,0.0,Unknown,0,187.88,273.07,273.07,365.51,578.34
cell_01369,80.1325,13.2175,299610.37101542606,11.0,27.0,17.92,0.0,9.52,3.19,0.0,0.0,0.0,4656.05,10815.07,6953.03,0.0,0.0,Water,0.0,80.52,10.2,9.28,0.0,0,0.0,Unknown,0,187.88,273.07,273.07,365.51,578.34
cell_01370,80.1325,13.2225,299604.38219158666,17.0,32.0,24.53,0.0,8.29,3.02,0.0,0.0,0.0,5049.16,11241.85,7240.35,0.0,0.0,Vegetation,0.0,20.42,36.23,33.57,9.77,0,0.0,Unknown,0,187.88,273.07,273.07,365.51,578.34
cell_01371,80.1325,13.2275,299598.39113352937,24.0,35.0,29.65,0.0,6.72,2.2,0.0,0.0,0.0,5469.99,11679.21,7557.28,0.0,0.0,Vegetation,0.0,0.0,90.05,9.79,0.16,0,0.0,Unknown,0,187.88,273.07,273.07,365.51,578.34
cell_01372,80.1325,13.2325,299592.397841581,23.0,34.0,28.45,0.0,6.93,2.29,0.0,0.0,0.0,5912.63,12126.03,7900.24,0.0,0.0,Vegetation,0.03,6.19,78.12,0.16,15.5,0,0.0,Unknown,0,187.88,273.07,273.07,365.51,578.34
cell_01373,80.1325,13.2375,299586.4023157993,15.0,35.0,24.52,0.0,10.43,3.19,0.0,0.0,0.0,6365.57,12581.29,8266.0,0.0,0.0,Vegetation,0.0,4.9,59.25,32.14,3.7,0,0.0,Unknown,0,187.88,273.07,273.07,365.51,578.34
cell_01374,80.1325,13.2425,299580.4045559447,8.0,34.0,24.48,0.0,13.53,3.38,0.0,0.0,0.0,6825.23,13044.1,8651.66,0.0,0.0,Vegetation,0.67,0.0,94.96,3.86,0.51,0,0.0,Unknown,0,187.88,273.07,273.07,365.51,578.34
cell_01375,80.1325,13.2475,299574.4045623121,6.0,33.0,17.95,0.0,14.54,4.96,0.0,0.0,0.0,7260.97,13266.77,9054.69,0.0,0.0,Vegetation,0.83,0.0,73.76,25.29,0.13,0,0.0,Unknown,0,187.88,273.07,273.07,365.51,578.34
cell_01376,80.1325,13.2525,299568.4023345336,0.0,0.0,0.0,0.0,0.0,0.0,0.0,0.0,0.0,7049.52,13273.88,9472.87,0.0,0.0,Unknown,0.0,0.0,0.0,0.0,0.0,0,0.0,Unknown,0,187.88,273.07,273.07,365.51,578.34
cell_01377,80.1375,12.8525,300040.7623988618,16.0,29.0,21.36,0.0,6.19,2.09,0.0,0.0,0.0,8495.29,7201.32,10565.94,0.0,0.0,Vegetation,26.58,0.0,66.21,6.88,0.33,0,0.0,Unknown,0,187.88,273.07,273.07,365.51,578.34
cell_01378,80.1375,12.8575,300034.9367974324,13.0,23.0,18.36,0.0,8.53,2.22,0.0,0.0,0.0,8456.16,7028.69,10574.98,0.0,0.0,Vegetation,11.07,32.95,52.47,2.73,0.78,0,0.0,Unknown,0,187.88,273.07,273.07,365.51,578.34
cell_01379,80.1375,12.8625,300029.1089591587,14.0,24.0,17.5,0.0,5.66,1.87,0.0,0.0,0.0,8451.72,6896.18,10612.86,0.0,0.0,Cropland,31.46,1.07,28.25,38.08,1.14,0,0.0,Unknown,0,187.88,273.07,273.07,365.51,578.34
cell_01380,80.1375,12.8675,300023.27888451004,13.0,23.0,16.48,0.0,4.35,1.83,0.0,0.0,0.0,8246.6,6806.16,10679.28,0.0,0.0,Cropland,15.44,0.0,39.8,44.73,0.03,0,0.0,Unknown,0,187.88,273.07,273.07,365.51,578.34
cell_01381,80.1375,12.8725,300017.4465733086,10.0,23.0,15.61,0.0,9.01,2.69,0.0,0.0,0.0,7938.98,6760.32,10370.59,0.0,0.0,Vegetation,8.18,0.0,54.94,33.51,3.38,0,0.0,Unknown,0,187.88,273.07,273.07,365.51,578.34
cell_01382,80.1375,12.8775,300011.6120258027,12.0,21.0,15.82,0.0,6.93,2.33,0.0,0.0,0.0,7658.98,6759.56,9914.49,0.0,0.0,Cropland,19.38,0.0,28.96,49.32,2.34,0,0.0,Unknown,0,187.88,273.07,273.07,365.51,578.34
cell_01383,80.1375,12.8825,300005.77524186147,12.0,21.0,16.04,0.0,6.19,2.23,0.0,0.0,0.0,7409.72,6803.89,9468.73,0.0,0.0,Cropland,17.36,0.0,9.36,72.99,0.3,0,0.0,Unknown,0,187.88,273.07,273.07,365.51,578.34
cell_01384,80.1375,12.8875,299999.9362215603,13.0,23.0,18.18,0.0,6.15,2.14,0.0,0.0,0.0,7194.42,6892.44,9034.82,0.0,0.0,Built-up,75.03,0.0,16.98,7.99,0.0,0,0.0,Unknown,0,187.88,273.07,273.07,365.51,578.34
cell_01385,80.1375,12.8925,299994.0949649258,17.0,34.0,23.46,0.0,6.72,2.64,0.0,0.0,0.0,6903.42,7023.54,8614.57,0.0,0.0,Built-up,49.22,0.0,37.34,13.44,0.0,0,0.0,Unknown,0,187.88,273.07,273.07,365.51,578.34
cell_01386,80.1375,12.8975,299988.25147163816,15.0,28.0,21.37,0.0,7.26,2.51,0.0,0.0,0.0,6641.97,7194.86,8210.06,0.0,0.0,Built-up,47.34,0.0,28.13,23.31,1.22,0,0.0,Unknown,0,187.88,273.07,273.07,365.51,578.34
cell_01387,80.1375,12.9025,299982.405742687,15.0,34.0,20.51,0.0,11.29,2.35,0.0,0.0,0.0,6417.63,7403.62,7823.75,0.0,0.0,Vegetation,1.66,0.0,80.94,17.4,0.0,0,0.0,Unknown,0,187.88,273.07,273.07,365.51,578.34
cell_01388,80.1375,12.9075,299976.55777709,17.0,31.0,21.7,0.0,8.29,1.94,0.0,0.0,0.0,6234.4,7646.75,7458.46,0.0,0.0,Vegetation,28.54,0.0,38.38,29.32,3.77,0,0.0,Unknown,0,187.88,273.07,273.07,365.51,578.34
cell_01389,80.1375,12.9125,299970.70757558505,19.0,30.0,22.14,0.0,5.66,1.65,0.0,0.0,0.0,6094.0,7921.08,7117.42,0.0,0.0,Built-up,37.52,0.0,32.83,26.02,3.64,0,0.0,Unknown,0,187.88,273.07,273.07,365.51,578.34
cell_01390,80.1375,12.9175,299964.85513764597,20.0,30.0,25.67,0.0,6.72,1.99,0.0,0.0,0.0,5981.56,8119.09,6804.29,0.0,0.0,Built-up,45.32,0.0,42.24,12.44,0.0,0,0.0,Unknown,0,187.88,273.07,273.07,365.51,578.34
cell_01391,80.1375,12.9225,299959.00046378945,20.0,31.0,26.61,0.0,7.39,2.22,0.0,0.0,0.0,5525.97,8281.05,6523.08,0.0,0.0,Built-up,87.99,0.06,11.43,0.32,0.19,0,0.0,Unknown,0,187.88,273.07,273.07,365.51,578.34
cell_01392,80.1375,12.9275,299953.1435536329,17.0,33.0,24.55,0.0,5.86,2.22,0.0,0.0,0.0,5089.72,8462.82,6278.09,0.0,0.0,Built-up,94.31,0.0,3.04,2.41,0.23,0,0.0,Unknown,0,187.88,273.07,273.07,365.51,578.34
cell_01393,80.1375,12.9325,299947.2844074091,20.0,34.0,23.39,0.0,8.52,1.89,0.0,0.0,0.0,4633.77,8047.11,6073.7,0.0,0.0,Built-up,55.06,26.14,11.72,5.55,1.53,0,0.0,Unknown,0,187.88,273.07,273.07,365.51,578.34
cell_01394,80.1375,12.9375,299941.4230252543,22.0,32.0,26.37,0.0,9.8,2.67,0.0,0.0,0.0,4177.94,7525.36,5906.26,0.0,0.0,Built-up,69.25,10.75,10.68,5.97,3.34,0,0.0,Unknown,0,187.88,273.07,273.07,365.51,578.34
cell_01395,80.1375,12.9425,299935.55940724415,24.0,35.0,29.23,0.0,6.98,2.18,0.0,0.0,0.0,3748.35,7008.41,5711.52,0.0,0.0,Built-up,64.46,0.0,33.16,2.31,0.07,0,0.0,Unknown,0,187.88,273.07,273.07,365.51,578.34
cell_01396,80.1375,12.9475,299929.6935530743,23.0,34.0,27.65,0.0,5.25,2.01,0.0,0.0,0.0,3355.1,6497.4,5465.53,0.0,0.0,Built-up,89.06,0.0,10.94,0.0,0.0,0,0.0,Unknown,0,187.88,273.07,273.07,365.51,578.34
cell_01397,80.1375,12.9525,299923.82546316664,22.0,36.0,28.66,0.0,9.75,2.8,0.0,0.0,0.0,3011.82,5993.84,5002.43,0.0,0.0,Built-up,88.05,0.0,11.53,0.0,0.42,0,0.0,Unknown,0,187.88,273.07,273.07,365.51,578.34
cell_01398,80.1375,12.9575,299917.95513732743,21.0,39.0,27.91,0.0,7.39,2.58,0.0,0.0,0.0,2729.33,5499.78,4559.42,0.0,0.0,Built-up,95.47,0.0,3.8,0.07,0.66,0,0.0,Unknown,0,187.88,273.07,273.07,365.51,578.34
cell_01399,80.1375,12.9625,299912.08257550513,23.0,35.0,27.6,0.0,6.15,2.24,0.0,0.0,0.0,2528.99,5018.03,4142.93,0.0,0.0,Built-up,95.81,0.0,4.03,0.1,0.06,0,0.0,Unknown,0,187.88,273.07,273.07,365.51,578.34
cell_01400,80.1375,12.9675,299906.20777785237,18.0,28.0,23.12,0.0,6.15,1.99,0.0,0.0,0.0,2292.19,4552.51,3761.78,0.0,0.0,Built-up,96.56,0.0,2.99,0.06,0.39,0,0.0,Unknown,0,187.88,273.07,273.07,365.51,578.34
cell_01401,80.1375,12.9725,299900.33074476046,13.0,23.0,19.28,0.0,5.94,2.13,0.0,0.0,0.0,2035.62,4108.72,3427.78,0.0,0.0,Built-up,88.56,0.0,7.5,3.54,0.4,0,0.0,Unknown,0,187.88,273.07,273.07,365.51,578.34
cell_01402,80.1375,12.9775,299894.4514754361,15.0,23.0,19.29,0.0,6.19,2.17,0.0,0.0,0.0,1496.9,3694.52,3155.94,0.0,0.0,Built-up,97.34,0.0,2.47,0.0,0.19,0,0.0,Unknown,0,187.88,273.07,273.07,365.51,578.34
cell_01403,80.1375,12.9825,299888.56997077324,12.0,21.0,16.76,0.0,6.03,1.87,0.0,0.0,0.0,973.25,3320.98,2963.42,0.0,0.0,Built-up,93.93,0.0,5.13,0.75,0.19,0,0.0,Unknown,0,187.88,273.07,273.07,365.51,578.34
cell_01404,80.1375,12.9875,299882.686230279,10.0,24.0,15.78,0.0,8.23,2.33,0.0,0.0,0.0,494.0,3003.32,2708.05,0.0,0.0,Built-up,69.82,0.0,24.17,5.98,0.03,0,0.0,Unknown,0,187.88,273.07,273.07,365.51,578.34
cell_01405,80.1375,12.9925,299876.800254107,5.0,19.0,13.66,0.0,7.84,2.34,0.0,0.0,0.0,206.93,2760.9,2541.59,0.0,0.0,Built-up,57.89,0.0,33.47,8.64,0.0,0,0.0,Unknown,0,187.88,273.07,273.07,365.51,578.34
cell_01406,80.1375,12.9975,299870.91204247426,5.0,17.0,11.58,0.0,7.7,2.63,0.0,0.0,0.0,211.81,2614.73,2246.16,0.0,0.0,Vegetation,2.14,0.0,58.15,39.38,0.32,0,0.0,Unknown,0,187.88,273.07,273.07,365.51,578.34
cell_01407,80.1375,13.0025,299865.021595107,10.0,16.0,12.73,0.0,4.89,1.88,0.0,0.0,0.0,717.81,2581.21,1713.11,0.0,0.0,Vegetation,35.01,0.0,45.52,18.88,0.6,0,0.0,Unknown,0,187.88,273.07,273.07,365.51,578.34
cell_01408,80.1375,13.0075,299859.12891236466,7.0,19.0,13.55,0.0,7.5,1.91,0.0,0.0,0.0,1236.04,2664.59,1198.27,0.0,0.0,Built-up,66.95,0.0,24.51,5.36,3.18,0,0.0,Unknown,0,187.88,273.07,273.07,365.51,578.34
cell_01409,80.1375,13.0125,299853.2339938795,10.0,21.0,15.81,0.0,6.89,2.78,0.0,0.0,0.0,1765.67,2854.65,715.61,0.0,0.0,Built-up,78.18,0.0,12.86,6.88,2.08,0,0.0,Unknown,0,187.88,273.07,273.07,365.51,578.34
cell_01410,80.1375,13.0175,299847.3368400892,12.0,19.0,15.23,0.0,6.03,2.04,0.0,0.0,0.0,1971.67,3132.04,415.2,0.0,0.0,Built-up,73.42,0.0,18.78,7.17,0.63,0,0.0,Unknown,0,187.88,273.07,273.07,365.51,578.34
cell_01411,80.1375,13.0225,299841.4374509429,10.0,27.0,15.75,0.0,10.56,2.79,0.0,0.0,0.0,1538.95,3475.9,405.01,0.0,0.0,Built-up,57.14,0.0,20.58,21.72,0.55,0,0.0,Unknown,0,187.88,273.07,273.07,365.51,578.34
cell_01412,80.1375,13.0275,299835.53582612,10.0,21.0,15.31,0.0,6.15,2.46,0.0,0.0,0.0,1192.25,3811.85,539.17,0.0,0.0,Cropland,29.94,0.0,27.69,41.53,0.84,0,0.0,Unknown,0,187.88,273.07,273.07,365.51,578.34
cell_01413,80.1375,13.0325,299829.6319662314,12.0,22.0,17.83,0.0,5.25,2.11,0.0,0.0,0.0,965.0,3260.43,1014.39,0.0,0.0,Built-up,86.78,0.0,9.29,3.11,0.83,0,0.0,Unknown,0,187.88,273.07,273.07,365.51,578.34
cell_01414,80.1375,13.0375,299823.72587100434,14.0,23.0,18.8,0.0,4.76,1.87,0.0,0.0,0.0,894.91,2709.02,1542.35,0.0,0.0,Built-up,80.55,0.0,14.29,3.28,1.88,0,0.0,Unknown,0,187.88,273.07,273.07,365.51,578.34
cell_01415,80.1375,13.0425,299817.8175402137,12.0,24.0,16.42,0.0,7.66,2.44,1267.27,0.004227,12.0,455.6,2157.65,1722.2,0.0,0.0,Built-up,79.55,0.0,14.81,4.87,0.78,0,0.0,Unknown,0,187.88,273.07,273.07,365.51,578.34
cell_01416,80.1375,13.0475,299811.9069742821,12.0,22.0,17.11,0.0,7.53,2.23,14264.14,0.047577,91.0,426.58,1607.1,2021.36,0.0,0.0,Built-up,93.72,0.0,5.29,0.6,0.4,0,0.0,Unknown,0,187.88,273.07,273.07,365.51,578.34
cell_01417,80.1375,13.0525,299805.9941733301,8.0,22.0,15.67,0.0,9.71,2.44,830.32,0.00277,5.0,595.82,1059.11,2411.93,0.0,0.0,Built-up,81.33,0.0,9.55,8.73,0.39,0,0.0,Unknown,0,187.88,273.07,273.07,365.51,578.34
cell_01418,80.1375,13.0575,299800.0791369435,7.0,24.0,16.28,0.0,9.71,3.46,0.0,0.0,0.0,991.13,521.18,2856.66,0.0,0.0,Built-up,50.16,0.0,30.62,18.86,0.36,0,0.0,Unknown,0,187.88,273.07,273.07,365.51,578.34
cell_01419,80.1375,13.0625,299794.1618655292,10.0,22.0,16.77,0.0,6.93,2.83,0.0,0.0,0.0,838.38,26.1,3333.95,659.01,0.002198,Built-up,69.36,0.0,26.15,2.74,1.75,0,0.0,Unknown,0,187.88,273.07,273.07,365.51,578.34
cell_01420,80.1375,13.0675,299788.24235900294,12.0,23.0,16.88,0.0,6.65,2.4,0.0,0.0,0.0,989.08,379.31,3831.65,15.01,5e-05,Built-up,39.71,0.0,30.78,28.18,1.33,0,0.0,Unknown,0,187.88,273.07,273.07,365.51,578.34
cell_01421,80.1375,13.0725,299782.3206171394,11.0,23.0,15.44,0.0,6.98,2.4,0.0,0.0,0.0,1365.75,832.43,3701.62,0.0,0.0,Vegetation,18.54,0.06,59.94,21.46,0.0,0,0.0,Unknown,0,187.88,273.07,273.07,365.51,578.34
cell_01422,80.1375,13.0775,299776.3966406286,12.0,21.0,15.45,0.0,9.62,2.39,0.0,0.0,0.0,1834.09,1342.5,3190.03,0.0,0.0,Vegetation,11.47,0.0,58.81,29.72,0.0,0,0.0,Unknown,0,187.88,273.07,273.07,365.51,578.34
cell_01423,80.1375,13.0825,299770.4704288827,12.0,24.0,16.43,0.0,8.02,2.93,0.0,0.0,0.0,1564.39,1866.14,2694.85,0.0,0.0,Vegetation,3.67,0.0,73.54,22.01,0.78,0,0.0,Unknown,0,187.88,273.07,273.07,365.51,578.34
cell_01424,80.1375,13.0875,299764.5419820556,12.0,25.0,16.87,0.0,8.66,2.84,0.0,0.0,0.0,1262.84,2401.32,2227.04,0.0,0.0,Vegetation,41.55,0.0,42.05,15.31,1.09,0,0.0,Unknown,0,187.88,273.07,273.07,365.51,578.34
cell_01425,80.1375,13.0925,299758.61130042584,12.0,26.0,17.44,0.0,8.95,2.78,0.0,0.0,0.0,803.01,2943.1,1807.99,0.0,0.0,Built-up,52.05,0.0,26.17,21.79,0.0,0,0.0,Unknown,0,187.88,273.07,273.07,365.51,578.34
cell_01426,80.1375,13.0975,299752.6783839736,12.0,23.0,18.94,0.0,7.84,2.61,0.0,0.0,0.0,541.0,3387.87,1479.72,0.0,0.0,Built-up,67.4,0.0,16.88,15.36,0.36,0,0.0,Unknown,0,187.88,273.07,273.07,365.51,578.34
cell_01427,80.1375,13.1025,299746.74323244276,13.0,23.0,18.45,0.0,8.16,2.19,0.0,0.0,0.0,233.42,3682.45,1289.23,0.0,0.0,Built-up,83.7,0.1,13.65,2.41,0.13,0,0.0,Unknown,0,187.88,273.07,273.07,365.51,578.34
cell_01428,80.1375,13.1075,299740.80584611284,13.0,23.0,14.59,0.0,12.24,1.44,0.0,0.0,0.0,0.0,4023.43,1104.86,0.0,0.0,Vegetation,28.28,33.34,38.21,0.13,0.03,0,0.0,Unknown,0,187.88,273.07,273.07,365.51,578.34
cell_01429,80.1375,13.1125,299734.86622515274,11.0,24.0,16.88,0.0,10.16,2.55,0.0,0.0,0.0,144.52,4407.62,1179.38,0.0,0.0,Built-up,56.4,3.99,27.73,11.88,0.0,0,0.0,Unknown,0,187.88,273.07,273.07,365.51,578.34
cell_01430,80.1375,13.1175,299728.9243693531,12.0,31.0,22.95,0.0,6.72,2.66,0.0,0.0,0.0,243.41,4764.29,1474.03,0.0,0.0,Built-up,85.32,0.0,13.85,0.69,0.13,0,0.0,Unknown,0,187.88,273.07,273.07,365.51,578.34
cell_01431,80.1375,13.1225,299722.98027872504,15.0,29.0,21.82,0.0,8.8,2.53,0.0,0.0,0.0,674.42,5102.81,1888.44,0.0,0.0,Built-up,70.0,0.1,24.06,5.55,0.29,0,0.0,Unknown,0,187.88,273.07,273.07,365.51,578.34
cell_01432,80.1375,13.1275,299717.0339534847,18.0,29.0,22.46,0.0,5.66,1.88,0.0,0.0,0.0,1192.4,5452.21,2360.35,0.0,0.0,Built-up,60.94,0.49,32.63,4.71,1.23,0,0.0,Unknown,0,187.88,273.07,273.07,365.51,578.34
cell_01433,80.1375,13.1325,299711.08539339126,18.0,29.0,23.5,0.0,5.59,2.06,0.0,0.0,0.0,1033.09,5642.55,2861.45,0.0,0.0,Built-up,87.17,0.0,9.29,2.68,0.86,0,0.0,Unknown,0,187.88,273.07,273.07,365.51,578.34
cell_01434,80.1375,13.1375,299705.13459899364,16.0,28.0,22.67,0.0,8.23,2.17,0.0,0.0,0.0,809.67,5673.34,3378.78,0.0,0.0,Built-up,83.25,0.0,10.78,5.84,0.13,0,0.0,Unknown,0,187.88,273.07,273.07,365.51,578.34
cell_01435,80.1375,13.1425,299699.18156968744,12.0,30.0,22.66,0.0,11.67,2.7,0.0,0.0,0.0,367.75,5755.78,3905.9,0.0,0.0,Built-up,76.46,0.0,14.64,8.51,0.39,0,0.0,Unknown,0,187.88,273.07,273.07,365.51,578.34
cell_01436,80.1375,13.1475,299693.2263063191,9.0,24.0,15.05,0.0,7.84,2.87,0.0,0.0,0.0,0.0,5883.4,4439.32,0.0,0.0,Vegetation,26.94,0.93,54.41,17.72,0.0,0,0.0,Unknown,0,187.88,273.07,273.07,365.51,578.34
cell_01437,80.1375,13.1525,299687.2688074658,10.0,18.0,14.81,0.0,5.25,2.02,0.0,0.0,0.0,0.0,6058.98,4977.01,0.0,0.0,Cropland,3.57,0.55,39.29,56.49,0.1,0,0.0,Unknown,0,187.88,273.07,273.07,365.51,578.34
cell_01438,80.1375,13.1575,299681.3090752212,15.0,27.0,20.83,0.0,8.53,3.0,0.0,0.0,0.0,446.33,6278.52,5517.73,0.0,0.0,Vegetation,18.93,0.06,49.42,29.81,1.79,0,0.0,Unknown,0,187.88,273.07,273.07,365.51,578.34
cell_01439,80.1375,13.1625,299675.3471078613,14.0,27.0,21.44,0.0,6.41,2.43,0.0,0.0,0.0,997.99,6537.57,6011.04,0.0,0.0,Cropland,1.65,0.93,12.69,82.68,2.05,0,0.0,Unknown,0,187.88,273.07,273.07,365.51,578.34
cell_01440,80.1375,13.1675,299669.3829062181,22.0,33.0,27.15,0.0,6.93,2.8,0.0,0.0,0.0,1550.61,6831.66,5879.39,0.0,0.0,Vegetation,14.29,0.19,37.4,32.53,15.58,0,0.0,Unknown,0,187.88,273.07,273.07,365.51,578.34
cell_01441,80.1375,13.1725,299663.4164703497,26.0,41.0,32.93,0.0,7.84,2.76,0.0,0.0,0.0,2103.43,7156.46,5710.44,0.0,0.0,Vegetation,14.12,0.0,53.15,25.26,7.47,0,0.0,Unknown,0,187.88,273.07,273.07,365.51,578.34
cell_01442,80.1375,13.1775,299657.4477999518,27.0,49.0,38.6,0.0,11.63,3.52,0.0,0.0,0.0,2316.27,7507.99,5591.3,0.0,0.0,Built-up,58.12,0.0,16.43,21.39,4.07,0,0.0,Unknown,0,187.88,273.07,273.07,365.51,578.34
cell_01443,80.1375,13.1825,299651.4768952409,30.0,44.0,37.41,0.0,8.3,2.89,0.0,0.0,0.0,2304.4,7803.41,5525.19,0.0,0.0,Vegetation,7.66,0.0,71.3,20.52,0.52,0,0.0,Unknown,0,187.88,273.07,273.07,365.51,578.34
cell_01444,80.1375,13.1875,299645.5037566237,25.0,38.0,32.19,0.0,5.94,2.18,0.0,0.0,0.0,2391.93,8125.6,5514.02,0.0,0.0,Vegetation,2.14,0.0,59.81,36.33,1.72,0,0.0,Unknown,0,187.88,273.07,273.07,365.51,578.34
cell_01445,80.1375,13.1925,299639.52838318085,26.0,38.0,32.34,0.0,8.95,2.52,0.0,0.0,0.0,2557.86,8471.67,5554.79,0.0,0.0,Vegetation,11.8,0.0,56.07,29.82,2.31,0,0.0,Unknown,0,187.88,273.07,273.07,365.51,578.34
cell_01446,80.1375,13.1975,299633.5507759164,20.0,34.0,28.1,0.0,9.8,2.79,0.0,0.0,0.0,2814.42,8838.81,5645.88,0.0,0.0,Cropland,23.31,0.0,27.08,47.6,2.01,0,0.0,Unknown,0,187.88,273.07,273.07,365.51,578.34
cell_01447,80.1375,13.2025,299627.5709343216,22.0,33.0,27.13,0.0,7.53,2.38,0.0,0.0,0.0,3148.17,9224.51,5788.59,0.0,0.0,Built-up,77.21,0.0,16.92,5.78,0.1,0,0.0,Unknown,0,187.88,273.07,273.07,365.51,578.34
cell_01448,80.1375,13.2075,299621.5888586611,16.0,26.0,21.36,0.0,9.1,2.52,0.0,0.0,0.0,3533.34,9626.54,5979.22,0.0,0.0,Vegetation,18.74,11.87,36.23,32.99,0.17,0,0.0,Unknown,0,187.88,273.07,273.07,365.51,578.34
cell_01449,80.1375,13.2125,299615.6045490723,11.0,23.0,17.21,0.0,8.23,2.6,0.0,0.0,0.0,3882.85,10042.93,6213.38,0.0,0.0,Water,0.0,98.25,1.2,0.55,0.0,0,0.0,Unknown,0,187.88,273.07,273.07,365.51,578.34
cell_01450,80.1375,13.2175,299609.61800496676,11.0,24.0,16.87,0.0,8.8,3.13,0.0,0.0,0.0,4275.53,10471.97,6486.35,0.0,0.0,Water,0.0,99.61,0.39,0.0,0.0,0,0.0,Unknown,0,187.88,273.07,273.07,365.51,578.34
cell_01451,80.1375,13.2225,299603.62922727066,7.0,28.0,18.07,0.0,9.52,3.2,0.0,0.0,0.0,4700.57,10912.18,6793.45,0.0,0.0,Water,0.0,83.27,15.57,0.0,1.16,0,0.0,Unknown,0,187.88,273.07,273.07,365.51,578.34
cell_01452,80.1375,13.2275,299597.6382154436,14.0,31.0,21.94,0.0,7.85,2.89,0.0,0.0,0.0,5149.97,11362.25,7130.28,0.0,0.0,Vegetation,0.0,39.16,54.06,0.58,6.2,0,0.0,Unknown,0,187.88,273.07,273.07,365.51,578.34
cell_01453,80.1375,13.2325,299591.64496955945,22.0,31.0,26.24,0.0,4.81,1.75,0.0,0.0,0.0,5602.94,11821.06,7492.82,0.0,0.0,Vegetation,0.0,0.0,99.16,0.0,0.84,0,0.0,Unknown,0,187.88,273.07,273.07,365.51,578.34
cell_01454,80.1375,13.2375,299585.64948996186,19.0,34.0,25.44,0.0,5.66,2.04,0.0,0.0,0.0,6069.98,12287.62,7877.52,0.0,0.0,Vegetation,0.43,0.0,99.57,0.0,0.0,0,0.0,Unknown,0,187.88,273.07,273.07,365.51,578.34
cell_01455,80.1375,13.2425,299579.6517763149,13.0,32.0,23.52,0.0,7.79,2.43,0.0,0.0,0.0,6550.42,12741.67,8281.31,0.0,0.0,Vegetation,1.82,0.0,73.96,18.44,5.78,0,0.0,Unknown,0,187.88,273.07,273.07,365.51,578.34
cell_01456,80.1375,13.2475,299573.6518288502,11.0,30.0,19.84,0.0,11.44,2.95,0.0,0.0,0.0,6771.79,12725.07,8701.52,0.0,0.0,Vegetation,7.08,0.0,48.41,44.42,0.1,0,0.0,Unknown,0,187.88,273.07,273.07,365.51,578.34
cell_01457,80.1375,13.2525,299567.6496473434,0.0,0.0,0.0,0.0,0.0,0.0,0.0,0.0,0.0,6544.57,12732.49,9135.88,0.0,0.0,Unknown,0.0,0.0,0.0,0.0,0.0,0,0.0,Unknown,0,187.88,273.07,273.07,365.51,578.34
cell_01458,80.1425,12.8525,300040.0104383585,20.0,37.0,25.58,0.0,9.8,2.44,0.0,0.0,0.0,7955.79,6695.07,10023.39,0.0,0.0,Built-up,52.66,0.0,38.21,8.86,0.26,0,0.0,Unknown,0,187.88,273.07,273.07,365.51,578.34
cell_01459,80.1425,12.8575,300034.1848817313,5.0,27.0,19.29,0.0,14.89,2.66,0.0,0.0,0.0,7914.01,6509.02,10032.92,0.0,0.0,Vegetation,26.53,7.94,51.5,13.3,0.73,0,0.0,Unknown,0,187.88,273.07,273.07,365.51,578.34
cell_01460,80.1425,12.8625,300028.3570882364,13.0,27.0,18.16,0.0,6.41,2.16,0.0,0.0,0.0,7909.23,6365.73,10072.86,0.0,0.0,Vegetation,12.72,0.0,50.92,35.94,0.41,0,0.0,Unknown,0,187.88,273.07,273.07,365.51,578.34
cell_01461,80.1425,12.8675,300022.5270582492,12.0,21.0,15.71,0.0,5.59,1.85,0.0,0.0,0.0,7810.75,6268.1,10142.82,0.0,0.0,Cropland,5.81,0.0,38.15,56.04,0.0,0,0.0,Unknown,0,187.88,273.07,273.07,365.51,578.34
cell_01462,80.1425,12.8725,300016.6947919546,10.0,18.0,14.24,0.0,5.59,1.96,0.0,0.0,0.0,7485.24,6218.31,10080.81,0.0,0.0,Vegetation,5.45,1.75,59.89,32.68,0.22,0,0.0,Unknown,0,187.88,273.07,273.07,365.51,578.34
cell_01463,80.1425,12.8775,300010.8602892683,10.0,20.0,13.14,0.0,5.94,1.85,0.0,0.0,0.0,7187.59,6217.49,9610.98,0.0,0.0,Vegetation,0.77,7.53,47.86,43.85,0.0,0,0.0,Unknown,0,187.88,273.07,273.07,365.51,578.34
cell_01464,80.1425,12.8825,300005.0235500607,10.0,22.0,14.3,0.0,7.26,1.81,0.0,0.0,0.0,6921.39,6265.66,9150.45,0.0,0.0,Cropland,11.49,0.0,10.29,77.6,0.62,0,0.0,Unknown,0,187.88,273.07,273.07,365.51,578.34
cell_01465,80.1425,12.8875,299999.184574643,13.0,23.0,18.76,0.0,5.71,2.04,0.0,0.0,0.0,6690.4,6361.72,8700.69,0.0,0.0,Built-up,85.36,0.0,9.69,4.94,0.0,0,0.0,Unknown,0,187.88,273.07,273.07,365.51,578.34
cell_01466,80.1425,12.8925,299993.34336280567,12.0,22.0,18.0,0.0,8.3,2.37,0.0,0.0,0.0,6440.63,6503.54,8263.47,0.0,0.0,Built-up,67.57,0.0,19.99,11.96,0.48,0,0.0,Unknown,0,187.88,273.07,273.07,365.51,578.34
cell_01467,80.1425,12.8975,299987.49991444993,14.0,22.0,17.01,0.0,4.89,1.62,0.0,0.0,0.0,6159.58,6688.21,7840.88,0.0,0.0,Built-up,58.8,0.0,21.07,17.82,2.31,0,0.0,Unknown,0,187.88,273.07,273.07,365.51,578.34
cell_01468,80.1425,12.9025,299981.6542305806,16.0,27.0,21.01,0.0,6.15,2.02,0.0,0.0,0.0,5916.98,6912.3,7435.42,0.0,0.0,Built-up,49.52,0.0,22.74,27.23,0.51,0,0.0,Unknown,0,187.88,273.07,273.07,365.51,578.34
cell_01469,80.1425,12.9075,299975.80630956835,20.0,31.0,25.56,0.0,6.51,1.96,0.0,0.0,0.0,5717.74,7172.11,7050.04,0.0,0.0,Built-up,91.93,0.0,6.66,0.61,0.8,0,0.0,Unknown,0,187.88,273.07,273.07,365.51,578.34
cell_01470,80.1425,12.9125,299969.95615316107,20.0,32.0,25.08,0.0,6.51,2.16,0.0,0.0,0.0,5565.3,7456.75,6688.22,0.0,0.0,Built-up,88.73,0.0,7.86,2.92,0.49,0,0.0,Unknown,0,187.88,273.07,273.07,365.51,578.34
cell_01471,80.1425,12.9175,299964.1037600599,22.0,31.0,27.35,0.0,7.39,2.04,0.0,0.0,0.0,5462.35,7596.88,6353.98,0.0,0.0,Built-up,88.49,0.29,6.86,3.09,1.28,0,0.0,Unknown,0,187.88,273.07,273.07,365.51,578.34
cell_01472,80.1425,12.9225,299958.2491311293,23.0,33.0,27.91,0.0,5.66,2.26,0.0,0.0,0.0,5414.2,7769.75,6051.9,0.0,0.0,Built-up,97.61,0.0,2.33,0.0,0.06,0,0.0,Unknown,0,187.88,273.07,273.07,365.51,578.34
cell_01473,80.1425,12.9275,299952.39226595353,17.0,28.0,21.29,0.0,10.21,2.22,0.0,0.0,0.0,5393.97,7936.71,5787.0,0.0,0.0,Built-up,92.31,0.0,5.49,2.08,0.13,0,0.0,Unknown,0,187.88,273.07,273.07,365.51,578.34
cell_01474,80.1425,12.9325,299946.53316465486,17.0,27.0,21.27,0.0,6.03,2.14,0.0,0.0,0.0,4946.37,7890.05,5564.61,0.0,0.0,Built-up,93.81,0.0,5.13,0.16,0.89,0,0.0,Unknown,0,187.88,273.07,273.07,365.51,578.34
cell_01475,80.1425,12.9375,299940.6718276556,20.0,32.0,25.93,0.0,6.15,2.0,0.0,0.0,0.0,4522.16,7357.18,5389.99,0.0,0.0,Built-up,95.12,0.0,4.88,0.0,0.0,0,0.0,Unknown,0,187.88,273.07,273.07,365.51,578.34
cell_01476,80.1425,12.9425,299934.8082546349,25.0,38.0,31.77,0.0,8.23,2.28,0.0,0.0,0.0,4128.54,6827.51,5198.52,0.0,0.0,Built-up,95.13,0.0,4.81,0.06,0.0,0,0.0,Unknown,0,187.88,273.07,273.07,365.51,578.34
cell_01477,80.1425,12.9475,299928.94244541554,20.0,35.0,28.0,0.0,6.72,2.03,0.0,0.0,0.0,3775.1,6301.84,5037.25,0.0,0.0,Built-up,72.13,0.0,25.54,0.54,1.79,0,0.0,Unknown,0,187.88,273.07,273.07,365.51,578.34
cell_01478,80.1425,12.9525,299923.07440052985,22.0,34.0,27.01,0.0,6.93,2.43,0.0,0.0,0.0,3470.63,5781.28,4713.79,0.0,0.0,Built-up,87.85,0.0,11.83,0.0,0.32,0,0.0,Unknown,0,187.88,273.07,273.07,365.51,578.34
cell_01479,80.1425,12.9575,299917.2041197362,23.0,36.0,28.94,0.0,7.8,2.46,0.0,0.0,0.0,3222.85,5267.33,4240.74,0.0,0.0,Built-up,96.04,0.0,3.8,0.0,0.16,0,0.0,Unknown,0,187.88,273.07,273.07,365.51,578.34
cell_01480,80.1425,12.9625,299911.3316029201,19.0,34.0,25.31,0.0,5.66,2.02,0.0,0.0,0.0,3009.18,4762.13,3789.39,0.0,0.0,Built-up,75.8,0.0,22.7,1.5,0.0,0,0.0,Unknown,0,187.88,273.07,273.07,365.51,578.34
cell_01481,80.1425,12.9675,299905.4568505196,15.0,25.0,21.09,0.0,5.94,1.76,0.0,0.0,0.0,2716.53,4268.8,3368.48,0.0,0.0,Built-up,97.74,0.0,1.88,0.06,0.32,0,0.0,Unknown,0,187.88,273.07,273.07,365.51,578.34
cell_01482,80.1425,12.9725,299899.57986234035,15.0,23.0,18.81,0.0,6.51,2.09,0.0,0.0,0.0,2202.4,3791.96,2990.89,0.0,0.0,Built-up,79.48,0.0,13.86,0.62,6.04,0,0.0,Unknown,0,187.88,273.07,273.07,365.51,578.34
cell_01483,80.1425,12.9775,299893.7006382829,14.0,22.0,17.56,0.0,4.86,1.9,0.0,0.0,0.0,1709.96,3338.69,2675.03,0.0,0.0,Built-up,93.62,0.0,3.73,2.3,0.35,0,0.0,Unknown,0,187.88,273.07,273.07,365.51,578.34
cell_01484,80.1425,12.9825,299887.81917867495,11.0,21.0,16.28,0.0,5.66,1.99,0.0,0.0,0.0,1268.46,2919.99,2444.94,0.0,0.0,Built-up,89.19,0.0,9.44,0.99,0.38,0,0.0,Unknown,0,187.88,273.07,273.07,365.51,578.34
cell_01485,80.1425,12.9875,299881.9354834022,11.0,21.0,17.11,0.0,5.79,2.13,0.0,0.0,0.0,907.06,2552.93,2219.88,0.0,0.0,Built-up,83.8,0.26,14.09,1.79,0.06,0,0.0,Unknown,0,187.88,273.07,273.07,365.51,578.34
cell_01486,80.1425,12.9925,299876.0495523962,9.0,20.0,15.52,0.0,5.59,2.22,0.0,0.0,0.0,420.87,2262.77,2013.48,0.0,0.0,Built-up,82.84,0.0,16.26,0.89,0.0,0,0.0,Unknown,0,187.88,273.07,273.07,365.51,578.34
cell_01487,80.1425,12.9975,299870.161385764,6.0,15.0,10.82,0.0,6.98,2.51,0.0,0.0,0.0,40.21,2081.92,1947.29,0.0,0.0,Vegetation,10.04,0.0,55.71,33.1,1.15,0,0.0,Unknown,0,187.88,273.07,273.07,365.51,578.34
cell_01488,80.1425,13.0025,299864.2709837692,6.0,16.0,11.69,0.0,6.93,2.44,0.0,0.0,0.0,589.29,2039.68,1599.08,0.0,0.0,Vegetation,0.36,0.0,76.46,23.12,0.06,0,0.0,Unknown,0,187.88,273.07,273.07,365.51,578.34
cell_01489,80.1425,13.0075,299858.37834605965,9.0,18.0,12.76,0.0,5.94,1.78,0.0,0.0,0.0,1140.9,2144.23,1049.95,0.0,0.0,Vegetation,15.69,0.0,55.96,28.25,0.1,0,0.0,Unknown,0,187.88,273.07,273.07,365.51,578.34
cell_01490,80.1425,13.0125,299852.48347297905,8.0,24.0,15.1,0.0,9.89,2.84,0.0,0.0,0.0,1473.43,2376.3,509.23,0.0,0.0,Built-up,74.84,0.0,21.78,3.38,0.0,0,0.0,Unknown,0,187.88,273.07,273.07,365.51,578.34
cell_01491,80.1425,13.0175,299846.5863644121,10.0,18.0,15.26,0.0,5.94,1.91,0.0,0.0,0.0,1431.89,2703.23,30.52,422.86,0.00141,Built-up,88.77,0.0,5.97,5.1,0.16,1,0.0,Unknown,1,187.88,273.07,273.07,365.51,578.34
cell_01492,80.1425,13.0225,299840.6870203235,11.0,22.0,15.61,0.0,7.39,2.28,0.0,0.0,0.0,1232.78,3078.73,175.61,454.6,0.001516,Built-up,69.1,0.0,28.51,2.1,0.29,1,0.0,Unknown,1,187.88,273.07,273.07,365.51,578.34
cell_01493,80.1425,13.0275,299834.7854409609,11.0,21.0,15.09,0.0,6.81,2.12,0.0,0.0,0.0,764.85,3464.79,342.03,15.15,5.1e-05,Vegetation,8.35,0.0,77.77,13.84,0.03,0,0.0,Unknown,0,187.88,273.07,273.07,365.51,578.34
cell_01494,80.1425,13.0325,299828.8816262723,10.0,24.0,17.3,0.0,6.91,2.53,0.0,0.0,0.0,441.03,3244.79,864.54,0.0,0.0,Vegetation,14.29,0.0,49.38,35.06,1.27,0,0.0,Unknown,0,187.88,273.07,273.07,365.51,578.34
cell_01495,80.1425,13.0375,299822.9755763642,13.0,34.0,19.69,0.0,13.13,3.08,0.0,0.0,0.0,422.1,2692.61,1031.17,0.0,0.0,Built-up,43.05,0.0,38.58,18.18,0.19,0,0.0,Unknown,0,187.88,273.07,273.07,365.51,578.34
cell_01496,80.1425,13.0425,299817.0672908697,12.0,25.0,17.56,0.0,6.81,2.43,768.95,0.002565,3.0,265.46,2140.85,1253.66,0.0,0.0,Vegetation,30.61,0.45,66.87,1.37,0.7,0,0.0,Unknown,0,187.88,273.07,273.07,365.51,578.34
cell_01497,80.1425,13.0475,299811.1567702575,13.0,22.0,17.12,0.0,6.91,2.05,12378.23,0.041287,80.0,121.99,1589.95,1640.61,0.0,0.0,Built-up,79.87,3.08,12.69,3.9,0.45,0,0.0,Unknown,0,187.88,273.07,273.07,365.51,578.34
cell_01498,80.1425,13.0525,299805.2440147757,11.0,23.0,15.74,0.0,7.09,2.36,5977.78,0.019939,39.0,428.12,1041.09,2103.12,0.0,0.0,Built-up,58.45,0.0,27.77,13.78,0.0,0,0.0,Unknown,0,187.88,273.07,273.07,365.51,578.34
cell_01499,80.1425,13.0575,299799.32902359916,10.0,22.0,14.74,0.0,8.3,2.76,0.0,0.0,0.0,598.93,493.2,2601.21,0.0,0.0,Built-up,76.88,0.0,13.52,5.99,3.6,0,0.0,Unknown,0,187.88,273.07,273.07,365.51,578.34
cell_01500,80.1425,13.0625,299793.4117975914,8.0,21.0,15.3,0.0,8.8,2.55,0.0,0.0,0.0,297.07,51.75,3117.85,548.22,0.001829,Built-up,55.39,0.0,30.68,8.38,5.55,0,0.0,Unknown,0,187.88,273.07,273.07,365.51,578.34
cell_01501,80.1425,13.0675,299787.49233637005,11.0,24.0,16.66,0.0,9.46,2.78,0.0,0.0,0.0,603.05,598.79,3645.18,0.0,0.0,Vegetation,36.54,0.0,48.25,15.15,0.06,0,0.0,Unknown,0,187.88,273.07,273.07,365.51,578.34
cell_01502,80.1425,13.0725,299781.5706399784,11.0,22.0,15.31,0.0,6.19,2.24,0.0,0.0,0.0,1118.09,1146.39,3453.83,0.0,0.0,Vegetation,1.21,0.0,51.02,47.64,0.13,0,0.0,Unknown,0,187.88,273.07,273.07,365.51,578.34
cell_01503,80.1425,13.0775,299775.64670891623,9.0,22.0,14.78,0.0,9.93,2.66,0.0,0.0,0.0,1649.95,1586.88,3009.37,0.0,0.0,Vegetation,1.79,0.0,78.25,19.97,0.0,0,0.0,Unknown,0,187.88,273.07,273.07,365.51,578.34
cell_01504,80.1425,13.0825,299769.7205426112,12.0,23.0,16.09,0.0,7.09,2.58,0.0,0.0,0.0,1217.08,2063.54,2478.35,0.0,0.0,Vegetation,28.89,0.0,46.21,23.25,1.66,0,0.0,Unknown,0,187.88,273.07,273.07,365.51,578.34
cell_01505,80.1425,13.0875,299763.792141232,11.0,21.0,16.06,0.0,7.26,2.61,0.0,0.0,0.0,792.95,2567.72,1959.54,0.0,0.0,Built-up,49.42,0.0,39.74,9.25,1.59,0,0.0,Unknown,0,187.88,273.07,273.07,365.51,578.34
cell_01506,80.1425,13.0925,299757.86150510603,13.0,24.0,18.52,0.0,6.03,2.5,524.07,0.001748,6.0,590.26,3087.25,1465.92,0.0,0.0,Built-up,78.28,0.0,17.86,3.06,0.8,0,0.0,Unknown,0,187.88,273.07,273.07,365.51,578.34
cell_01507,80.1425,13.0975,299751.9286340722,9.0,25.0,18.26,0.0,12.18,2.92,5000.11,0.016681,27.0,41.27,3611.12,1034.25,0.0,0.0,Built-up,55.55,0.0,25.06,18.43,0.96,0,0.0,Unknown,0,187.88,273.07,273.07,365.51,578.34
cell_01508,80.1425,13.1025,299745.99352807796,12.0,22.0,15.56,0.0,8.87,1.68,4111.45,0.013716,21.0,0.0,4136.45,775.91,0.0,0.0,Water,27.11,37.08,33.05,2.76,0.0,0,0.0,Unknown,0,187.88,273.07,273.07,365.51,578.34
cell_01509,80.1425,13.1075,299740.05618725996,12.0,18.0,13.53,0.0,4.76,0.73,0.0,0.0,0.0,0.0,4445.4,569.36,0.0,0.0,Water,0.0,62.12,36.13,1.75,0.0,0,0.0,Unknown,0,187.88,273.07,273.07,365.51,578.34
cell_01510,80.1425,13.1125,299734.1166118206,11.0,25.0,15.61,0.0,6.03,1.91,212.52,0.000709,0.0,0.0,4795.9,703.15,0.0,0.0,Cropland,13.17,17.67,28.99,39.51,0.67,0,0.0,Unknown,0,187.88,273.07,273.07,365.51,578.34
cell_01511,80.1425,13.1175,299728.17480145505,13.0,27.0,19.48,0.0,6.83,2.37,6493.79,0.021666,33.0,159.45,5181.83,1129.72,0.0,0.0,Built-up,75.19,0.0,18.25,5.78,0.78,0,0.0,Unknown,0,187.88,273.07,273.07,365.51,578.34
cell_01512,80.1425,13.1225,299722.2307562854,16.0,27.0,21.98,0.0,5.25,2.0,2444.75,0.008157,15.0,635.97,5210.94,1633.93,0.0,0.0,Built-up,88.01,0.0,9.25,1.82,0.92,0,0.0,Unknown,0,187.88,273.07,273.07,365.51,578.34
cell_01513,80.1425,13.1275,299716.28447689157,15.0,28.0,20.18,0.0,8.16,2.04,0.0,0.0,0.0,1173.54,5126.32,2162.12,0.0,0.0,Built-up,78.99,0.0,20.28,0.54,0.19,0,0.0,Unknown,0,187.88,273.07,273.07,365.51,578.34
cell_01514,80.1425,13.1325,299710.33596236876,9.0,24.0,18.63,0.0,11.29,2.89,0.0,0.0,0.0,697.9,5100.59,2700.27,0.0,0.0,Built-up,87.31,0.0,7.14,5.49,0.06,0,0.0,Unknown,0,187.88,273.07,273.07,365.51,578.34
cell_01515,80.1425,13.1375,299704.3852133754,12.0,24.0,17.52,0.0,10.4,2.63,0.0,0.0,0.0,280.16,5134.64,3243.41,0.0,0.0,Built-up,82.4,0.0,15.5,2.1,0.0,0,0.0,Unknown,0,187.88,273.07,273.07,365.51,578.34
cell_01516,80.1425,13.1425,299698.4322297973,10.0,22.0,15.5,0.0,6.91,2.6,0.0,0.0,0.0,137.42,5224.18,3783.03,0.0,0.0,Built-up,48.25,24.97,20.44,5.74,0.61,0,0.0,Unknown,0,187.88,273.07,273.07,365.51,578.34
cell_01517,80.1425,13.1475,299692.47701200907,8.0,17.0,13.79,0.0,6.72,2.36,0.0,0.0,0.0,0.0,5364.46,4323.86,0.0,0.0,Water,0.0,76.75,22.24,1.01,0.0,0,0.0,Unknown,0,187.88,273.07,273.07,365.51,578.34
cell_01518,80.1425,13.1525,299686.5195589645,9.0,22.0,14.62,0.0,7.8,2.19,0.0,0.0,0.0,38.47,5556.48,4822.97,0.0,0.0,Cropland,0.83,21.97,32.91,44.2,0.1,0,0.0,Unknown,0,187.88,273.07,273.07,365.51,578.34
cell_01519,80.1425,13.1575,299680.5598722361,14.0,28.0,21.68,0.0,9.89,2.71,0.0,0.0,0.0,547.04,5795.09,5291.25,0.0,0.0,Vegetation,22.83,0.06,45.25,30.77,1.08,0,0.0,Unknown,0,187.88,273.07,273.07,365.51,578.34
cell_01520,80.1425,13.1625,299674.5979506217,19.0,31.0,24.17,0.0,8.16,2.84,0.0,0.0,0.0,1094.49,6074.81,5526.24,0.0,0.0,Cropland,10.32,0.06,32.95,50.0,6.66,0,0.0,Unknown,0,187.88,273.07,273.07,365.51,578.34
cell_01521,80.1425,13.1675,299668.63379468385,18.0,31.0,24.96,0.0,6.72,2.61,0.0,0.0,0.0,1565.05,6390.24,5374.71,0.0,0.0,Bare Land,0.1,2.23,32.62,22.23,42.83,0,0.0,Unknown,0,187.88,273.07,273.07,365.51,578.34
cell_01522,80.1425,13.1725,299662.66740445106,19.0,36.0,26.66,0.0,7.09,2.95,0.0,0.0,0.0,1959.56,6736.37,5189.36,0.0,0.0,Bare Land,1.56,0.0,26.82,1.4,70.22,0,0.0,Unknown,0,187.88,273.07,273.07,365.51,578.34
cell_01523,80.1425,13.1775,299656.6987797765,22.0,36.0,29.01,0.0,7.59,2.73,0.0,0.0,0.0,1781.42,7046.65,5057.97,0.0,0.0,Vegetation,17.34,0.0,45.42,23.31,13.93,0,0.0,Unknown,0,187.88,273.07,273.07,365.51,578.34
cell_01524,80.1425,13.1825,299650.7279209391,24.0,41.0,32.81,0.0,10.39,3.1,0.0,0.0,0.0,1765.98,7360.44,4984.8,0.0,0.0,Built-up,40.21,0.0,37.5,21.43,0.86,0,0.0,Unknown,0,187.88,273.07,273.07,365.51,578.34
cell_01525,80.1425,13.1875,299644.7548278404,19.0,36.0,27.2,0.0,7.39,2.79,0.0,0.0,0.0,1863.84,7701.19,4972.43,0.0,0.0,Cropland,2.52,3.54,37.69,51.82,4.43,0,0.0,Unknown,0,187.88,273.07,273.07,365.51,578.34
cell_01526,80.1425,13.1925,299638.7795004124,20.0,37.0,29.4,0.0,8.52,2.75,0.0,0.0,0.0,2066.7,8065.5,5017.02,0.0,0.0,Vegetation,9.77,0.0,48.9,41.33,0.0,0,0.0,Unknown,0,187.88,273.07,273.07,365.51,578.34
cell_01527,80.1425,13.1975,299632.80193879385,25.0,36.0,31.0,0.0,7.09,2.34,0.0,0.0,0.0,2376.9,8450.31,5117.7,0.0,0.0,Built-up,47.29,0.0,36.93,15.47,0.32,0,0.0,Unknown,0,187.88,273.07,273.07,365.51,578.34
cell_01528,80.1425,13.2025,299626.8221429803,15.0,36.0,26.85,0.0,11.93,3.1,0.0,0.0,0.0,2763.76,8852.96,5274.72,0.0,0.0,Built-up,55.87,0.0,25.86,17.86,0.41,0,0.0,Unknown,0,187.88,273.07,273.07,365.51,578.34
cell_01529,80.1425,13.2075,299620.84011335985,15.0,29.0,20.73,0.0,9.89,2.57,0.0,0.0,0.0,3110.12,9271.12,5483.27,0.0,0.0,Vegetation,9.87,21.4,54.64,13.38,0.71,0,0.0,Unknown,0,187.88,273.07,273.07,365.51,578.34
cell_01530,80.1425,13.2125,299614.85584926745,13.0,24.0,18.18,0.0,6.19,2.31,0.0,0.0,0.0,3502.13,9702.78,5737.71,0.0,0.0,Water,0.0,83.45,13.68,2.81,0.06,0,0.0,Unknown,0,187.88,273.07,273.07,365.51,578.34
cell_01531,80.1425,13.2175,299608.86935123487,12.0,33.0,18.15,0.0,12.78,2.55,0.0,0.0,0.0,3933.01,10146.23,6032.25,0.0,0.0,Water,0.0,93.65,2.39,3.92,0.03,0,0.0,Unknown,0,187.88,273.07,273.07,365.51,578.34
cell_01532,80.1425,13.2225,299602.88061933574,10.0,23.0,14.67,0.0,10.61,1.98,0.0,0.0,0.0,4385.81,10599.98,6361.32,0.0,0.0,Water,0.0,100.0,0.0,0.0,0.0,0,0.0,Unknown,0,187.88,273.07,273.07,365.51,578.34
cell_01533,80.1425,13.2275,299596.8896532978,10.0,24.0,17.32,0.0,10.77,3.09,0.0,0.0,0.0,4843.95,11062.76,6719.85,0.0,0.0,Water,0.0,88.52,8.71,0.0,2.77,0,0.0,Unknown,0,187.88,273.07,273.07,365.51,578.34
cell_01534,80.1425,13.2325,299590.89645338524,16.0,28.0,23.11,0.0,7.84,2.64,0.0,0.0,0.0,5320.16,11533.49,7103.38,0.0,0.0,Vegetation,0.0,14.57,67.95,3.57,13.9,0,0.0,Unknown,0,187.88,273.07,273.07,365.51,578.34
cell_01535,80.1425,13.2375,299584.9010197043,20.0,30.0,24.87,0.0,6.41,1.96,0.0,0.0,0.0,5798.96,12011.24,7508.07,0.0,0.0,Vegetation,2.18,0.0,97.79,0.03,0.0,0,0.0,Unknown,0,187.88,273.07,273.07,365.51,578.34
cell_01536,80.1425,13.2425,299578.90335199743,13.0,28.0,18.98,0.0,7.85,2.45,0.0,0.0,0.0,6285.63,12200.69,7930.7,0.0,0.0,Cropland,6.51,0.0,30.74,61.99,0.77,0,0.0,Unknown,0,187.88,273.07,273.07,365.51,578.34
cell_01537,80.1425,13.2475,299572.90345032426,12.0,25.0,17.15,0.0,7.84,2.57,0.0,0.0,0.0,6291.23,12183.37,8368.53,0.0,0.0,Cropland,8.42,0.0,8.13,83.39,0.06,0,0.0,Unknown,0,187.88,273.07,273.07,365.51,578.34
cell_01538,80.1425,13.2525,299566.9013149165,0.0,0.0,0.0,0.0,0.0,0.0,0.0,0.0,0.0,6045.98,12191.12,8819.32,0.0,0.0,Unknown,0.0,0.0,0.0,0.0,0.0,0,0.0,Unknown,0,187.88,273.07,273.07,365.51,578.34
cell_01539,80.1475,12.8525,300039.2628514679,13.0,40.0,22.81,0.0,11.48,2.83,0.0,0.0,0.0,7416.75,6194.96,9480.84,0.0,0.0,Cropland,14.68,0.0,39.87,45.42,0.03,0,0.0,Unknown,0,187.88,273.07,273.07,365.51,578.34
cell_01540,80.1475,12.8575,300033.4373392945,10.0,25.0,18.65,0.0,12.13,2.67,0.0,0.0,0.0,7371.92,5993.42,9490.93,0.0,0.0,Built-up,42.51,0.0,19.04,38.46,0.0,0,0.0,Unknown,0,187.88,273.07,273.07,365.51,578.34
cell_01541,80.1475,12.8625,300027.60959016794,12.0,25.0,19.63,0.0,6.91,2.49,0.0,0.0,0.0,7366.76,5837.49,9533.14,0.0,0.0,Built-up,44.55,0.0,44.01,11.38,0.06,0,0.0,Unknown,0,187.88,273.07,273.07,365.51,578.34
cell_01542,80.1475,12.8675,300021.7796049194,10.0,23.0,17.29,0.0,5.59,2.23,0.0,0.0,0.0,7389.02,5730.89,9607.05,0.0,0.0,Vegetation,26.98,2.4,41.66,28.83,0.13,0,0.0,Unknown,0,187.88,273.07,273.07,365.51,578.34
cell_01543,80.1475,12.8725,300015.94738307083,7.0,25.0,14.43,0.0,10.77,2.71,0.0,0.0,0.0,7044.07,5676.4,9711.93,0.0,0.0,Vegetation,11.03,19.87,47.96,21.08,0.06,0,0.0,Unknown,0,187.88,273.07,273.07,365.51,578.34
cell_01544,80.1475,12.8775,300010.11292498145,11.0,17.0,12.01,0.0,5.86,1.24,0.0,0.0,0.0,6726.93,5675.51,9329.16,0.0,0.0,Vegetation,0.13,11.96,56.41,31.51,0.0,0,0.0,Unknown,0,187.88,273.07,273.07,365.51,578.34
cell_01545,80.1475,12.8825,300004.27623014234,11.0,19.0,13.58,0.0,8.23,2.03,0.0,0.0,0.0,6441.74,5728.26,8853.99,0.0,0.0,Vegetation,20.16,10.03,47.73,21.62,0.45,0,0.0,Unknown,0,187.88,273.07,273.07,365.51,578.34
cell_01546,80.1475,12.8875,299998.4372995437,12.0,25.0,18.86,0.0,8.16,2.31,0.0,0.0,0.0,6192.89,5833.18,8388.35,0.0,0.0,Built-up,76.05,0.0,19.77,4.18,0.0,0,0.0,Unknown,0,187.88,273.07,273.07,365.51,578.34
cell_01547,80.1475,12.8925,299992.59613210696,10.0,24.0,14.85,0.0,14.54,2.46,0.0,0.0,0.0,5984.94,5987.54,7933.95,0.0,0.0,Vegetation,9.69,0.0,52.1,38.2,0.0,0,0.0,Unknown,0,187.88,273.07,273.07,365.51,578.34
cell_01548,80.1475,12.8975,299986.75272845925,11.0,21.0,16.52,0.0,7.39,2.08,0.0,0.0,0.0,5688.02,6187.64,7492.8,0.0,0.0,Vegetation,18.28,0.0,55.65,26.07,0.0,0,0.0,Unknown,0,187.88,273.07,273.07,365.51,578.34
cell_01549,80.1475,12.9025,299980.9070891022,14.0,26.0,20.89,0.0,5.25,1.95,0.0,0.0,0.0,5424.39,6429.21,7067.41,0.0,0.0,Built-up,86.89,0.0,5.58,7.53,0.0,0,0.0,Unknown,0,187.88,273.07,273.07,365.51,578.34
cell_01550,80.1475,12.9075,299975.0592129261,21.0,31.0,25.63,0.0,5.66,2.01,0.0,0.0,0.0,5206.34,6707.77,6660.78,0.0,0.0,Built-up,91.77,0.0,7.68,0.54,0.0,0,0.0,Unknown,0,187.88,273.07,273.07,365.51,578.34
cell_01551,80.1475,12.9125,299969.20910096844,23.0,37.0,28.09,0.0,8.66,2.32,0.0,0.0,0.0,5039.52,6930.69,6276.57,0.0,0.0,Built-up,55.71,0.0,43.64,0.52,0.13,0,0.0,Unknown,0,187.88,273.07,273.07,365.51,578.34
cell_01552,80.1475,12.9175,299963.3567525781,19.0,32.0,23.65,0.0,11.35,2.27,0.0,0.0,0.0,4925.61,7077.73,5919.14,0.0,0.0,Built-up,76.79,0.0,17.44,5.74,0.03,0,0.0,Unknown,0,187.88,273.07,273.07,365.51,578.34
cell_01553,80.1475,12.9225,299957.50216836546,16.0,29.0,24.12,0.0,7.84,2.25,0.0,0.0,0.0,4872.17,7262.98,5593.63,0.0,0.0,Built-up,93.97,0.0,5.9,0.06,0.06,0,0.0,Unknown,0,187.88,273.07,273.07,365.51,578.34
cell_01554,80.1475,12.9275,299951.64534793247,16.0,27.0,21.44,0.0,5.86,2.1,0.0,0.0,0.0,4881.2,7412.95,5305.92,0.0,0.0,Built-up,94.94,0.0,4.51,0.52,0.03,0,0.0,Unknown,0,187.88,273.07,273.07,365.51,578.34
cell_01555,80.1475,12.9325,299945.78629140015,13.0,25.0,18.91,0.0,5.71,1.92,0.0,0.0,0.0,4952.34,7580.5,5062.45,0.0,0.0,Built-up,96.65,0.0,2.71,0.51,0.13,0,0.0,Unknown,0,187.88,273.07,273.07,365.51,578.34
cell_01556,80.1475,12.9375,299939.9249989541,19.0,32.0,25.32,0.0,7.26,2.19,0.0,0.0,0.0,4528.58,7225.87,4869.87,0.0,0.0,Built-up,93.27,0.0,6.7,0.03,0.0,0,0.0,Unknown,0,187.88,273.07,273.07,365.51,578.34
cell_01557,80.1475,12.9425,299934.0614708588,23.0,36.0,27.96,0.0,7.26,2.06,0.0,0.0,0.0,4082.13,6685.81,4692.14,0.0,0.0,Built-up,95.71,0.0,4.19,0.0,0.1,0,0.0,Unknown,0,187.88,273.07,273.07,365.51,578.34
cell_01558,80.1475,12.9475,299928.1957061786,21.0,31.0,25.61,0.0,6.93,1.94,0.0,0.0,0.0,3663.79,6148.05,4512.81,0.0,0.0,Built-up,93.05,0.0,6.95,0.0,0.0,0,0.0,Unknown,0,187.88,273.07,273.07,365.51,578.34
cell_01559,80.1475,12.9525,299922.32770623476,16.0,33.0,25.45,0.0,8.16,2.53,0.0,0.0,0.0,3266.1,5613.25,4396.17,0.0,0.0,Built-up,95.5,0.0,4.08,0.32,0.1,0,0.0,Unknown,0,187.88,273.07,273.07,365.51,578.34
cell_01560,80.1475,12.9575,299916.4574702175,13.0,29.0,20.97,0.0,7.09,2.23,0.0,0.0,0.0,2915.58,5082.33,3970.85,0.0,0.0,Built-up,78.21,0.0,12.37,8.57,0.84,0,0.0,Unknown,0,187.88,273.07,273.07,365.51,578.34
cell_01561,80.1475,12.9625,299910.5849981546,15.0,28.0,22.4,0.0,5.86,2.01,0.0,0.0,0.0,2635.05,4556.68,3484.73,0.0,0.0,Built-up,88.14,0.0,11.83,0.0,0.03,0,0.0,Unknown,0,187.88,273.07,273.07,365.51,578.34
cell_01562,80.1475,12.9675,299904.71029076655,19.0,37.0,26.61,0.0,8.02,2.43,0.0,0.0,0.0,2445.8,4038.33,3021.68,0.0,0.0,Built-up,93.27,0.0,5.64,0.32,0.77,0,0.0,Unknown,0,187.88,273.07,273.07,365.51,578.34
cell_01563,80.1475,12.9725,299898.83334719815,14.0,26.0,20.05,0.0,6.16,2.39,0.0,0.0,0.0,2373.18,3530.5,2594.1,0.0,0.0,Built-up,77.27,0.0,20.39,1.36,0.97,0,0.0,Unknown,0,187.88,273.07,273.07,365.51,578.34
cell_01564,80.1475,12.9775,299892.9541681083,9.0,20.0,14.92,0.0,6.65,2.05,0.0,0.0,0.0,1825.6,3038.49,2222.56,0.0,0.0,Built-up,66.33,0.0,30.74,2.23,0.7,0,0.0,Unknown,0,187.88,273.07,273.07,365.51,578.34
cell_01565,80.1475,12.9825,299887.0727532554,7.0,17.0,11.92,0.0,6.93,1.94,0.0,0.0,0.0,1273.55,2571.37,1939.53,0.0,0.0,Built-up,57.91,0.0,37.15,4.78,0.16,0,0.0,Unknown,0,187.88,273.07,273.07,365.51,578.34
cell_01566,80.1475,12.9875,299881.1891029033,6.0,23.0,13.22,0.0,7.8,2.4,0.0,0.0,0.0,721.96,2145.48,1761.76,0.0,0.0,Built-up,67.76,0.0,18.31,13.02,0.91,0,0.0,Unknown,0,187.88,273.07,273.07,365.51,578.34
cell_01567,80.1475,12.9925,299875.303216905,1.0,20.0,12.31,0.0,8.29,2.61,0.0,0.0,0.0,178.86,1790.48,1495.55,0.0,0.0,Built-up,48.37,0.0,40.53,10.78,0.32,0,0.0,Unknown,0,187.88,273.07,273.07,365.51,578.34
cell_01568,80.1475,12.9975,299869.41509500396,7.0,20.0,12.89,0.0,9.01,2.82,0.0,0.0,0.0,273.56,1555.67,1405.17,0.0,0.0,Vegetation,3.48,0.0,77.1,18.91,0.51,0,0.0,Unknown,0,187.88,273.07,273.07,365.51,578.34
cell_01569,80.1475,13.0025,299863.5247379695,8.0,16.0,11.48,0.0,7.39,1.95,0.0,0.0,0.0,738.65,1498.68,1524.45,0.0,0.0,Vegetation,17.56,0.0,56.36,25.49,0.58,0,0.0,Unknown,0,187.88,273.07,273.07,365.51,578.34
cell_01570,80.1475,13.0075,299857.632145277,10.0,21.0,13.89,0.0,7.66,2.18,0.0,0.0,0.0,1238.09,1638.15,1085.92,0.0,0.0,Built-up,54.34,0.0,28.28,15.56,1.82,0,0.0,Unknown,0,187.88,273.07,273.07,365.51,578.34
cell_01571,80.1475,13.0125,299851.73731717386,6.0,22.0,14.5,0.0,9.55,2.98,0.0,0.0,0.0,960.02,1932.0,549.26,0.0,0.0,Built-up,74.62,0.0,11.32,13.81,0.26,0,0.0,Unknown,0,187.88,273.07,273.07,365.51,578.34
cell_01572,80.1475,13.0175,299845.84025345097,9.0,20.0,14.87,0.0,7.8,2.43,3475.3,0.01159,25.0,895.07,2305.06,17.85,573.91,0.001914,Built-up,85.42,0.0,10.06,4.29,0.23,0,0.0,Unknown,0,187.88,273.07,273.07,365.51,578.34
cell_01573,80.1475,13.0225,299839.9409544195,10.0,21.0,15.71,0.0,8.95,2.29,7534.09,0.025127,51.0,1118.02,2690.39,354.24,0.0,0.0,Built-up,83.8,0.0,14.64,1.34,0.22,1,0.0,Unknown,1,187.88,273.07,273.07,365.51,578.34
cell_01574,80.1475,13.0275,299834.039420106,10.0,17.0,13.94,0.0,7.09,1.95,620.96,0.002071,1.0,567.26,3104.6,145.93,678.71,0.002264,Vegetation,15.91,0.19,56.7,27.2,0.0,0,0.0,Unknown,0,187.88,273.07,273.07,365.51,578.34
cell_01575,80.1475,13.0325,299828.1356504751,6.0,25.0,14.48,0.0,17.1,3.02,0.0,0.0,0.0,15.16,3250.46,483.41,0.0,0.0,Vegetation,15.75,16.98,44.45,17.05,5.78,0,0.0,Unknown,0,187.88,273.07,273.07,365.51,578.34
cell_01576,80.1475,13.0375,299822.2296454595,10.0,23.0,16.66,0.0,8.59,2.62,5370.36,0.017912,40.0,165.38,2712.5,506.84,0.0,0.0,Built-up,62.79,8.99,25.64,1.21,1.37,0,0.0,Unknown,0,187.88,273.07,273.07,365.51,578.34
cell_01577,80.1475,13.0425,299816.3214051031,8.0,24.0,15.93,0.0,10.61,3.44,559.47,0.001866,0.0,151.67,2182.09,874.78,0.0,0.0,Vegetation,46.17,0.1,49.11,3.99,0.64,0,0.0,Unknown,0,187.88,273.07,273.07,365.51,578.34
cell_01578,80.1475,13.0475,299810.4109296678,9.0,22.0,15.52,0.0,8.95,2.77,3696.96,0.012331,17.0,316.58,1658.6,1373.02,0.0,0.0,Built-up,56.56,0.06,30.1,10.39,2.89,0,0.0,Unknown,0,187.88,273.07,273.07,365.51,578.34
cell_01579,80.1475,13.0525,299804.49821900827,10.0,21.0,14.99,0.0,8.23,2.56,2150.6,0.007173,8.0,750.68,1129.55,1901.78,0.0,0.0,Vegetation,22.03,0.0,47.48,27.1,3.38,0,0.0,Unknown,0,187.88,273.07,273.07,365.51,578.34
cell_01580,80.1475,13.0575,299798.5832730575,11.0,22.0,15.43,0.0,7.53,2.99,1236.48,0.004124,6.0,545.91,588.78,2441.29,0.0,0.0,Built-up,70.25,0.0,23.12,3.03,3.6,0,0.0,Unknown,0,187.88,273.07,273.07,365.51,578.34
cell_01581,80.1475,13.0625,299792.66609222104,6.0,21.0,14.22,0.0,9.01,2.73,523.59,0.001746,2.0,14.14,45.17,2985.74,556.49,0.001856,Vegetation,35.26,0.0,44.22,14.42,6.1,0,0.0,Unknown,0,187.88,273.07,273.07,365.51,578.34
cell_01582,80.1475,13.0675,299786.7466761467,9.0,20.0,14.42,0.0,7.09,2.36,0.0,0.0,0.0,449.25,498.44,3172.35,0.0,0.0,Built-up,49.23,0.0,30.36,18.94,1.47,0,0.0,Unknown,0,187.88,273.07,273.07,365.51,578.34
cell_01583,80.1475,13.0725,299780.82502476784,10.0,23.0,15.03,0.0,7.09,2.35,0.0,0.0,0.0,996.97,1042.97,2958.21,0.0,0.0,Vegetation,28.51,0.0,51.75,18.37,1.37,0,0.0,Unknown,0,187.88,273.07,273.07,365.51,578.34
cell_01584,80.1475,13.0775,299774.90113888506,11.0,23.0,14.85,0.0,10.82,1.81,0.0,0.0,0.0,1548.39,1592.29,2761.4,0.0,0.0,Built-up,47.14,0.0,43.12,7.27,2.47,0,0.0,Unknown,0,187.88,273.07,273.07,365.51,578.34
cell_01585,80.1475,13.0825,299768.9750177986,11.0,23.0,17.19,0.0,8.3,2.11,0.0,0.0,0.0,1043.48,2143.5,2368.53,0.0,0.0,Built-up,59.66,0.0,33.07,6.73,0.54,0,0.0,Unknown,0,187.88,273.07,273.07,365.51,578.34
cell_01586,80.1475,13.0875,299763.04666150524,10.0,21.0,15.83,0.0,6.19,2.41,5607.17,0.018705,37.0,500.16,2695.44,1818.65,0.0,0.0,Vegetation,43.05,0.0,43.15,13.51,0.29,0,0.0,Unknown,0,187.88,273.07,273.07,365.51,578.34
cell_01587,80.1475,13.0925,299757.1160707107,12.0,26.0,18.08,0.0,10.11,3.09,15129.35,0.050472,110.0,83.24,3247.74,1271.48,0.0,0.0,Built-up,76.69,0.0,15.78,2.77,4.75,0,0.0,Unknown,0,187.88,273.07,273.07,365.51,578.34
cell_01588,80.1475,13.0975,299751.1832448415,8.0,24.0,17.22,0.0,14.04,3.18,11371.01,0.037935,68.0,89.46,3796.81,733.09,0.0,0.0,Built-up,60.87,0.0,26.63,11.61,0.89,0,0.0,Unknown,0,187.88,273.07,273.07,365.51,578.34
cell_01589,80.1475,13.1025,299745.2481840044,9.0,24.0,14.84,0.0,10.43,2.25,1416.23,0.004725,8.0,0.0,4311.09,264.17,135.88,0.000453,Vegetation,10.88,34.97,39.12,15.03,0.0,0,0.0,Unknown,0,187.88,273.07,273.07,365.51,578.34
cell_01590,80.1475,13.1075,299739.3108885272,9.0,26.0,16.85,0.0,8.53,2.75,7981.93,0.02663,55.0,0.0,4831.98,123.36,296.25,0.000988,Vegetation,33.1,13.01,33.39,19.45,1.05,1,0.0,Unknown,1,187.88,273.07,273.07,365.51,578.34
cell_01591,80.1475,13.1125,299733.37135835725,15.0,29.0,22.89,0.0,5.94,2.5,2542.26,0.008482,8.0,298.41,5050.03,430.66,0.0,0.0,Built-up,62.37,0.0,32.65,3.12,1.85,0,0.0,Unknown,0,187.88,273.07,273.07,365.51,578.34
cell_01592,80.1475,13.1175,299727.42959333165,22.0,31.0,27.24,0.0,7.26,1.96,9258.55,0.03089,54.0,542.42,4837.87,970.86,0.0,0.0,Built-up,75.13,0.0,23.44,1.01,0.42,0,0.0,Unknown,0,187.88,273.07,273.07,365.51,578.34
cell_01593,80.1475,13.1225,299721.4855933214,21.0,33.0,28.16,0.0,5.25,1.9,11816.77,0.039426,59.0,925.63,4681.75,1506.29,0.0,0.0,Built-up,85.65,0.0,14.09,0.0,0.26,0,0.0,Unknown,0,187.88,273.07,273.07,365.51,578.34
cell_01594,80.1475,13.1275,299715.5393592837,18.0,30.0,24.42,0.0,9.71,2.24,8312.71,0.027735,62.0,806.19,4587.39,2051.07,0.0,0.0,Built-up,81.82,0.0,18.05,0.0,0.13,1,0.0,Unknown,1,187.88,273.07,273.07,365.51,578.34
cell_01595,80.1475,13.1325,299709.5908899527,12.0,27.0,18.25,0.0,6.41,2.15,9071.73,0.030268,50.0,514.82,4558.63,2599.32,0.0,0.0,Built-up,91.79,0.0,6.69,1.46,0.06,0,0.0,Unknown,0,187.88,273.07,273.07,365.51,578.34
cell_01596,80.1475,13.1375,299703.6401865225,11.0,20.0,14.79,0.0,6.41,1.97,5494.91,0.018334,34.0,63.3,4596.71,3123.51,0.0,0.0,Vegetation,32.24,0.54,46.08,21.11,0.03,0,0.0,Unknown,0,187.88,273.07,273.07,365.51,578.34
cell_01597,80.1475,13.1425,299697.68724818394,3.0,20.0,11.66,0.0,10.82,2.41,0.0,0.0,0.0,0.0,4694.95,3592.94,0.0,0.0,Water,0.0,88.78,10.33,0.89,0.0,0,0.0,Unknown,0,187.88,273.07,273.07,365.51,578.34
cell_01598,80.1475,13.1475,299691.7320756586,6.0,26.0,12.55,0.0,17.1,3.28,0.0,0.0,0.0,0.0,4850.57,4083.35,0.0,0.0,Water,0.0,98.31,1.69,0.0,0.0,0,0.0,Unknown,0,187.88,273.07,273.07,365.51,578.34
cell_01599,80.1475,13.1525,299685.77466818545,8.0,27.0,14.62,0.0,18.23,2.97,0.0,0.0,0.0,0.0,5062.13,4588.01,0.0,0.0,Water,2.01,55.61,25.77,16.61,0.0,0,0.0,Unknown,0,187.88,273.07,273.07,365.51,578.34
cell_01600,80.1475,13.1575,299679.8150267692,12.0,25.0,19.11,0.0,7.8,2.67,0.0,0.0,0.0,361.77,5322.96,4794.93,0.0,0.0,Cropland,7.43,0.0,17.79,74.14,0.64,0,0.0,Unknown,0,187.88,273.07,273.07,365.51,578.34
cell_01601,80.1475,13.1625,299673.853150538,9.0,26.0,19.92,0.0,12.13,3.22,0.0,0.0,0.0,813.18,5626.21,5053.06,0.0,0.0,Cropland,2.34,29.03,26.79,39.55,2.31,0,0.0,Unknown,0,187.88,273.07,273.07,365.51,578.34
cell_01602,80.1475,13.1675,299667.8890401502,14.0,29.0,21.39,0.0,7.53,2.73,0.0,0.0,0.0,1296.1,5965.42,4878.01,0.0,0.0,Cropland,5.33,27.04,26.43,30.17,11.03,0,0.0,Unknown,0,187.88,273.07,273.07,365.51,578.34
cell_01603,80.1475,13.1725,299661.9226952063,19.0,33.0,25.02,0.0,11.75,3.5,0.0,0.0,0.0,1495.14,6294.14,4673.01,0.0,0.0,Bare Land,2.04,0.0,30.1,23.25,44.61,0,0.0,Unknown,0,187.88,273.07,273.07,365.51,578.34
cell_01604,80.1475,13.1775,299655.9541160181,17.0,31.0,24.8,0.0,8.59,2.74,0.0,0.0,0.0,1252.63,6597.37,4526.67,0.0,0.0,Vegetation,12.08,2.56,42.99,11.07,31.3,0,0.0,Unknown,0,187.88,273.07,273.07,365.51,578.34
cell_01605,80.1475,13.1825,299649.9833026918,16.0,29.0,22.09,0.0,6.98,2.42,0.0,0.0,0.0,1230.58,6931.53,4444.78,0.0,0.0,Vegetation,31.12,0.0,42.73,25.32,0.83,0,0.0,Unknown,0,187.88,273.07,273.07,365.51,578.34
cell_01606,80.1475,13.1875,299644.0102549393,17.0,27.0,21.28,0.0,6.98,2.32,0.0,0.0,0.0,1346.74,7292.37,4430.91,0.0,0.0,Cropland,12.02,0.0,29.11,57.94,0.92,0,0.0,Unknown,0,187.88,273.07,273.07,365.51,578.34
cell_01607,80.1475,13.1925,299638.0349733078,20.0,34.0,26.08,0.0,6.72,2.33,0.0,0.0,0.0,1608.44,7676.11,4480.23,0.0,0.0,Vegetation,9.19,0.0,56.92,33.44,0.45,0,0.0,Unknown,0,187.88,273.07,273.07,365.51,578.34
cell_01608,80.1475,13.1975,299632.0574569254,24.0,36.0,30.28,0.0,6.81,2.24,0.0,0.0,0.0,1990.21,8079.5,4592.7,0.0,0.0,Vegetation,23.47,0.0,63.49,10.84,2.2,0,0.0,Unknown,0,187.88,273.07,273.07,365.51,578.34
cell_01609,80.1475,13.2025,299626.07770679664,20.0,32.0,27.23,0.0,8.75,2.91,0.0,0.0,0.0,2338.35,8499.74,4767.06,0.0,0.0,Vegetation,15.31,0.0,64.48,19.99,0.22,0,0.0,Unknown,0,187.88,273.07,273.07,365.51,578.34
cell_01610,80.1475,13.2075,299620.0957226822,20.0,30.0,25.04,0.0,9.36,2.35,0.0,0.0,0.0,2729.17,8934.45,4996.85,0.0,0.0,Vegetation,2.08,0.88,56.36,34.29,6.4,0,0.0,Unknown,0,187.88,273.07,273.07,365.51,578.34
cell_01611,80.1475,13.2125,299614.11150418216,20.0,33.0,25.82,0.0,7.85,2.79,0.0,0.0,0.0,3168.67,9381.62,5274.82,0.0,0.0,Vegetation,22.77,0.0,67.12,8.23,1.88,0,0.0,Unknown,0,187.88,273.07,273.07,365.51,578.34
cell_01612,80.1475,13.2175,299608.1250515914,13.0,34.0,22.99,0.0,12.37,3.84,0.0,0.0,0.0,3621.67,9839.56,5593.8,0.0,0.0,Water,1.47,46.49,43.59,5.04,3.41,0,0.0,Unknown,0,187.88,273.07,273.07,365.51,578.34
cell_01613,80.1475,13.2225,299602.13636538055,12.0,33.0,14.02,0.0,22.52,1.88,0.0,0.0,0.0,4090.66,10306.82,5947.19,0.0,0.0,Water,0.0,99.84,0.16,0.0,0.0,0,0.0,Unknown,0,187.88,273.07,273.07,365.51,578.34
cell_01614,80.1475,13.2275,299596.1454450545,13.0,21.0,13.82,0.0,9.0,0.84,0.0,0.0,0.0,4570.36,10782.2,6329.22,0.0,0.0,Water,0.0,99.84,0.16,0.0,0.0,0,0.0,Unknown,0,187.88,273.07,273.07,365.51,578.34
cell_01615,80.1475,13.2325,299590.15229064156,10.0,29.0,17.79,0.0,8.52,3.08,0.0,0.0,0.0,5054.33,11264.67,6735.04,0.0,0.0,Water,0.0,76.75,23.25,0.0,0.0,0,0.0,Unknown,0,187.88,273.07,273.07,365.51,578.34
cell_01616,80.1475,13.2375,299584.15690265707,10.0,33.0,20.88,0.0,11.75,3.16,0.0,0.0,0.0,5551.21,11704.04,7160.59,0.0,0.0,Vegetation,0.0,40.91,56.79,2.27,0.03,0,0.0,Unknown,0,187.88,273.07,273.07,365.51,578.34
cell_01617,80.1475,13.2425,299578.1592804977,12.0,34.0,20.95,0.0,14.1,3.81,0.0,0.0,0.0,6057.82,11659.79,7602.56,0.0,0.0,Vegetation,12.21,10.36,48.12,29.18,0.13,0,0.0,Unknown,0,187.88,273.07,273.07,365.51,578.34
cell_01618,80.1475,13.2475,299572.1594246013,11.0,26.0,17.78,0.0,8.29,2.8,0.0,0.0,0.0,5821.41,11641.67,8058.25,0.0,0.0,Cropland,12.66,0.0,5.84,81.38,0.13,0,0.0,Unknown,0,187.88,273.07,273.07,365.51,578.34
cell_01619,80.1475,13.2525,299566.1573348364,0.0,0.0,0.0,0.0,0.0,0.0,0.0,0.0,0.0,5555.48,11649.79,8525.46,0.0,0.0,Unknown,0.0,0.0,0.0,0.0,0.0,0,0.0,Unknown,0,187.88,273.07,273.07,365.51,578.34
cell_01620,80.1525,12.8525,300038.5196380303,13.0,22.0,16.95,0.0,6.98,2.02,0.0,0.0,0.0,6878.26,5702.62,8938.29,0.0,0.0,Cropland,0.46,0.0,25.39,73.32,0.83,0,0.0,Unknown,0,187.88,273.07,273.07,365.51,578.34
cell_01621,80.1525,12.8575,300032.6941700563,6.0,21.0,14.09,0.0,9.51,2.57,0.0,0.0,0.0,6829.91,5483.03,8949.0,0.0,0.0,Vegetation,0.94,27.76,50.94,19.29,1.07,0,0.0,Unknown,0,187.88,273.07,273.07,365.51,578.34
cell_01622,80.1525,12.8625,300026.8664652147,11.0,22.0,15.1,0.0,8.29,2.42,0.0,0.0,0.0,6824.3,5312.15,8993.77,0.0,0.0,Vegetation,15.81,4.29,39.71,39.51,0.68,0,0.0,Unknown,0,187.88,273.07,273.07,365.51,578.34
cell_01623,80.1525,12.8675,300021.03652421315,9.0,21.0,14.37,0.0,6.03,2.21,0.0,0.0,0.0,6857.74,5194.79,9072.08,0.0,0.0,Vegetation,31.07,0.07,37.06,31.6,0.2,0,0.0,Unknown,0,187.88,273.07,273.07,365.51,578.34
cell_01624,80.1525,12.8725,300015.2043465734,8.0,18.0,12.27,0.0,8.52,2.49,0.0,0.0,0.0,6617.97,5134.62,9183.09,0.0,0.0,Cropland,7.79,0.0,36.98,55.23,0.0,0,0.0,Unknown,0,187.88,273.07,273.07,365.51,578.34
cell_01625,80.1525,12.8775,300009.3699329064,9.0,16.0,11.62,0.0,4.1,1.4,0.0,0.0,0.0,6279.36,5133.65,9071.05,0.0,0.0,Cropland,0.0,0.0,5.45,94.55,0.0,0,0.0,Unknown,0,187.88,273.07,273.07,365.51,578.34
cell_01626,80.1525,12.8825,300003.53328227636,10.0,21.0,14.77,0.0,6.41,1.99,0.0,0.0,0.0,5972.85,5191.91,8581.6,0.0,0.0,Cropland,28.03,0.0,17.36,54.02,0.6,0,0.0,Unknown,0,187.88,273.07,273.07,365.51,578.34
cell_01627,80.1525,12.8875,299997.6943959892,11.0,20.0,15.21,0.0,6.81,1.93,0.0,0.0,0.0,5703.59,5307.46,8100.34,0.0,0.0,Vegetation,17.66,2.79,42.69,36.69,0.16,0,0.0,Unknown,0,187.88,273.07,273.07,365.51,578.34
cell_01628,80.1525,12.8925,299991.8532729831,11.0,20.0,11.82,0.0,10.16,0.93,0.0,0.0,0.0,5477.1,5476.67,7628.8,0.0,0.0,Vegetation,0.58,11.3,79.81,8.31,0.0,0,0.0,Unknown,0,187.88,273.07,273.07,365.51,578.34
cell_01629,80.1525,12.8975,299986.00991369545,7.0,23.0,15.1,0.0,12.24,2.46,0.0,0.0,0.0,5230.22,5694.76,7168.91,0.0,0.0,Vegetation,12.93,2.08,71.4,13.55,0.03,0,0.0,Unknown,0,187.88,273.07,273.07,365.51,578.34
cell_01630,80.1525,12.9025,299980.1643185018,14.0,27.0,22.05,0.0,7.7,2.25,0.0,0.0,0.0,4942.24,5956.36,6723.06,0.0,0.0,Built-up,85.16,0.0,13.7,1.07,0.06,0,0.0,Unknown,0,187.88,273.07,273.07,365.51,578.34
cell_01631,80.1525,12.9075,299974.3164869865,16.0,29.0,22.36,0.0,6.93,2.14,0.0,0.0,0.0,4701.9,6256.02,6294.24,0.0,0.0,Built-up,70.45,0.0,23.47,4.94,1.14,0,0.0,Unknown,0,187.88,273.07,273.07,365.51,578.34
cell_01632,80.1525,12.9125,299968.46641912946,17.0,29.0,23.75,0.0,5.46,2.03,0.0,0.0,0.0,4516.8,6404.63,5886.16,0.0,0.0,Built-up,49.26,0.0,44.66,5.95,0.13,0,0.0,Unknown,0,187.88,273.07,273.07,365.51,578.34
cell_01633,80.1525,12.9175,299962.6141152897,16.0,26.0,19.78,0.0,6.03,2.04,0.0,0.0,0.0,4390.26,6562.35,5503.44,0.0,0.0,Built-up,49.68,0.0,28.64,21.43,0.26,0,0.0,Unknown,0,187.88,273.07,273.07,365.51,578.34
cell_01634,80.1525,12.9225,299956.7595755574,18.0,29.0,23.58,0.0,5.71,2.48,0.0,0.0,0.0,4330.24,6752.79,5151.74,0.0,0.0,Built-up,82.14,0.0,12.69,4.64,0.52,0,0.0,Unknown,0,187.88,273.07,273.07,365.51,578.34
cell_01635,80.1525,12.9275,299950.90279940754,15.0,26.0,20.78,0.0,6.16,2.29,0.0,0.0,0.0,4340.4,6892.09,4837.83,0.0,0.0,Built-up,75.64,0.0,17.19,6.91,0.26,0,0.0,Unknown,0,187.88,273.07,273.07,365.51,578.34
cell_01636,80.1525,12.9325,299945.0437874043,10.0,20.0,14.93,0.0,7.39,1.96,0.0,0.0,0.0,4418.43,7071.99,4569.5,0.0,0.0,Vegetation,24.45,1.56,54.45,18.96,0.58,0,0.0,Unknown,0,187.88,273.07,273.07,365.51,578.34
cell_01637,80.1525,12.9375,299939.1825394485,12.0,27.0,19.54,0.0,6.15,2.02,0.0,0.0,0.0,4248.77,7133.49,4355.18,0.0,0.0,Built-up,89.06,0.0,5.94,4.94,0.06,0,0.0,Unknown,0,187.88,273.07,273.07,365.51,578.34
cell_01638,80.1525,12.9425,299933.3190558666,14.0,29.0,21.01,0.0,6.16,2.06,0.0,0.0,0.0,3769.32,6585.86,4194.76,0.0,0.0,Built-up,95.01,0.0,3.7,1.29,0.0,0,0.0,Unknown,0,187.88,273.07,273.07,365.51,578.34
cell_01639,80.1525,12.9475,299927.45333562855,14.0,29.0,20.14,0.0,6.51,2.42,0.0,0.0,0.0,3312.87,6039.21,3993.17,0.0,0.0,Built-up,69.09,0.0,18.7,11.85,0.36,0,0.0,Unknown,0,187.88,273.07,273.07,365.51,578.34
cell_01640,80.1525,12.9525,299921.58538021357,12.0,33.0,22.35,0.0,6.91,2.53,0.0,0.0,0.0,2889.57,5493.82,3860.88,0.0,0.0,Built-up,91.88,0.0,5.36,0.94,1.82,0,0.0,Unknown,0,187.88,273.07,273.07,365.51,578.34
cell_01641,80.1525,12.9575,299915.7151886238,9.0,21.0,15.77,0.0,9.0,2.6,0.0,0.0,0.0,2492.4,4950.12,3760.28,0.0,0.0,Vegetation,26.28,0.3,43.9,26.94,2.58,0,0.0,Unknown,0,187.88,273.07,273.07,365.51,578.34
cell_01642,80.1525,12.9625,299909.8427611707,14.0,26.0,20.18,0.0,6.83,2.27,0.0,0.0,0.0,2157.98,4408.73,3242.74,0.0,0.0,Built-up,66.69,0.03,20.91,12.11,0.26,0,0.0,Unknown,0,187.88,273.07,273.07,365.51,578.34
cell_01643,80.1525,12.9675,299903.9680983703,19.0,37.0,25.47,0.0,10.2,2.67,0.0,0.0,0.0,1924.14,3870.62,2739.1,0.0,0.0,Built-up,85.29,0.0,14.16,0.29,0.26,0,0.0,Unknown,0,187.88,273.07,273.07,365.51,578.34
cell_01644,80.1525,12.9725,299898.0911994136,15.0,27.0,20.91,0.0,6.19,2.1,0.0,0.0,0.0,1830.95,3337.38,2258.65,0.0,0.0,Built-up,61.95,0.0,37.12,0.79,0.13,0,0.0,Unknown,0,187.88,273.07,273.07,365.51,578.34
cell_01645,80.1525,12.9775,299892.2120647374,7.0,23.0,16.7,0.0,12.49,3.39,0.0,0.0,0.0,1840.76,2811.78,1819.88,0.0,0.0,Vegetation,37.18,0.0,59.64,3.02,0.16,0,0.0,Unknown,0,187.88,273.07,273.07,365.51,578.34
cell_01646,80.1525,12.9825,299886.3306946847,5.0,20.0,12.12,0.0,9.71,2.92,0.0,0.0,0.0,1287.8,2299.06,1460.82,0.0,0.0,Vegetation,26.14,0.0,69.87,2.79,1.2,0,0.0,Unknown,0,187.88,273.07,273.07,365.51,578.34
cell_01647,80.1525,12.9875,299880.4470888406,7.0,18.0,12.11,0.0,6.89,2.28,0.0,0.0,0.0,734.84,1810.21,1252.04,0.0,0.0,Vegetation,34.78,0.0,62.51,2.71,0.0,0,0.0,Unknown,0,187.88,273.07,273.07,365.51,578.34
cell_01648,80.1525,12.9925,299874.56124748633,3.0,15.0,9.29,0.0,6.81,2.2,0.0,0.0,0.0,181.89,1370.98,1003.66,0.0,0.0,Vegetation,13.99,0.29,75.81,9.42,0.49,0,0.0,Unknown,0,187.88,273.07,273.07,365.51,578.34
cell_01649,80.1525,12.9975,299868.6731703006,6.0,15.0,10.22,0.0,7.5,2.49,0.0,0.0,0.0,292.68,1045.92,863.25,0.0,0.0,Vegetation,11.53,0.0,64.38,20.97,3.12,0,0.0,Unknown,0,187.88,273.07,273.07,365.51,578.34
cell_01650,80.1525,13.0025,299862.7828578953,6.0,19.0,12.0,0.0,8.02,2.66,0.0,0.0,0.0,789.55,959.1,1046.27,0.0,0.0,Vegetation,5.29,0.0,59.5,35.11,0.1,0,0.0,Unknown,0,187.88,273.07,273.07,365.51,578.34
cell_01651,80.1525,13.0075,299856.8903099502,6.0,22.0,13.45,0.0,6.65,2.3,0.0,0.0,0.0,993.99,1165.08,985.33,0.0,0.0,Vegetation,34.19,0.0,48.31,17.27,0.23,0,0.0,Unknown,0,187.88,273.07,273.07,365.51,578.34
cell_01652,80.1525,13.0125,299850.9955264765,8.0,20.0,13.95,0.0,7.26,2.57,1024.52,0.003417,11.0,510.22,1531.38,494.03,0.0,0.0,Built-up,86.59,0.0,11.3,1.98,0.13,0,0.0,Unknown,0,187.88,273.07,273.07,365.51,578.34
cell_01653,80.1525,13.0175,299845.0985074068,8.0,20.0,14.93,0.0,8.83,2.62,12356.11,0.041208,81.0,374.18,1916.03,58.91,612.12,0.002041,Built-up,85.62,0.0,10.28,2.94,1.16,0,0.0,Unknown,0,187.88,273.07,273.07,365.51,578.34
cell_01654,80.1525,13.0225,299839.1992532574,11.0,21.0,14.51,0.0,8.95,2.51,14161.08,0.047229,87.0,776.63,2336.66,598.19,0.0,0.0,Built-up,83.8,0.0,11.95,2.66,1.59,0,0.0,Unknown,0,187.88,273.07,273.07,365.51,578.34
cell_01655,80.1525,13.0275,299833.2977635195,12.0,22.0,15.77,0.0,5.71,1.93,13229.68,0.044123,87.0,498.93,2797.58,282.33,227.01,0.000757,Built-up,87.6,0.0,8.6,3.25,0.55,0,0.0,Unknown,0,187.88,273.07,273.07,365.51,578.34
cell_01656,80.1525,13.0325,299827.3940386314,-3.0,26.0,15.69,0.0,19.13,4.32,5311.71,0.017716,28.0,0.0,3180.21,68.81,662.13,0.002208,Water,33.22,37.55,17.75,11.14,0.33,1,0.0,Unknown,1,187.88,273.07,273.07,365.51,578.34
cell_01657,80.1525,13.0375,299821.488078524,10.0,23.0,16.98,0.0,11.67,2.65,11712.33,0.039064,71.0,160.27,2627.92,194.19,141.81,0.000473,Built-up,79.51,10.62,8.93,0.0,0.94,0,0.0,Unknown,0,187.88,273.07,273.07,365.51,578.34
cell_01658,80.1525,13.0425,299815.5798827982,9.0,20.0,14.91,0.0,7.39,2.33,2191.2,0.007308,16.0,691.3,2076.0,739.42,0.0,0.0,Built-up,61.4,0.0,19.68,18.9,0.03,1,0.0,Unknown,1,187.88,273.07,273.07,365.51,578.34
cell_01659,80.1525,13.0475,299809.6694522714,9.0,21.0,15.52,0.0,7.26,2.74,0.0,0.0,0.0,779.04,1524.86,1291.01,0.0,0.0,Built-up,75.57,0.0,14.78,9.42,0.23,0,0.0,Unknown,0,187.88,273.07,273.07,365.51,578.34
cell_01660,80.1525,13.0525,299803.7567863715,9.0,19.0,13.68,0.0,6.81,2.26,2185.37,0.007289,9.0,955.65,975.82,1843.44,0.0,0.0,Built-up,63.12,0.0,15.36,18.57,2.95,0,0.0,Unknown,0,187.88,273.07,273.07,365.51,578.34
cell_01661,80.1525,13.0575,299797.84188517265,8.0,20.0,14.27,0.0,8.02,2.62,5087.25,0.016969,35.0,413.02,436.84,2396.13,0.0,0.0,Built-up,74.42,0.19,19.68,5.32,0.39,0,0.0,Unknown,0,187.88,273.07,273.07,365.51,578.34
cell_01662,80.1525,13.0625,299791.92474933254,8.0,22.0,14.51,0.0,7.7,2.74,861.64,0.002874,11.0,48.14,78.78,2948.93,579.4,0.001933,Built-up,61.92,0.0,34.98,1.75,1.36,0,0.0,Unknown,0,187.88,273.07,273.07,365.51,578.34
cell_01663,80.1525,13.0675,299786.00537813694,7.0,20.0,14.42,0.0,8.8,2.62,0.0,0.0,0.0,540.12,576.88,2673.69,0.0,0.0,Built-up,45.81,0.0,32.31,21.36,0.52,0,0.0,Unknown,0,187.88,273.07,273.07,365.51,578.34
cell_01664,80.1525,13.0725,299780.08377156616,9.0,22.0,16.12,0.0,8.3,2.62,0.0,0.0,0.0,1036.58,1103.38,2482.11,0.0,0.0,Built-up,67.92,0.0,28.25,3.41,0.42,0,0.0,Unknown,0,187.88,273.07,273.07,365.51,578.34
cell_01665,80.1525,13.0775,299774.1599305468,12.0,19.0,15.21,0.0,4.03,1.56,0.0,0.0,0.0,1571.27,1633.57,2243.93,0.0,0.0,Built-up,71.34,0.0,18.38,4.93,5.36,0,0.0,Unknown,0,187.88,273.07,273.07,365.51,578.34
cell_01666,80.1525,13.0825,299768.2338543646,8.0,18.0,14.0,0.0,6.65,2.18,35.69,0.000119,1.0,1090.94,2174.34,2123.28,0.0,0.0,Built-up,54.32,0.03,33.93,9.32,2.4,0,0.0,Unknown,0,187.88,273.07,273.07,365.51,578.34
cell_01667,80.1525,13.0875,299762.305542983,10.0,20.0,14.09,0.0,7.39,2.23,105.08,0.000351,1.0,598.93,2720.03,1833.81,0.0,0.0,Vegetation,1.62,0.0,70.91,27.4,0.07,0,0.0,Unknown,0,187.88,273.07,273.07,365.51,578.34
cell_01668,80.1525,13.0925,299756.37499721895,10.0,21.0,16.21,0.0,10.4,2.15,6638.28,0.022146,42.0,372.1,3268.17,1293.07,0.0,0.0,Built-up,36.69,0.0,29.25,33.21,0.84,0,0.0,Unknown,0,187.88,273.07,273.07,365.51,578.34
cell_01669,80.1525,13.0975,299750.44221620006,11.0,23.0,16.75,0.0,9.01,2.75,7960.32,0.026556,55.0,264.9,3817.72,769.93,0.0,0.0,Built-up,54.51,0.0,29.77,7.27,8.44,0,0.0,Unknown,0,187.88,273.07,273.07,365.51,578.34
cell_01670,80.1525,13.1025,299744.5072004575,13.0,22.0,18.23,0.0,6.16,1.99,5191.02,0.017318,26.0,83.23,4320.71,353.77,0.0,0.0,Built-up,55.87,0.0,30.64,12.13,1.36,0,0.0,Unknown,0,187.88,273.07,273.07,365.51,578.34
cell_01671,80.1525,13.1075,299738.56994981423,15.0,24.0,19.62,0.0,5.15,1.93,13004.81,0.043387,73.0,123.66,4788.86,127.9,1029.02,0.003433,Built-up,70.36,0.0,23.67,1.43,4.55,1,0.0,Unknown,1,187.88,273.07,273.07,365.51,578.34
cell_01672,80.1525,13.1125,299732.63046473946,18.0,28.0,22.18,0.0,7.26,1.89,12328.55,0.041132,75.0,313.11,4566.73,406.8,0.0,0.0,Built-up,89.97,0.0,9.29,0.0,0.75,0,0.0,Unknown,0,187.88,273.07,273.07,365.51,578.34
cell_01673,80.1525,13.1175,299726.6887446921,18.0,33.0,27.7,0.0,5.79,2.17,9192.82,0.030671,38.0,400.46,4330.97,944.62,0.0,0.0,Built-up,80.4,0.0,18.91,0.03,0.66,0,0.0,Unknown,0,187.88,273.07,273.07,365.51,578.34
cell_01674,80.1525,13.1225,299720.74478971504,24.0,31.0,28.14,0.0,4.84,1.81,12646.15,0.042193,79.0,912.85,4155.86,1489.3,0.0,0.0,Built-up,93.8,0.0,5.1,0.81,0.29,0,0.0,Unknown,0,187.88,273.07,273.07,365.51,578.34
cell_01675,80.1525,13.1275,299714.79860056145,24.0,33.0,28.64,0.0,4.84,1.78,17743.72,0.059202,102.0,615.73,4049.28,1913.5,0.0,0.0,Built-up,95.1,0.0,3.86,0.0,1.04,2,0.0,Unknown,1,187.88,273.07,273.07,365.51,578.34
cell_01676,80.1525,13.1325,299708.85017650103,17.0,30.0,23.66,0.0,5.25,1.98,15952.35,0.053226,79.0,63.75,4016.68,2364.57,0.0,0.0,Built-up,85.72,0.0,8.86,3.31,2.12,0,0.0,Unknown,0,187.88,273.07,273.07,365.51,578.34
cell_01677,80.1525,13.1375,299702.89951812866,12.0,24.0,18.79,0.0,6.51,2.14,15751.21,0.052556,108.0,323.13,4059.85,2851.76,0.0,0.0,Built-up,83.41,0.03,15.71,0.65,0.19,0,0.0,Unknown,0,187.88,273.07,273.07,365.51,578.34
cell_01678,80.1525,13.1425,299696.94662484096,4.0,20.0,12.9,0.0,12.35,2.52,1192.5,0.003979,11.0,0.0,4168.99,3359.39,0.0,0.0,Water,4.64,66.69,25.81,2.47,0.39,0,0.0,Unknown,0,187.88,273.07,273.07,365.51,578.34
cell_01679,80.1525,13.1475,299690.9914973276,9.0,23.0,9.09,0.0,19.44,0.35,0.0,0.0,0.0,0.0,4343.51,3879.44,0.0,0.0,Water,0.0,98.58,1.42,0.0,0.0,0,0.0,Unknown,0,187.88,273.07,273.07,365.51,578.34
cell_01680,80.1525,13.1525,299685.0341350636,7.0,24.0,11.34,0.0,15.74,2.63,0.0,0.0,0.0,0.0,4578.57,4079.49,0.0,0.0,Water,0.0,97.21,2.56,0.23,0.0,0,0.0,Unknown,0,187.88,273.07,273.07,365.51,578.34
cell_01681,80.1525,13.1575,299679.07453877013,10.0,21.0,15.39,0.0,7.66,2.55,0.0,0.0,0.0,69.98,4865.4,4309.62,0.0,0.0,Cropland,0.16,12.4,26.01,60.71,0.71,0,0.0,Unknown,0,187.88,273.07,273.07,365.51,578.34
cell_01682,80.1525,13.1625,299673.11270756036,7.0,30.0,18.98,0.0,13.48,3.27,0.0,0.0,0.0,621.16,5195.43,4595.1,0.0,0.0,Cropland,1.88,13.26,17.82,66.48,0.56,0,0.0,Unknown,0,187.88,273.07,273.07,365.51,578.34
cell_01683,80.1525,13.1675,299667.1486424068,17.0,32.0,24.62,0.0,9.93,3.39,0.0,0.0,0.0,1084.77,5547.58,4392.01,0.0,0.0,Cropland,27.01,6.85,22.73,40.1,3.31,0,0.0,Unknown,0,187.88,273.07,273.07,365.51,578.34
cell_01684,80.1525,13.1725,299661.18234270636,20.0,31.0,25.47,0.0,9.49,3.02,0.0,0.0,0.0,1101.26,5837.24,4163.16,0.0,0.0,Cropland,18.67,1.17,27.92,42.37,9.87,0,0.0,Unknown,0,187.88,273.07,273.07,365.51,578.34
cell_01685,80.1525,13.1775,299655.2138087375,16.0,29.0,21.92,0.0,6.81,2.42,0.0,0.0,0.0,742.93,6163.01,3998.21,0.0,0.0,Cropland,21.65,0.0,32.6,44.69,1.06,0,0.0,Unknown,0,187.88,273.07,273.07,365.51,578.34
cell_01686,80.1525,13.1825,299649.2430405129,9.0,24.0,17.96,0.0,13.96,2.92,0.0,0.0,0.0,696.99,6519.48,3905.27,0.0,0.0,Water,0.29,39.25,32.6,27.08,0.78,0,0.0,Unknown,0,187.88,273.07,273.07,365.51,578.34
cell_01687,80.1525,13.1875,299643.27003813843,14.0,31.0,21.53,0.0,8.75,2.87,0.0,0.0,0.0,850.47,6901.9,3889.49,0.0,0.0,Cropland,18.7,0.16,24.09,56.88,0.16,0,0.0,Unknown,0,187.88,273.07,273.07,365.51,578.34
cell_01688,80.1525,13.1925,299637.29480148316,19.0,36.0,27.68,0.0,10.56,3.12,0.0,0.0,0.0,1216.8,7306.18,3944.83,0.0,0.0,Built-up,45.52,0.0,31.57,18.91,4.0,0,0.0,Unknown,0,187.88,273.07,273.07,365.51,578.34
cell_01689,80.1525,13.1975,299631.31733054307,18.0,33.0,27.89,0.0,8.83,2.72,0.0,0.0,0.0,1568.96,7728.91,4072.12,0.0,0.0,Built-up,58.8,0.0,28.9,10.94,1.36,0,0.0,Unknown,0,187.88,273.07,273.07,365.51,578.34
cell_01690,80.1525,13.2025,299625.3376258019,17.0,31.0,24.45,0.0,8.16,3.02,0.0,0.0,0.0,1957.18,8167.21,4267.82,0.0,0.0,Built-up,39.74,0.0,22.82,33.93,3.51,0,0.0,Unknown,0,187.88,273.07,273.07,365.51,578.34
cell_01691,80.1525,13.2075,299619.3556867039,15.0,34.0,25.02,0.0,10.3,3.52,0.0,0.0,0.0,2408.84,8618.72,4523.05,0.0,0.0,Built-up,43.4,0.0,42.71,5.55,8.33,0,0.0,Unknown,0,187.88,273.07,273.07,365.51,578.34
cell_01692,80.1525,13.2125,299613.37151368574,19.0,33.0,26.11,0.0,9.1,3.7,0.0,0.0,0.0,2862.93,9081.46,4828.38,0.0,0.0,Bare Land,16.59,0.0,29.29,0.16,53.96,0,0.0,Unknown,0,187.88,273.07,273.07,365.51,578.34
cell_01693,80.1525,13.2175,299607.38510633464,15.0,31.0,23.21,0.0,13.96,3.51,0.0,0.0,0.0,3343.93,9553.8,5174.96,0.0,0.0,Vegetation,3.73,20.45,55.29,5.49,15.03,0,0.0,Unknown,0,187.88,273.07,273.07,365.51,578.34
cell_01694,80.1525,13.2225,299601.3964653863,10.0,27.0,14.42,0.0,13.7,1.98,0.0,0.0,0.0,3823.18,10034.39,5555.06,0.0,0.0,Water,0.0,92.66,7.34,0.0,0.0,0,0.0,Unknown,0,187.88,273.07,273.07,365.51,578.34
cell_01695,80.1525,13.2275,299595.40559055225,13.0,13.0,13.0,0.0,0.0,0.0,0.0,0.0,0.0,4320.09,10522.09,5962.29,0.0,0.0,Water,0.0,99.9,0.1,0.0,0.0,0,0.0,Unknown,0,187.88,273.07,273.07,365.51,578.34
cell_01696,80.1525,13.2325,299589.4124812767,12.0,37.0,13.32,0.0,22.32,0.76,0.0,0.0,0.0,4829.2,11015.96,6391.45,0.0,0.0,Water,0.0,99.12,0.88,0.0,0.0,0,0.0,Unknown,0,187.88,273.07,273.07,365.51,578.34
cell_01697,80.1525,13.2375,299583.4171387383,9.0,30.0,16.26,0.0,17.4,3.33,0.0,0.0,0.0,5347.05,11165.34,6838.42,0.0,0.0,Water,0.73,79.74,19.04,0.5,0.0,0,0.0,Unknown,0,187.88,273.07,273.07,365.51,578.34
cell_01698,80.1525,13.2425,299577.4195620646,13.0,25.0,18.2,0.0,7.09,2.42,0.0,0.0,0.0,5694.03,11118.96,7299.93,0.0,0.0,Vegetation,23.67,2.27,57.37,13.44,3.25,0,0.0,Unknown,0,187.88,273.07,273.07,365.51,578.34
cell_01699,80.1525,13.2475,299571.4197515509,12.0,24.0,16.98,0.0,6.16,2.25,0.0,0.0,0.0,5365.16,11099.97,7773.39,0.0,0.0,Cropland,31.04,0.0,22.11,44.74,2.11,0,0.0,Unknown,0,187.88,273.07,273.07,365.51,578.34
cell_01700,80.1525,13.2525,299565.4177071772,0.0,0.0,0.0,0.0,0.0,0.0,0.0,0.0,0.0,5075.39,11108.5,8255.31,0.0,0.0,Unknown,0.0,0.0,0.0,0.0,0.0,0,0.0,Unknown,0,187.88,273.07,273.07,365.51,578.34
cell_01701,80.1575,12.8525,300037.7808003402,9.0,19.0,13.23,0.0,6.89,2.15,0.0,0.0,0.0,6340.47,5220.24,8395.74,0.0,0.0,Water,1.53,42.37,30.84,25.19,0.06,0,0.0,Unknown,0,187.88,273.07,273.07,365.51,578.34
cell_01702,80.1575,12.8575,300031.95537627913,6.0,18.0,12.15,0.0,8.59,2.76,0.0,0.0,0.0,6288.0,4979.43,8407.16,0.0,0.0,Vegetation,1.79,0.73,72.86,24.11,0.51,0,0.0,Unknown,0,187.88,273.07,273.07,365.51,578.34
cell_01703,80.1575,12.8625,300026.1277155652,8.0,17.0,11.61,0.0,5.15,1.69,0.0,0.0,0.0,6281.86,4790.64,8454.81,0.0,0.0,Cropland,9.44,0.0,28.38,62.18,0.0,0,0.0,Unknown,0,187.88,273.07,273.07,365.51,578.34
cell_01704,80.1575,12.8675,300020.2978184613,6.0,17.0,11.66,0.0,7.09,2.66,0.0,0.0,0.0,6318.18,4660.17,8538.08,0.0,0.0,Vegetation,10.49,12.24,38.64,38.57,0.06,0,0.0,Unknown,0,187.88,273.07,273.07,365.51,578.34
cell_01705,80.1575,12.8725,300014.46568485326,3.0,16.0,9.68,0.0,8.66,2.52,0.0,0.0,0.0,6210.05,4593.02,8655.94,0.0,0.0,Vegetation,1.24,3.32,65.37,30.07,0.0,0,0.0,Unknown,0,187.88,273.07,273.07,365.51,578.34
cell_01706,80.1575,12.8775,300008.63131503796,7.0,13.0,10.32,0.0,4.29,1.45,0.0,0.0,0.0,5847.89,4591.94,8807.01,0.0,0.0,Cropland,6.92,0.0,19.48,73.6,0.0,0,0.0,Unknown,0,187.88,273.07,273.07,365.51,578.34
cell_01707,80.1575,12.8825,300002.79470870947,8.0,19.0,13.35,0.0,6.41,2.01,0.0,0.0,0.0,5517.46,4657.0,8335.66,0.0,0.0,Built-up,39.32,0.0,29.12,31.2,0.36,0,0.0,Unknown,0,187.88,273.07,273.07,365.51,578.34
cell_01708,80.1575,12.8875,299996.95586630603,9.0,20.0,13.51,0.0,5.25,1.71,0.0,0.0,0.0,5224.8,4785.5,7839.32,0.0,0.0,Cropland,12.37,0.0,13.52,74.04,0.06,0,0.0,Unknown,0,187.88,273.07,273.07,365.51,578.34
cell_01709,80.1575,12.8925,299991.11478747654,10.0,15.0,12.23,0.0,4.86,1.22,0.0,0.0,0.0,4976.57,4972.51,7351.06,0.0,0.0,Cropland,3.99,0.0,13.14,82.14,0.73,0,0.0,Unknown,0,187.88,273.07,273.07,365.51,578.34
cell_01710,80.1575,12.8975,299985.27147218445,10.0,20.0,14.75,0.0,5.59,1.85,0.0,0.0,0.0,4779.71,5211.75,6872.62,0.0,0.0,Built-up,49.77,0.32,30.52,18.54,0.84,0,0.0,Unknown,0,187.88,273.07,273.07,365.51,578.34
cell_01711,80.1575,12.9025,299979.4259210733,11.0,23.0,18.43,0.0,6.03,2.3,0.0,0.0,0.0,4473.93,5496.39,6406.19,0.0,0.0,Built-up,70.6,0.0,20.92,7.97,0.51,0,0.0,Unknown,0,187.88,273.07,273.07,365.51,578.34
cell_01712,80.1575,12.9075,299973.57813366514,11.0,25.0,20.98,0.0,8.8,2.32,0.0,0.0,0.0,4206.92,5743.91,5954.6,0.0,0.0,Built-up,71.14,0.0,11.19,17.67,0.0,0,0.0,Unknown,0,187.88,273.07,273.07,365.51,578.34
cell_01713,80.1575,12.9125,299967.72811001807,15.0,25.0,19.78,0.0,5.94,2.14,0.0,0.0,0.0,3999.0,5880.3,5521.48,0.0,0.0,Built-up,92.08,0.0,7.79,0.13,0.0,0,0.0,Unknown,0,187.88,273.07,273.07,365.51,578.34
cell_01714,80.1575,12.9175,299961.875850317,11.0,22.0,16.88,0.0,6.19,2.18,0.0,0.0,0.0,3856.9,6051.71,5111.54,0.0,0.0,Built-up,81.79,0.0,12.18,4.27,1.75,0,0.0,Unknown,0,187.88,273.07,273.07,365.51,578.34
cell_01715,80.1575,12.9225,299956.0213548111,16.0,26.0,21.49,0.0,8.16,2.35,0.0,0.0,0.0,3788.45,6223.95,4730.8,0.0,0.0,Built-up,89.16,0.0,7.72,2.46,0.67,0,0.0,Unknown,0,187.88,273.07,273.07,365.51,578.34
cell_01716,80.1575,12.9275,299950.16462283256,12.0,25.0,18.64,0.0,8.8,2.52,0.0,0.0,0.0,3800.07,6374.82,4386.88,0.0,0.0,Built-up,83.28,0.0,9.16,7.53,0.03,0,0.0,Unknown,0,187.88,273.07,273.07,365.51,578.34
cell_01717,80.1575,12.9325,299944.305654788,11.0,20.0,14.32,0.0,6.19,1.91,0.0,0.0,0.0,3877.38,6568.92,4089.08,0.0,0.0,Built-up,67.06,0.96,13.04,18.94,0.0,0,0.0,Unknown,0,187.88,273.07,273.07,365.51,578.34
cell_01718,80.1575,12.9375,299938.44445127225,9.0,21.0,15.46,0.0,7.39,2.27,0.0,0.0,0.0,3875.08,6661.18,3848.11,0.0,0.0,Built-up,71.88,0.0,13.58,14.48,0.06,0,0.0,Unknown,0,187.88,273.07,273.07,365.51,578.34
cell_01719,80.1575,12.9425,299932.581011666,10.0,19.0,14.57,0.0,6.19,1.95,0.0,0.0,0.0,3512.85,6529.57,3675.18,0.0,0.0,Built-up,87.89,0.0,9.45,2.66,0.0,0,0.0,Unknown,0,187.88,273.07,273.07,365.51,578.34
cell_01720,80.1575,12.9475,299926.7153360122,11.0,21.0,16.35,0.0,7.85,2.41,0.0,0.0,0.0,3017.86,5977.77,3480.47,0.0,0.0,Built-up,86.0,0.0,7.08,6.73,0.19,0,0.0,Unknown,0,187.88,273.07,273.07,365.51,578.34
cell_01721,80.1575,12.9525,299920.8474245745,8.0,19.0,13.78,0.0,7.59,2.48,0.0,0.0,0.0,2546.85,5426.22,3327.87,0.0,0.0,Built-up,66.93,0.0,16.23,9.18,7.65,0,0.0,Unknown,0,187.88,273.07,273.07,365.51,578.34
cell_01722,80.1575,12.9575,299914.97727744334,7.0,19.0,14.47,0.0,8.75,2.59,0.0,0.0,0.0,2115.54,4874.99,3263.03,0.0,0.0,Vegetation,13.21,0.0,84.35,1.75,0.68,0,0.0,Unknown,0,187.88,273.07,273.07,365.51,578.34
cell_01723,80.1575,12.9625,299909.1048942666,15.0,34.0,24.91,0.0,7.66,2.56,0.0,0.0,0.0,1719.48,4324.2,3078.26,0.0,0.0,Built-up,50.83,0.0,49.11,0.0,0.06,0,0.0,Unknown,0,187.88,273.07,273.07,365.51,578.34
cell_01724,80.1575,12.9675,299903.2302754987,26.0,117.0,57.75,0.0,25.47,10.2,0.0,0.0,0.0,1418.07,3774.06,2542.23,0.0,0.0,Vegetation,32.91,0.0,67.03,0.0,0.06,0,0.0,Unknown,0,187.88,273.07,273.07,365.51,578.34
cell_01725,80.1575,12.9725,299897.35342099325,18.0,135.0,43.54,0.0,43.55,9.92,0.0,0.0,0.0,1288.81,3224.9,2015.4,0.0,0.0,Vegetation,23.93,0.0,74.19,1.75,0.13,0,0.0,Unknown,0,187.88,273.07,273.07,365.51,578.34
cell_01726,80.1575,12.9775,299891.47433063446,6.0,23.0,18.23,0.0,9.75,2.52,0.0,0.0,0.0,1386.63,2677.31,1507.42,0.0,0.0,Vegetation,30.77,0.0,67.12,2.07,0.03,0,0.0,Unknown,0,187.88,273.07,273.07,365.51,578.34
cell_01727,80.1575,12.9825,299885.59300498717,7.0,18.0,12.46,0.0,6.51,2.01,0.0,0.0,0.0,1369.91,2132.5,1046.12,0.0,0.0,Built-up,59.28,0.0,40.02,0.26,0.45,0,0.0,Unknown,0,187.88,273.07,273.07,365.51,578.34
cell_01728,80.1575,12.9875,299879.70944346325,3.0,17.0,10.37,0.0,9.01,2.79,0.0,0.0,0.0,851.67,1593.34,726.64,0.0,0.0,Vegetation,34.22,0.0,58.02,7.11,0.65,0,0.0,Unknown,0,187.88,273.07,273.07,365.51,578.34
cell_01729,80.1575,12.9925,299873.8236464991,7.0,14.0,10.86,0.0,4.81,1.77,0.0,0.0,0.0,349.55,1068.41,594.07,0.0,0.0,Vegetation,0.29,0.0,98.28,1.4,0.03,0,0.0,Unknown,0,187.88,273.07,273.07,365.51,578.34
cell_01730,80.1575,12.9975,299867.9356136651,1.0,15.0,8.08,0.0,8.29,2.48,0.0,0.0,0.0,33.17,596.54,322.51,0.0,0.0,Vegetation,7.62,0.0,70.63,21.46,0.29,0,0.0,Unknown,0,187.88,273.07,273.07,365.51,578.34
cell_01731,80.1575,13.0025,299862.0453456825,4.0,16.0,10.67,0.0,6.16,2.32,0.0,0.0,0.0,332.71,426.39,635.18,0.0,0.0,Vegetation,21.49,0.0,64.38,13.12,1.01,0,0.0,Unknown,0,187.88,273.07,273.07,365.51,578.34
cell_01732,80.1575,13.0075,299856.1528421997,5.0,14.0,10.5,0.0,4.81,1.87,0.0,0.0,0.0,666.84,757.69,732.37,0.0,0.0,Vegetation,34.66,0.0,54.37,9.31,1.66,0,0.0,Unknown,0,187.88,273.07,273.07,365.51,578.34
cell_01733,80.1575,13.0125,299850.2581031027,9.0,20.0,12.92,0.0,8.02,2.24,2345.01,0.007821,19.0,420.32,1141.79,212.01,256.55,0.000856,Built-up,62.63,0.0,30.04,6.15,1.18,0,0.0,Unknown,0,187.88,273.07,273.07,365.51,578.34
cell_01734,80.1575,13.0175,299844.3611285126,7.0,20.0,13.47,0.0,8.29,2.76,14074.85,0.046941,95.0,47.54,1574.47,158.95,471.25,0.001572,Built-up,75.13,0.0,17.79,5.84,1.23,0,0.0,Unknown,0,187.88,273.07,273.07,365.51,578.34
cell_01735,80.1575,13.0225,299838.4619188671,9.0,21.0,14.61,0.0,7.7,2.65,14515.2,0.04841,83.0,494.99,2049.09,665.17,0.0,0.0,Built-up,84.41,0.0,14.57,0.0,1.02,0,0.0,Unknown,0,187.88,273.07,273.07,365.51,578.34
cell_01736,80.1575,13.0275,299832.5604735151,9.0,19.0,15.13,0.0,5.79,2.03,14062.71,0.046902,96.0,654.02,2554.2,705.48,0.0,0.0,Built-up,77.26,0.0,15.88,4.34,2.52,1,0.0,Unknown,1,187.88,273.07,273.07,365.51,578.34
cell_01737,80.1575,13.0325,299826.6567931145,13.0,23.0,17.52,0.0,5.25,1.8,15383.8,0.051309,93.0,410.2,3075.83,432.63,0.0,0.0,Built-up,94.16,0.0,4.16,0.45,1.23,1,0.0,Unknown,1,187.88,273.07,273.07,365.51,578.34
cell_01738,80.1575,13.0375,299820.75087753567,14.0,23.0,18.25,0.0,5.15,1.97,14769.14,0.04926,112.0,185.95,2646.36,582.55,0.0,0.0,Built-up,91.87,0.29,5.87,0.0,1.98,3,0.0,Unknown,1,187.88,273.07,273.07,365.51,578.34
cell_01739,80.1575,13.0425,299814.84272641095,9.0,21.0,16.15,0.0,5.94,2.27,4079.24,0.013606,30.0,656.2,2097.0,940.91,0.0,0.0,Built-up,78.67,0.0,15.02,5.74,0.57,1,0.0,Unknown,1,187.88,273.07,273.07,365.51,578.34
cell_01740,80.1575,13.0475,299808.9323403509,9.0,18.0,14.37,0.0,6.19,2.26,0.0,0.0,0.0,639.01,1550.23,1419.42,0.0,0.0,Built-up,93.08,0.0,6.72,0.03,0.16,0,0.0,Unknown,0,187.88,273.07,273.07,365.51,578.34
cell_01741,80.1575,13.0525,299803.01971906703,10.0,20.0,13.67,0.0,5.71,2.17,0.0,0.0,0.0,428.92,1010.25,1937.99,0.0,0.0,Built-up,53.41,0.0,19.74,26.59,0.26,0,0.0,Unknown,0,187.88,273.07,273.07,365.51,578.34
cell_01742,80.1575,13.0575,299797.10486230307,10.0,23.0,16.05,0.0,10.7,2.69,0.0,0.0,0.0,458.68,492.03,2471.52,0.0,0.0,Built-up,75.38,0.16,15.85,8.04,0.57,0,0.0,Unknown,0,187.88,273.07,273.07,365.51,578.34
cell_01743,80.1575,13.0625,299791.1877711912,8.0,21.0,14.59,0.0,8.16,2.76,0.0,0.0,0.0,0.0,18.25,2527.8,575.92,0.001921,Built-up,51.49,0.0,38.96,7.37,2.18,0,0.0,Unknown,0,187.88,273.07,273.07,365.51,578.34
cell_01744,80.1575,13.0675,299785.2684444639,9.0,21.0,14.63,0.0,6.16,2.09,0.0,0.0,0.0,497.75,537.7,2195.73,0.0,0.0,Built-up,42.95,0.0,40.66,16.04,0.35,0,0.0,Unknown,0,187.88,273.07,273.07,365.51,578.34
cell_01745,80.1575,13.0725,299779.34688248025,10.0,19.0,13.82,0.0,5.94,2.07,0.0,0.0,0.0,1039.07,1083.48,1965.78,0.0,0.0,Vegetation,46.72,0.0,47.48,4.91,0.89,0,0.0,Unknown,0,187.88,273.07,273.07,365.51,578.34
cell_01746,80.1575,13.0775,299773.4230861983,9.0,20.0,14.48,0.0,6.72,1.99,0.0,0.0,0.0,1496.3,1604.25,1741.5,0.0,0.0,Built-up,71.4,0.0,22.24,6.01,0.36,0,0.0,Unknown,0,187.88,273.07,273.07,365.51,578.34
cell_01747,80.1575,13.0825,299767.497054635,12.0,18.0,14.67,0.0,6.93,1.88,4786.31,0.015967,22.0,1049.98,2122.34,1586.65,0.0,0.0,Built-up,83.2,0.0,15.53,0.03,1.24,0,0.0,Unknown,0,187.88,273.07,273.07,365.51,578.34
cell_01748,80.1575,13.0875,299761.5687879448,11.0,20.0,15.22,0.0,6.93,1.95,6321.89,0.02109,29.0,497.77,2640.31,1571.07,0.0,0.0,Built-up,74.03,0.0,17.63,7.82,0.52,0,0.0,Unknown,0,187.88,273.07,273.07,365.51,578.34
cell_01749,80.1575,13.0925,299755.6382867225,14.0,21.0,17.59,0.0,5.46,1.74,6973.16,0.023263,32.0,34.5,3105.55,1521.52,0.0,0.0,Built-up,59.34,0.0,33.2,7.21,0.26,0,0.0,Unknown,0,187.88,273.07,273.07,365.51,578.34
cell_01750,80.1575,13.0975,299749.7055504259,10.0,22.0,16.37,0.0,10.16,2.66,14688.64,0.049003,89.0,222.84,3561.73,1111.65,0.0,0.0,Built-up,75.16,0.06,16.36,5.13,3.28,0,0.0,Unknown,0,187.88,273.07,273.07,365.51,578.34
cell_01751,80.1575,13.1025,299743.7705794002,12.0,22.0,16.87,0.0,5.25,2.12,9290.19,0.030994,54.0,345.3,4042.03,610.17,0.0,0.0,Built-up,69.09,0.0,25.52,4.87,0.52,1,0.0,Unknown,1,187.88,273.07,273.07,365.51,578.34
cell_01752,80.1575,13.1075,299737.8333735922,13.0,22.0,17.0,0.0,5.94,1.94,7203.19,0.024032,34.0,301.47,4416.33,68.32,675.17,0.002253,Built-up,78.83,0.0,18.72,1.28,1.18,0,0.0,Unknown,0,187.88,273.07,273.07,365.51,578.34
cell_01753,80.1575,13.1125,299731.8939330761,15.0,25.0,18.67,0.0,4.81,1.96,10056.54,0.033552,46.0,209.32,4098.14,339.23,0.0,0.0,Built-up,76.91,0.0,21.78,0.0,1.31,0,0.0,Unknown,0,187.88,273.07,273.07,365.51,578.34
cell_01754,80.1575,13.1175,299725.9522577384,17.0,29.0,23.0,0.0,5.94,1.98,14267.44,0.047602,81.0,341.3,3833.68,774.92,0.0,0.0,Built-up,93.38,0.0,6.27,0.0,0.36,0,0.0,Unknown,0,187.88,273.07,273.07,365.51,578.34
cell_01755,80.1575,13.1225,299720.00834768487,17.0,29.0,23.62,0.0,6.19,1.95,14171.36,0.047282,87.0,457.73,3634.7,1143.26,0.0,0.0,Built-up,90.98,0.0,8.64,0.0,0.38,0,0.0,Unknown,0,187.88,273.07,273.07,365.51,578.34
cell_01756,80.1575,13.1275,299714.0622032414,17.0,30.0,24.96,0.0,4.89,1.58,16790.59,0.056022,101.0,762.09,3512.35,1620.25,0.0,0.0,Built-up,91.58,0.0,7.81,0.0,0.61,0,0.0,Unknown,0,187.88,273.07,273.07,365.51,578.34
cell_01757,80.1575,13.1325,299708.1138241361,20.0,28.0,24.61,0.0,5.15,1.97,12675.95,0.042294,59.0,455.31,3474.74,2134.24,0.0,0.0,Built-up,88.31,0.0,8.57,0.39,2.73,0,0.0,Unknown,0,187.88,273.07,273.07,365.51,578.34
cell_01758,80.1575,13.1375,299702.16321028606,11.0,24.0,19.65,0.0,7.53,2.01,15607.17,0.052076,108.0,368.67,3524.56,2663.89,0.0,0.0,Built-up,85.24,0.0,13.58,1.18,0.0,4,0.0,Unknown,1,187.88,273.07,273.07,365.51,578.34
cell_01759,80.1575,13.1425,299696.2103619865,7.0,30.0,12.47,0.0,23.45,3.27,2008.25,0.006701,15.0,0.0,3647.71,3201.45,0.0,0.0,Water,6.73,69.64,17.54,6.06,0.03,0,0.0,Unknown,0,187.88,273.07,273.07,365.51,578.34
cell_01760,80.1575,13.1475,299690.25527923333,9.0,9.0,9.0,0.0,0.98,0.0,0.0,0.0,0.0,0.0,3845.97,3389.98,0.0,0.0,Water,0.0,99.06,0.94,0.0,0.0,0,0.0,Unknown,0,187.88,273.07,273.07,365.51,578.34
cell_01761,80.1575,13.1525,299684.29796197446,9.0,18.0,10.15,0.0,9.0,0.98,0.0,0.0,0.0,0.0,4109.6,3579.24,0.0,0.0,Water,0.0,96.21,3.76,0.0,0.03,0,0.0,Unknown,0,187.88,273.07,273.07,365.51,578.34
cell_01762,80.1575,13.1575,299678.33841036307,9.0,25.0,16.87,0.0,8.13,2.85,0.0,0.0,0.0,94.12,4426.93,3839.48,0.0,0.0,Cropland,9.92,23.34,32.24,34.15,0.35,0,0.0,Unknown,0,187.88,273.07,273.07,365.51,578.34
cell_01763,80.1575,13.1625,299672.3766241267,13.0,31.0,21.55,0.0,9.0,3.21,0.0,0.0,0.0,322.29,4787.3,4157.38,0.0,0.0,Cropland,14.35,0.0,32.5,53.02,0.13,0,0.0,Unknown,0,187.88,273.07,273.07,365.51,578.34
cell_01764,80.1575,13.1675,299666.41260389204,20.0,32.0,25.6,0.0,11.08,2.63,0.0,0.0,0.0,651.72,5081.36,3920.68,0.0,0.0,Vegetation,15.47,0.0,50.03,30.26,4.24,0,0.0,Unknown,0,187.88,273.07,273.07,365.51,578.34
cell_01765,80.1575,13.1725,299660.4463490085,14.0,29.0,22.71,0.0,6.81,2.16,0.0,0.0,0.0,765.03,5396.11,3662.52,0.0,0.0,Cropland,2.77,0.0,41.29,53.7,2.23,0,0.0,Unknown,0,187.88,273.07,273.07,365.51,578.34
cell_01766,80.1575,13.1775,299654.47786007094,13.0,30.0,20.85,0.0,6.51,2.37,0.0,0.0,0.0,339.09,5746.95,3473.89,0.0,0.0,Vegetation,29.45,0.0,48.44,22.11,0.0,0,0.0,Unknown,0,187.88,273.07,273.07,365.51,578.34
cell_01767,80.1575,13.1825,299648.5071366648,11.0,19.0,15.3,0.0,6.41,1.73,0.0,0.0,0.0,170.09,6127.68,3366.51,0.0,0.0,Vegetation,0.35,0.0,53.86,45.79,0.0,0,0.0,Unknown,0,187.88,273.07,273.07,365.51,578.34
cell_01768,80.1575,13.1875,299642.53417933756,15.0,30.0,21.66,0.0,9.0,2.77,0.0,0.0,0.0,445.98,6533.08,3348.2,0.0,0.0,Cropland,20.7,0.0,33.2,45.79,0.32,0,0.0,Unknown,0,187.88,273.07,273.07,365.51,578.34
cell_01769,80.1575,13.1925,299636.5589875638,18.0,34.0,24.73,0.0,9.93,3.11,0.0,0.0,0.0,808.57,6958.83,3411.46,0.0,0.0,Built-up,67.69,0.0,17.69,13.51,1.1,0,0.0,Unknown,0,187.88,273.07,273.07,365.51,578.34
cell_01770,80.1575,13.1975,299630.5815616399,22.0,34.0,28.76,0.0,8.29,2.32,0.0,0.0,0.0,1188.04,7401.43,3557.9,0.0,0.0,Built-up,64.29,0.0,30.07,3.79,1.85,0,0.0,Unknown,0,187.88,273.07,273.07,365.51,578.34
cell_01771,80.1575,13.2025,299624.6019018773,14.0,30.0,21.53,0.0,9.2,3.03,0.0,0.0,0.0,1640.93,7858.03,3780.32,0.0,0.0,Cropland,25.19,0.0,9.18,65.5,0.13,0,0.0,Unknown,0,187.88,273.07,273.07,365.51,578.34
cell_01772,80.1575,13.2075,299618.6200078449,12.0,29.0,20.75,0.0,9.75,3.59,0.0,0.0,0.0,2115.4,8326.32,4066.28,0.0,0.0,Cropland,10.58,0.0,32.95,50.52,5.94,0,0.0,Unknown,0,187.88,273.07,273.07,365.51,578.34
cell_01773,80.1575,13.2125,299612.63587983843,15.0,29.0,22.17,0.0,7.26,2.83,0.0,0.0,0.0,2592.4,8804.45,4403.41,0.0,0.0,Vegetation,6.15,0.0,51.24,20.73,21.88,0,0.0,Unknown,0,187.88,273.07,273.07,365.51,578.34
cell_01774,80.1575,13.2175,299606.6495176323,15.0,26.0,20.24,0.0,7.59,2.58,0.0,0.0,0.0,3089.31,9290.89,4780.9,0.0,0.0,Vegetation,36.45,0.0,44.32,19.13,0.1,0,0.0,Unknown,0,187.88,273.07,273.07,365.51,578.34
cell_01775,80.1575,13.2225,299600.6609216006,10.0,22.0,14.08,0.0,9.8,2.44,0.0,0.0,0.0,3602.59,9784.4,5189.95,0.0,0.0,Vegetation,1.56,3.25,58.47,36.66,0.06,0,0.0,Unknown,0,187.88,273.07,273.07,365.51,578.34
cell_01776,80.1575,13.2275,299594.670091913,9.0,21.0,13.15,0.0,10.2,2.46,0.0,0.0,0.0,4125.12,10283.96,5623.68,0.0,0.0,Vegetation,0.99,23.66,63.27,12.09,0.0,0,0.0,Unknown,0,187.88,273.07,273.07,365.51,578.34
cell_01777,80.1575,13.2325,299588.67702776054,11.0,27.0,14.29,0.0,15.14,2.13,0.0,0.0,0.0,4640.06,10704.08,6076.81,0.0,0.0,Vegetation,5.42,40.82,41.8,11.51,0.45,0,0.0,Unknown,0,187.88,273.07,273.07,365.51,578.34
cell_01778,80.1575,13.2375,299582.6817301952,12.0,23.0,16.03,0.0,16.93,2.21,0.0,0.0,0.0,5151.9,10626.96,6545.31,0.0,0.0,Vegetation,15.45,6.4,58.99,18.64,0.52,0,0.0,Unknown,0,187.88,273.07,273.07,365.51,578.34
cell_01779,80.1575,13.2425,299576.6841987715,13.0,21.0,16.43,0.0,6.65,2.23,0.0,0.0,0.0,5282.51,10578.23,7025.23,0.0,0.0,Cropland,17.6,0.0,30.77,51.63,0.0,0,0.0,Unknown,0,187.88,273.07,273.07,365.51,578.34
cell_01780,80.1575,13.2475,299570.68443340616,14.0,25.0,18.38,0.0,7.53,2.22,0.0,0.0,0.0,4926.26,10558.27,7513.16,0.0,0.0,Built-up,58.58,0.0,34.22,7.17,0.03,0,0.0,Unknown,0,187.88,273.07,273.07,365.51,578.34
cell_01781,80.1575,13.2525,299564.6824340634,0.0,0.0,0.0,0.0,0.0,0.0,0.0,0.0,0.0,4608.98,10567.26,8009.55,0.0,0.0,Unknown,0.0,0.0,0.0,0.0,0.0,0,0.0,Unknown,0,187.88,273.07,273.07,365.51,578.34
cell_01782,80.1625,12.8525,300037.0463360927,5.0,16.0,11.61,0.0,8.75,1.85,0.0,0.0,0.0,5803.57,4750.87,7853.21,0.0,0.0,Vegetation,0.94,32.08,35.45,31.43,0.1,0,0.0,Unknown,0,187.88,273.07,273.07,365.51,578.34
cell_01783,80.1625,12.8575,300031.22095556336,6.0,15.0,11.34,0.0,6.41,2.49,0.0,0.0,0.0,5746.21,4484.94,7865.42,0.0,0.0,Vegetation,12.5,0.0,49.81,37.37,0.32,0,0.0,Unknown,0,187.88,273.07,273.07,365.51,578.34
cell_01784,80.1625,12.8625,300025.3933386577,5.0,15.0,9.29,0.0,6.41,1.76,0.0,0.0,0.0,5739.44,4274.37,7916.34,0.0,0.0,Cropland,5.84,0.0,17.25,76.37,0.54,0,0.0,Unknown,0,187.88,273.07,273.07,365.51,578.34
cell_01785,80.1625,12.8675,300019.56348535593,7.0,16.0,9.71,0.0,5.15,1.64,0.0,0.0,0.0,5779.18,4127.63,8005.23,0.0,0.0,Cropland,2.11,0.0,45.26,52.63,0.0,0,0.0,Unknown,0,187.88,273.07,273.07,365.51,578.34
cell_01786,80.1625,12.8725,300013.7313955268,4.0,15.0,8.91,0.0,6.16,2.04,0.0,0.0,0.0,5824.14,4051.67,8130.83,0.0,0.0,Vegetation,5.07,0.0,70.47,23.18,1.28,0,0.0,Unknown,0,187.88,273.07,273.07,365.51,578.34
cell_01787,80.1625,12.8775,300007.8970692923,7.0,17.0,11.02,0.0,7.66,2.28,0.0,0.0,0.0,5436.34,4050.46,8290.27,0.0,0.0,Vegetation,8.45,0.0,48.28,43.27,0.0,0,0.0,Unknown,0,187.88,273.07,273.07,365.51,578.34
cell_01788,80.1625,12.8825,300002.0605069486,8.0,14.0,11.3,0.0,4.84,1.7,0.0,0.0,0.0,5079.22,4124.08,8118.57,0.0,0.0,Cropland,11.33,3.83,27.14,57.21,0.49,0,0.0,Unknown,0,187.88,273.07,273.07,365.51,578.34
cell_01789,80.1625,12.8875,299996.2217082704,7.0,15.0,11.13,0.0,4.98,1.69,0.0,0.0,0.0,4759.7,4268.66,7608.08,0.0,0.0,Cropland,1.59,0.0,13.81,84.6,0.0,0,0.0,Unknown,0,187.88,273.07,273.07,365.51,578.34
cell_01790,80.1625,12.8925,299990.3806732366,8.0,14.0,10.99,0.0,4.03,1.58,0.0,0.0,0.0,4485.81,4477.32,7103.95,0.0,0.0,Cropland,0.0,0.0,16.84,83.16,0.0,0,0.0,Unknown,0,187.88,273.07,273.07,365.51,578.34
cell_01791,80.1625,12.8975,299984.537401812,8.0,21.0,13.56,0.0,6.72,1.93,0.0,0.0,0.0,4266.37,4741.62,6607.65,0.0,0.0,Cropland,29.97,1.04,16.85,51.56,0.58,0,0.0,Unknown,0,187.88,273.07,273.07,365.51,578.34
cell_01792,80.1625,12.9025,299978.6918945916,12.0,25.0,17.4,0.0,8.3,2.49,0.0,0.0,0.0,4024.28,5052.83,6121.07,0.0,0.0,Built-up,66.87,0.8,18.81,13.46,0.06,0,0.0,Unknown,0,187.88,273.07,273.07,365.51,578.34
cell_01793,80.1625,12.9075,299972.84415075096,11.0,25.0,18.6,0.0,5.66,2.33,0.0,0.0,0.0,3725.2,5217.58,5646.72,0.0,0.0,Built-up,70.7,7.33,19.42,2.55,0.0,0,0.0,Unknown,0,187.88,273.07,273.07,365.51,578.34
cell_01794,80.1625,12.9125,299966.99417117,9.0,23.0,16.3,0.0,8.13,2.58,0.0,0.0,0.0,3488.69,5359.58,5187.97,0.0,0.0,Built-up,38.6,19.94,32.21,9.12,0.13,0,0.0,Unknown,0,187.88,273.07,273.07,365.51,578.34
cell_01795,80.1625,12.9175,299961.1419554335,11.0,22.0,15.61,0.0,6.19,2.4,0.0,0.0,0.0,3326.48,5547.11,4749.34,0.0,0.0,Built-up,57.33,0.0,34.12,8.04,0.51,0,0.0,Unknown,0,187.88,273.07,273.07,365.51,578.34
cell_01796,80.1625,12.9225,299955.2875036323,16.0,26.0,21.65,0.0,6.16,2.33,0.0,0.0,0.0,3246.87,5697.67,4336.93,0.0,0.0,Built-up,74.71,0.0,23.85,1.34,0.1,0,0.0,Unknown,0,187.88,273.07,273.07,365.51,578.34
cell_01797,80.1625,12.9275,299949.4308157772,12.0,26.0,19.37,0.0,6.51,2.51,0.0,0.0,0.0,3260.44,5862.12,3958.95,0.0,0.0,Built-up,50.03,0.0,49.97,0.0,0.0,0,0.0,Unknown,0,187.88,273.07,273.07,365.51,578.34
cell_01798,80.1625,12.9325,299943.5718914844,10.0,19.0,14.27,0.0,4.98,1.87,0.0,0.0,0.0,3336.77,6072.64,3626.18,0.0,0.0,Built-up,50.48,0.0,40.11,9.09,0.32,0,0.0,Unknown,0,187.88,273.07,273.07,365.51,578.34
cell_01799,80.1625,12.9375,299937.7107320767,6.0,16.0,11.59,0.0,5.71,1.9,0.0,0.0,0.0,3334.11,6127.39,3352.12,0.0,0.0,Built-up,47.96,12.76,23.44,15.5,0.35,0,0.0,Unknown,0,187.88,273.07,273.07,365.51,578.34
cell_01800,80.1625,12.9425,299931.8473363816,8.0,19.0,12.75,0.0,8.23,2.24,0.0,0.0,0.0,3313.9,6049.58,3152.1,0.0,0.0,Built-up,42.86,8.73,34.35,13.7,0.36,0,0.0,Unknown,0,187.88,273.07,273.07,365.51,578.34
cell_01801,80.1625,12.9475,299925.98170466267,7.0,17.0,12.65,0.0,6.16,2.19,0.0,0.0,0.0,2797.88,5965.21,2978.29,0.0,0.0,Built-up,61.35,0.0,23.57,14.6,0.48,0,0.0,Unknown,0,187.88,273.07,273.07,365.51,578.34
cell_01802,80.1625,12.9525,299920.1138371686,7.0,16.0,11.49,0.0,6.72,2.48,0.0,0.0,0.0,2281.91,5412.37,2798.46,0.0,0.0,Built-up,51.12,0.0,29.24,16.65,3.0,0,0.0,Unknown,0,187.88,273.07,273.07,365.51,578.34
cell_01803,80.1625,12.9575,299914.2437341473,8.0,20.0,14.98,0.0,8.75,2.26,0.0,0.0,0.0,1788.21,4859.57,2721.04,0.0,0.0,Built-up,83.7,0.0,11.62,2.69,1.98,0,0.0,Unknown,0,187.88,273.07,273.07,365.51,578.34
cell_01804,80.1625,12.9625,299908.371394979,15.0,30.0,21.27,0.0,7.7,2.68,0.0,0.0,0.0,1341.56,4306.82,2754.7,0.0,0.0,Built-up,82.97,0.0,10.04,5.48,1.5,0,0.0,Unknown,0,187.88,273.07,273.07,365.51,578.34
cell_01805,80.1625,12.9675,299902.49682014884,22.0,109.0,41.19,0.0,28.18,7.52,0.0,0.0,0.0,949.24,3754.14,2451.83,0.0,0.0,Built-up,50.45,0.0,48.6,0.03,0.92,0,0.0,Unknown,0,187.88,273.07,273.07,365.51,578.34
cell_01806,80.1625,12.9725,299896.62000980973,23.0,154.0,70.24,0.95,39.38,14.26,0.0,0.0,0.0,746.94,3201.56,1900.09,0.0,0.0,Vegetation,29.55,0.0,70.1,0.0,0.36,0,0.0,Unknown,0,187.88,273.07,273.07,365.51,578.34
cell_01807,80.1625,12.9775,299890.7409635626,15.0,105.0,30.93,0.0,37.66,7.96,0.0,0.0,0.0,904.74,2649.14,1349.38,0.0,0.0,Vegetation,41.36,0.0,56.57,1.85,0.22,0,0.0,Unknown,0,187.88,273.07,273.07,365.51,578.34
cell_01808,80.1625,12.9825,299884.8596818302,2.0,23.0,14.05,0.0,17.33,3.72,0.0,0.0,0.0,1048.79,2097.04,801.81,0.0,0.0,Built-up,98.15,0.0,0.19,0.0,1.66,0,0.0,Unknown,0,187.88,273.07,273.07,365.51,578.34
cell_01809,80.1625,12.9875,299878.97616440285,1.0,20.0,10.8,0.0,13.17,3.52,0.0,0.0,0.0,1108.56,1545.56,276.69,40.99,0.000137,Built-up,56.1,0.0,37.99,4.42,1.49,0,0.0,Unknown,0,187.88,273.07,273.07,365.51,578.34
cell_01810,80.1625,12.9925,299873.0904115757,7.0,16.0,11.28,0.0,6.15,1.98,0.0,0.0,0.0,649.7,995.75,163.11,605.08,0.002018,Vegetation,24.36,0.0,58.07,17.06,0.51,0,0.0,Unknown,0,187.88,273.07,273.07,365.51,578.34
cell_01811,80.1625,12.9975,299867.202422871,3.0,15.0,9.8,0.0,6.81,2.37,0.0,0.0,0.0,208.74,453.74,176.72,370.88,0.001237,Vegetation,17.6,0.0,41.26,41.14,0.0,0,0.0,Unknown,0,187.88,273.07,273.07,365.51,578.34
cell_01812,80.1625,13.0025,299861.3121990263,2.0,14.0,7.52,0.0,6.51,2.38,0.0,0.0,0.0,0.0,16.01,125.29,755.49,0.002519,Built-up,53.8,0.0,29.61,16.56,0.03,0,0.0,Unknown,0,187.88,273.07,273.07,365.51,578.34
cell_01813,80.1625,13.0075,299855.41973976925,4.0,15.0,9.96,0.0,5.25,1.99,2191.19,0.007307,16.0,297.31,367.56,538.46,39.13,0.00013,Vegetation,11.8,0.0,68.08,17.67,2.46,0,0.0,Unknown,0,187.88,273.07,273.07,365.51,578.34
cell_01814,80.1625,13.0125,299849.5250446688,5.0,19.0,12.75,0.0,7.79,2.62,5645.11,0.018826,43.0,68.64,817.7,120.5,684.61,0.002283,Built-up,49.71,0.0,36.99,10.68,2.61,0,0.0,Unknown,0,187.88,273.07,273.07,365.51,578.34
cell_01815,80.1625,13.0175,299843.6281144312,7.0,18.0,12.87,0.0,6.89,2.53,11505.45,0.038371,83.0,419.54,1330.66,410.48,0.0,0.0,Built-up,60.97,0.0,10.91,27.95,0.16,0,0.0,Unknown,0,187.88,273.07,273.07,365.51,578.34
cell_01816,80.1625,13.0225,299837.72894889436,10.0,18.0,14.14,0.0,5.46,2.23,13596.37,0.045346,86.0,649.89,1866.62,425.69,0.0,0.0,Built-up,80.23,0.0,9.15,10.43,0.19,1,0.0,Unknown,1,187.88,273.07,273.07,365.51,578.34
cell_01817,80.1625,13.0275,299831.82754775387,11.0,18.0,14.66,0.0,5.66,1.91,16960.65,0.056567,106.0,1025.38,2410.29,333.69,14.51,4.8e-05,Built-up,95.76,0.0,3.44,0.73,0.06,1,0.0,Unknown,1,187.88,273.07,273.07,365.51,578.34
cell_01818,80.1625,13.0325,299825.92391176254,13.0,21.0,17.37,0.0,5.86,1.95,11831.67,0.039462,83.0,529.5,2750.5,808.13,0.0,0.0,Built-up,88.73,0.0,8.57,1.66,1.04,0,0.0,Unknown,0,187.88,273.07,273.07,365.51,578.34
cell_01819,80.1625,13.0375,299820.01804014336,14.0,22.0,17.89,0.0,5.66,1.89,11922.01,0.039764,80.0,332.1,2754.9,1095.44,0.0,0.0,Built-up,83.07,0.0,8.96,7.37,0.61,2,0.0,Unknown,1,187.88,273.07,273.07,365.51,578.34
cell_01820,80.1625,13.0425,299814.10993338114,13.0,22.0,16.84,0.0,4.89,1.78,10154.84,0.03387,59.0,711.83,2232.41,1332.12,0.0,0.0,Built-up,80.99,0.0,9.22,9.02,0.77,0,0.0,Unknown,0,187.88,273.07,273.07,365.51,578.34
cell_01821,80.1625,13.0475,299808.1995915501,10.0,19.0,14.77,0.0,5.59,1.82,9387.49,0.031312,78.0,407.64,1721.51,1712.39,0.0,0.0,Built-up,99.12,0.0,0.75,0.0,0.13,1,0.0,Unknown,1,187.88,273.07,273.07,365.51,578.34
cell_01822,80.1625,13.0525,299802.2870146621,8.0,21.0,12.89,0.0,6.93,2.25,8585.71,0.028638,71.0,88.83,1184.72,2161.78,0.0,0.0,Built-up,85.94,0.16,10.4,1.88,1.63,0,0.0,Unknown,0,187.88,273.07,273.07,365.51,578.34
cell_01823,80.1625,13.0575,299796.37220217637,9.0,18.0,13.22,0.0,8.53,2.2,10728.82,0.035787,95.0,460.85,637.96,2480.12,0.0,0.0,Built-up,96.49,0.0,2.87,0.0,0.64,1,0.0,Unknown,1,187.88,273.07,273.07,365.51,578.34
cell_01824,80.1625,13.0625,299790.45515541284,6.0,22.0,13.35,0.0,6.89,2.71,4512.31,0.015052,36.0,64.82,95.03,2138.3,592.03,0.001975,Built-up,74.35,0.03,20.19,3.54,1.88,0,0.0,Unknown,0,187.88,273.07,273.07,365.51,578.34
cell_01825,80.1625,13.0675,299784.5358728853,6.0,17.0,11.24,0.0,7.84,2.62,595.61,0.001987,10.0,350.72,378.52,1755.45,0.0,0.0,Built-up,62.37,0.0,35.01,1.53,1.08,0,0.0,Unknown,0,187.88,273.07,273.07,365.51,578.34
cell_01826,80.1625,13.0725,299778.6143553311,6.0,20.0,12.09,0.0,10.3,2.54,4992.55,0.016654,34.0,856.98,896.55,1457.63,0.0,0.0,Built-up,64.6,0.0,30.99,2.77,1.63,0,0.0,Unknown,0,187.88,273.07,273.07,365.51,578.34
cell_01827,80.1625,13.0775,299772.6906035653,9.0,17.0,12.9,0.0,7.09,2.15,8057.23,0.026878,47.0,961.03,1414.52,1272.06,0.0,0.0,Built-up,70.29,0.0,20.58,7.92,1.2,1,0.0,Unknown,1,187.88,273.07,273.07,365.51,578.34
cell_01828,80.1625,13.0825,299766.7646161958,10.0,18.0,13.18,0.0,6.16,1.82,10746.67,0.03585,68.0,1009.78,1911.61,1050.78,0.0,0.0,Built-up,82.11,0.0,15.66,1.66,0.57,0,0.0,Unknown,0,187.88,273.07,273.07,365.51,578.34
cell_01829,80.1625,13.0875,299760.8363938968,11.0,20.0,15.28,0.0,4.86,1.68,6931.75,0.023124,23.0,763.8,2339.36,1037.23,0.0,0.0,Built-up,56.01,0.0,39.09,3.7,1.2,0,0.0,Unknown,0,187.88,273.07,273.07,365.51,578.34
cell_01830,80.1625,13.0925,299754.9059371202,14.0,22.0,17.08,0.0,4.03,1.69,4239.02,0.014142,9.0,575.13,2811.15,1275.36,0.0,0.0,Built-up,61.07,0.0,34.82,1.88,2.23,0,0.0,Unknown,0,187.88,273.07,273.07,365.51,578.34
cell_01831,80.1625,13.0975,299748.9732453268,14.0,21.0,17.34,0.0,5.25,1.7,8531.68,0.028463,27.0,377.19,3298.75,1206.81,0.0,0.0,Built-up,75.73,0.0,23.79,0.0,0.48,0,0.0,Unknown,0,187.88,273.07,273.07,365.51,578.34
cell_01832,80.1625,13.1025,299743.03831859096,14.0,22.0,17.78,0.0,5.25,1.91,5484.95,0.018299,14.0,474.25,3794.78,656.18,0.0,0.0,Built-up,62.31,0.0,34.77,1.53,1.4,1,0.0,Unknown,1,187.88,273.07,273.07,365.51,578.34
cell_01833,80.1625,13.1075,299737.10115731804,13.0,21.0,16.3,0.0,5.46,1.75,7065.56,0.023573,16.0,511.39,4003.89,106.22,537.75,0.001794,Built-up,80.77,0.0,18.21,0.03,0.99,0,0.0,Unknown,0,187.88,273.07,273.07,365.51,578.34
cell_01834,80.1625,13.1125,299731.16176117264,11.0,21.0,15.63,0.0,7.85,1.93,5886.5,0.019639,14.0,235.77,3649.93,123.61,597.09,0.001992,Built-up,77.71,0.0,17.03,4.02,1.24,0,0.0,Unknown,0,187.88,273.07,273.07,365.51,578.34
cell_01835,80.1625,13.1175,299725.22013044957,13.0,21.0,17.17,0.0,5.66,1.79,15947.83,0.053208,79.0,164.93,3350.29,389.54,0.0,0.0,Built-up,92.44,0.0,7.14,0.03,0.39,0,0.0,Unknown,0,187.88,273.07,273.07,365.51,578.34
cell_01836,80.1625,13.1225,299719.27626481367,14.0,25.0,20.51,0.0,5.15,2.11,15120.96,0.05045,93.0,90.33,3120.65,926.44,0.0,0.0,Built-up,89.99,0.0,8.55,1.34,0.13,0,0.0,Unknown,0,187.88,273.07,273.07,365.51,578.34
cell_01837,80.1625,13.1275,299713.33016498614,13.0,25.0,17.73,0.0,6.19,2.25,15050.14,0.050215,97.0,642.35,2977.26,1475.28,0.0,0.0,Built-up,86.13,0.0,9.53,4.08,0.26,0,0.0,Unknown,0,187.88,273.07,273.07,365.51,578.34
cell_01838,80.1625,13.1325,299707.3818301902,11.0,26.0,19.39,0.0,5.94,2.25,14631.71,0.04882,86.0,307.24,2932.8,2026.38,0.0,0.0,Built-up,87.73,0.0,10.29,0.49,1.49,0,0.0,Unknown,0,187.88,273.07,273.07,365.51,578.34
cell_01839,80.1625,13.1375,299701.43126098934,4.0,24.0,15.57,0.0,9.46,2.53,7772.05,0.025933,50.0,61.44,2990.73,2578.29,0.0,0.0,Built-up,49.59,23.15,25.7,0.61,0.96,0,0.0,Unknown,0,187.88,273.07,273.07,365.51,578.34
cell_01840,80.1625,13.1425,299695.4784573,8.0,16.0,9.98,0.0,6.83,0.89,0.0,0.0,0.0,0.0,3133.47,2746.01,0.0,0.0,Water,0.03,94.83,3.38,1.63,0.13,0,0.0,Unknown,0,187.88,273.07,273.07,365.51,578.34
cell_01841,80.1625,13.1475,299689.5234192271,9.0,9.0,9.0,0.0,0.0,0.0,0.0,0.0,0.0,0.0,3362.2,2871.94,0.0,0.0,Water,0.0,95.52,4.48,0.0,0.0,0,0.0,Unknown,0,187.88,273.07,273.07,365.51,578.34
cell_01842,80.1625,13.1525,299683.5661462787,9.0,9.0,9.0,0.0,0.0,0.0,0.0,0.0,0.0,0.0,3660.84,3093.08,0.0,0.0,Water,0.0,99.17,0.83,0.0,0.0,0,0.0,Unknown,0,187.88,273.07,273.07,365.51,578.34
cell_01843,80.1625,13.1575,299677.60663938127,9.0,19.0,9.99,0.0,10.87,1.05,0.0,0.0,0.0,0.0,4013.82,3390.84,0.0,0.0,Water,0.0,99.97,0.03,0.0,0.0,0,0.0,Unknown,0,187.88,273.07,273.07,365.51,578.34
cell_01844,80.1625,13.1625,299671.64489775704,9.0,25.0,14.45,0.0,11.51,3.08,0.0,0.0,0.0,0.0,4331.95,3689.57,0.0,0.0,Water,0.03,46.59,18.51,34.35,0.52,0,0.0,Unknown,0,187.88,273.07,273.07,365.51,578.34
cell_01845,80.1625,13.1675,299665.6809221904,11.0,30.0,21.5,0.0,9.71,3.04,0.0,0.0,0.0,345.89,4631.64,3470.02,0.0,0.0,Vegetation,17.98,0.0,48.5,33.48,0.03,0,0.0,Unknown,0,187.88,273.07,273.07,365.51,578.34
cell_01846,80.1625,13.1725,299659.7147119674,15.0,28.0,18.89,0.0,7.84,2.43,0.0,0.0,0.0,449.94,4974.94,3175.43,0.0,0.0,Cropland,1.31,0.0,30.13,68.53,0.03,0,0.0,Unknown,0,187.88,273.07,273.07,365.51,578.34
cell_01847,80.1625,13.1775,299653.7462675722,10.0,22.0,16.35,0.0,6.51,2.46,0.0,0.0,0.0,12.57,5353.46,2955.9,0.0,0.0,Vegetation,4.68,5.68,65.55,23.93,0.16,0,0.0,Unknown,0,187.88,273.07,273.07,365.51,578.34
cell_01848,80.1625,13.1825,299647.77558895305,9.0,19.0,13.46,0.0,10.11,2.76,0.0,0.0,0.0,0.0,5760.26,2828.94,0.0,0.0,Water,0.0,51.12,41.87,7.02,0.0,0,0.0,Unknown,0,187.88,273.07,273.07,365.51,578.34
cell_01849,80.1625,13.1875,299641.8026762479,9.0,22.0,16.43,0.0,6.19,2.32,0.0,0.0,0.0,71.31,6189.77,2807.14,0.0,0.0,Cropland,0.0,16.8,36.73,45.22,1.24,0,0.0,Unknown,0,187.88,273.07,273.07,365.51,578.34
cell_01850,80.1625,13.1925,299635.827529311,16.0,34.0,24.16,0.0,6.89,2.92,0.0,0.0,0.0,437.16,6637.59,2881.26,0.0,0.0,Built-up,36.46,0.0,36.46,25.26,1.82,0,0.0,Unknown,0,187.88,273.07,273.07,365.51,578.34
cell_01851,80.1625,13.1975,299629.8501480737,23.0,33.0,27.06,0.0,5.15,1.99,0.0,0.0,0.0,884.04,7100.25,3053.25,0.0,0.0,Built-up,93.62,0.0,5.52,0.0,0.86,0,0.0,Unknown,0,187.88,273.07,273.07,365.51,578.34
cell_01852,80.1625,13.2025,299623.8705328318,15.0,27.0,21.18,0.0,9.8,2.37,0.0,0.0,0.0,1363.05,7575.03,3309.77,0.0,0.0,Built-up,46.11,0.0,17.22,36.61,0.06,0,0.0,Unknown,0,187.88,273.07,273.07,365.51,578.34
cell_01853,80.1625,13.2075,299617.88868367655,13.0,24.0,18.16,0.0,5.86,2.11,0.0,0.0,0.0,1859.56,8059.79,3632.96,0.0,0.0,Cropland,12.18,0.0,16.14,71.46,0.23,0,0.0,Unknown,0,187.88,273.07,273.07,365.51,578.34
cell_01854,80.1625,13.2125,299611.9046004448,8.0,25.0,17.35,0.0,8.52,2.92,0.0,0.0,0.0,2380.57,8552.83,4006.73,0.0,0.0,Cropland,16.01,0.0,39.03,44.93,0.03,0,0.0,Unknown,0,187.88,273.07,273.07,365.51,578.34
cell_01855,80.1625,13.2175,299605.9182830219,10.0,21.0,15.49,0.0,5.94,2.58,0.0,0.0,0.0,2905.92,9052.8,4418.25,0.0,0.0,Built-up,40.94,0.03,20.38,35.55,3.09,0,0.0,Unknown,0,187.88,273.07,273.07,365.51,578.34
cell_01856,80.1625,13.2225,299599.9297318135,9.0,18.0,12.87,0.0,5.15,2.04,0.0,0.0,0.0,3410.22,9558.62,4857.94,0.0,0.0,Cropland,19.81,0.0,23.31,54.71,2.18,0,0.0,Unknown,0,187.88,273.07,273.07,365.51,578.34
cell_01857,80.1625,13.2275,299593.93894681527,9.0,19.0,13.53,0.0,6.51,2.37,0.0,0.0,0.0,3926.62,10069.4,5318.82,0.0,0.0,Built-up,38.33,0.0,28.03,31.89,1.75,0,0.0,Unknown,0,187.88,273.07,273.07,365.51,578.34
cell_01858,80.1625,13.2325,299587.94592758204,11.0,26.0,16.66,0.0,8.59,2.77,0.0,0.0,0.0,4451.82,10170.12,5795.66,0.0,0.0,Vegetation,35.65,0.0,45.92,14.64,3.79,0,0.0,Unknown,0,187.88,273.07,273.07,365.51,578.34
cell_01859,80.1625,13.2375,299581.95067489706,11.0,23.0,18.29,0.0,8.29,2.61,0.0,0.0,0.0,4983.04,10088.93,6281.82,0.0,0.0,Built-up,61.33,0.0,35.52,3.12,0.03,0,0.0,Unknown,0,187.88,273.07,273.07,365.51,578.34
cell_01860,80.1625,13.2425,299575.95318826707,12.0,21.0,17.17,0.0,6.51,2.14,0.0,0.0,0.0,4896.4,10037.6,6778.16,0.0,0.0,Vegetation,22.45,0.0,62.18,15.37,0.0,0,0.0,Unknown,0,187.88,273.07,273.07,365.51,578.34
cell_01861,80.1625,13.2475,299569.9534677196,12.0,27.0,18.13,0.0,9.1,2.77,0.0,0.0,0.0,4509.75,10016.58,7282.67,0.0,0.0,Vegetation,21.46,0.0,50.16,28.38,0.0,0,0.0,Unknown,0,187.88,273.07,273.07,365.51,578.34
cell_01862,80.1625,13.2525,299563.9515132817,0.0,0.0,0.0,0.0,0.0,0.0,0.0,0.0,0.0,4160.84,10026.06,7793.76,0.0,0.0,Unknown,0.0,0.0,0.0,0.0,0.0,0,0.0,Unknown,0,187.88,273.07,273.07,365.51,578.34
cell_01863,80.1675,12.8525,300036.3162451583,7.0,15.0,10.79,0.0,6.41,2.0,0.0,0.0,0.0,5267.84,4298.76,7310.68,0.0,0.0,Cropland,19.01,0.0,24.76,56.23,0.0,0,0.0,Unknown,0,187.88,273.07,273.07,365.51,578.34
cell_01864,80.1675,12.8575,300030.4909081434,4.0,16.0,11.49,0.0,8.66,2.56,0.0,0.0,0.0,5204.59,4002.92,7323.81,0.0,0.0,Vegetation,27.44,0.1,39.12,33.02,0.32,0,0.0,Unknown,0,187.88,273.07,273.07,365.51,578.34
cell_01865,80.1675,12.8625,300024.6633346189,5.0,15.0,8.76,0.0,7.8,2.09,0.0,0.0,0.0,5197.05,3765.5,7378.48,0.0,0.0,Vegetation,14.51,0.0,48.25,37.21,0.03,0,0.0,Unknown,0,187.88,273.07,273.07,365.51,578.34
cell_01866,80.1675,12.8675,300018.83352476894,5.0,18.0,9.69,0.0,9.36,2.28,0.0,0.0,0.0,5240.92,3598.07,7473.77,0.0,0.0,Vegetation,10.74,0.0,45.62,43.64,0.0,0,0.0,Unknown,0,187.88,273.07,273.07,365.51,578.34
cell_01867,80.1675,12.8725,300013.0014784951,4.0,14.0,9.46,0.0,5.86,2.52,0.0,0.0,0.0,5341.97,3510.68,7608.17,0.0,0.0,Vegetation,6.2,0.0,91.14,2.4,0.26,0,0.0,Unknown,0,187.88,273.07,273.07,365.51,578.34
cell_01868,80.1675,12.8775,300007.1671958241,5.0,18.0,10.49,0.0,9.01,2.61,0.0,0.0,0.0,5049.59,3509.3,7762.38,0.0,0.0,Vegetation,24.77,0.0,41.04,33.99,0.19,0,0.0,Unknown,0,187.88,273.07,273.07,365.51,578.34
cell_01869,80.1675,12.8825,300001.3306768629,8.0,16.0,11.99,0.0,4.98,1.77,0.0,0.0,0.0,4662.95,3594.04,7864.38,0.0,0.0,Built-up,35.11,0.0,32.2,32.63,0.07,0,0.0,Unknown,0,187.88,273.07,273.07,365.51,578.34
cell_01870,80.1675,12.8875,299995.49192182807,7.0,14.0,10.05,0.0,4.86,1.69,0.0,0.0,0.0,4312.71,3759.07,7409.41,0.0,0.0,Cropland,1.2,0.0,8.96,89.61,0.23,0,0.0,Unknown,0,187.88,273.07,273.07,365.51,578.34
cell_01871,80.1675,12.8925,299989.6509302253,8.0,17.0,10.57,0.0,5.79,1.55,0.0,0.0,0.0,4008.41,3994.45,6890.77,0.0,0.0,Cropland,3.51,0.0,9.58,86.92,0.0,0,0.0,Unknown,0,187.88,273.07,273.07,365.51,578.34
cell_01872,80.1675,12.8975,299983.80770238256,10.0,21.0,16.29,0.0,7.7,2.23,0.0,0.0,0.0,3761.23,4288.62,6377.9,0.0,0.0,Built-up,66.35,0.0,20.13,12.93,0.6,0,0.0,Unknown,0,187.88,273.07,273.07,365.51,578.34
cell_01873,80.1675,12.9025,299977.96223883214,10.0,24.0,16.26,0.0,11.08,2.66,0.0,0.0,0.0,3577.56,4568.27,5872.32,0.0,0.0,Built-up,64.94,1.88,23.25,9.61,0.32,0,0.0,Unknown,0,187.88,273.07,273.07,365.51,578.34
cell_01874,80.1675,12.9075,299972.1145385429,8.0,17.0,12.95,0.0,6.41,1.91,0.0,0.0,0.0,3262.59,4691.51,5376.07,0.0,0.0,Vegetation,20.32,24.03,44.03,10.49,1.14,0,0.0,Unknown,0,187.88,273.07,273.07,365.51,578.34
cell_01875,80.1675,12.9125,299966.26460267894,9.0,17.0,12.69,0.0,7.79,2.14,0.0,0.0,0.0,2989.71,4843.63,4892.02,0.0,0.0,Vegetation,27.01,23.5,33.45,15.21,0.83,0,0.0,Unknown,0,187.88,273.07,273.07,365.51,578.34
cell_01876,80.1675,12.9175,299960.4124304469,11.0,23.0,17.02,0.0,4.89,2.05,0.0,0.0,0.0,2800.61,5048.61,4424.15,0.0,0.0,Built-up,47.99,0.0,31.85,19.64,0.52,0,0.0,Unknown,0,187.88,273.07,273.07,365.51,578.34
cell_01877,80.1675,12.9225,299954.5580222213,14.0,28.0,20.78,0.0,10.78,2.72,0.0,0.0,0.0,2705.64,5174.73,3978.17,0.0,0.0,Built-up,49.12,0.0,46.3,3.77,0.81,0,0.0,Unknown,0,187.88,273.07,273.07,365.51,578.34
cell_01878,80.1675,12.9275,299948.70137798204,14.0,27.0,19.68,0.0,7.79,2.27,0.0,0.0,0.0,2721.91,5355.27,3562.34,0.0,0.0,Vegetation,0.96,0.0,98.45,0.0,0.6,0,0.0,Unknown,0,187.88,273.07,273.07,365.51,578.34
cell_01879,80.1675,12.9325,299942.8424976772,9.0,27.0,16.34,0.0,7.53,2.49,0.0,0.0,0.0,2796.85,5584.94,3188.45,0.0,0.0,Vegetation,7.86,0.0,91.56,0.29,0.29,0,0.0,Unknown,0,187.88,273.07,273.07,365.51,578.34
cell_01880,80.1675,12.9375,299936.98138163437,8.0,17.0,10.9,0.0,7.79,1.64,0.0,0.0,0.0,2793.69,5595.25,2872.93,0.0,0.0,Water,12.18,54.09,29.38,4.35,0.0,0,0.0,Unknown,0,187.88,273.07,273.07,365.51,578.34
cell_01881,80.1675,12.9425,299931.1180297393,6.0,16.0,9.89,0.0,7.53,1.84,0.0,0.0,0.0,2867.64,5509.93,2636.83,0.0,0.0,Vegetation,17.06,14.51,48.07,20.36,0.0,0,0.0,Unknown,0,187.88,273.07,273.07,365.51,578.34
cell_01882,80.1675,12.9475,299925.2524417177,6.0,15.0,9.82,0.0,6.15,2.06,0.0,0.0,0.0,2567.84,5465.55,2493.02,0.0,0.0,Vegetation,15.52,0.0,44.16,39.51,0.81,0,0.0,Unknown,0,187.88,273.07,273.07,365.51,578.34
cell_01883,80.1675,12.9525,299919.38461797626,5.0,15.0,9.93,0.0,7.7,2.32,0.0,0.0,0.0,2122.58,5407.83,2275.15,0.0,0.0,Built-up,43.83,0.0,20.75,27.89,7.53,0,0.0,Unknown,0,187.88,273.07,273.07,365.51,578.34
cell_01884,80.1675,12.9575,299913.51455870067,9.0,22.0,14.93,0.0,5.94,2.0,0.0,0.0,0.0,1583.25,4904.45,2179.24,0.0,0.0,Built-up,58.41,0.0,20.5,10.41,10.68,0,0.0,Unknown,0,187.88,273.07,273.07,365.51,578.34
cell_01885,80.1675,12.9625,299907.6422631765,13.0,27.0,20.99,0.0,4.86,1.92,0.0,0.0,0.0,1053.02,4357.39,2221.13,0.0,0.0,Built-up,68.25,0.16,23.25,8.05,0.29,0,0.0,Unknown,0,187.88,273.07,273.07,365.51,578.34
cell_01886,80.1675,12.9675,299901.76773221884,12.0,60.0,26.62,0.0,24.7,5.97,0.0,0.0,0.0,567.98,3812.05,2393.61,0.0,0.0,Built-up,45.06,5.16,44.06,2.14,3.57,0,0.0,Unknown,0,187.88,273.07,273.07,365.51,578.34
cell_01887,80.1675,12.9725,299895.89096571336,2.0,72.0,29.86,0.0,42.71,6.06,0.0,0.0,0.0,207.42,3269.27,1935.73,0.0,0.0,Built-up,56.86,4.86,35.77,0.86,1.65,0,0.0,Unknown,0,187.88,273.07,273.07,365.51,578.34
cell_01888,80.1675,12.9775,299890.01196313597,19.0,117.0,50.06,0.0,43.0,12.54,0.0,0.0,0.0,523.05,2730.59,1399.12,0.0,0.0,Vegetation,3.9,0.0,95.88,0.23,0.0,0,0.0,Unknown,0,187.88,273.07,273.07,365.51,578.34
cell_01889,80.1675,12.9825,299884.13072533405,4.0,25.0,16.59,0.0,10.82,2.74,1079.2,0.003599,7.0,525.92,2199.02,882.95,0.0,0.0,Built-up,70.23,0.0,29.32,0.45,0.0,0,0.0,Unknown,0,187.88,273.07,273.07,365.51,578.34
cell_01890,80.1675,12.9875,299878.24725176574,2.0,24.0,11.89,0.0,16.25,3.9,0.0,0.0,0.0,894.04,1658.1,461.79,0.0,0.0,Built-up,74.08,0.0,21.45,2.81,1.65,0,0.0,Unknown,0,187.88,273.07,273.07,365.51,578.34
cell_01891,80.1675,12.9925,299872.36154266447,6.0,18.0,11.92,0.0,8.23,2.56,0.0,0.0,0.0,983.24,1120.59,378.8,0.0,0.0,Built-up,69.51,0.0,23.28,4.55,2.66,0,0.0,Unknown,0,187.88,273.07,273.07,365.51,578.34
cell_01892,80.1675,12.9975,299866.4735979308,0.0,16.0,11.09,0.0,11.08,2.2,0.0,0.0,0.0,512.65,607.6,259.81,334.51,0.001116,Built-up,79.71,0.0,15.78,1.49,3.02,0,0.0,Unknown,0,187.88,273.07,273.07,365.51,578.34
cell_01893,80.1675,13.0025,299860.5834179389,2.0,13.0,7.73,0.0,6.51,2.19,0.0,0.0,0.0,124.29,219.09,239.89,634.54,0.002116,Vegetation,19.57,0.0,60.4,20.03,0.0,0,0.0,Unknown,0,187.88,273.07,273.07,365.51,578.34
cell_01894,80.1675,13.0075,299854.6910025433,0.0,15.0,9.37,0.0,6.93,2.4,1402.55,0.004677,0.0,153.77,172.17,28.86,1188.53,0.003964,Vegetation,8.31,0.0,68.64,19.22,3.83,0,0.0,Unknown,0,187.88,273.07,273.07,365.51,578.34
cell_01895,80.1675,13.0125,299848.7963512658,8.0,18.0,12.75,0.0,6.98,2.25,7951.44,0.026518,54.0,476.65,722.26,53.47,821.82,0.002741,Built-up,59.48,0.0,19.84,12.47,8.21,0,0.0,Unknown,0,187.88,273.07,273.07,365.51,578.34
cell_01896,80.1675,13.0175,299842.89946508047,5.0,18.0,12.59,0.0,7.85,2.43,10889.37,0.036317,69.0,769.02,1274.39,420.7,0.0,0.0,Built-up,74.64,0.0,15.31,6.58,3.47,0,0.0,Unknown,0,187.88,273.07,273.07,365.51,578.34
cell_01897,80.1675,13.0225,299837.00034341443,10.0,18.0,13.74,0.0,5.79,1.93,14719.23,0.049091,103.0,1080.64,1718.95,336.98,0.0,0.0,Built-up,94.25,0.0,4.81,0.0,0.94,1,0.0,Unknown,1,187.88,273.07,273.07,365.51,578.34
cell_01898,80.1675,13.0275,299831.098986295,10.0,20.0,14.5,0.0,7.85,2.24,6099.88,0.020344,35.0,1051.12,1987.91,211.9,550.08,0.001835,Cropland,43.57,0.0,6.62,49.32,0.49,0,0.0,Unknown,0,187.88,273.07,273.07,365.51,578.34
cell_01899,80.1675,13.0325,299825.1953941288,11.0,21.0,15.98,0.0,8.95,2.13,4214.65,0.014057,18.0,701.55,2337.71,590.85,0.0,0.0,Built-up,82.84,0.0,9.69,3.7,3.77,1,0.0,Unknown,1,187.88,273.07,273.07,365.51,578.34
cell_01900,80.1675,13.0375,299819.2895666588,10.0,22.0,16.44,0.0,7.84,2.61,13008.26,0.043387,92.0,564.05,2754.02,1080.22,0.0,0.0,Built-up,81.79,0.0,14.03,2.5,1.69,0,0.0,Unknown,0,187.88,273.07,273.07,365.51,578.34
cell_01901,80.1675,13.0425,299813.381503832,11.0,21.0,16.55,0.0,6.03,1.99,15013.95,0.050078,79.0,718.66,2370.73,1611.29,0.0,0.0,Built-up,93.21,0.0,6.62,0.03,0.13,1,0.0,Unknown,1,187.88,273.07,273.07,365.51,578.34
cell_01902,80.1675,13.0475,299807.47120597743,11.0,17.0,14.22,0.0,5.66,1.81,14808.68,0.049394,73.0,443.48,1839.69,2099.8,0.0,0.0,Built-up,93.98,0.0,5.72,0.0,0.3,3,0.0,Unknown,1,187.88,273.07,273.07,365.51,578.34
cell_01903,80.1675,13.0525,299801.55867304275,8.0,20.0,13.27,0.0,6.98,2.4,11183.29,0.037302,66.0,214.53,1326.71,2032.58,0.0,0.0,Built-up,73.54,0.65,16.04,8.41,1.36,2,0.0,Unknown,1,187.88,273.07,273.07,365.51,578.34
cell_01904,80.1675,13.0575,299795.64390469185,9.0,19.0,13.25,0.0,6.98,2.09,11261.85,0.037565,70.0,550.16,847.22,1938.2,0.0,0.0,Built-up,82.11,0.0,8.21,8.7,0.97,0,0.0,Unknown,0,187.88,273.07,273.07,365.51,578.34
cell_01905,80.1675,13.0625,299789.7269019466,10.0,20.0,15.36,0.0,7.84,2.02,10944.03,0.036506,76.0,281.32,329.24,1747.9,75.21,0.000251,Built-up,85.72,0.0,14.18,0.0,0.1,0,0.0,Unknown,0,187.88,273.07,273.07,365.51,578.34
cell_01906,80.1675,13.0675,299783.8076634609,5.0,20.0,12.61,0.0,10.4,2.77,8625.23,0.028771,48.0,146.45,191.13,1372.76,488.19,0.001628,Built-up,58.86,0.0,37.47,3.18,0.49,0,0.0,Unknown,0,187.88,273.07,273.07,365.51,578.34
cell_01907,80.1675,13.0725,299777.8861901138,6.0,17.0,12.06,0.0,7.39,2.6,7511.21,0.025056,44.0,689.2,741.29,986.31,0.0,0.0,Built-up,62.18,0.0,30.45,1.17,6.2,1,0.0,Unknown,1,187.88,273.07,273.07,365.51,578.34
cell_01908,80.1675,13.0775,299771.9624822805,9.0,18.0,13.75,0.0,6.83,2.37,12213.48,0.040743,89.0,437.63,1137.24,768.07,0.0,0.0,Built-up,69.98,0.0,25.95,4.03,0.03,1,0.0,Unknown,1,187.88,273.07,273.07,365.51,578.34
cell_01909,80.1675,13.0825,299766.0365389623,11.0,18.0,15.17,0.0,4.86,1.49,19762.59,0.065927,137.0,540.45,1581.17,526.5,0.0,0.0,Built-up,93.41,0.0,5.62,0.0,0.97,0,0.0,Unknown,0,187.88,273.07,273.07,365.51,578.34
cell_01910,80.1675,13.0875,299760.1083609587,12.0,20.0,15.8,0.0,5.15,1.76,6112.7,0.020392,27.0,511.42,2067.84,520.68,0.0,0.0,Built-up,57.85,0.0,41.82,0.0,0.33,0,0.0,Unknown,0,187.88,273.07,273.07,365.51,578.34
cell_01911,80.1675,13.0925,299754.1779482666,13.0,22.0,16.97,0.0,4.35,1.7,4751.25,0.01585,9.0,796.71,2563.99,906.55,0.0,0.0,Built-up,75.75,0.0,19.77,4.25,0.23,0,0.0,Unknown,0,187.88,273.07,273.07,365.51,578.34
cell_01912,80.1675,13.0975,299748.2453005976,14.0,21.0,17.84,0.0,4.84,1.88,2652.41,0.008849,8.0,895.97,3079.13,1275.63,0.0,0.0,Built-up,62.01,0.0,32.53,2.5,2.95,0,0.0,Unknown,0,187.88,273.07,273.07,365.51,578.34
cell_01913,80.1675,13.1025,299742.310418183,13.0,22.0,17.18,0.0,5.59,1.81,7729.85,0.025788,25.0,771.54,3605.15,794.56,0.0,0.0,Built-up,53.06,0.0,36.23,9.82,0.89,1,8.0,Unknown,1,187.88,273.07,273.07,365.51,578.34
cell_01914,80.1675,13.1075,299736.3733008612,13.0,19.0,16.41,0.0,4.1,1.6,9237.19,0.030818,33.0,218.75,3625.72,466.28,0.0,0.0,Built-up,81.2,0.06,16.56,0.49,1.69,0,0.0,Unknown,0,187.88,273.07,273.07,365.51,578.34
cell_01915,80.1675,13.1125,299730.4339490071,11.0,20.0,15.82,0.0,4.84,1.76,7030.69,0.023457,22.0,181.54,3230.6,202.51,542.2,0.001809,Built-up,84.94,0.06,11.92,0.03,3.05,0,0.0,Unknown,0,187.88,273.07,273.07,365.51,578.34
cell_01916,80.1675,13.1175,299724.4923626313,9.0,18.0,14.17,0.0,6.03,1.85,13975.85,0.046629,87.0,292.02,2887.78,350.35,0.0,0.0,Built-up,80.56,0.0,17.49,1.52,0.43,2,8.5,Unknown,1,187.88,273.07,273.07,365.51,578.34
cell_01917,80.1675,13.1225,299718.5485411298,10.0,19.0,14.47,0.0,6.19,2.07,13576.16,0.045296,74.0,6.25,2617.89,903.2,0.0,0.0,Built-up,81.66,0.58,12.89,0.65,4.22,0,10.0,Unknown,1,187.88,273.07,273.07,365.51,578.34
cell_01918,80.1675,13.1275,299712.6024855406,9.0,24.0,18.19,0.0,11.07,3.29,9065.96,0.030249,50.0,390.33,2445.21,1456.06,0.0,0.0,Built-up,54.25,0.0,18.47,26.17,1.1,0,0.0,Unknown,0,187.88,273.07,273.07,365.51,578.34
cell_01919,80.1675,13.1325,299706.6541949278,13.0,30.0,20.87,0.0,11.75,3.07,8686.25,0.028983,51.0,361.99,2390.89,2008.91,0.0,0.0,Built-up,77.55,0.0,18.28,3.34,0.83,0,0.0,Unknown,0,187.88,273.07,273.07,365.51,578.34
cell_01920,80.1675,13.1375,299700.7036701857,8.0,23.0,16.93,0.0,8.23,2.73,9478.95,0.031628,48.0,103.57,2458.6,2188.18,0.0,0.0,Built-up,61.43,20.52,17.66,0.16,0.23,0,0.0,Unknown,0,187.88,273.07,273.07,365.51,578.34
cell_01921,80.1675,13.1425,299694.7509105533,9.0,22.0,12.22,0.0,14.11,2.15,1866.64,0.006228,17.0,0.0,2630.38,2209.99,0.0,0.0,Water,11.46,69.12,19.06,0.0,0.36,0,0.0,Unknown,0,187.88,273.07,273.07,365.51,578.34
cell_01922,80.1675,13.1475,299688.79591698974,9.0,9.0,9.0,0.0,0.0,0.0,0.0,0.0,0.0,0.0,2899.09,2364.65,0.0,0.0,Water,0.0,88.86,11.14,0.0,0.0,0,0.0,Unknown,0,187.88,273.07,273.07,365.51,578.34
cell_01923,80.1675,13.1525,299682.83868822677,9.0,9.0,9.0,0.0,0.0,0.0,0.0,0.0,0.0,0.0,3240.71,2628.82,0.0,0.0,Water,0.0,99.74,0.26,0.0,0.0,0,0.0,Unknown,0,187.88,273.07,273.07,365.51,578.34
cell_01924,80.1675,13.1575,299676.87922571227,9.0,9.0,9.0,0.0,0.0,0.0,0.0,0.0,0.0,0.0,3593.08,2973.45,0.0,0.0,Water,0.0,99.94,0.06,0.0,0.0,0,0.0,Unknown,0,187.88,273.07,273.07,365.51,578.34
cell_01925,80.1675,13.1625,299670.9175284797,9.0,20.0,11.26,0.0,11.29,1.75,0.0,0.0,0.0,0.0,3871.05,3199.36,0.0,0.0,Water,0.0,76.96,16.53,6.48,0.03,0,0.0,Unknown,0,187.88,273.07,273.07,365.51,578.34
cell_01926,80.1675,13.1675,299664.9535972337,13.0,25.0,18.87,0.0,6.16,2.49,0.0,0.0,0.0,304.98,4203.73,3049.2,0.0,0.0,Cropland,9.55,0.0,45.06,45.39,0.0,0,0.0,Unknown,0,187.88,273.07,273.07,365.51,578.34
cell_01927,80.1675,13.1725,299658.98743138724,9.0,34.0,14.9,0.0,17.49,3.0,0.0,0.0,0.0,0.0,4579.23,2709.24,0.0,0.0,Vegetation,1.56,23.02,55.45,19.97,0.0,0,0.0,Unknown,0,187.88,273.07,273.07,365.51,578.34
cell_01928,80.1675,13.1775,299653.019031361,9.0,18.0,12.17,0.0,7.79,2.01,0.0,0.0,0.0,0.0,4987.88,2448.27,0.0,0.0,Water,0.36,48.36,34.94,16.3,0.03,0,0.0,Unknown,0,187.88,273.07,273.07,365.51,578.34
cell_01929,80.1675,13.1825,299647.0483971679,9.0,9.0,9.0,0.0,4.89,0.05,0.0,0.0,0.0,0.0,5422.18,2293.38,0.0,0.0,Water,0.0,99.9,0.1,0.0,0.0,0,0.0,Unknown,0,187.88,273.07,273.07,365.51,578.34
cell_01930,80.1675,13.1875,299641.0755289286,9.0,24.0,12.29,0.0,15.74,2.67,0.0,0.0,0.0,0.0,5876.47,2266.46,0.0,0.0,Water,0.0,90.97,6.49,0.0,2.53,0,0.0,Unknown,0,187.88,273.07,273.07,365.51,578.34
cell_01931,80.1675,13.1925,299635.10042630724,15.0,31.0,21.84,0.0,9.75,3.38,0.0,0.0,0.0,163.42,6346.44,2356.37,0.0,0.0,Vegetation,19.8,10.41,51.7,11.64,6.45,0,0.0,Unknown,0,187.88,273.07,273.07,365.51,578.34
cell_01932,80.1675,13.1975,299629.1230897577,20.0,31.0,24.06,0.0,6.19,2.07,0.0,0.0,0.0,636.91,6828.85,2563.82,0.0,0.0,Built-up,91.49,0.0,7.79,0.19,0.52,0,0.0,Unknown,0,187.88,273.07,273.07,365.51,578.34
cell_01933,80.1675,13.2025,299623.1435188491,15.0,27.0,21.36,0.0,5.66,2.19,0.0,0.0,0.0,1162.58,7321.26,2864.52,0.0,0.0,Built-up,80.71,0.0,17.44,1.17,0.68,0,0.0,Unknown,0,187.88,273.07,273.07,365.51,578.34
cell_01934,80.1675,13.2075,299617.161714114,9.0,21.0,15.35,0.0,8.75,2.55,0.0,0.0,0.0,1675.88,7821.77,3232.55,0.0,0.0,Built-up,49.82,0.0,36.2,13.02,0.96,0,0.0,Unknown,0,187.88,273.07,273.07,365.51,578.34
cell_01935,80.1675,13.2125,299611.1776755319,8.0,24.0,13.78,0.0,11.87,3.0,0.0,0.0,0.0,2182.32,8328.91,3647.58,0.0,0.0,Vegetation,35.78,0.0,39.84,19.71,4.68,0,0.0,Unknown,0,187.88,273.07,273.07,365.51,578.34
cell_01936,80.1675,13.2175,299605.1914024984,8.0,20.0,13.37,0.0,6.91,2.2,0.0,0.0,0.0,2707.04,8841.56,4095.36,0.0,0.0,Vegetation,41.3,0.0,41.59,15.19,1.92,0,0.0,Unknown,0,187.88,273.07,273.07,365.51,578.34
cell_01937,80.1675,13.2225,299599.20289590897,9.0,20.0,13.31,0.0,4.98,1.99,0.0,0.0,0.0,3241.18,9358.81,4566.26,0.0,0.0,Vegetation,35.44,0.0,41.16,18.51,4.89,0,0.0,Unknown,0,187.88,273.07,273.07,365.51,578.34
cell_01938,80.1675,13.2275,299593.21215530223,9.0,23.0,14.67,0.0,7.66,2.62,0.0,0.0,0.0,3780.74,9753.39,5050.58,0.0,0.0,Vegetation,28.73,0.0,51.07,19.68,0.52,0,0.0,Unknown,0,187.88,273.07,273.07,365.51,578.34
cell_01939,80.1675,13.2325,299587.2191807524,12.0,23.0,16.37,0.0,8.83,2.53,0.0,0.0,0.0,4309.23,9637.03,5546.84,0.0,0.0,Vegetation,14.94,0.0,43.02,41.75,0.29,0,0.0,Unknown,0,187.88,273.07,273.07,365.51,578.34
cell_01940,80.1675,13.2375,299581.2239725382,9.0,22.0,16.74,0.0,6.89,2.53,0.0,0.0,0.0,4842.8,9551.33,6052.93,0.0,0.0,Vegetation,32.17,0.0,46.84,20.76,0.23,0,0.0,Unknown,0,187.88,273.07,273.07,365.51,578.34
cell_01941,80.1675,13.2425,299575.2265305459,10.0,20.0,14.96,0.0,6.93,2.35,0.0,0.0,0.0,4542.17,9497.1,6566.6,0.0,0.0,Cropland,2.69,0.0,28.08,69.09,0.13,0,0.0,Unknown,0,187.88,273.07,273.07,365.51,578.34
cell_01942,80.1675,13.2475,299569.2268545657,12.0,24.0,16.68,0.0,8.66,2.24,0.0,0.0,0.0,4122.45,9474.89,7086.19,0.0,0.0,Cropland,3.83,0.0,25.32,70.84,0.0,0,0.0,Unknown,0,187.88,273.07,273.07,365.51,578.34
cell_01943,80.1675,13.2525,299563.2249448295,0.0,0.0,0.0,0.0,0.0,0.0,0.0,0.0,0.0,3737.57,9484.93,7610.48,0.0,0.0,Unknown,0.0,0.0,0.0,0.0,0.0,0,0.0,Unknown,0,187.88,273.07,273.07,365.51,578.34
cell_01944,80.1725,12.8525,300035.5905298474,5.0,13.0,8.6,0.0,5.46,1.71,0.0,0.0,0.0,4733.66,3869.96,6768.15,0.0,0.0,Vegetation,30.0,0.0,43.25,26.36,0.39,0,0.0,Unknown,0,187.88,273.07,273.07,365.51,578.34
cell_01945,80.1725,12.8575,300029.76523609273,5.0,15.0,10.7,0.0,7.79,2.39,0.0,0.0,0.0,4663.18,3538.46,6782.35,0.0,0.0,Cropland,29.5,0.13,32.81,37.53,0.03,0,0.0,Unknown,0,187.88,273.07,273.07,365.51,578.34
cell_01946,80.1725,12.8625,300023.9377056306,4.0,14.0,8.13,0.0,7.5,1.99,0.0,0.0,0.0,4654.71,3267.48,6841.36,0.0,0.0,Cropland,15.69,0.0,21.36,62.79,0.16,0,0.0,Unknown,0,187.88,273.07,273.07,365.51,578.34
cell_01947,80.1725,12.8675,300018.1079391519,2.0,16.0,8.24,0.0,7.66,2.45,0.0,0.0,0.0,4703.64,3073.05,6944.04,0.0,0.0,Vegetation,11.69,0.0,57.27,31.04,0.0,0,0.0,Unknown,0,187.88,273.07,273.07,365.51,578.34
cell_01948,80.1725,12.8725,300012.27593598986,4.0,13.0,8.37,0.0,6.15,1.98,0.0,0.0,0.0,4816.0,2970.27,7088.49,0.0,0.0,Vegetation,0.16,0.0,99.23,0.57,0.03,0,0.0,Unknown,0,187.88,273.07,273.07,365.51,578.34
cell_01949,80.1725,12.8775,300006.44169666024,5.0,18.0,11.3,0.0,8.13,2.69,0.0,0.0,0.0,4693.77,2968.65,7233.7,0.0,0.0,Vegetation,1.66,0.0,95.95,2.39,0.0,0,0.0,Unknown,0,187.88,273.07,273.07,365.51,578.34
cell_01950,80.1725,12.8825,300000.6052208436,5.0,16.0,9.4,0.0,8.75,1.97,0.0,0.0,0.0,4275.08,3068.36,7327.14,0.0,0.0,Vegetation,12.95,3.28,50.84,32.82,0.1,0,0.0,Unknown,0,187.88,273.07,273.07,365.51,578.34
cell_01951,80.1725,12.8875,299994.7665091507,6.0,11.0,8.14,0.0,6.19,1.43,0.0,0.0,0.0,3890.09,3260.12,7245.98,0.0,0.0,Cropland,10.59,11.93,30.58,46.14,0.77,0,0.0,Unknown,0,187.88,273.07,273.07,365.51,578.34
cell_01952,80.1725,12.8925,299988.9255607878,5.0,15.0,9.82,0.0,6.03,1.94,0.0,0.0,0.0,3549.75,3528.95,6714.73,0.0,0.0,Built-up,42.63,0.0,28.73,27.52,1.12,0,0.0,Unknown,0,187.88,273.07,273.07,365.51,578.34
cell_01953,80.1725,12.8975,299983.0823761933,3.0,19.0,13.82,0.0,7.84,2.5,0.0,0.0,0.0,3268.07,3858.78,6187.29,0.0,0.0,Built-up,88.8,0.0,8.9,2.21,0.1,0,0.0,Unknown,0,187.88,273.07,273.07,365.51,578.34
cell_01954,80.1725,12.9025,299977.236956026,6.0,19.0,11.81,0.0,6.93,2.31,0.0,0.0,0.0,3061.28,4035.18,5664.73,0.0,0.0,Built-up,51.85,0.1,19.42,27.71,0.92,0,0.0,Unknown,0,187.88,273.07,273.07,365.51,578.34
cell_01955,80.1725,12.9075,299971.38929915964,8.0,17.0,11.82,0.0,6.83,2.22,0.0,0.0,0.0,2828.49,4165.45,5148.52,0.0,0.0,Cropland,4.46,1.34,24.97,68.56,0.67,0,0.0,Unknown,0,187.88,273.07,273.07,365.51,578.34
cell_01956,80.1725,12.9125,299965.53940660093,5.0,20.0,14.21,0.0,9.8,2.19,0.0,0.0,0.0,2508.84,4334.17,4640.8,0.0,0.0,Built-up,47.27,3.12,40.13,9.35,0.13,0,0.0,Unknown,0,187.88,273.07,273.07,365.51,578.34
cell_01957,80.1725,12.9175,299959.68727758847,14.0,30.0,21.18,0.0,6.41,2.31,0.0,0.0,0.0,2280.31,4515.66,4144.67,0.0,0.0,Built-up,77.58,0.0,19.87,2.14,0.41,0,0.0,Unknown,0,187.88,273.07,273.07,365.51,578.34
cell_01958,80.1725,12.9225,299953.8329128749,18.0,55.0,31.96,0.0,17.49,5.3,0.0,0.0,0.0,2165.0,4656.26,3664.85,0.0,0.0,Vegetation,0.54,0.0,99.46,0.0,0.0,0,0.0,Unknown,0,187.88,273.07,273.07,365.51,578.34
cell_01959,80.1725,12.9275,299947.9763120135,20.0,49.0,29.17,0.0,17.9,4.74,0.0,0.0,0.0,2185.32,4856.12,3208.67,0.0,0.0,Vegetation,0.0,0.0,98.51,1.49,0.0,0,0.0,Unknown,0,187.88,273.07,273.07,365.51,578.34
cell_01960,80.1725,12.9325,299942.11747514334,14.0,43.0,21.95,0.0,15.64,3.97,0.0,0.0,0.0,2258.13,5108.29,2787.76,0.0,0.0,Vegetation,26.18,0.0,67.35,6.47,0.0,0,0.0,Unknown,0,187.88,273.07,273.07,365.51,578.34
cell_01961,80.1725,12.9375,299936.2564024959,9.0,19.0,13.74,0.0,7.53,2.37,0.0,0.0,0.0,2254.22,5065.28,2420.58,0.0,0.0,Built-up,67.03,0.57,25.38,6.66,0.35,0,0.0,Unknown,0,187.88,273.07,273.07,365.51,578.34
cell_01962,80.1725,12.9425,299930.3930939241,6.0,13.0,8.93,0.0,5.59,1.55,0.0,0.0,0.0,2382.33,4970.89,2135.03,0.0,0.0,Vegetation,18.57,0.0,41.01,40.19,0.23,0,0.0,Unknown,0,187.88,273.07,273.07,365.51,578.34
cell_01963,80.1725,12.9475,299924.52754948835,3.0,10.0,6.94,0.0,4.89,1.75,0.0,0.0,0.0,2103.24,4923.88,1967.0,0.0,0.0,Vegetation,5.93,0.0,76.28,15.5,2.3,0,0.0,Unknown,0,187.88,273.07,273.07,365.51,578.34
cell_01964,80.1725,12.9525,299918.65976918367,3.0,14.0,8.48,0.0,8.16,2.46,0.0,0.0,0.0,1845.3,4882.77,1763.41,0.0,0.0,Built-up,67.41,0.0,20.34,11.51,0.73,0,0.0,Unknown,0,187.88,273.07,273.07,365.51,578.34
cell_01965,80.1725,12.9575,299912.78975333745,8.0,23.0,14.91,0.0,9.51,2.23,0.0,0.0,0.0,1424.96,4766.91,1637.8,0.0,0.0,Built-up,91.04,0.0,8.51,0.26,0.19,0,0.0,Unknown,0,187.88,273.07,273.07,365.51,578.34
cell_01966,80.1725,12.9625,299906.9175012655,14.0,41.0,22.69,0.0,15.93,3.48,0.0,0.0,0.0,894.87,4315.44,1693.16,0.0,0.0,Built-up,71.36,0.0,25.89,1.12,1.63,0,0.0,Unknown,0,187.88,273.07,273.07,365.51,578.34
cell_01967,80.1725,12.9675,299901.0430140533,14.0,26.0,19.2,0.0,8.3,2.54,0.0,0.0,0.0,410.26,3763.66,1913.83,0.0,0.0,Built-up,56.76,3.03,28.35,2.07,9.79,0,0.0,Unknown,0,187.88,273.07,273.07,365.51,578.34
cell_01968,80.1725,12.9725,299895.1662908607,-8.0,72.0,21.78,0.0,30.08,8.1,0.0,0.0,0.0,0.0,3212.3,2037.88,0.0,0.0,Vegetation,7.99,20.16,56.88,1.4,13.57,0,0.0,Unknown,0,187.88,273.07,273.07,365.51,578.34
cell_01969,80.1725,12.9775,299889.2873318407,14.0,75.0,25.19,0.0,19.78,4.66,0.0,0.0,0.0,240.16,2661.6,1637.8,0.0,0.0,Vegetation,0.1,0.0,92.03,7.88,0.0,0,0.0,Unknown,0,187.88,273.07,273.07,365.51,578.34
cell_01970,80.1725,12.9825,299883.4061375883,12.0,25.0,18.08,0.0,7.8,2.43,653.19,0.002178,1.0,192.48,2112.1,1226.56,0.0,0.0,Vegetation,16.71,0.0,80.23,3.06,0.0,0,0.0,Unknown,0,187.88,273.07,273.07,365.51,578.34
cell_01971,80.1725,12.9875,299877.5227076422,4.0,22.0,15.08,0.0,10.56,2.89,4202.46,0.014014,29.0,744.93,1565.06,968.55,0.0,0.0,Built-up,83.38,0.0,15.84,0.0,0.78,0,0.0,Unknown,0,187.88,273.07,273.07,365.51,578.34
cell_01972,80.1725,12.9925,299871.63704198133,5.0,18.0,10.45,0.0,9.89,3.32,0.0,0.0,0.0,999.89,1020.2,548.26,0.0,0.0,Built-up,55.8,0.0,30.07,13.74,0.38,0,0.0,Unknown,0,187.88,273.07,273.07,365.51,578.34
cell_01973,80.1725,12.9975,299865.74914104433,1.0,15.0,9.63,0.0,10.4,3.08,0.0,0.0,0.0,446.9,475.34,83.72,292.15,0.000974,Built-up,54.85,0.0,34.95,8.9,1.31,0,0.0,Unknown,0,187.88,273.07,273.07,365.51,578.34
cell_01974,80.1725,13.0025,299859.85900452663,3.0,18.0,9.43,0.0,7.7,2.62,0.0,0.0,0.0,35.19,69.52,477.36,554.71,0.00185,Vegetation,14.64,0.0,82.14,3.12,0.1,0,0.0,Unknown,0,187.88,273.07,273.07,365.51,578.34
cell_01975,80.1725,13.0075,299853.96663281793,5.0,18.0,11.44,0.0,9.89,2.47,2253.44,0.007515,7.0,448.09,471.02,407.73,0.0,0.0,Vegetation,8.96,0.0,77.52,13.52,0.0,0,0.0,Unknown,0,187.88,273.07,273.07,365.51,578.34
cell_01976,80.1725,13.0125,299848.07202512515,6.0,18.0,12.66,0.0,8.53,2.58,5923.7,0.019756,41.0,852.93,862.73,300.01,19.66,6.6e-05,Built-up,42.76,0.0,40.37,15.69,1.18,1,0.0,Unknown,1,187.88,273.07,273.07,365.51,578.34
cell_01977,80.1725,13.0175,299842.1751826122,7.0,18.0,12.09,0.0,10.16,2.8,13224.67,0.044105,98.0,996.62,1051.51,251.09,209.6,0.000699,Built-up,83.86,0.0,14.74,1.04,0.36,1,0.0,Unknown,1,187.88,273.07,273.07,365.51,578.34
cell_01978,80.1725,13.0225,299836.27610459574,6.0,20.0,12.12,0.0,10.16,2.66,8417.49,0.028074,64.0,1168.34,1230.03,213.48,545.78,0.00182,Built-up,86.99,0.0,11.96,0.19,0.86,0,0.0,Unknown,0,187.88,273.07,273.07,365.51,578.34
cell_01979,80.1725,13.0275,299830.37479132385,10.0,19.0,13.83,0.0,6.41,2.18,8868.99,0.02958,46.0,836.71,1563.44,6.53,612.6,0.002043,Built-up,58.83,0.0,32.75,3.95,4.46,0,0.0,Unknown,0,187.88,273.07,273.07,365.51,578.34
cell_01980,80.1725,13.0325,299824.4712426501,12.0,20.0,15.49,0.0,6.03,1.87,15760.85,0.052567,115.0,295.68,1988.09,494.92,0.0,0.0,Built-up,93.21,0.0,6.14,0.0,0.65,0,0.0,Unknown,0,187.88,273.07,273.07,365.51,578.34
cell_01981,80.1725,13.0375,299818.565458965,10.0,21.0,14.99,0.0,5.94,2.58,13078.23,0.04362,98.0,22.09,2423.36,1030.89,0.0,0.0,Built-up,80.96,0.35,16.49,1.66,0.54,0,0.0,Unknown,0,187.88,273.07,273.07,365.51,578.34
cell_01982,80.1725,13.0425,299812.65743985487,12.0,20.0,16.1,0.0,5.66,2.3,15588.37,0.051994,101.0,434.95,2558.43,1578.64,0.0,0.0,Built-up,94.26,0.0,4.5,0.0,1.24,1,0.0,Unknown,1,187.88,273.07,273.07,365.51,578.34
cell_01983,80.1725,13.0475,299806.74718577205,8.0,19.0,13.19,0.0,6.41,2.27,9913.2,0.033065,50.0,774.33,2050.69,1687.56,0.0,0.0,Built-up,58.31,0.0,38.7,2.92,0.06,1,0.0,Unknown,1,187.88,273.07,273.07,365.51,578.34
cell_01984,80.1725,13.0525,299800.83469660056,9.0,18.0,12.89,0.0,6.81,2.15,14571.52,0.048604,80.0,326.55,1499.31,1524.74,0.0,0.0,Built-up,90.08,0.0,7.49,2.2,0.22,0,0.0,Unknown,0,187.88,273.07,273.07,365.51,578.34
cell_01985,80.1725,13.0575,299794.91997219477,8.0,18.0,12.99,0.0,7.09,2.39,13310.36,0.044398,96.0,453.81,949.78,1396.45,0.0,0.0,Built-up,70.41,0.0,22.67,6.12,0.8,0,0.0,Unknown,0,187.88,273.07,273.07,365.51,578.34
cell_01986,80.1725,13.0625,299789.00301291374,10.0,19.0,13.96,0.0,6.19,2.15,12987.31,0.043322,91.0,371.4,409.69,1425.86,0.0,0.0,Built-up,90.29,0.0,9.03,0.06,0.62,1,0.0,Unknown,1,187.88,273.07,273.07,365.51,578.34
cell_01987,80.1725,13.0675,299783.0838184698,6.0,20.0,12.81,0.0,9.93,2.75,8396.56,0.028009,42.0,73.57,101.63,977.28,762.86,0.002545,Built-up,56.09,0.0,33.48,2.01,8.42,0,0.0,Unknown,0,187.88,273.07,273.07,365.51,578.34
cell_01988,80.1725,13.0725,299777.16238896747,9.0,17.0,12.66,0.0,4.86,1.91,6893.91,0.022997,29.0,319.44,362.87,609.68,38.19,0.000127,Vegetation,37.18,0.0,51.98,5.01,5.84,0,0.0,Unknown,0,187.88,273.07,273.07,365.51,578.34
cell_01989,80.1725,13.0775,299771.23872468737,8.0,18.0,12.09,0.0,7.5,2.2,12368.16,0.041259,73.0,126.99,836.93,248.98,280.09,0.000934,Built-up,73.05,0.0,25.49,0.78,0.68,0,0.0,Unknown,0,187.88,273.07,273.07,365.51,578.34
cell_01990,80.1725,13.0825,299765.3128254672,11.0,20.0,14.85,0.0,5.15,1.91,15653.04,0.052218,93.0,324.66,1334.84,89.61,643.39,0.002146,Built-up,76.43,0.0,22.16,0.0,1.4,0,0.0,Unknown,0,187.88,273.07,273.07,365.51,578.34
cell_01991,80.1725,13.0875,299759.3846913503,13.0,19.0,15.98,0.0,6.16,1.71,7652.51,0.025529,31.0,54.59,1860.05,232.52,55.59,0.000185,Built-up,87.99,0.0,10.62,0.0,1.4,0,0.0,Unknown,0,187.88,273.07,273.07,365.51,578.34
cell_01992,80.1725,13.0925,299753.4543223952,11.0,20.0,16.01,0.0,5.25,1.9,6587.96,0.021978,20.0,353.99,2388.94,777.68,0.0,0.0,Built-up,61.29,0.0,30.23,7.33,1.15,0,0.0,Unknown,0,187.88,273.07,273.07,365.51,578.34
cell_01993,80.1725,13.0975,299747.52171870763,13.0,22.0,16.83,0.0,7.09,1.95,7708.78,0.025718,33.0,600.98,2924.94,940.14,0.0,0.0,Built-up,82.72,0.0,16.1,0.0,1.18,0,7.5,Unknown,1,187.88,273.07,273.07,365.51,578.34
cell_01994,80.1725,13.1025,299741.58688007895,9.0,19.0,16.19,0.0,4.98,1.76,10867.94,0.036258,52.0,572.14,3466.0,506.46,0.0,0.0,Built-up,88.51,0.0,9.51,0.26,1.72,0,0.0,Unknown,0,187.88,273.07,273.07,365.51,578.34
cell_01995,80.1725,13.1075,299735.6498068667,11.0,20.0,15.51,0.0,6.41,1.8,6688.25,0.022314,20.0,451.66,3293.65,490.66,0.0,0.0,Built-up,84.02,0.0,13.04,2.46,0.48,1,0.0,Unknown,1,187.88,273.07,273.07,365.51,578.34
cell_01996,80.1725,13.1125,299729.7104988613,11.0,19.0,15.16,0.0,4.86,1.93,6475.21,0.021604,14.0,229.35,2852.91,192.59,542.58,0.00181,Built-up,62.34,0.0,34.15,2.01,1.5,0,0.0,Unknown,0,187.88,273.07,273.07,365.51,578.34
cell_01997,80.1725,13.1175,299723.7689564852,9.0,20.0,13.96,0.0,6.16,2.32,8907.23,0.029718,41.0,261.68,2457.97,360.06,0.0,0.0,Built-up,50.03,0.03,30.58,16.79,2.56,0,0.0,Unknown,0,187.88,273.07,273.07,365.51,578.34
cell_01998,80.1725,13.1225,299717.82517888217,8.0,19.0,11.6,0.0,8.66,1.82,2391.47,0.007979,20.0,0.0,2134.42,912.7,0.0,0.0,Cropland,12.02,0.0,37.69,50.26,0.03,0,0.0,Unknown,0,187.88,273.07,273.07,365.51,578.34
cell_01999,80.1725,13.1275,299711.87916715204,8.0,25.0,14.59,0.0,8.3,2.84,12835.94,0.042828,71.0,225.77,1918.72,1283.72,0.0,0.0,Built-up,62.98,0.0,28.73,8.2,0.1,0,0.0,Unknown,0,187.88,273.07,273.07,365.51,578.34
cell_02000,80.1725,13.1325,299705.9309207382,14.0,26.0,19.77,0.0,6.41,2.2,16409.19,0.054751,99.0,565.32,1849.01,1645.75,0.0,0.0,Built-up,87.76,0.0,10.94,0.81,0.49,1,11.0,Unknown,1,187.88,273.07,273.07,365.51,578.34
cell_02001,80.1725,13.1375,299699.98043996724,14.0,26.0,19.97,0.0,8.66,2.84,16790.91,0.056026,86.0,290.93,1931.94,1648.93,0.0,0.0,Built-up,82.53,0.61,16.42,0.32,0.13,0,0.0,Unknown,0,187.88,273.07,273.07,365.51,578.34
cell_02002,80.1725,13.1425,299694.0277243149,8.0,23.0,11.65,0.0,8.16,1.9,3135.04,0.010461,15.0,0.0,2146.31,1677.77,0.0,0.0,Water,16.45,52.77,30.71,0.0,0.06,0,0.0,Unknown,0,187.88,273.07,273.07,365.51,578.34
cell_02003,80.1725,13.1475,299688.072774754,9.0,18.0,9.27,0.0,10.3,0.5,0.0,0.0,0.0,0.0,2468.3,1876.83,0.0,0.0,Water,0.0,83.86,16.14,0.0,0.0,0,0.0,Unknown,0,187.88,273.07,273.07,365.51,578.34
cell_02004,80.1725,13.1525,299682.11559014546,9.0,9.0,9.0,0.0,0.0,0.0,0.0,0.0,0.0,0.0,2861.82,2200.38,0.0,0.0,Water,0.0,99.87,0.13,0.0,0.0,0,0.0,Unknown,0,187.88,273.07,273.07,365.51,578.34
cell_02005,80.1725,13.1575,299676.1561716675,9.0,9.0,9.0,0.0,0.0,0.0,0.0,0.0,0.0,0.0,3117.17,2476.52,0.0,0.0,Water,0.0,99.27,0.73,0.0,0.0,0,0.0,Unknown,0,187.88,273.07,273.07,365.51,578.34
cell_02006,80.1725,13.1625,299670.194518432,9.0,16.0,9.15,0.0,8.83,0.23,0.0,0.0,0.0,0.0,3433.89,2728.78,0.0,0.0,Water,0.0,98.83,1.17,0.0,0.0,0,0.0,Unknown,0,187.88,273.07,273.07,365.51,578.34
cell_02007,80.1725,13.1675,299664.2306313505,9.0,23.0,12.64,0.0,9.55,1.85,0.0,0.0,0.0,0.0,3805.0,2672.34,0.0,0.0,Water,1.4,65.08,28.44,5.07,0.0,0,0.0,Unknown,0,187.88,273.07,273.07,365.51,578.34
cell_02008,80.1725,13.1725,299658.2645095661,9.0,22.0,9.71,0.0,18.1,1.06,0.0,0.0,0.0,0.0,4216.16,2276.81,0.0,0.0,Water,0.0,94.45,2.77,2.77,0.0,0,0.0,Unknown,0,187.88,273.07,273.07,365.51,578.34
cell_02009,80.1725,13.1775,299652.2961537373,5.0,23.0,12.03,0.0,17.26,2.9,0.0,0.0,0.0,0.0,4656.79,1959.06,0.0,0.0,Water,0.0,82.08,10.45,7.47,0.0,0,0.0,Unknown,0,187.88,273.07,273.07,365.51,578.34
cell_02010,80.1725,13.1825,299646.3255637172,9.0,19.0,9.83,0.0,9.8,0.96,0.0,0.0,0.0,0.0,5119.27,1761.69,0.0,0.0,Water,0.0,99.52,0.48,0.0,0.0,0,0.0,Unknown,0,187.88,273.07,273.07,365.51,578.34
cell_02011,80.1725,13.1875,299640.35273947037,9.0,26.0,9.41,0.0,18.97,0.6,0.0,0.0,0.0,0.0,5598.19,1726.2,0.0,0.0,Water,0.0,99.97,0.03,0.0,0.0,0,0.0,Unknown,0,187.88,273.07,273.07,365.51,578.34
cell_02012,80.1725,13.1925,299634.37768116593,6.0,25.0,15.18,0.0,9.55,2.96,0.0,0.0,0.0,0.0,6089.68,1841.32,0.0,0.0,Water,28.15,48.93,21.43,0.84,0.65,0,0.0,Unknown,0,187.88,273.07,273.07,365.51,578.34
cell_02013,80.1725,13.1975,299628.40038872056,16.0,26.0,21.72,0.0,6.03,1.92,0.0,0.0,0.0,444.74,6590.92,2100.29,0.0,0.0,Built-up,84.02,0.0,15.94,0.0,0.03,0,0.0,Unknown,0,187.88,273.07,273.07,365.51,578.34
cell_02014,80.1725,13.2025,299622.4208620515,13.0,26.0,19.89,0.0,9.51,2.66,0.0,0.0,0.0,963.82,7099.85,2458.36,0.0,0.0,Built-up,55.29,0.0,30.68,0.03,14.0,0,0.0,Unknown,0,187.88,273.07,273.07,365.51,578.34
cell_02015,80.1725,13.2075,299616.43910143734,9.0,20.0,14.06,0.0,5.25,1.98,0.0,0.0,0.0,1507.08,7614.93,2878.8,0.0,0.0,Built-up,70.94,0.0,17.76,10.19,1.1,0,0.0,Unknown,0,187.88,273.07,273.07,365.51,578.34
cell_02016,80.1725,13.2125,299610.45510706364,7.0,17.0,11.88,0.0,5.25,1.83,0.0,0.0,0.0,2036.05,8134.98,3338.12,0.0,0.0,Vegetation,37.37,0.03,50.03,10.68,1.88,0,0.0,Unknown,0,187.88,273.07,273.07,365.51,578.34
cell_02017,80.1725,13.2175,299604.46887842217,7.0,19.0,12.66,0.0,6.41,2.22,0.0,0.0,0.0,2565.66,8659.12,3819.54,0.0,0.0,Vegetation,16.2,0.0,42.25,27.17,14.38,0,0.0,Unknown,0,187.88,273.07,273.07,365.51,578.34
cell_02018,80.1725,13.2225,299598.480416122,9.0,20.0,14.09,0.0,6.91,2.39,0.0,0.0,0.0,3103.4,9186.65,4315.63,0.0,0.0,Vegetation,26.49,0.0,48.34,23.93,1.23,0,0.0,Unknown,0,187.88,273.07,273.07,365.51,578.34
cell_02019,80.1725,13.2275,299592.4897196387,10.0,21.0,14.79,0.0,6.91,2.33,0.0,0.0,0.0,3645.7,9228.02,4824.12,0.0,0.0,Cropland,7.24,0.0,28.76,64.0,0.0,0,0.0,Unknown,0,187.88,273.07,273.07,365.51,578.34
cell_02020,80.1725,13.2325,299586.49678942614,11.0,20.0,15.49,0.0,7.53,2.12,0.0,0.0,0.0,4190.8,9104.97,5341.45,0.0,0.0,Cropland,11.58,0.0,33.0,55.42,0.0,0,0.0,Unknown,0,187.88,273.07,273.07,365.51,578.34
cell_02021,80.1725,13.2375,299580.5016254638,9.0,19.0,14.52,0.0,8.66,2.39,0.0,0.0,0.0,4703.53,9014.22,5865.3,0.0,0.0,Vegetation,28.21,0.0,41.69,29.94,0.16,0,0.0,Unknown,0,187.88,273.07,273.07,365.51,578.34
cell_02022,80.1725,13.2425,299574.50422796793,10.0,20.0,14.42,0.0,9.0,2.19,0.0,0.0,0.0,4227.87,8956.75,6394.06,0.0,0.0,Cropland,8.96,0.0,12.15,78.89,0.0,0,0.0,Unknown,0,187.88,273.07,273.07,365.51,578.34
cell_02023,80.1725,13.2475,299568.50459620886,11.0,22.0,15.37,0.0,7.09,2.23,0.0,0.0,0.0,3773.35,8933.21,6926.61,0.0,0.0,Cropland,1.98,0.0,23.72,74.3,0.0,0,0.0,Unknown,0,187.88,273.07,273.07,365.51,578.34
cell_02024,80.1725,13.2525,299562.5027308133,0.0,0.0,0.0,0.0,0.0,0.0,0.0,0.0,0.0,3348.59,8943.86,7462.13,0.0,0.0,Unknown,0.0,0.0,0.0,0.0,0.0,0,0.0,Unknown,0,187.88,273.07,273.07,365.51,578.34
cell_02025,80.1775,12.8525,300034.8691878414,4.0,13.0,7.32,0.0,5.79,2.04,0.0,0.0,0.0,4201.63,3473.13,6225.64,0.0,0.0,Vegetation,10.42,0.52,60.75,28.31,0.0,0,0.0,Unknown,0,187.88,273.07,273.07,365.51,578.34
cell_02026,80.1775,12.8575,300029.0439370757,3.0,14.0,6.77,0.0,5.94,1.75,0.0,0.0,0.0,4122.08,3099.49,6241.08,0.0,0.0,Cropland,14.86,0.0,38.49,46.3,0.35,0,0.0,Unknown,0,187.88,273.07,273.07,365.51,578.34
cell_02027,80.1775,12.8625,300023.21644953225,3.0,12.0,6.57,0.0,6.89,1.82,0.0,0.0,0.0,4112.42,2786.14,6305.17,0.0,0.0,Vegetation,4.27,0.0,54.24,41.45,0.03,0,0.0,Unknown,0,187.88,273.07,273.07,365.51,578.34
cell_02028,80.1775,12.8675,300017.3867259187,4.0,16.0,7.67,0.0,7.8,2.22,0.0,0.0,0.0,4167.74,2555.36,6416.45,0.0,0.0,Vegetation,14.9,0.0,82.6,2.24,0.26,0,0.0,Unknown,0,187.88,273.07,273.07,365.51,578.34
cell_02029,80.1775,12.8725,300011.5547656768,-2.0,16.0,9.33,0.0,8.66,2.79,0.0,0.0,0.0,4294.15,2430.79,6571.57,0.0,0.0,Vegetation,0.0,0.26,99.43,0.32,0.0,0,0.0,Unknown,0,187.88,273.07,273.07,365.51,578.34
cell_02030,80.1775,12.8775,300005.7205694805,5.0,15.0,10.79,0.0,7.66,2.27,0.0,0.0,0.0,4371.73,2428.83,6705.02,0.0,0.0,Vegetation,0.0,0.0,99.94,0.06,0.0,0,0.0,Unknown,0,187.88,273.07,273.07,365.51,578.34
cell_02031,80.1775,12.8825,299999.8841364898,4.0,14.0,6.82,0.0,5.79,1.76,0.0,0.0,0.0,3924.05,2549.75,6789.9,0.0,0.0,Vegetation,0.0,4.68,53.25,42.08,0.0,0,0.0,Unknown,0,187.88,273.07,273.07,365.51,578.34
cell_02032,80.1775,12.8875,299994.0454678688,4.0,16.0,6.78,0.0,10.77,1.17,0.0,0.0,0.0,3500.66,2777.56,6712.99,0.0,0.0,Vegetation,0.22,32.65,46.88,20.25,0.0,0,0.0,Unknown,0,187.88,273.07,273.07,365.51,578.34
cell_02033,80.1775,12.8925,299988.2045626027,5.0,16.0,10.7,0.0,6.81,2.5,0.0,0.0,0.0,3118.12,3088.69,6578.83,0.0,0.0,Built-up,63.65,4.53,24.33,7.27,0.22,0,0.0,Unknown,0,187.88,273.07,273.07,365.51,578.34
cell_02034,80.1775,12.8975,299982.36142103403,5.0,16.0,11.37,0.0,7.85,2.39,0.0,0.0,0.0,2793.26,3422.15,6039.54,0.0,0.0,Built-up,56.04,0.0,21.92,21.95,0.1,0,0.0,Unknown,0,187.88,273.07,273.07,365.51,578.34
cell_02035,80.1775,12.9025,299976.5160438847,4.0,13.0,8.63,0.0,4.84,1.56,0.0,0.0,0.0,2548.24,3504.98,5502.97,0.0,0.0,Cropland,6.79,0.0,13.84,78.22,1.15,0,0.0,Unknown,0,187.88,273.07,273.07,365.51,578.34
cell_02036,80.1775,12.9075,299970.66843012476,5.0,17.0,9.84,0.0,7.66,2.08,0.0,0.0,0.0,2387.87,3641.94,4970.0,0.0,0.0,Cropland,3.41,0.0,19.61,76.95,0.03,0,0.0,Unknown,0,187.88,273.07,273.07,365.51,578.34
cell_02037,80.1775,12.9125,299964.8185805549,7.0,19.0,13.2,0.0,7.53,2.46,0.0,0.0,0.0,2058.81,3833.77,4441.91,0.0,0.0,Built-up,86.14,0.0,8.38,5.36,0.13,0,0.0,Unknown,0,187.88,273.07,273.07,365.51,578.34
cell_02038,80.1775,12.9175,299958.9664946969,15.0,30.0,21.11,0.0,6.89,2.27,0.0,0.0,0.0,1773.21,3985.29,3920.71,0.0,0.0,Built-up,71.65,0.0,27.81,0.29,0.26,0,0.0,Unknown,0,187.88,273.07,273.07,365.51,578.34
cell_02039,80.1775,12.9225,299953.1121731145,14.0,36.0,22.61,0.0,10.4,3.01,0.0,0.0,0.0,1625.56,4143.93,3409.52,0.0,0.0,Vegetation,0.32,0.0,98.95,0.0,0.73,0,0.0,Unknown,0,187.88,273.07,273.07,365.51,578.34
cell_02040,80.1775,12.9275,299947.25561544084,12.0,58.0,25.67,0.0,19.05,4.95,0.0,0.0,0.0,1652.54,4367.31,2913.64,0.0,0.0,Vegetation,0.0,0.0,97.82,2.18,0.0,0,0.0,Unknown,0,187.88,273.07,273.07,365.51,578.34
cell_02041,80.1775,12.9325,299941.3968215294,12.0,26.0,16.65,0.0,6.89,2.26,0.0,0.0,0.0,1721.54,4646.09,2442.41,0.0,0.0,Built-up,76.47,0.0,20.22,3.25,0.06,0,0.0,Unknown,0,187.88,273.07,273.07,365.51,578.34
cell_02042,80.1775,12.9375,299935.53579225956,9.0,20.0,14.44,0.0,6.89,2.17,0.0,0.0,0.0,1716.61,4538.25,2013.2,0.0,0.0,Built-up,87.24,0.51,11.03,0.99,0.22,0,0.0,Unknown,0,187.88,273.07,273.07,365.51,578.34
cell_02043,80.1775,12.9425,299929.6725266959,4.0,15.0,8.67,0.0,5.59,1.92,0.0,0.0,0.0,1881.69,4432.66,1658.97,0.0,0.0,Built-up,35.84,0.0,30.78,32.4,0.97,0,0.0,Unknown,0,187.88,273.07,273.07,365.51,578.34
cell_02044,80.1775,12.9475,299923.80702552886,0.0,9.0,6.02,0.0,7.84,2.03,0.0,0.0,0.0,1685.75,4382.38,1436.31,0.0,0.0,Water,7.97,36.45,33.2,18.3,4.08,0,0.0,Unknown,0,187.88,273.07,273.07,365.51,578.34
cell_02045,80.1775,12.9525,299917.93928842235,1.0,12.0,7.44,0.0,7.84,2.67,0.0,0.0,0.0,1350.49,4361.94,1277.17,0.0,0.0,Built-up,53.16,17.44,22.8,5.23,1.37,0,0.0,Unknown,0,187.88,273.07,273.07,365.51,578.34
cell_02046,80.1775,12.9575,299912.06931568746,7.0,22.0,13.87,0.0,11.87,2.22,0.0,0.0,0.0,1189.47,4231.85,1097.27,0.0,0.0,Built-up,76.49,0.32,21.88,0.49,0.81,0,0.0,Unknown,0,187.88,273.07,273.07,365.51,578.34
cell_02047,80.1775,12.9625,299906.19710697327,8.0,21.0,15.24,0.0,9.62,2.32,0.0,0.0,0.0,754.02,4171.6,1178.31,0.0,0.0,Built-up,45.57,4.15,29.62,19.93,0.73,0,0.0,Unknown,0,187.88,273.07,273.07,365.51,578.34
cell_02048,80.1775,12.9675,299900.32266300183,13.0,47.0,19.87,0.0,29.24,3.64,0.0,0.0,0.0,208.62,3764.42,1477.98,0.0,0.0,Built-up,57.65,0.16,33.13,3.48,5.58,0,0.0,Unknown,0,187.88,273.07,273.07,365.51,578.34
cell_02049,80.1775,12.9725,299894.44598300965,5.0,51.0,22.64,0.0,29.41,5.78,5019.98,0.016739,31.0,76.66,3213.19,1502.35,0.0,0.0,Vegetation,22.82,18.02,55.81,0.94,2.4,0,0.0,Unknown,0,187.88,273.07,273.07,365.51,578.34
cell_02050,80.1775,12.9775,299888.5670673716,15.0,24.0,18.78,0.0,6.16,2.31,7179.41,0.02394,35.0,538.33,2662.68,1502.52,0.0,0.0,Vegetation,39.67,0.0,58.32,2.01,0.0,0,0.0,Unknown,0,187.88,273.07,273.07,365.51,578.34
cell_02051,80.1775,12.9825,299882.685916243,12.0,23.0,16.81,0.0,6.51,2.24,6532.51,0.021784,29.0,542.1,2113.41,1678.53,0.0,0.0,Vegetation,39.51,0.0,44.29,15.69,0.51,1,0.0,Unknown,1,187.88,273.07,273.07,365.51,578.34
cell_02052,80.1775,12.9875,299876.80252980726,12.0,21.0,17.19,0.0,6.15,2.01,2044.17,0.006817,8.0,914.44,1564.7,1267.69,0.0,0.0,Built-up,53.9,0.0,46.07,0.0,0.03,0,35.0,Unknown,1,187.88,273.07,273.07,365.51,578.34
cell_02053,80.1775,12.9925,299870.9169073811,-1.0,25.0,11.52,0.0,14.39,3.55,0.0,0.0,0.0,947.13,1015.99,839.94,0.0,0.0,Built-up,79.78,0.0,15.56,4.59,0.06,0,0.0,Unknown,0,187.88,273.07,273.07,365.51,578.34
cell_02054,80.1775,12.9975,299865.02904971916,2.0,17.0,9.6,0.0,11.7,3.66,0.0,0.0,0.0,396.45,467.28,617.97,0.0,0.0,Vegetation,44.55,0.0,44.83,10.55,0.06,0,0.0,Unknown,0,187.88,273.07,273.07,365.51,578.34
cell_02055,80.1775,13.0025,299859.1389565475,3.0,15.0,8.82,0.0,7.26,2.53,0.0,0.0,0.0,0.0,57.37,798.78,713.11,0.002378,Vegetation,10.29,0.0,77.44,12.27,0.0,0,0.0,Unknown,0,187.88,273.07,273.07,365.51,578.34
cell_02056,80.1775,13.0075,299853.2466281785,2.0,16.0,10.62,0.0,9.71,2.89,35.43,0.000118,0.0,283.46,343.38,943.28,39.57,0.000132,Vegetation,4.94,0.0,71.75,23.31,0.0,0,0.0,Unknown,0,187.88,273.07,273.07,365.51,578.34
cell_02057,80.1775,13.0125,299847.35206405475,-3.0,18.0,10.65,0.0,11.6,2.95,4784.75,0.015957,30.0,461.53,495.51,645.06,0.0,0.0,Vegetation,24.68,0.0,60.75,14.51,0.06,0,0.0,Unknown,0,187.88,273.07,273.07,365.51,578.34
cell_02058,80.1775,13.0175,299841.4552648501,6.0,17.0,12.01,0.0,6.15,2.49,9431.19,0.031454,68.0,461.1,520.35,426.25,0.0,0.0,Built-up,57.5,0.0,39.97,2.11,0.42,0,0.0,Unknown,0,187.88,273.07,273.07,365.51,578.34
cell_02059,80.1775,13.0225,299835.55623010383,7.0,19.0,13.17,0.0,7.8,2.59,867.25,0.002892,1.0,728.64,789.52,0.44,1219.33,0.004067,Built-up,77.26,0.03,21.97,0.0,0.73,0,0.0,Unknown,0,187.88,273.07,273.07,365.51,578.34
cell_02060,80.1775,13.0275,299829.6549603008,9.0,17.0,13.42,0.0,6.41,1.99,9906.43,0.03304,62.0,738.21,1232.85,277.19,226.54,0.000756,Built-up,80.99,0.0,15.94,0.03,3.03,2,0.0,Unknown,1,187.88,273.07,273.07,365.51,578.34
cell_02061,80.1775,13.0325,299823.75145521486,8.0,22.0,14.44,0.0,9.66,2.76,12796.94,0.042682,83.0,482.91,1657.12,756.73,0.0,0.0,Built-up,84.22,0.0,14.81,0.0,0.97,3,0.0,Unknown,1,187.88,273.07,273.07,365.51,578.34
cell_02062,80.1775,13.0375,299817.84571488877,12.0,21.0,16.82,0.0,4.98,1.92,14339.81,0.047828,79.0,109.0,2001.36,1236.55,0.0,0.0,Built-up,89.51,0.0,10.17,0.0,0.32,0,0.0,Unknown,0,187.88,273.07,273.07,365.51,578.34
cell_02063,80.1775,13.0425,299811.9377392707,11.0,21.0,15.63,0.0,7.84,2.34,13706.21,0.045716,83.0,103.67,2402.64,1610.82,0.0,0.0,Built-up,80.74,0.0,13.55,5.33,0.38,1,0.0,Unknown,1,187.88,273.07,273.07,365.51,578.34
cell_02064,80.1775,13.0475,299806.02752860903,10.0,18.0,13.4,0.0,7.09,1.76,10648.25,0.035517,61.0,647.97,2154.95,1220.12,0.0,0.0,Built-up,64.74,0.0,16.46,18.51,0.29,1,0.0,Unknown,1,187.88,273.07,273.07,365.51,578.34
cell_02065,80.1775,13.0525,299800.11508297996,9.0,18.0,13.56,0.0,6.65,2.05,15818.47,0.052763,85.0,273.68,1634.51,997.11,0.0,0.0,Built-up,94.87,0.0,4.72,0.0,0.41,2,0.0,Unknown,1,187.88,273.07,273.07,365.51,578.34
cell_02066,80.1775,13.0575,299794.20040201535,8.0,17.0,12.43,0.0,5.94,2.08,20048.62,0.066875,123.0,416.45,1123.07,855.2,0.0,0.0,Built-up,90.43,0.0,8.45,0.0,1.12,0,0.0,Unknown,0,187.88,273.07,273.07,365.51,578.34
cell_02067,80.1775,13.0625,299788.28348624706,8.0,16.0,13.0,0.0,5.59,1.78,18272.13,0.06095,117.0,642.55,670.82,975.31,0.0,0.0,Built-up,84.9,0.0,14.25,0.0,0.84,3,0.0,Unknown,1,187.88,273.07,273.07,365.51,578.34
cell_02068,80.1775,13.0675,299782.364335449,7.0,20.0,13.65,0.0,8.75,2.49,9819.62,0.032756,59.0,338.42,376.49,670.5,0.0,0.0,Built-up,67.51,0.0,30.71,0.1,1.69,1,0.0,Unknown,1,187.88,273.07,273.07,365.51,578.34
cell_02069,80.1775,13.0725,299776.4429493818,6.0,16.0,11.22,0.0,5.66,1.91,7400.74,0.024688,43.0,44.96,114.95,210.27,901.99,0.003009,Built-up,57.59,0.0,32.56,8.13,1.72,0,0.0,Unknown,0,187.88,273.07,273.07,365.51,578.34
cell_02070,80.1775,13.0775,299770.5193287658,7.0,18.0,13.46,0.0,6.93,2.35,16759.06,0.055906,105.0,525.73,648.89,162.84,483.12,0.001612,Built-up,88.73,0.0,10.45,0.03,0.78,2,0.0,Unknown,1,187.88,273.07,273.07,365.51,578.34
cell_02071,80.1775,13.0825,299764.5934731706,10.0,18.0,14.49,0.0,6.19,2.07,14834.5,0.049487,80.0,515.02,1197.72,429.47,0.0,0.0,Built-up,88.74,0.0,10.81,0.0,0.45,1,0.0,Unknown,1,187.88,273.07,273.07,365.51,578.34
cell_02072,80.1775,13.0875,299758.66538252943,13.0,20.0,16.08,0.0,5.94,1.93,13211.98,0.044075,62.0,62.95,1749.08,634.57,0.0,0.0,Built-up,83.7,0.0,13.47,2.73,0.1,1,0.0,Unknown,1,187.88,273.07,273.07,365.51,578.34
cell_02073,80.1775,13.0925,299752.7350573262,11.0,21.0,16.18,0.0,6.03,2.21,14958.35,0.049902,83.0,76.87,2284.01,987.64,0.0,0.0,Built-up,84.34,0.0,15.18,0.0,0.48,1,0.0,Unknown,1,187.88,273.07,273.07,365.51,578.34
cell_02074,80.1775,13.0975,299746.802497147,12.0,21.0,16.33,0.0,4.98,1.79,11907.56,0.039725,73.0,501.57,2693.83,853.09,0.0,0.0,Built-up,89.22,0.0,10.24,0.0,0.54,0,0.0,Unknown,0,187.88,273.07,273.07,365.51,578.34
cell_02075,80.1775,13.1025,299740.8677020346,12.0,20.0,15.96,0.0,4.98,1.8,12234.88,0.040818,65.0,313.94,3139.07,305.69,0.0,0.0,Built-up,92.63,0.0,5.68,1.43,0.26,0,0.0,Unknown,0,187.88,273.07,273.07,365.51,578.34
cell_02076,80.1775,13.1075,299734.9306727263,11.0,20.0,14.83,0.0,5.15,1.78,4665.18,0.015564,24.0,20.97,3022.9,133.91,794.52,0.002651,Built-up,45.92,0.0,37.47,15.62,0.99,0,0.0,Unknown,0,187.88,273.07,273.07,365.51,578.34
cell_02077,80.1775,13.1125,299728.9914082559,10.0,18.0,14.63,0.0,4.89,1.88,2179.52,0.007272,6.0,221.08,2535.53,154.95,1090.25,0.003637,Vegetation,43.94,0.54,44.96,10.43,0.13,0,0.0,Unknown,0,187.88,273.07,273.07,365.51,578.34
cell_02078,80.1775,13.1175,299723.0499096595,9.0,15.0,12.02,0.0,5.15,1.66,724.2,0.002416,5.0,0.0,2081.22,259.97,304.99,0.001018,Cropland,2.76,0.0,15.29,81.95,0.0,0,0.0,Unknown,0,187.88,273.07,273.07,365.51,578.34
cell_02079,80.1775,13.1225,299717.10617565515,-5.0,22.0,11.13,0.0,17.93,3.53,413.36,0.001379,3.0,0.0,1686.91,519.31,0.0,0.0,Cropland,1.88,0.0,10.65,87.47,0.0,0,0.0,Unknown,0,187.88,273.07,273.07,365.51,578.34
cell_02080,80.1775,13.1275,299711.1602076579,-1.0,19.0,11.9,0.0,16.14,3.25,1509.56,0.005037,21.0,0.0,1404.08,871.46,0.0,0.0,Vegetation,5.45,0.0,65.91,28.64,0.0,0,0.0,Unknown,0,187.88,273.07,273.07,365.51,578.34
cell_02081,80.1775,13.1325,299705.212005096,9.0,22.0,15.4,0.0,7.39,2.37,12646.12,0.042195,93.0,82.27,1307.21,1265.97,0.0,0.0,Built-up,67.37,0.0,20.68,5.03,6.92,0,0.0,Unknown,0,187.88,273.07,273.07,365.51,578.34
cell_02082,80.1775,13.1375,299699.2615679495,10.0,22.0,15.33,0.0,7.8,2.27,9443.25,0.031509,42.0,127.57,1416.87,1112.31,0.0,0.0,Built-up,43.81,0.26,41.23,12.09,2.61,0,0.0,Unknown,0,187.88,273.07,273.07,365.51,578.34
cell_02083,80.1775,13.1425,299693.30889608734,9.0,23.0,15.03,0.0,8.8,2.73,8725.51,0.029115,78.0,43.26,1697.59,1154.66,0.0,0.0,Vegetation,38.3,14.13,40.53,6.82,0.22,0,0.0,Unknown,0,187.88,273.07,273.07,365.51,578.34
cell_02084,80.1775,13.1475,299687.3539902945,6.0,23.0,13.48,0.0,16.69,3.52,5079.69,0.01695,45.0,85.93,2089.91,1428.58,0.0,0.0,Water,0.78,41.62,39.58,15.42,2.6,0,0.0,Unknown,0,187.88,273.07,273.07,365.51,578.34
cell_02085,80.1775,13.1525,299681.3968494463,9.0,18.0,9.15,0.0,9.2,0.32,0.0,0.0,0.0,0.0,2376.42,1797.02,0.0,0.0,Water,0.0,97.13,2.87,0.0,0.0,0,0.0,Unknown,0,187.88,273.07,273.07,365.51,578.34
cell_02086,80.1775,13.1575,299675.43747481547,9.0,9.0,9.0,0.0,0.0,0.0,0.0,0.0,0.0,0.0,2666.58,1982.62,0.0,0.0,Water,0.0,98.72,1.28,0.0,0.0,0,0.0,Unknown,0,187.88,273.07,273.07,365.51,578.34
cell_02087,80.1775,13.1625,299669.47586537345,9.0,9.0,9.0,0.0,0.0,0.0,0.0,0.0,0.0,0.0,3030.76,2289.96,0.0,0.0,Water,0.0,99.25,0.75,0.0,0.0,0,0.0,Unknown,0,187.88,273.07,273.07,365.51,578.34
cell_02088,80.1775,13.1675,299663.51202214096,9.0,9.0,9.0,0.0,0.0,0.0,0.0,0.0,0.0,0.0,3445.58,2360.61,0.0,0.0,Water,0.0,98.5,1.5,0.0,0.0,0,0.0,Unknown,0,187.88,273.07,273.07,365.51,578.34
cell_02089,80.1775,13.1725,299657.54594416666,9.0,9.0,9.0,0.0,0.0,0.0,0.0,0.0,0.0,0.0,3894.88,1901.31,0.0,0.0,Water,0.0,99.81,0.19,0.0,0.0,0,0.0,Unknown,0,187.88,273.07,273.07,365.51,578.34
cell_02090,80.1775,13.1775,299651.5776322193,9.0,16.0,9.39,0.0,8.87,0.63,0.0,0.0,0.0,0.0,4368.04,1506.34,0.0,0.0,Water,0.0,98.93,0.36,0.71,0.0,0,0.0,Unknown,0,187.88,273.07,273.07,365.51,578.34
cell_02091,80.1775,13.1825,299645.60708615277,9.0,9.0,9.0,0.0,0.0,0.0,0.0,0.0,0.0,0.0,4858.09,1238.85,0.0,0.0,Water,0.0,99.97,0.03,0.0,0.0,0,0.0,Unknown,0,187.88,273.07,273.07,365.51,578.34
cell_02092,80.1775,13.1875,299639.63430569466,9.0,20.0,9.12,0.0,12.03,0.27,0.0,0.0,0.0,0.0,5360.4,1185.96,0.0,0.0,Water,0.0,99.49,0.51,0.0,0.0,0,0.0,Unknown,0,187.88,273.07,273.07,365.51,578.34
cell_02093,80.1775,13.1925,299633.65929137636,8.0,20.0,14.15,0.0,10.93,2.56,0.0,0.0,0.0,0.0,5871.83,1347.47,0.0,0.0,Water,14.64,54.81,27.82,2.69,0.03,0,0.0,Unknown,0,187.88,273.07,273.07,365.51,578.34
cell_02094,80.1775,13.1975,299627.68204272096,16.0,25.0,20.97,0.0,6.91,1.79,0.0,0.0,0.0,290.86,6390.19,1684.17,0.0,0.0,Built-up,87.69,0.0,7.59,3.6,1.12,0,0.0,Unknown,0,187.88,273.07,273.07,365.51,578.34
cell_02095,80.1775,13.2025,299621.7025599766,14.0,26.0,18.65,0.0,4.84,2.08,0.0,0.0,0.0,829.03,6913.91,2113.95,0.0,0.0,Built-up,67.83,0.0,15.85,15.31,1.02,0,0.0,Unknown,0,187.88,273.07,273.07,365.51,578.34
cell_02096,80.1775,13.2075,299615.72084369,7.0,19.0,12.12,0.0,8.95,2.85,0.0,0.0,0.0,1378.74,7441.87,2588.96,0.0,0.0,Vegetation,23.8,2.37,52.76,20.97,0.1,0,0.0,Unknown,0,187.88,273.07,273.07,365.51,578.34
cell_02097,80.1775,13.2125,299609.73689292656,6.0,16.0,11.56,0.0,6.93,2.29,0.0,0.0,0.0,1930.33,7973.23,3084.7,0.0,0.0,Vegetation,1.37,0.0,72.19,26.43,0.0,0,0.0,Unknown,0,187.88,273.07,273.07,365.51,578.34
cell_02098,80.1775,13.2175,299603.7507082978,7.0,17.0,12.67,0.0,6.91,2.54,0.0,0.0,0.0,2482.54,8507.34,3597.17,0.0,0.0,Vegetation,18.72,0.0,52.1,29.18,0.0,0,0.0,Unknown,0,187.88,273.07,273.07,365.51,578.34
cell_02099,80.1775,13.2225,299597.76228998794,8.0,18.0,13.36,0.0,6.91,2.23,0.0,0.0,0.0,3035.04,8867.83,4120.13,0.0,0.0,Vegetation,17.27,0.0,57.18,24.45,1.1,0,0.0,Unknown,0,187.88,273.07,273.07,365.51,578.34
cell_02100,80.1775,13.2275,299591.7716376149,9.0,18.0,12.82,0.0,7.5,2.08,0.0,0.0,0.0,3587.69,8704.66,4650.04,0.0,0.0,Cropland,4.3,0.0,37.91,57.37,0.41,0,0.0,Unknown,0,187.88,273.07,273.07,365.51,578.34
cell_02101,80.1775,13.2325,299585.7787513623,8.0,19.0,13.1,0.0,7.09,2.21,0.0,0.0,0.0,4140.43,8574.11,5184.78,0.0,0.0,Cropland,0.03,0.0,3.54,96.43,0.0,0,0.0,Unknown,0,187.88,273.07,273.07,365.51,578.34
cell_02102,80.1775,13.2375,299579.7836315098,8.0,18.0,13.04,0.0,6.03,2.08,0.0,0.0,0.0,4462.05,8477.69,5722.99,0.0,0.0,Cropland,32.69,0.0,18.99,42.92,5.39,0,0.0,Unknown,0,187.88,273.07,273.07,365.51,578.34
cell_02103,80.1775,13.2425,299573.7862778179,11.0,18.0,14.01,0.0,6.16,1.92,0.0,0.0,0.0,3962.99,8416.57,6263.78,0.0,0.0,Cropland,1.47,0.0,4.5,93.94,0.1,0,0.0,Unknown,0,187.88,273.07,273.07,365.51,578.34
cell_02104,80.1775,13.2475,299567.7866903755,10.0,25.0,15.18,0.0,10.3,2.58,0.0,0.0,0.0,3473.99,8391.53,6806.53,0.0,0.0,Cropland,0.0,0.0,19.42,80.58,0.0,0,0.0,Unknown,0,187.88,273.07,273.07,365.51,578.34
cell_02105,80.1775,13.2525,299561.7848689262,0.0,0.0,0.0,0.0,0.0,0.0,0.0,0.0,0.0,3007.25,8402.88,7350.8,0.0,0.0,Unknown,0.0,0.0,0.0,0.0,0.0,0,0.0,Unknown,0,187.88,273.07,273.07,365.51,578.34
cell_02106,80.1825,12.8525,300034.1522191333,3.0,9.0,5.59,0.0,7.39,1.65,0.0,0.0,0.0,3672.7,3120.48,5683.14,0.0,0.0,Cropland,2.45,0.3,38.78,58.48,0.0,0,0.0,Unknown,0,187.88,273.07,273.07,365.51,578.34
cell_02107,80.1825,12.8575,300028.3270108506,1.0,10.0,5.08,0.0,4.81,1.7,0.0,0.0,0.0,3581.42,2698.45,5700.07,0.0,0.0,Vegetation,2.18,0.0,57.89,39.87,0.06,0,0.0,Unknown,0,187.88,273.07,273.07,365.51,578.34
cell_02108,80.1825,12.8625,300022.49956619384,3.0,12.0,6.02,0.0,6.19,1.98,0.0,0.0,0.0,3570.21,2331.83,5770.18,0.0,0.0,Vegetation,0.58,0.0,63.44,35.97,0.0,0,0.0,Unknown,0,187.88,273.07,273.07,365.51,578.34
cell_02109,80.1825,12.8675,300016.6698851103,2.0,12.0,5.64,0.0,6.93,1.84,0.0,0.0,0.0,3633.81,2050.56,5891.58,0.0,0.0,Vegetation,0.0,5.55,70.61,23.83,0.0,0,0.0,Unknown,0,187.88,273.07,273.07,365.51,578.34
cell_02110,80.1825,12.8725,300010.83796764375,-5.0,9.0,5.31,0.0,7.53,2.14,0.0,0.0,0.0,3778.13,1893.07,6052.19,0.0,0.0,Vegetation,0.0,9.74,89.58,0.68,0.0,0,0.0,Unknown,0,187.88,273.07,273.07,365.51,578.34
cell_02111,80.1825,12.8775,300005.00381418585,3.0,12.0,6.43,0.0,4.81,1.77,0.0,0.0,0.0,3891.96,1890.56,6176.34,0.0,0.0,Vegetation,1.49,0.0,87.66,10.84,0.0,0,0.0,Unknown,0,187.88,273.07,273.07,365.51,578.34
cell_02112,80.1825,12.8825,299999.16742395796,2.0,9.0,5.82,0.0,4.29,1.6,0.0,0.0,0.0,3611.31,2043.6,6252.66,0.0,0.0,Vegetation,4.23,0.0,57.29,38.48,0.0,0,0.0,Unknown,0,187.88,273.07,273.07,365.51,578.34
cell_02113,80.1825,12.8875,299993.3287980284,6.0,19.0,10.17,0.0,6.81,2.34,0.0,0.0,0.0,3156.76,2321.62,6175.76,0.0,0.0,Built-up,45.81,5.81,40.03,8.21,0.13,0,0.0,Unknown,0,187.88,273.07,273.07,365.51,578.34
cell_02114,80.1825,12.8925,299987.4879356196,4.0,16.0,9.77,0.0,6.98,2.13,0.0,0.0,0.0,2726.39,2686.1,6109.12,0.0,0.0,Built-up,58.05,2.34,34.9,4.25,0.45,0,0.0,Unknown,0,187.88,273.07,273.07,365.51,578.34
cell_02115,80.1825,12.8975,299981.6448367909,3.0,17.0,8.63,0.0,6.91,2.22,0.0,0.0,0.0,2347.95,2881.29,5937.84,0.0,0.0,Built-up,44.69,3.11,27.34,24.03,0.83,0,0.0,Unknown,0,187.88,273.07,273.07,365.51,578.34
cell_02116,80.1825,12.9025,299975.7995024372,3.0,14.0,7.99,0.0,6.41,2.32,0.0,0.0,0.0,2050.39,2978.37,5391.16,0.0,0.0,Built-up,46.49,0.62,21.01,30.62,1.27,0,0.0,Unknown,0,187.88,273.07,273.07,365.51,578.34
cell_02117,80.1825,12.9075,299969.9519313713,4.0,17.0,9.62,0.0,6.83,2.21,0.0,0.0,0.0,1860.39,3124.89,4845.91,0.0,0.0,Cropland,34.25,0.0,16.07,44.25,5.42,0,0.0,Unknown,0,187.88,273.07,273.07,365.51,578.34
cell_02118,80.1825,12.9125,299964.1021245672,6.0,17.0,10.82,0.0,8.13,2.46,0.0,0.0,0.0,1664.81,3346.5,4302.63,0.0,0.0,Built-up,56.99,0.0,14.12,28.36,0.53,0,0.0,Unknown,0,187.88,273.07,273.07,365.51,578.34
cell_02119,80.1825,12.9175,299958.2500817199,9.0,20.0,14.34,0.0,8.16,2.59,0.0,0.0,0.0,1295.07,3458.65,3762.18,0.0,0.0,Built-up,60.62,0.03,27.69,11.49,0.16,0,0.0,Unknown,0,187.88,273.07,273.07,365.51,578.34
cell_02120,80.1825,12.9225,299952.39580303093,10.0,24.0,17.66,0.0,7.26,2.57,0.0,0.0,0.0,1089.08,3640.33,3225.97,0.0,0.0,Vegetation,38.15,0.0,58.99,2.31,0.55,0,0.0,Unknown,0,187.88,273.07,273.07,365.51,578.34
cell_02121,80.1825,12.9275,299946.5392880854,6.0,22.0,13.57,0.0,8.83,2.7,0.0,0.0,0.0,1128.97,3892.72,2696.55,0.0,0.0,Vegetation,17.75,18.48,54.91,8.73,0.13,0,0.0,Unknown,0,187.88,273.07,273.07,365.51,578.34
cell_02122,80.1825,12.9325,299940.68053714716,5.0,20.0,13.89,0.0,7.26,2.48,0.0,0.0,0.0,1186.92,4203.11,2178.87,0.0,0.0,Built-up,76.46,7.76,12.01,3.7,0.06,0,0.0,Unknown,0,187.88,273.07,273.07,365.51,578.34
cell_02123,80.1825,12.9375,299934.8195506546,8.0,16.0,12.34,0.0,6.03,2.01,0.0,0.0,0.0,1183.37,4015.31,1683.79,0.0,0.0,Built-up,96.49,0.0,3.31,0.0,0.19,0,0.0,Unknown,0,187.88,273.07,273.07,365.51,578.34
cell_02124,80.1825,12.9425,299928.956328161,2.0,16.0,9.06,0.0,7.39,2.34,0.0,0.0,0.0,1407.82,3895.59,1238.7,0.0,0.0,Built-up,74.21,0.0,10.91,14.45,0.43,0,0.0,Unknown,0,187.88,273.07,273.07,365.51,578.34
cell_02125,80.1825,12.9475,299923.09086985094,3.0,10.0,6.91,0.0,6.03,2.09,0.0,0.0,0.0,1359.48,3841.12,919.34,0.0,0.0,Built-up,81.79,4.48,9.38,2.14,2.21,0,0.0,Unknown,0,187.88,273.07,273.07,365.51,578.34
cell_02126,80.1825,12.9525,299917.22317570454,0.0,11.0,5.86,0.0,6.19,1.92,0.0,0.0,0.0,911.2,3835.19,860.84,0.0,0.0,Built-up,83.44,0.03,7.4,8.8,0.32,0,0.0,Unknown,0,187.88,273.07,273.07,365.51,578.34
cell_02127,80.1825,12.9575,299911.35324592306,6.0,17.0,11.05,0.0,8.13,2.35,0.0,0.0,0.0,650.24,3698.92,560.27,0.0,0.0,Built-up,82.61,0.07,15.04,1.59,0.69,0,0.0,Unknown,0,187.88,273.07,273.07,365.51,578.34
cell_02128,80.1825,12.9625,299905.4810802651,7.0,16.0,11.16,0.0,4.86,1.96,0.0,0.0,0.0,707.86,3629.84,705.93,0.0,0.0,Built-up,43.93,10.62,17.44,27.99,0.03,0,0.0,Unknown,0,187.88,273.07,273.07,365.51,578.34
cell_02129,80.1825,12.9675,299899.60667908937,7.0,34.0,16.14,0.0,19.1,3.08,2502.71,0.008345,17.0,180.96,3644.32,1137.7,0.0,0.0,Built-up,73.41,8.86,12.82,4.84,0.06,0,0.0,Unknown,0,187.88,273.07,273.07,365.51,578.34
cell_02130,80.1825,12.9725,299893.7300421711,8.0,23.0,17.66,0.0,13.7,2.2,15990.99,0.053322,92.0,250.81,3281.09,974.37,0.0,0.0,Built-up,91.9,1.62,6.05,0.2,0.23,0,0.0,Unknown,0,187.88,273.07,273.07,365.51,578.34
cell_02131,80.1825,12.9775,299887.8511696318,11.0,22.0,16.79,0.0,6.03,2.06,16471.14,0.054924,92.0,737.41,2737.33,974.47,0.0,0.0,Built-up,97.76,0.0,2.14,0.0,0.1,0,0.0,Unknown,0,187.88,273.07,273.07,365.51,578.34
cell_02132,80.1825,12.9825,299881.97006148245,11.0,22.0,15.26,0.0,6.16,2.11,14668.7,0.048915,62.0,555.78,2198.19,1233.52,0.0,0.0,Built-up,90.68,0.0,7.6,1.27,0.45,0,0.0,Unknown,0,187.88,273.07,273.07,365.51,578.34
cell_02133,80.1825,12.9875,299876.0867180351,11.0,22.0,16.07,0.0,7.26,2.21,7423.86,0.024756,26.0,613.88,1668.12,1493.26,0.0,0.0,Built-up,72.46,0.0,24.2,2.55,0.79,1,0.0,Unknown,1,187.88,273.07,273.07,365.51,578.34
cell_02134,80.1825,12.9925,299870.20113878045,7.0,20.0,14.78,0.0,9.66,2.86,0.0,0.0,0.0,1000.24,1159.67,1301.1,0.0,0.0,Built-up,53.54,0.0,43.73,2.56,0.16,0,0.0,Unknown,0,187.88,273.07,273.07,365.51,578.34
cell_02135,80.1825,12.9975,299864.31332396605,5.0,24.0,15.13,0.0,9.52,3.25,0.0,0.0,0.0,672.98,717.09,1159.69,0.0,0.0,Vegetation,26.07,0.0,66.75,7.18,0.0,0,0.0,Unknown,0,187.88,273.07,273.07,365.51,578.34
cell_02136,80.1825,13.0025,299858.4232740935,6.0,25.0,16.48,0.0,7.79,2.6,0.0,0.0,0.0,290.42,391.93,1267.85,0.0,0.0,Vegetation,18.81,0.07,75.01,1.39,4.73,0,0.0,Unknown,0,187.88,273.07,273.07,365.51,578.34
cell_02137,80.1825,13.0075,299852.53098876297,3.0,20.0,10.54,0.0,6.41,2.33,414.97,0.001384,4.0,152.67,180.75,1403.14,546.09,0.001821,Vegetation,20.75,2.11,70.94,5.78,0.42,0,0.0,Unknown,0,187.88,273.07,273.07,365.51,578.34
cell_02138,80.1825,13.0125,299846.63646779675,1.0,17.0,8.58,0.0,9.2,2.82,9693.35,0.032328,66.0,5.43,43.86,897.25,563.06,0.001878,Vegetation,37.69,3.64,52.66,5.97,0.03,0,0.0,Unknown,0,187.88,273.07,273.07,365.51,578.34
cell_02139,80.1825,13.0175,299840.73971175903,1.0,17.0,8.53,0.0,6.91,2.75,4819.03,0.016072,13.0,0.0,21.18,377.19,578.69,0.00193,Vegetation,34.45,6.18,48.96,9.65,0.76,0,5.0,Unknown,1,187.88,273.07,273.07,365.51,578.34
cell_02140,80.1825,13.0225,299834.84072012425,6.0,15.0,11.84,0.0,7.7,2.36,5973.86,0.019924,34.0,449.68,495.57,20.99,1368.3,0.004564,Built-up,62.53,0.0,35.49,1.72,0.26,0,0.0,Unknown,0,187.88,273.07,273.07,365.51,578.34
cell_02141,80.1825,13.0275,299828.93949334545,9.0,19.0,13.08,0.0,6.91,2.23,10967.64,0.03658,60.0,498.12,890.94,314.35,0.0,0.0,Built-up,90.45,0.0,8.05,1.3,0.19,0,0.0,Unknown,0,187.88,273.07,273.07,365.51,578.34
cell_02142,80.1825,13.0325,299823.0360314193,9.0,24.0,14.47,0.0,12.27,3.11,12578.89,0.041954,83.0,6.7,1229.07,855.53,0.0,0.0,Built-up,89.95,0.17,6.91,2.12,0.86,2,0.0,Unknown,1,187.88,273.07,273.07,365.51,578.34
cell_02143,80.1825,13.0375,299817.1303344675,10.0,21.0,15.64,0.0,6.91,2.29,15158.93,0.050561,95.0,479.78,1629.0,1405.93,0.0,0.0,Built-up,88.15,0.0,11.75,0.0,0.1,0,0.0,Unknown,0,187.88,273.07,273.07,365.51,578.34
cell_02144,80.1825,13.0425,299811.22240201215,11.0,20.0,16.83,0.0,4.98,2.02,12548.17,0.041854,85.0,462.81,2044.31,1350.33,0.0,0.0,Built-up,86.07,0.0,13.73,0.0,0.19,2,0.0,Unknown,1,187.88,273.07,273.07,365.51,578.34
cell_02145,80.1825,13.0475,299805.3122345697,12.0,19.0,16.16,0.0,5.25,1.85,14587.43,0.048656,69.0,787.5,2354.73,846.98,0.0,0.0,Built-up,90.08,0.0,9.75,0.0,0.17,2,0.0,Unknown,1,187.88,273.07,273.07,365.51,578.34
cell_02146,80.1825,13.0525,299799.39983211947,8.0,18.0,13.72,0.0,6.51,2.0,17970.02,0.05994,95.0,777.13,1876.05,472.16,0.0,0.0,Built-up,98.64,0.0,1.01,0.0,0.36,3,0.0,Unknown,1,187.88,273.07,273.07,365.51,578.34
cell_02147,80.1825,13.0575,299793.48519434175,7.0,16.0,11.79,0.0,5.25,1.81,19079.5,0.063642,129.0,836.28,1443.52,316.98,0.0,0.0,Built-up,98.08,0.0,0.68,0.23,1.01,0,0.0,Unknown,0,187.88,273.07,273.07,365.51,578.34
cell_02148,80.1825,13.0625,299787.568321958,7.0,17.0,11.47,0.0,6.65,1.89,20811.85,0.069422,129.0,975.89,1052.7,538.74,0.0,0.0,Built-up,99.11,0.0,0.66,0.0,0.23,3,0.0,Unknown,1,187.88,273.07,273.07,365.51,578.34
cell_02149,80.1825,13.0675,299781.64921425463,9.0,18.0,13.55,0.0,5.15,1.95,13761.89,0.045906,74.0,443.83,503.01,504.2,0.0,0.0,Built-up,91.27,0.0,7.63,0.29,0.81,1,0.0,Unknown,1,187.88,273.07,273.07,365.51,578.34
cell_02150,80.1825,13.0725,299775.72787158977,4.0,16.0,10.47,0.0,7.84,2.36,10893.34,0.036338,61.0,0.0,46.48,107.3,836.48,0.00279,Built-up,70.49,0.0,22.01,6.79,0.71,0,0.0,Unknown,0,187.88,273.07,273.07,365.51,578.34
cell_02151,80.1825,13.0775,299769.80429438467,5.0,17.0,11.11,0.0,8.59,2.37,12812.78,0.042742,77.0,548.58,595.97,511.28,0.0,0.0,Built-up,95.64,0.0,4.07,0.0,0.3,1,0.0,Unknown,1,187.88,273.07,273.07,365.51,578.34
cell_02152,80.1825,13.0825,299763.87848195666,10.0,19.0,15.16,0.0,6.16,1.92,18583.56,0.061994,136.0,809.56,1145.46,769.78,0.0,0.0,Built-up,90.71,0.0,7.4,0.0,1.88,2,0.0,Unknown,1,187.88,273.07,273.07,365.51,578.34
cell_02153,80.1825,13.0875,299757.95043466444,10.0,22.0,16.5,0.0,6.93,2.36,13514.86,0.045086,66.0,604.49,1509.96,963.46,0.0,0.0,Built-up,84.86,0.0,14.71,0.0,0.43,1,0.0,Unknown,1,187.88,273.07,273.07,365.51,578.34
cell_02154,80.1825,13.0925,299752.02015288273,11.0,19.0,15.52,0.0,5.59,1.99,15562.26,0.051917,105.0,617.97,1923.13,978.63,0.0,0.0,Built-up,94.48,0.0,4.77,0.0,0.75,0,0.0,Unknown,0,187.88,273.07,273.07,365.51,578.34
cell_02155,80.1825,13.0975,299746.0876360072,12.0,21.0,16.35,0.0,6.15,2.04,12690.05,0.042336,84.0,496.28,2384.09,1029.68,0.0,0.0,Built-up,90.03,0.0,9.19,0.0,0.78,0,0.0,Unknown,0,187.88,273.07,273.07,365.51,578.34
cell_02156,80.1825,13.1025,299740.15288439626,11.0,19.0,15.64,0.0,5.46,1.97,13686.37,0.045661,97.0,0.0,2877.67,597.09,0.0,0.0,Built-up,81.59,0.0,17.52,0.0,0.89,0,0.0,Unknown,0,187.88,273.07,273.07,365.51,578.34
cell_02157,80.1825,13.1075,299734.2158983297,12.0,23.0,17.59,0.0,6.16,2.16,14436.1,0.048163,70.0,293.01,2831.11,297.87,23.56,7.9e-05,Built-up,82.27,0.0,17.5,0.0,0.23,12,0.0,Unknown,1,187.88,273.07,273.07,365.51,578.34
cell_02158,80.1825,13.1125,299728.2766773455,7.0,20.0,15.89,0.0,11.31,2.29,15068.52,0.050274,83.0,370.3,2303.52,252.83,521.31,0.001739,Built-up,91.49,0.0,8.28,0.0,0.23,0,0.0,Unknown,0,187.88,273.07,273.07,365.51,578.34
cell_02159,80.1825,13.1175,299722.33522200794,9.0,21.0,12.92,0.0,5.25,2.11,2942.03,0.009816,19.0,0.0,1791.32,245.12,308.5,0.001029,Cropland,17.42,0.03,23.83,58.41,0.3,0,0.0,Unknown,0,187.88,273.07,273.07,365.51,578.34
cell_02160,80.1825,13.1225,299716.3915316499,8.0,17.0,11.69,0.0,5.79,2.09,0.0,0.0,0.0,0.0,1312.64,97.15,552.33,0.001843,Cropland,0.0,2.63,19.22,78.15,0.0,0,0.0,Unknown,0,187.88,273.07,273.07,365.51,578.34
cell_02161,80.1825,13.1275,299710.44560705504,9.0,18.0,12.37,0.0,6.65,2.08,7950.98,0.026529,54.0,65.19,921.32,491.67,0.0,0.0,Vegetation,26.79,0.0,41.53,30.97,0.71,0,0.0,Unknown,0,187.88,273.07,273.07,365.51,578.34
cell_02162,80.1825,13.1325,299704.4974478728,9.0,23.0,15.65,0.0,8.02,2.06,10690.68,0.035671,59.0,192.74,765.65,765.65,0.0,0.0,Built-up,41.39,0.17,27.47,22.31,8.66,0,0.0,Unknown,0,187.88,273.07,273.07,365.51,578.34
cell_02163,80.1825,13.1375,299698.5470542245,11.0,21.0,14.51,0.0,6.03,1.99,9101.49,0.030369,29.0,210.26,932.79,585.63,0.0,0.0,Built-up,45.03,0.0,32.53,20.03,2.4,0,0.0,Unknown,0,187.88,273.07,273.07,365.51,578.34
cell_02164,80.1825,13.1425,299692.59442591685,12.0,25.0,17.71,0.0,5.86,2.06,14228.12,0.047476,91.0,157.97,1320.32,662.56,0.0,0.0,Built-up,76.72,4.61,15.84,1.17,1.66,1,0.0,Unknown,1,187.88,273.07,273.07,365.51,578.34
cell_02165,80.1825,13.1475,299686.6395636388,7.0,19.0,13.58,0.0,12.57,2.47,5466.64,0.018241,48.0,18.31,1663.58,1070.79,0.0,0.0,Water,17.65,44.2,30.68,6.71,0.76,0,0.0,Unknown,0,187.88,273.07,273.07,365.51,578.34
cell_02166,80.1825,13.1525,299680.68246625096,9.0,19.0,9.11,0.0,9.89,0.24,0.0,0.0,0.0,0.0,1904.89,1270.53,0.0,0.0,Water,0.0,100.0,0.0,0.0,0.0,0,0.0,Unknown,0,187.88,273.07,273.07,365.51,578.34
cell_02167,80.1825,13.1575,299674.7231351377,9.0,9.0,9.0,0.0,0.0,0.0,0.0,0.0,0.0,0.0,2256.53,1521.78,0.0,0.0,Water,0.0,99.71,0.29,0.0,0.0,0,0.0,Unknown,0,187.88,273.07,273.07,365.51,578.34
cell_02168,80.1825,13.1625,299668.7615693636,9.0,9.0,9.0,0.0,0.0,0.0,0.0,0.0,0.0,0.0,2677.09,1904.98,0.0,0.0,Water,0.0,99.97,0.03,0.0,0.0,0,0.0,Unknown,0,187.88,273.07,273.07,365.51,578.34
cell_02169,80.1825,13.1675,299662.7977695694,9.0,9.0,9.0,0.0,0.98,0.01,0.0,0.0,0.0,0.0,3139.0,2138.24,0.0,0.0,Water,0.0,99.94,0.06,0.0,0.0,0,0.0,Unknown,0,187.88,273.07,273.07,365.51,578.34
cell_02170,80.1825,13.1725,299656.8317352791,9.0,9.0,9.0,0.0,0.0,0.0,0.0,0.0,0.0,0.0,3626.49,1622.75,0.0,0.0,Water,0.0,100.0,0.0,0.0,0.0,0,0.0,Unknown,0,187.88,273.07,273.07,365.51,578.34
cell_02171,80.1825,13.1775,299650.86346678867,9.0,9.0,9.0,0.0,0.0,0.0,0.0,0.0,0.0,0.0,4130.52,1134.65,0.0,0.0,Water,0.0,100.0,0.0,0.0,0.0,0,0.0,Unknown,0,187.88,273.07,273.07,365.51,578.34
cell_02172,80.1825,13.1825,299644.89296434534,9.0,9.0,9.0,0.0,0.0,0.0,0.0,0.0,0.0,0.0,4645.69,743.73,0.0,0.0,Water,0.0,99.87,0.13,0.0,0.0,0,0.0,Unknown,0,187.88,273.07,273.07,365.51,578.34
cell_02173,80.1825,13.1875,299638.9202277387,9.0,25.0,13.91,0.0,11.02,2.31,0.0,0.0,0.0,0.0,5168.69,647.21,0.0,0.0,Water,26.04,57.6,16.23,0.0,0.13,0,0.0,Unknown,0,187.88,273.07,273.07,365.51,578.34
cell_02174,80.1825,13.1925,299632.9452567923,14.0,22.0,18.27,0.0,5.15,1.98,0.0,0.0,0.0,334.31,5697.36,909.98,0.0,0.0,Built-up,87.14,0.17,9.59,0.36,2.74,0,0.0,Unknown,0,187.88,273.07,273.07,365.51,578.34
cell_02175,80.1825,13.1975,299626.968051865,14.0,22.0,18.03,0.0,6.16,2.16,0.0,0.0,0.0,493.57,6230.25,1359.36,0.0,0.0,Built-up,46.75,0.0,26.1,25.29,1.85,0,0.0,Unknown,0,187.88,273.07,273.07,365.51,578.34
cell_02176,80.1825,13.2025,299620.9886128875,10.0,23.0,16.91,0.0,6.83,2.74,0.0,0.0,0.0,924.56,6766.37,1854.6,0.0,0.0,Cropland,32.53,0.0,22.63,44.64,0.19,0,0.0,Unknown,0,187.88,273.07,273.07,365.51,578.34
cell_02177,80.1825,13.2075,299615.0069401725,7.0,16.0,11.06,0.0,7.26,2.14,0.0,0.0,0.0,1438.21,7305.0,2375.0,0.0,0.0,Cropland,7.04,0.0,17.49,75.47,0.0,0,0.0,Unknown,0,187.88,273.07,273.07,365.51,578.34
cell_02178,80.1825,13.2125,299609.0230331318,7.0,17.0,10.96,0.0,7.79,2.32,0.0,0.0,0.0,1973.24,7845.64,2907.45,0.0,0.0,Vegetation,0.0,0.0,51.95,48.05,0.0,0,0.0,Unknown,0,187.88,273.07,273.07,365.51,578.34
cell_02179,80.1825,13.2175,299603.0368921702,6.0,16.0,11.37,0.0,6.19,2.42,0.0,0.0,0.0,2516.05,8387.88,3446.38,0.0,0.0,Vegetation,15.39,0.0,48.99,35.62,0.0,0,0.0,Unknown,0,187.88,273.07,273.07,365.51,578.34
cell_02180,80.1825,13.2225,299597.0485176627,7.0,18.0,11.96,0.0,6.93,2.06,0.0,0.0,0.0,3062.51,8357.03,3989.16,0.0,0.0,Cropland,4.66,0.0,27.21,67.54,0.6,0,0.0,Unknown,0,187.88,273.07,273.07,365.51,578.34
cell_02181,80.1825,13.2275,299591.0579090524,9.0,21.0,13.38,0.0,7.59,2.53,0.0,0.0,0.0,3610.96,8183.7,4534.41,0.0,0.0,Vegetation,0.0,0.0,65.42,34.58,0.0,0,0.0,Unknown,0,187.88,273.07,273.07,365.51,578.34
cell_02182,80.1825,13.2325,299585.0650665245,10.0,18.0,13.83,0.0,4.98,1.95,0.0,0.0,0.0,4160.61,8044.71,5081.33,0.0,0.0,Cropland,0.71,0.0,41.4,57.53,0.36,0,0.0,Unknown,0,187.88,273.07,273.07,365.51,578.34
cell_02183,80.1825,13.2375,299579.06999050063,10.0,20.0,13.94,0.0,7.7,2.49,0.0,0.0,0.0,4242.21,7941.87,5629.44,0.0,0.0,Cropland,19.21,0.0,27.83,52.2,0.76,0,0.0,Unknown,0,187.88,273.07,273.07,365.51,578.34
cell_02184,80.1825,13.2425,299573.07268042385,8.0,20.0,14.59,0.0,8.29,2.35,0.0,0.0,0.0,3731.03,7876.61,6178.42,0.0,0.0,Cropland,10.55,0.0,24.03,57.92,7.5,0,0.0,Unknown,0,187.88,273.07,273.07,365.51,578.34
cell_02185,80.1825,13.2475,299567.0731369843,10.0,21.0,15.16,0.0,6.93,2.31,0.0,0.0,0.0,3230.58,7849.86,6728.06,0.0,0.0,Cropland,2.82,0.0,40.16,57.01,0.0,0,0.0,Unknown,0,187.88,273.07,273.07,365.51,578.34
cell_02186,80.1825,13.2525,299561.0713592628,0.0,0.0,0.0,0.0,0.0,0.0,0.0,0.0,0.0,2731.46,7862.0,7278.21,0.0,0.0,Unknown,0.0,0.0,0.0,0.0,0.0,0,0.0,Unknown,0,187.88,273.07,273.07,365.51,578.34
cell_02187,80.1875,12.8525,300033.43962581886,4.0,20.0,10.82,0.0,8.02,2.94,0.0,0.0,0.0,3148.4,2828.59,5140.66,0.0,0.0,Vegetation,31.36,0.0,36.43,31.85,0.36,0,0.0,Unknown,0,187.88,273.07,273.07,365.51,578.34
cell_02188,80.1875,12.8575,300027.6144599367,3.0,23.0,9.47,0.0,15.19,2.81,0.0,0.0,0.0,3041.45,2354.82,5159.38,0.0,0.0,Cropland,19.77,3.09,33.93,43.21,0.0,0,0.0,Unknown,0,187.88,273.07,273.07,365.51,578.34
cell_02189,80.1875,12.8625,300021.78705768904,3.0,36.0,9.22,0.0,20.22,3.75,0.0,0.0,0.0,3028.13,1923.8,5236.74,0.0,0.0,Vegetation,6.51,4.78,54.05,34.66,0.0,0,0.0,Unknown,0,187.88,273.07,273.07,365.51,578.34
cell_02190,80.1875,12.8675,300015.95741913543,2.0,13.0,5.82,0.0,8.52,1.83,0.0,0.0,0.0,3102.87,1571.12,5370.22,0.0,0.0,Cropland,0.23,0.0,8.8,90.97,0.0,0,0.0,Unknown,0,187.88,273.07,273.07,365.51,578.34
cell_02191,80.1875,12.8725,300010.12554415973,2.0,10.0,4.75,0.0,5.46,1.51,0.0,0.0,0.0,3270.72,1359.18,5523.51,0.0,0.0,Cropland,0.13,1.98,45.92,51.98,0.0,0,0.0,Unknown,0,187.88,273.07,273.07,365.51,578.34
cell_02192,80.1875,12.8775,300004.2914329164,1.0,8.0,4.82,0.0,6.93,1.62,0.0,0.0,0.0,3407.22,1355.7,5647.67,0.0,0.0,Vegetation,34.34,0.0,50.51,15.15,0.0,0,0.0,Unknown,0,187.88,273.07,273.07,365.51,578.34
cell_02193,80.1875,12.8825,299998.45508536894,3.0,14.0,7.93,0.0,4.86,2.06,0.0,0.0,0.0,3178.99,1562.05,5715.42,0.0,0.0,Vegetation,43.8,0.0,45.65,10.23,0.32,0,0.0,Unknown,0,187.88,273.07,273.07,365.51,578.34
cell_02194,80.1875,12.8875,299992.6165018288,7.0,15.0,11.26,0.0,4.86,2.01,0.0,0.0,0.0,2858.54,1911.46,5638.53,0.0,0.0,Built-up,66.93,0.0,30.61,1.72,0.73,0,0.0,Unknown,0,187.88,273.07,273.07,365.51,578.34
cell_02195,80.1875,12.8925,299986.7756819608,3.0,13.0,7.94,0.0,6.19,2.11,0.0,0.0,0.0,2390.37,2340.71,5568.6,0.0,0.0,Built-up,64.54,13.68,15.59,6.19,0.0,0,0.0,Unknown,0,187.88,273.07,273.07,365.51,578.34
cell_02196,80.1875,12.8975,299980.93262560235,-2.0,11.0,5.58,0.0,8.59,1.64,0.0,0.0,0.0,1952.43,2341.17,5546.6,0.0,0.0,Water,4.71,81.46,8.51,5.32,0.0,0,0.0,Unknown,0,187.88,273.07,273.07,365.51,578.34
cell_02197,80.1875,12.9025,299975.0873339021,3.0,11.0,6.57,0.0,5.25,1.73,0.0,0.0,0.0,1582.16,2452.31,5332.45,0.0,0.0,Vegetation,32.68,3.79,34.22,29.02,0.29,0,0.0,Unknown,0,187.88,273.07,273.07,365.51,578.34
cell_02198,80.1875,12.9075,299969.2398053702,6.0,14.0,10.36,0.0,5.66,2.07,0.0,0.0,0.0,1343.75,2618.16,4780.51,0.0,0.0,Vegetation,31.73,0.0,34.18,31.12,2.97,0,0.0,Unknown,0,187.88,273.07,273.07,365.51,578.34
cell_02199,80.1875,12.9125,299963.3900410293,7.0,18.0,12.26,0.0,8.23,2.35,0.0,0.0,0.0,1251.78,2820.0,4228.83,0.0,0.0,Built-up,86.27,0.0,9.97,3.47,0.29,0,0.0,Unknown,0,187.88,273.07,273.07,365.51,578.34
cell_02200,80.1875,12.9175,299957.53804089205,10.0,24.0,17.11,0.0,6.15,2.17,0.0,0.0,0.0,893.63,2937.79,3677.56,0.0,0.0,Built-up,93.24,0.0,4.08,2.46,0.22,0,0.0,Unknown,0,187.88,273.07,273.07,365.51,578.34
cell_02201,80.1875,12.9225,299951.6838046846,9.0,24.0,16.34,0.0,8.52,2.46,0.0,0.0,0.0,561.94,3149.66,3126.88,0.0,0.0,Built-up,96.81,0.0,2.9,0.29,0.0,0,0.0,Unknown,0,187.88,273.07,273.07,365.51,578.34
cell_02202,80.1875,12.9275,299945.8273324026,4.0,16.0,10.5,0.0,6.03,2.19,0.0,0.0,0.0,637.74,3438.27,2577.18,0.0,0.0,Built-up,43.7,25.19,20.78,10.06,0.26,0,0.0,Unknown,0,187.88,273.07,273.07,365.51,578.34
cell_02203,80.1875,12.9325,299939.96862404235,2.0,18.0,10.26,0.0,12.18,3.04,0.0,0.0,0.0,664.3,3714.38,2029.28,0.0,0.0,Built-up,40.69,34.69,18.02,5.52,1.08,0,0.0,Unknown,0,187.88,273.07,273.07,365.51,578.34
cell_02204,80.1875,12.9375,299934.1076801826,6.0,16.0,12.06,0.0,5.94,1.86,0.0,0.0,0.0,665.11,3498.29,1485.14,0.0,0.0,Built-up,91.29,0.0,2.65,5.93,0.13,0,0.0,Unknown,0,187.88,273.07,273.07,365.51,578.34
cell_02205,80.1875,12.9425,299928.2445003621,2.0,15.0,7.99,0.0,7.39,2.36,0.0,0.0,0.0,986.32,3360.21,951.26,0.0,0.0,Built-up,56.14,0.0,24.84,17.92,1.1,0,0.0,Unknown,0,187.88,273.07,273.07,365.51,578.34
cell_02206,80.1875,12.9475,299922.3790846398,-2.0,8.0,5.0,0.0,9.52,1.8,0.0,0.0,0.0,1180.0,3300.23,464.45,0.0,0.0,Built-up,67.09,0.0,22.9,8.39,1.63,0,0.0,Unknown,0,187.88,273.07,273.07,365.51,578.34
cell_02207,80.1875,12.9525,299916.511433279,2.0,10.0,5.62,0.0,5.79,1.92,0.0,0.0,0.0,643.88,3302.46,371.64,0.0,0.0,Built-up,81.73,0.0,13.93,3.86,0.48,0,0.0,Unknown,0,187.88,273.07,273.07,365.51,578.34
cell_02208,80.1875,12.9575,299910.64154607063,6.0,12.0,9.56,0.0,5.15,1.51,1020.91,0.003404,9.0,136.92,3169.19,109.4,95.25,0.000318,Built-up,92.05,0.88,5.29,1.43,0.36,0,0.0,Unknown,0,187.88,273.07,273.07,365.51,578.34
cell_02209,80.1875,12.9625,299904.76942324726,6.0,15.0,11.07,0.0,6.19,1.6,449.72,0.0015,1.0,343.98,3088.3,443.32,0.0,0.0,Built-up,98.34,0.0,1.34,0.06,0.26,0,0.0,Unknown,0,187.88,273.07,273.07,365.51,578.34
cell_02210,80.1875,12.9675,299898.89506466215,10.0,18.0,14.06,0.0,6.16,2.05,916.32,0.003055,6.0,248.48,3105.31,917.06,0.0,0.0,Built-up,95.92,0.99,2.87,0.0,0.22,0,0.0,Unknown,0,187.88,273.07,273.07,365.51,578.34
cell_02211,80.1875,12.9725,299893.01847062685,11.0,21.0,14.55,0.0,5.46,2.12,14546.28,0.048505,78.0,326.3,3218.68,479.54,0.0,0.0,Built-up,97.27,0.0,2.73,0.0,0.0,0,0.0,Unknown,0,187.88,273.07,273.07,365.51,578.34
cell_02212,80.1875,12.9775,299887.13964071096,8.0,18.0,13.95,0.0,6.81,2.29,15990.25,0.053321,95.0,722.52,2894.53,469.12,0.0,0.0,Built-up,95.34,0.0,4.21,0.35,0.1,2,0.0,Unknown,1,187.88,273.07,273.07,365.51,578.34
cell_02213,80.1875,12.9825,299881.2585754309,6.0,18.0,13.36,0.0,6.16,2.11,12894.17,0.042998,59.0,169.62,2391.09,782.61,0.0,0.0,Built-up,89.48,1.02,7.43,1.72,0.35,3,0.0,Unknown,1,187.88,273.07,273.07,365.51,578.34
cell_02214,80.1875,12.9875,299875.3752746557,11.0,18.0,14.24,0.0,6.19,1.97,13999.9,0.046686,91.0,287.39,1915.18,981.64,0.0,0.0,Built-up,96.17,0.0,3.05,0.13,0.65,0,35.0,Unknown,1,187.88,273.07,273.07,365.51,578.34
cell_02215,80.1875,12.9925,299869.4897383023,8.0,19.0,13.25,0.0,7.79,2.43,1273.39,0.004246,6.0,840.37,1491.56,933.57,0.0,0.0,Built-up,75.57,0.0,20.44,3.32,0.67,1,0.0,Unknown,1,187.88,273.07,273.07,365.51,578.34
cell_02216,80.1875,12.9975,299863.6019663035,10.0,23.0,16.1,0.0,7.66,2.86,0.0,0.0,0.0,1064.53,1140.98,986.13,0.0,0.0,Vegetation,23.79,0.0,63.36,11.13,1.72,0,0.0,Unknown,0,187.88,273.07,273.07,365.51,578.34
cell_02217,80.1875,13.0025,299857.7119591285,19.0,44.0,25.11,0.0,18.5,3.49,0.0,0.0,0.0,771.96,861.34,1225.35,0.0,0.0,Vegetation,32.95,0.0,66.27,0.42,0.36,0,0.0,Unknown,0,187.88,273.07,273.07,365.51,578.34
cell_02218,80.1875,13.0075,299851.8197168353,8.0,53.0,21.63,0.0,20.36,5.04,199.31,0.000665,1.0,679.4,704.62,1607.84,0.0,0.0,Vegetation,13.3,0.83,85.11,0.77,0.0,0,0.0,Unknown,0,187.88,273.07,273.07,365.51,578.34
cell_02219,80.1875,13.0125,299845.92523844214,1.0,18.0,11.58,0.0,10.21,2.67,4424.31,0.014755,23.0,540.06,583.56,1071.86,0.0,0.0,Vegetation,38.11,0.0,50.03,5.99,5.87,0,0.0,Unknown,0,187.88,273.07,273.07,365.51,578.34
cell_02220,80.1875,13.0175,299840.02852530236,0.0,18.0,11.15,0.0,11.93,2.6,4102.2,0.013681,11.0,191.25,235.08,518.88,277.61,0.000926,Vegetation,23.83,3.93,68.83,2.08,1.33,0,5.0,Unknown,1,187.88,273.07,273.07,365.51,578.34
cell_02221,80.1875,13.0225,299834.12957679416,0.0,18.0,9.05,0.0,11.64,3.69,3639.62,0.012139,23.0,104.42,137.62,27.85,1120.58,0.003737,Vegetation,46.36,3.57,47.16,2.61,0.29,0,0.0,Unknown,0,187.88,273.07,273.07,365.51,578.34
cell_02222,80.1875,13.0275,299828.2283928201,6.0,20.0,13.43,0.0,7.66,2.63,13457.43,0.044884,76.0,422.69,460.35,421.86,0.0,0.0,Built-up,76.82,0.0,19.71,3.16,0.32,1,0.0,Unknown,1,187.88,273.07,273.07,365.51,578.34
cell_02223,80.1875,13.0325,299822.32497370726,9.0,17.0,13.63,0.0,5.66,1.95,15856.04,0.052885,100.0,450.55,855.36,935.3,0.0,0.0,Built-up,97.95,0.0,1.92,0.0,0.13,3,0.0,Unknown,1,187.88,273.07,273.07,365.51,578.34
cell_02224,80.1875,13.0375,299816.4193197659,11.0,20.0,15.15,0.0,5.86,1.72,16507.95,0.05506,116.0,661.06,1276.34,1277.94,0.0,0.0,Built-up,96.78,0.0,2.84,0.0,0.38,2,0.0,Unknown,1,187.88,273.07,273.07,365.51,578.34
cell_02225,80.1875,13.0425,299810.5114301242,12.0,19.0,16.04,0.0,5.25,1.97,8505.01,0.028368,45.0,1000.14,1757.99,1280.59,0.0,0.0,Built-up,69.42,0.0,28.83,1.75,0.0,0,0.0,Unknown,0,187.88,273.07,273.07,365.51,578.34
cell_02226,80.1875,13.0475,299804.6013056781,12.0,20.0,15.92,0.0,4.98,1.69,14148.45,0.047192,83.0,886.6,2272.35,730.69,0.0,0.0,Built-up,95.29,0.0,4.64,0.0,0.06,2,0.0,Unknown,1,187.88,273.07,273.07,365.51,578.34
cell_02227,80.1875,13.0525,299798.688946233,10.0,19.0,13.66,0.0,4.84,1.58,19469.27,0.064941,114.0,789.57,2212.36,198.67,107.88,0.00036,Built-up,97.32,0.0,2.39,0.0,0.29,1,0.0,Unknown,1,187.88,273.07,273.07,365.51,578.34
cell_02228,80.1875,13.0575,299792.7743514535,6.0,16.0,10.76,0.0,6.89,2.08,9453.84,0.031535,58.0,934.01,1662.87,11.78,1168.3,0.003897,Built-up,75.8,0.0,9.57,0.06,14.57,1,0.0,Unknown,1,187.88,273.07,273.07,365.51,578.34
cell_02229,80.1875,13.0625,299786.8575222658,8.0,15.0,11.54,0.0,4.1,1.71,14174.32,0.047281,96.0,1041.61,1113.39,354.79,15.88,5.3e-05,Built-up,77.66,0.0,17.34,4.97,0.03,1,0.0,Unknown,1,187.88,273.07,273.07,365.51,578.34
cell_02230,80.1875,13.0675,299780.93845729256,9.0,19.0,12.59,0.0,4.84,1.79,7010.6,0.023386,36.0,515.14,564.71,742.7,0.0,0.0,Built-up,76.24,0.0,13.65,8.42,1.69,0,0.0,Unknown,0,187.88,273.07,273.07,365.51,578.34
cell_02231,80.1875,13.0725,299775.01715774596,7.0,16.0,11.8,0.0,6.93,2.0,6201.62,0.020688,32.0,2.84,39.81,635.55,601.11,0.002005,Built-up,65.59,0.1,30.13,3.12,1.05,0,0.0,Unknown,0,187.88,273.07,273.07,365.51,578.34
cell_02232,80.1875,13.0775,299769.0936236357,7.0,18.0,13.04,0.0,6.15,2.16,13789.07,0.045999,76.0,415.06,436.63,334.66,100.29,0.000335,Built-up,87.56,0.0,11.95,0.1,0.39,0,0.0,Unknown,0,187.88,273.07,273.07,365.51,578.34
cell_02233,80.1875,13.0825,299763.16785415396,11.0,17.0,14.8,0.0,5.25,1.65,19691.79,0.065691,140.0,725.28,735.89,249.13,295.96,0.000987,Built-up,95.03,0.0,4.72,0.0,0.26,0,0.0,Unknown,0,187.88,273.07,273.07,365.51,578.34
cell_02234,80.1875,13.0875,299757.2398499752,9.0,30.0,15.76,0.0,17.12,2.59,13923.95,0.046451,73.0,968.58,1157.3,461.65,0.0,0.0,Built-up,89.16,0.0,10.52,0.0,0.32,0,0.0,Unknown,0,187.88,273.07,273.07,365.51,578.34
cell_02235,80.1875,13.0925,299751.3096111571,10.0,19.0,14.84,0.0,7.53,2.24,17417.87,0.058108,94.0,415.8,1647.2,436.74,0.0,0.0,Built-up,87.95,0.0,7.65,0.61,3.79,1,0.0,Unknown,1,187.88,273.07,273.07,365.51,578.34
cell_02236,80.1875,13.0975,299745.37713755335,12.0,20.0,16.24,0.0,6.03,2.12,13779.47,0.045971,79.0,77.63,2167.66,717.12,0.0,0.0,Built-up,96.33,0.0,2.77,0.0,0.89,1,0.0,Unknown,1,187.88,273.07,273.07,365.51,578.34
cell_02237,80.1875,13.1025,299739.4424290805,13.0,22.0,16.94,0.0,6.98,2.13,4376.93,0.014602,17.0,448.27,2701.09,802.51,0.0,0.0,Built-up,61.27,0.0,38.6,0.0,0.13,3,0.0,Unknown,1,187.88,273.07,273.07,365.51,578.34
cell_02238,80.1875,13.1075,299733.5054859876,11.0,23.0,16.56,0.0,8.16,2.54,5550.93,0.01852,25.0,156.61,2734.96,249.52,299.96,0.001001,Built-up,53.83,0.0,45.25,0.16,0.77,4,0.0,Unknown,1,187.88,273.07,273.07,365.51,578.34
cell_02239,80.1875,13.1125,299727.56630830164,11.0,17.0,13.79,0.0,4.89,1.94,11821.68,0.039441,69.0,248.37,2184.28,9.07,582.58,0.001944,Built-up,79.94,0.0,15.11,4.53,0.41,1,0.0,Unknown,1,187.88,273.07,273.07,365.51,578.34
cell_02240,80.1875,13.1175,299721.62489600206,8.0,18.0,13.33,0.0,7.26,2.21,12649.09,0.042203,94.0,59.23,1635.14,529.69,0.0,0.0,Built-up,75.06,1.36,17.6,3.8,2.18,1,0.0,Unknown,1,187.88,273.07,273.07,365.51,578.34
cell_02241,80.1875,13.1225,299715.68124892673,6.0,19.0,12.32,0.0,9.51,3.29,5890.72,0.019654,36.0,86.0,1089.91,282.63,209.08,0.000698,Vegetation,31.86,15.78,39.03,6.98,6.35,0,0.0,Unknown,0,187.88,273.07,273.07,365.51,578.34
cell_02242,80.1875,13.1275,299709.73536743456,6.0,18.0,12.21,0.0,7.84,2.13,2676.21,0.008929,17.0,0.0,560.1,127.63,513.66,0.001714,Vegetation,6.51,12.44,52.39,27.49,1.18,0,0.0,Unknown,0,187.88,273.07,273.07,365.51,578.34
cell_02243,80.1875,13.1325,299703.7872513791,11.0,26.0,17.88,0.0,7.26,2.92,8657.23,0.028886,38.0,211.02,226.09,226.09,275.5,0.000919,Built-up,37.53,0.0,34.84,26.62,1.01,0,0.0,Unknown,0,187.88,273.07,273.07,365.51,578.34
cell_02244,80.1875,13.1375,299697.8369009767,10.0,24.0,16.23,0.0,6.51,2.31,14241.45,0.047519,70.0,353.43,551.53,142.04,59.44,0.000198,Built-up,60.11,0.0,33.67,3.95,2.26,0,0.0,Unknown,0,187.88,273.07,273.07,365.51,578.34
cell_02245,80.1875,13.1425,299691.88431595516,9.0,17.0,13.34,0.0,4.29,1.65,11034.93,0.036821,56.0,214.21,953.02,363.52,0.0,0.0,Built-up,63.17,0.0,32.65,2.84,1.34,1,9.25,Unknown,1,187.88,273.07,273.07,365.51,578.34
cell_02246,80.1875,13.1475,299685.9294968781,9.0,21.0,16.07,0.0,6.93,2.05,6880.1,0.022958,27.0,210.62,1159.94,704.72,0.0,0.0,Built-up,42.21,8.18,36.82,11.17,1.62,0,0.0,Unknown,0,187.88,273.07,273.07,365.51,578.34
cell_02247,80.1875,13.1525,299679.972442826,6.0,26.0,11.33,0.0,20.36,2.45,0.0,0.0,0.0,0.0,1482.3,765.91,0.0,0.0,Water,0.06,85.62,11.45,1.98,0.89,0,0.0,Unknown,0,187.88,273.07,273.07,365.51,578.34
cell_02248,80.1875,13.1575,299674.01315481926,9.0,14.0,9.35,0.0,5.46,0.36,0.0,0.0,0.0,0.0,1913.26,1134.99,0.0,0.0,Water,0.0,100.0,0.0,0.0,0.0,0,0.0,Unknown,0,187.88,273.07,273.07,365.51,578.34
cell_02249,80.1875,13.1625,299668.0516324125,9.0,9.0,9.0,0.0,0.0,0.0,0.0,0.0,0.0,0.0,2394.89,1612.88,0.0,0.0,Water,0.0,100.0,0.0,0.0,0.0,0,0.0,Unknown,0,187.88,273.07,273.07,365.51,578.34
cell_02250,80.1875,13.1675,299662.087875933,9.0,18.0,9.76,0.0,9.36,1.3,0.0,0.0,0.0,0.0,2902.07,1836.99,0.0,0.0,Water,0.0,93.75,6.25,0.0,0.0,0,0.0,Unknown,0,187.88,273.07,273.07,365.51,578.34
cell_02251,80.1875,13.1725,299656.1218850607,9.0,9.0,9.0,0.0,0.0,0.0,0.0,0.0,0.0,0.0,3423.47,1370.77,0.0,0.0,Water,0.0,100.0,0.0,0.0,0.0,0,0.0,Unknown,0,187.88,273.07,273.07,365.51,578.34
cell_02252,80.1875,13.1775,299650.1536598215,9.0,9.0,9.0,0.0,0.0,0.0,0.0,0.0,0.0,0.0,3953.47,945.0,0.0,0.0,Water,0.0,100.0,0.0,0.0,0.0,0,0.0,Unknown,0,187.88,273.07,273.07,365.51,578.34
cell_02253,80.1875,13.1825,299644.1832006697,9.0,9.0,9.0,0.0,0.0,0.0,0.0,0.0,0.0,0.0,4489.01,398.43,0.0,0.0,Water,0.0,100.0,0.0,0.0,0.0,0,0.0,Unknown,0,187.88,273.07,273.07,365.51,578.34
cell_02254,80.1875,13.1875,299638.21050744416,5.0,23.0,14.38,0.0,14.11,2.91,0.0,0.0,0.0,127.74,5028.34,135.85,254.96,0.000851,Built-up,55.99,25.26,13.65,1.75,3.35,0,0.0,Unknown,0,187.88,273.07,273.07,365.51,578.34
cell_02255,80.1875,13.1925,299632.2355799184,8.0,21.0,14.01,0.0,6.72,2.32,0.0,0.0,0.0,657.13,5570.34,630.29,0.0,0.0,Built-up,84.38,0.0,8.08,3.86,3.67,0,0.0,Unknown,0,187.88,273.07,273.07,365.51,578.34
cell_02256,80.1875,13.1975,299626.2584183241,11.0,21.0,16.9,0.0,5.94,1.9,0.0,0.0,0.0,981.85,6114.32,1172.65,0.0,0.0,Built-up,89.06,0.0,8.61,0.7,1.63,0,0.0,Unknown,0,187.88,273.07,273.07,365.51,578.34
cell_02257,80.1875,13.2025,299620.27902291075,6.0,19.0,12.2,0.0,4.98,2.05,0.0,0.0,0.0,1264.42,6659.78,1721.79,0.0,0.0,Cropland,37.5,0.0,20.12,40.66,1.72,0,0.0,Unknown,0,187.88,273.07,273.07,365.51,578.34
cell_02258,80.1875,13.2075,299614.2973933101,7.0,14.0,10.33,0.0,4.98,1.96,0.0,0.0,0.0,1680.21,7206.38,2272.8,0.0,0.0,Cropland,3.15,0.0,18.25,78.6,0.0,0,0.0,Unknown,0,187.88,273.07,273.07,365.51,578.34
cell_02259,80.1875,13.2125,299608.313529881,4.0,14.0,10.93,0.0,6.51,1.93,0.0,0.0,0.0,2156.0,7753.9,2824.58,0.0,0.0,Cropland,0.0,0.0,34.92,64.67,0.41,0,0.0,Unknown,0,187.88,273.07,273.07,365.51,578.34
cell_02260,80.1875,13.2175,299602.3274323041,7.0,15.0,10.78,0.0,6.89,2.05,0.0,0.0,0.0,2661.79,8068.9,3376.51,0.0,0.0,Cropland,7.08,0.0,27.58,64.8,0.54,0,0.0,Unknown,0,187.88,273.07,273.07,365.51,578.34
cell_02261,80.1875,13.2225,299596.3391012837,8.0,21.0,12.6,0.0,10.2,2.59,0.0,0.0,0.0,3183.33,7850.39,3928.47,0.0,0.0,Cropland,8.86,0.0,29.61,61.3,0.23,0,0.0,Unknown,0,187.88,273.07,273.07,365.51,578.34
cell_02262,80.1875,13.2275,299590.3485361692,10.0,20.0,14.09,0.0,7.26,2.36,0.0,0.0,0.0,3713.97,7665.61,4480.66,0.0,0.0,Cropland,10.78,0.0,28.41,60.81,0.0,0,0.0,Unknown,0,187.88,273.07,273.07,365.51,578.34
cell_02263,80.1875,13.2325,299584.35573708283,9.0,18.0,13.72,0.0,9.71,2.48,0.0,0.0,0.0,4250.32,7517.06,5033.02,0.0,0.0,Cropland,3.83,0.0,20.31,75.86,0.0,0,0.0,Unknown,0,187.88,273.07,273.07,365.51,578.34
cell_02264,80.1875,13.2375,299578.3607045094,8.0,19.0,13.64,0.0,8.23,2.36,0.0,0.0,0.0,4079.97,7406.92,5585.51,0.0,0.0,Cropland,0.29,0.0,22.27,75.36,2.08,0,0.0,Unknown,0,187.88,273.07,273.07,365.51,578.34
cell_02265,80.1875,13.2425,299572.363438081,6.0,20.0,13.74,0.0,10.3,2.83,0.0,0.0,0.0,3545.48,7336.91,6138.09,0.0,0.0,Vegetation,11.42,0.0,62.95,20.54,5.1,0,0.0,Unknown,0,187.88,273.07,273.07,365.51,578.34
cell_02266,80.1875,13.2475,299566.36393798306,10.0,19.0,14.07,0.0,6.81,2.4,0.0,0.0,0.0,3017.65,7308.19,6690.73,0.0,0.0,Vegetation,20.06,0.0,40.34,38.74,0.86,0,0.0,Unknown,0,187.88,273.07,273.07,365.51,578.34
cell_02267,80.1875,13.2525,299560.3622039432,0.0,0.0,0.0,0.0,0.0,0.0,0.0,0.0,0.0,2500.73,7321.25,7243.43,0.0,0.0,Unknown,0.0,0.0,0.0,0.0,0.0,0,0.0,Unknown,0,187.88,273.07,273.07,365.51,578.34
cell_02268,80.1925,12.8525,300032.7314056529,4.0,22.0,10.37,0.0,9.0,3.1,0.0,0.0,0.0,2631.53,2617.85,4598.21,0.0,0.0,Vegetation,39.37,0.0,45.98,9.69,4.96,0,0.0,Unknown,0,187.88,273.07,273.07,365.51,578.34
cell_02269,80.1925,12.8575,300026.9062820124,5.0,19.0,9.75,0.0,5.94,2.42,0.0,0.0,0.0,2502.59,2097.01,4619.13,0.0,0.0,Built-up,54.71,0.06,29.42,15.16,0.65,0,0.0,Unknown,0,187.88,273.07,273.07,365.51,578.34
cell_02270,80.1925,12.8625,300021.0789218261,4.0,13.0,9.06,0.0,5.25,1.96,0.0,0.0,0.0,2486.26,1597.9,4705.39,0.0,0.0,Vegetation,13.12,0.13,49.9,36.27,0.58,0,0.0,Unknown,0,187.88,273.07,273.07,365.51,578.34
cell_02271,80.1925,12.8675,300015.24932548346,1.0,9.0,4.61,0.0,4.35,1.7,0.0,0.0,0.0,2576.78,1149.22,4852.85,0.0,0.0,Cropland,12.83,0.0,40.6,45.92,0.66,0,0.0,Unknown,0,187.88,273.07,273.07,365.51,578.34
cell_02272,80.1925,12.8725,300009.41749279096,1.0,8.0,4.41,0.0,4.35,1.71,0.0,0.0,0.0,2776.62,836.48,4994.83,0.0,0.0,Cropland,8.21,0.0,40.71,48.51,2.56,0,0.0,Unknown,0,187.88,273.07,273.07,365.51,578.34
cell_02273,80.1925,12.8775,300003.5834235864,0.0,12.0,5.46,0.0,6.83,2.14,0.0,0.0,0.0,2942.51,830.82,5119.0,0.0,0.0,Vegetation,42.73,2.5,47.01,7.01,0.75,0,0.0,Unknown,0,187.88,273.07,273.07,365.51,578.34
cell_02274,80.1925,12.8825,299997.74711827585,3.0,66.0,13.56,0.0,21.51,4.22,0.0,0.0,0.0,2675.37,1136.83,5178.17,0.0,0.0,Vegetation,49.36,0.0,50.15,0.2,0.3,0,0.0,Unknown,0,187.88,273.07,273.07,365.51,578.34
cell_02275,80.1925,12.8875,299991.9085769349,8.0,72.0,21.87,0.0,23.19,5.16,0.0,0.0,0.0,2502.99,1583.06,5101.3,0.0,0.0,Built-up,50.68,0.0,49.32,0.0,0.0,0,0.0,Unknown,0,187.88,273.07,273.07,365.51,578.34
cell_02276,80.1925,12.8925,299986.0677992746,3.0,14.0,6.46,0.0,7.66,1.92,0.0,0.0,0.0,2121.6,1809.38,5028.52,0.0,0.0,Water,24.64,33.44,33.05,8.28,0.58,0,0.0,Unknown,0,187.88,273.07,273.07,365.51,578.34
cell_02277,80.1925,12.8975,299980.2247853684,3.0,8.0,4.59,0.0,4.84,1.11,0.0,0.0,0.0,1629.55,1802.49,5004.15,0.0,0.0,Water,26.05,39.93,26.15,6.74,1.12,0,0.0,Unknown,0,187.88,273.07,273.07,365.51,578.34
cell_02278,80.1925,12.9025,299974.3795357653,2.0,12.0,7.31,0.0,5.86,1.98,0.0,0.0,0.0,1179.36,1926.25,5039.52,0.0,0.0,Built-up,75.65,12.5,8.47,3.21,0.16,0,0.0,Unknown,0,187.88,273.07,273.07,365.51,578.34
cell_02279,80.1925,12.9075,299968.53204965673,6.0,20.0,11.78,0.0,7.53,2.33,0.0,0.0,0.0,832.93,2129.11,4720.24,0.0,0.0,Built-up,88.67,0.0,9.74,0.62,0.97,0,0.0,Unknown,0,187.88,273.07,273.07,365.51,578.34
cell_02280,80.1925,12.9125,299962.6823276685,11.0,22.0,17.59,0.0,6.16,2.15,0.0,0.0,0.0,709.34,2282.35,4186.23,0.0,0.0,Built-up,83.97,0.0,9.88,5.42,0.73,0,0.0,Unknown,0,187.88,273.07,273.07,365.51,578.34
cell_02281,80.1925,12.9175,299956.8303696548,11.0,24.0,19.06,0.0,6.72,2.18,0.0,0.0,0.0,710.46,2426.39,3657.87,0.0,0.0,Built-up,89.32,0.0,6.43,3.54,0.71,0,0.0,Unknown,0,187.88,273.07,273.07,365.51,578.34
cell_02282,80.1925,12.9225,299950.9761758642,7.0,22.0,14.68,0.0,5.59,2.15,0.0,0.0,0.0,158.56,2679.03,3120.29,0.0,0.0,Built-up,72.4,0.0,20.52,6.72,0.36,0,0.0,Unknown,0,187.88,273.07,273.07,365.51,578.34
cell_02283,80.1925,12.9275,299945.1197458976,4.0,15.0,8.72,0.0,5.86,1.83,0.0,0.0,0.0,280.01,3010.3,2569.19,0.0,0.0,Built-up,41.85,0.0,31.9,25.42,0.83,0,0.0,Unknown,0,187.88,273.07,273.07,365.51,578.34
cell_02284,80.1925,12.9325,299939.2610798927,3.0,17.0,7.65,0.0,6.41,2.05,0.0,0.0,0.0,248.0,3224.78,2019.12,0.0,0.0,Built-up,51.59,2.08,24.68,19.12,2.53,0,0.0,Unknown,0,187.88,273.07,273.07,365.51,578.34
cell_02285,80.1925,12.9375,299933.4001784445,0.0,9.0,5.8,0.0,8.8,2.29,171.21,0.000571,3.0,215.19,2990.28,1471.23,0.0,0.0,Built-up,39.09,2.11,23.7,34.64,0.45,0,0.0,Unknown,0,187.88,273.07,273.07,365.51,578.34
cell_02286,80.1925,12.9425,299927.5370410439,-1.0,13.0,7.91,0.0,8.3,2.44,0.0,0.0,0.0,742.67,2827.51,929.38,0.0,0.0,Built-up,59.97,1.26,20.2,17.26,1.32,0,0.0,Unknown,0,187.88,273.07,273.07,365.51,578.34
cell_02287,80.1925,12.9475,299921.67166767054,-1.0,14.0,6.8,0.0,7.79,2.4,0.0,0.0,0.0,832.69,2759.77,417.83,0.0,0.0,Built-up,65.55,0.0,19.22,11.36,3.86,0,0.0,Unknown,0,187.88,273.07,273.07,365.51,578.34
cell_02288,80.1925,12.9525,299915.8040586842,0.0,9.0,3.97,0.0,4.89,1.7,5006.23,0.016692,41.0,602.84,2762.6,54.8,587.32,0.001958,Built-up,82.4,0.0,12.82,4.29,0.49,0,0.0,Unknown,0,187.88,273.07,273.07,365.51,578.34
cell_02289,80.1925,12.9575,299909.93421404756,0.0,12.0,6.36,0.0,9.75,2.24,11524.68,0.038427,91.0,145.16,2644.58,451.24,0.0,0.0,Built-up,75.27,13.85,7.93,2.78,0.17,0,0.0,Unknown,0,187.88,273.07,273.07,365.51,578.34
cell_02290,80.1925,12.9625,299904.062133552,1.0,17.0,9.23,0.0,9.89,2.94,7790.39,0.025976,49.0,1.29,2547.09,636.61,0.0,0.0,Built-up,58.6,31.04,8.77,1.49,0.1,0,0.0,Unknown,0,187.88,273.07,273.07,365.51,578.34
cell_02291,80.1925,12.9675,299898.18781747716,9.0,17.0,12.42,0.0,5.94,1.89,11131.7,0.037118,50.0,293.51,2567.71,842.48,0.0,0.0,Built-up,97.11,0.0,2.69,0.0,0.19,0,5.6,Unknown,1,187.88,273.07,273.07,365.51,578.34
cell_02292,80.1925,12.9725,299892.3112658665,7.0,15.0,11.56,0.0,5.46,2.0,13757.83,0.045876,88.0,741.4,2703.73,314.21,0.51,2e-06,Built-up,95.57,0.0,4.33,0.0,0.1,0,14.0,Unknown,1,187.88,273.07,273.07,365.51,578.34
cell_02293,80.1925,12.9775,299886.43247836764,6.0,15.0,10.72,0.0,6.15,1.99,16619.0,0.055418,100.0,849.79,2939.17,86.54,689.81,0.0023,Built-up,97.63,0.0,2.31,0.0,0.06,1,11.33,Unknown,1,187.88,273.07,273.07,365.51,578.34
cell_02294,80.1925,12.9825,299880.5514556705,8.0,16.0,12.4,0.0,4.89,1.79,13194.5,0.043999,57.0,455.58,2681.56,279.79,174.05,0.00058,Built-up,98.41,0.0,1.56,0.0,0.03,0,0.0,Unknown,0,187.88,273.07,273.07,365.51,578.34
cell_02295,80.1925,12.9875,299874.6681974402,4.0,17.0,12.32,0.0,8.75,2.05,14633.25,0.048798,66.0,381.27,2266.03,477.63,0.0,0.0,Built-up,98.51,0.0,1.36,0.0,0.13,3,0.0,Unknown,1,187.88,273.07,273.07,365.51,578.34
cell_02296,80.1925,12.9925,299868.78270356124,9.0,19.0,12.37,0.0,6.41,2.15,8433.77,0.028125,44.0,654.93,1897.49,398.22,0.0,0.0,Built-up,74.68,0.0,15.94,9.32,0.06,0,0.0,Unknown,0,187.88,273.07,273.07,365.51,578.34
cell_02297,80.1925,12.9975,299862.8949741568,12.0,25.0,16.37,0.0,7.84,2.45,0.0,0.0,0.0,952.19,1606.6,468.68,0.0,0.0,Built-up,55.1,0.0,42.95,1.66,0.29,0,0.0,Unknown,0,187.88,273.07,273.07,365.51,578.34
cell_02298,80.1925,13.0025,299857.0050095053,17.0,75.0,32.37,0.0,23.19,6.39,0.0,0.0,0.0,1280.33,1370.9,865.28,0.0,0.0,Vegetation,46.91,0.0,52.0,1.06,0.03,0,0.0,Unknown,0,187.88,273.07,273.07,365.51,578.34
cell_02299,80.1925,13.0075,299851.11280983954,14.0,76.0,26.12,0.0,21.53,5.76,282.32,0.000942,1.0,1009.09,1215.25,1373.85,0.0,0.0,Built-up,63.54,0.0,36.23,0.16,0.06,0,0.0,Unknown,0,187.88,273.07,273.07,365.51,578.34
cell_02300,80.1925,13.0125,299845.2183739405,7.0,20.0,13.81,0.0,5.79,2.05,4160.95,0.013877,25.0,459.05,996.91,1185.13,0.0,0.0,Built-up,52.56,0.0,43.41,3.99,0.03,0,0.0,Unknown,0,187.88,273.07,273.07,365.51,578.34
cell_02301,80.1925,13.0175,299839.32170347543,9.0,19.0,14.51,0.0,6.65,2.18,5608.15,0.018704,28.0,101.0,616.58,683.22,0.0,0.0,Vegetation,40.43,0.0,49.16,10.05,0.36,0,0.0,Unknown,0,187.88,273.07,273.07,365.51,578.34
cell_02302,80.1925,13.0225,299833.4227976677,1.0,19.0,10.93,0.0,8.95,2.7,507.43,0.001692,0.0,271.49,307.15,369.63,158.78,0.00053,Vegetation,10.42,2.82,84.97,1.79,0.0,0,0.0,Unknown,0,187.88,273.07,273.07,365.51,578.34
cell_02303,80.1925,13.0275,299827.5216561659,1.0,16.0,8.42,0.0,7.85,3.14,11576.45,0.03861,82.0,48.75,81.72,534.31,582.06,0.001941,Built-up,61.79,7.05,29.58,1.27,0.32,1,0.0,Unknown,1,187.88,273.07,273.07,365.51,578.34
cell_02304,80.1925,13.0325,299821.618279786,6.0,20.0,12.76,0.0,5.94,2.15,10800.45,0.036023,73.0,487.16,527.64,543.93,0.0,0.0,Built-up,70.05,0.0,29.32,0.0,0.63,0,0.0,Unknown,0,187.88,273.07,273.07,365.51,578.34
cell_02305,80.1925,13.0375,299815.7126684448,11.0,19.0,15.5,0.0,5.66,2.13,10439.17,0.034819,67.0,1009.25,1052.91,868.47,0.0,0.0,Built-up,82.99,0.0,16.72,0.0,0.29,1,0.0,Unknown,1,187.88,273.07,273.07,365.51,578.34
cell_02306,80.1925,13.0425,299809.80482152256,13.0,19.0,16.62,0.0,4.86,1.75,10977.16,0.036614,46.0,994.7,1579.11,1342.61,0.0,0.0,Built-up,89.71,0.0,9.71,0.0,0.58,0,0.0,Unknown,0,187.88,273.07,273.07,365.51,578.34
cell_02307,80.1925,13.0475,299803.8947398662,10.0,20.0,14.96,0.0,5.79,1.81,10964.38,0.036572,78.0,478.0,2113.39,968.65,0.0,0.0,Built-up,94.48,0.0,4.96,0.03,0.53,1,0.0,Unknown,1,187.88,273.07,273.07,365.51,578.34
cell_02308,80.1925,13.0525,299797.9824229203,11.0,18.0,13.78,0.0,4.84,1.75,12459.46,0.04156,70.0,248.84,2305.23,666.21,0.0,0.0,Built-up,94.06,0.0,5.58,0.16,0.19,4,0.0,Unknown,1,187.88,273.07,273.07,365.51,578.34
cell_02309,80.1925,13.0575,299792.0678709805,11.0,17.0,14.49,0.0,4.86,1.76,13011.32,0.043401,56.0,550.32,1780.22,360.4,0.0,0.0,Built-up,92.47,0.0,7.31,0.0,0.23,1,0.0,Unknown,1,187.88,273.07,273.07,365.51,578.34
cell_02310,80.1925,13.0625,299786.15108443605,9.0,16.0,13.02,0.0,4.86,1.88,12481.89,0.041636,67.0,637.4,1269.42,96.4,752.74,0.002511,Built-up,86.98,0.0,12.46,0.0,0.56,0,0.0,Unknown,0,187.88,273.07,273.07,365.51,578.34
cell_02311,80.1925,13.0675,299780.2320623369,7.0,16.0,12.24,0.0,5.46,2.01,3876.96,0.012933,14.0,716.21,773.25,613.58,0.0,0.0,Built-up,94.29,0.0,3.54,1.92,0.26,0,0.0,Unknown,0,187.88,273.07,273.07,365.51,578.34
cell_02312,80.1925,13.0725,299774.31080545037,7.0,16.0,11.19,0.0,6.19,2.31,3099.03,0.010338,12.0,310.14,331.78,651.54,105.85,0.000353,Built-up,63.6,0.71,29.09,3.41,3.18,0,0.0,Unknown,0,187.88,273.07,273.07,365.51,578.34
cell_02313,80.1925,13.0775,299768.38731421484,5.0,16.0,9.83,0.0,7.8,2.22,6889.35,0.022982,36.0,0.59,38.18,115.52,1129.78,0.003769,Built-up,57.32,0.0,35.47,2.74,4.46,0,0.0,Unknown,0,187.88,273.07,273.07,365.51,578.34
cell_02314,80.1925,13.0825,299762.4615874746,7.0,17.0,12.28,0.0,6.19,2.08,13024.33,0.043449,82.0,400.36,423.72,248.84,298.75,0.000997,Built-up,79.64,0.03,18.12,0.45,1.75,0,0.0,Unknown,0,187.88,273.07,273.07,365.51,578.34
cell_02315,80.1925,13.0875,299756.5336261234,11.0,21.0,14.9,0.0,4.86,1.95,14669.26,0.048937,64.0,938.1,970.46,35.02,579.5,0.001933,Built-up,83.01,0.0,16.23,0.0,0.76,3,0.0,Unknown,1,187.88,273.07,273.07,365.51,578.34
cell_02316,80.1925,13.0925,299750.60343009414,11.0,20.0,15.59,0.0,7.66,2.65,12091.15,0.040337,57.0,696.52,1520.26,105.19,273.5,0.000912,Built-up,73.08,0.0,25.91,0.0,1.01,2,0.0,Unknown,1,187.88,273.07,273.07,365.51,578.34
cell_02317,80.1925,13.0975,299744.6709993045,11.0,21.0,15.67,0.0,6.03,2.09,15737.31,0.052502,99.0,558.17,2070.56,578.74,0.0,0.0,Built-up,82.86,0.0,15.49,0.0,1.66,2,0.0,Unknown,1,187.88,273.07,273.07,365.51,578.34
cell_02318,80.1925,13.1025,299738.7363337183,10.0,21.0,15.19,0.0,6.93,2.25,6357.31,0.02121,31.0,333.24,2621.96,719.11,0.0,0.0,Built-up,89.42,0.0,10.41,0.0,0.17,2,0.0,Unknown,1,187.88,273.07,273.07,365.51,578.34
cell_02319,80.1925,13.1075,299732.79943344137,8.0,20.0,13.99,0.0,6.41,2.13,409.92,0.001368,2.0,166.9,2744.52,512.78,0.0,0.0,Built-up,69.12,0.91,29.42,0.23,0.32,0,0.0,Unknown,0,187.88,273.07,273.07,365.51,578.34
cell_02320,80.1925,13.1125,299726.86029857997,8.0,18.0,12.14,0.0,4.89,1.96,5731.59,0.019123,32.0,357.0,2196.23,36.91,545.26,0.001819,Built-up,46.95,0.0,43.99,8.9,0.16,0,0.0,Unknown,0,187.88,273.07,273.07,365.51,578.34
cell_02321,80.1925,13.1175,299720.91892933415,5.0,17.0,11.39,0.0,8.52,2.34,12852.31,0.042881,93.0,367.01,1651.07,322.4,0.0,0.0,Built-up,73.69,0.0,19.6,5.88,0.83,1,0.0,Unknown,1,187.88,273.07,273.07,365.51,578.34
cell_02322,80.1925,13.1225,299714.9753249591,6.0,18.0,11.55,0.0,7.8,2.82,10782.44,0.035976,56.0,193.46,1113.67,89.96,602.87,0.002011,Built-up,57.56,2.14,33.57,5.29,1.43,0,0.0,Unknown,0,187.88,273.07,273.07,365.51,578.34
cell_02323,80.1925,13.1275,299709.0294865704,7.0,23.0,10.92,0.0,11.29,2.38,3217.62,0.010736,28.0,95.42,605.03,161.97,759.54,0.002534,Built-up,42.05,13.54,36.14,3.8,4.48,0,11.0,Unknown,1,187.88,273.07,273.07,365.51,578.34
cell_02324,80.1925,13.1325,299703.08141348435,8.0,17.0,11.42,0.0,4.03,1.7,9532.07,0.031805,59.0,118.83,146.18,36.73,1502.43,0.005013,Built-up,46.98,0.1,41.42,10.91,0.6,0,10.0,Unknown,1,187.88,273.07,273.07,365.51,578.34
cell_02325,80.1925,13.1375,299697.1311058081,5.0,18.0,10.58,0.0,5.25,1.9,13326.81,0.044468,76.0,375.1,202.78,381.38,335.17,0.001118,Built-up,40.39,0.0,23.34,35.26,1.01,0,0.0,Unknown,0,187.88,273.07,273.07,365.51,578.34
cell_02326,80.1925,13.1425,299691.1785639001,6.0,17.0,11.21,0.0,6.93,2.42,12499.86,0.041709,57.0,114.77,488.76,511.17,0.0,0.0,Built-up,63.44,0.0,27.08,8.86,0.62,0,0.0,Unknown,0,187.88,273.07,273.07,365.51,578.34
cell_02327,80.1925,13.1475,299685.2237877865,6.0,15.0,10.51,0.0,5.15,1.96,7178.61,0.023954,35.0,522.75,708.14,237.41,141.31,0.000472,Built-up,49.49,0.0,30.55,17.98,1.98,0,0.0,Unknown,0,187.88,273.07,273.07,365.51,578.34
cell_02328,80.1925,13.1525,299679.2667766907,7.0,20.0,13.54,0.0,5.71,2.11,2616.33,0.00873,10.0,177.74,1163.28,382.56,0.0,0.0,Built-up,44.71,13.57,36.04,1.04,4.64,0,0.0,Unknown,0,187.88,273.07,273.07,365.51,578.34
cell_02329,80.1925,13.1575,299673.30753182346,8.0,29.0,16.41,0.0,8.95,3.04,0.0,0.0,0.0,0.0,1678.27,920.84,0.0,0.0,Vegetation,12.5,24.19,48.83,9.51,4.97,0,0.0,Unknown,0,187.88,273.07,273.07,365.51,578.34
cell_02330,80.1925,13.1625,299667.34605235944,9.0,21.0,14.37,0.0,8.87,2.09,133.57,0.000446,2.0,115.74,2211.68,1470.08,0.0,0.0,Vegetation,7.47,39.4,51.31,0.63,1.19,0,0.0,Unknown,0,187.88,273.07,273.07,365.51,578.34
cell_02331,80.1925,13.1675,299661.38233876793,9.0,21.0,14.68,0.0,12.49,2.49,8389.24,0.027996,40.0,214.08,2752.83,1410.63,0.0,0.0,Vegetation,42.69,9.58,47.44,0.06,0.23,0,0.0,Unknown,0,187.88,273.07,273.07,365.51,578.34
cell_02332,80.1925,13.1725,299655.4163910762,4.0,21.0,10.54,0.0,14.81,2.85,8257.39,0.027556,41.0,179.24,3297.92,1091.95,0.0,0.0,Vegetation,35.58,14.74,42.69,6.69,0.29,0,0.0,Unknown,0,187.88,273.07,273.07,365.51,578.34
cell_02333,80.1925,13.1775,299649.4482089961,4.0,21.0,9.78,0.0,13.46,3.14,0.0,0.0,0.0,85.83,3845.26,620.36,0.0,0.0,Vegetation,17.82,31.9,43.24,6.45,0.6,0,0.0,Unknown,0,187.88,273.07,273.07,365.51,578.34
cell_02334,80.1925,13.1825,299643.47779283783,7.0,24.0,11.37,0.0,19.13,2.63,0.0,0.0,0.0,87.61,4394.01,243.82,288.66,0.000963,Built-up,34.25,29.64,28.93,6.2,0.97,0,0.0,Unknown,0,187.88,273.07,273.07,365.51,578.34
cell_02335,80.1925,13.1875,299637.50514253427,7.0,18.0,10.36,0.0,11.48,2.13,0.0,0.0,0.0,325.36,4943.71,176.73,714.74,0.002385,Built-up,59.22,0.71,31.01,4.25,4.81,0,0.0,Unknown,0,187.88,273.07,273.07,365.51,578.34
cell_02336,80.1925,13.1925,299631.5302582871,5.0,14.0,9.36,0.0,7.39,2.21,0.0,0.0,0.0,766.09,5494.07,647.58,0.0,0.0,Built-up,47.74,0.0,25.29,24.43,2.55,0,0.0,Unknown,0,187.88,273.07,273.07,365.51,578.34
cell_02337,80.1925,13.1975,299625.5531397917,7.0,19.0,11.67,0.0,9.36,2.35,0.0,0.0,0.0,1288.65,6044.92,1180.67,0.0,0.0,Built-up,55.16,0.0,31.75,10.75,2.34,0,0.0,Unknown,0,187.88,273.07,273.07,365.51,578.34
cell_02338,80.1925,13.2025,299619.57378743734,8.0,16.0,10.63,0.0,6.15,2.0,0.0,0.0,0.0,1704.79,6596.12,1726.33,0.0,0.0,Built-up,38.41,0.03,21.98,38.02,1.56,0,0.0,Unknown,0,187.88,273.07,273.07,365.51,578.34
cell_02339,80.1925,13.2075,299613.592201031,6.0,14.0,9.75,0.0,5.86,2.24,0.0,0.0,0.0,2037.8,7147.59,2275.53,0.0,0.0,Cropland,21.52,0.0,14.18,60.93,3.37,0,0.0,Unknown,0,187.88,273.07,273.07,365.51,578.34
cell_02340,80.1925,13.2125,299607.6083807575,6.0,14.0,9.83,0.0,6.15,2.13,0.0,0.0,0.0,2447.46,7699.29,2826.21,0.0,0.0,Cropland,2.47,0.0,17.95,79.58,0.0,0,0.0,Unknown,0,187.88,273.07,273.07,365.51,578.34
cell_02341,80.1925,13.2175,299601.62232639163,8.0,14.0,10.97,0.0,4.86,1.77,0.0,0.0,0.0,2902.91,7581.72,3377.65,0.0,0.0,Vegetation,0.0,0.0,62.92,37.08,0.0,0,0.0,Unknown,0,187.88,273.07,273.07,365.51,578.34
cell_02342,80.1925,13.2225,299595.6340384974,8.0,18.0,12.68,0.0,6.83,2.64,0.0,0.0,0.0,3387.52,7348.75,3929.52,0.0,0.0,Cropland,17.92,0.0,29.29,52.53,0.26,0,0.0,Unknown,0,187.88,273.07,273.07,365.51,578.34
cell_02343,80.1925,13.2275,299589.64351672353,8.0,20.0,13.4,0.0,8.87,2.51,0.0,0.0,0.0,3890.41,7151.04,4481.67,0.0,0.0,Cropland,13.7,0.0,21.2,65.1,0.0,0,0.0,Unknown,0,187.88,273.07,273.07,365.51,578.34
cell_02344,80.1925,13.2325,299583.6507607492,6.0,18.0,12.86,0.0,7.84,2.14,0.0,0.0,0.0,4405.32,6991.57,5034.0,0.0,0.0,Cropland,0.0,0.0,43.41,56.59,0.0,0,0.0,Unknown,0,187.88,273.07,273.07,365.51,578.34
cell_02345,80.1925,13.2375,299577.65577139024,7.0,19.0,13.22,0.0,8.13,2.57,0.0,0.0,0.0,3985.33,6873.02,5586.47,0.0,0.0,Cropland,3.67,0.0,28.23,68.1,0.0,0,0.0,Unknown,0,187.88,273.07,273.07,365.51,578.34
cell_02346,80.1925,13.2425,299571.65854834334,9.0,20.0,14.31,0.0,7.84,2.76,0.0,0.0,0.0,3436.15,6797.53,6139.03,0.0,0.0,Cropland,3.34,0.0,44.35,52.31,0.0,0,0.0,Unknown,0,187.88,273.07,273.07,365.51,578.34
cell_02347,80.1925,13.2475,299565.65909136756,9.0,20.0,13.26,0.0,9.89,2.45,0.0,0.0,0.0,2888.42,6766.53,6691.66,0.0,0.0,Vegetation,0.0,0.0,60.71,39.29,0.0,0,0.0,Unknown,0,187.88,273.07,273.07,365.51,578.34
cell_02348,80.1925,13.2525,299559.65740063175,0.0,0.0,0.0,0.0,0.0,0.0,0.0,0.0,0.0,2343.16,6780.64,7244.35,0.0,0.0,Unknown,0.0,0.0,0.0,0.0,0.0,0,0.0,Unknown,0,187.88,273.07,273.07,365.51,578.34
cell_02349,80.1975,12.8525,300032.02755864913,3.0,15.0,8.29,0.0,6.41,2.14,0.0,0.0,0.0,2117.7,2453.25,4055.78,0.0,0.0,Vegetation,27.31,4.71,47.31,18.34,2.34,0,0.0,Unknown,0,187.88,273.07,273.07,365.51,578.34
cell_02350,80.1975,12.8575,300026.20247690135,-4.0,13.0,6.48,0.0,15.33,2.87,0.0,0.0,0.0,1965.78,1915.71,4079.5,0.0,0.0,Vegetation,27.1,16.1,44.26,12.37,0.16,0,0.0,Unknown,0,187.88,273.07,273.07,365.51,578.34
cell_02351,80.1975,12.8625,300020.37515859975,2.0,13.0,5.84,0.0,6.03,1.98,0.0,0.0,0.0,1944.77,1389.08,4176.94,0.0,0.0,Cropland,16.9,0.0,39.7,40.11,3.28,0,0.0,Unknown,0,187.88,273.07,273.07,365.51,578.34
cell_02352,80.1975,12.8675,300014.5456041507,1.0,7.0,3.78,0.0,4.98,1.49,0.0,0.0,0.0,2059.24,872.77,4336.14,0.0,0.0,Cropland,20.49,0.0,31.1,38.57,9.84,0,0.0,Unknown,0,187.88,273.07,273.07,365.51,578.34
cell_02353,80.1975,12.8725,300008.713813361,0.0,7.0,3.43,0.0,5.66,1.6,0.0,0.0,0.0,2304.43,375.13,4466.15,0.0,0.0,Cropland,5.17,0.0,26.08,67.12,1.63,0,0.0,Unknown,0,187.88,273.07,273.07,365.51,578.34
cell_02354,80.1975,12.8775,300002.8797861943,1.0,12.0,5.34,0.0,6.15,2.0,0.0,0.0,0.0,2493.25,362.34,4591.54,27.96,9.3e-05,Vegetation,22.96,11.51,46.88,17.86,0.8,0,0.0,Unknown,0,187.88,273.07,273.07,365.51,578.34
cell_02355,80.1975,12.8825,299997.0435228199,2.0,63.0,10.83,0.0,20.97,3.56,0.0,0.0,0.0,2190.15,856.4,4640.93,0.0,0.0,Vegetation,33.8,3.73,58.12,3.18,1.17,0,0.0,Unknown,0,187.88,273.07,273.07,365.51,578.34
cell_02356,80.1975,12.8875,299991.20502345427,1.0,69.0,15.39,0.0,25.61,5.46,0.0,0.0,0.0,1976.16,1378.38,4564.06,0.0,0.0,Vegetation,9.06,0.0,81.82,8.1,1.02,0,0.0,Unknown,0,187.88,273.07,273.07,365.51,578.34
cell_02357,80.1975,12.8925,299985.3642876989,0.0,14.0,5.39,0.0,5.59,1.97,0.0,0.0,0.0,1903.73,1270.17,4489.01,0.0,0.0,Vegetation,27.39,0.06,37.98,34.06,0.51,0,0.0,Unknown,0,187.88,273.07,273.07,365.51,578.34
cell_02358,80.1975,12.8975,299979.52131597575,1.0,8.0,3.29,0.0,4.03,1.42,0.0,0.0,0.0,1425.24,1267.04,4461.71,0.0,0.0,Built-up,49.74,0.0,32.14,15.78,2.34,0,0.0,Unknown,0,187.88,273.07,273.07,365.51,578.34
cell_02359,80.1975,12.9025,299973.6761081067,0.0,11.0,6.6,0.0,8.59,1.96,0.0,0.0,0.0,892.81,1406.16,4499.73,0.0,0.0,Built-up,75.54,4.78,13.74,5.8,0.13,0,0.0,Unknown,0,187.88,273.07,273.07,365.51,578.34
cell_02360,80.1975,12.9075,299967.82866421354,2.0,17.0,11.09,0.0,9.01,2.32,0.0,0.0,0.0,412.27,1673.32,4561.27,0.0,0.0,Built-up,94.52,0.0,5.13,0.1,0.26,0,0.0,Unknown,0,187.88,273.07,273.07,365.51,578.34
cell_02361,80.1975,12.9125,299961.97898429213,4.0,21.0,11.94,0.0,5.15,2.24,12492.48,0.041647,82.0,166.89,1747.68,4070.19,0.0,0.0,Built-up,86.01,0.0,7.4,6.49,0.1,0,6.0,Unknown,1,187.88,273.07,273.07,365.51,578.34
cell_02362,80.1975,12.9175,299956.1270681647,5.0,21.0,13.58,0.0,5.94,2.14,12452.7,0.041515,93.0,353.63,1932.01,3524.48,0.0,0.0,Built-up,89.38,0.0,9.63,0.0,0.99,0,0.0,Unknown,0,187.88,273.07,273.07,365.51,578.34
cell_02363,80.1975,12.9225,299950.27291661553,7.0,19.0,14.01,0.0,5.79,2.19,5827.11,0.019427,29.0,154.49,2240.73,2981.44,0.0,0.0,Built-up,81.89,0.0,15.34,2.52,0.26,1,0.0,Unknown,1,187.88,273.07,273.07,365.51,578.34
cell_02364,80.1975,12.9275,299944.41652856756,4.0,19.0,11.29,0.0,7.5,2.46,11506.16,0.038361,65.0,190.3,2563.37,2442.87,0.0,0.0,Built-up,76.36,0.0,15.81,6.1,1.72,0,6.0,Unknown,1,187.88,273.07,273.07,365.51,578.34
cell_02365,80.1975,12.9325,299938.5579046789,1.0,13.0,6.15,0.0,9.62,2.06,931.67,0.003106,8.0,0.0,2714.04,1912.54,0.0,0.0,Water,21.05,35.01,20.41,16.14,7.4,0,0.0,Unknown,0,187.88,273.07,273.07,365.51,578.34
cell_02366,80.1975,12.9375,299932.6970453248,1.0,7.0,4.0,0.0,6.72,1.69,5826.85,0.019427,38.0,255.01,2496.77,1399.86,0.0,0.0,Built-up,50.64,1.59,30.93,15.78,1.05,0,0.0,Unknown,0,187.88,273.07,273.07,365.51,578.34
cell_02367,80.1975,12.9425,299926.8339501697,0.0,13.0,5.46,0.0,7.5,2.34,577.61,0.001926,4.0,538.6,2299.34,932.13,0.0,0.0,Built-up,85.97,0.0,10.0,3.96,0.06,0,0.0,Unknown,0,187.88,273.07,273.07,365.51,578.34
cell_02368,80.1975,12.9475,299920.96861889254,0.0,12.0,5.22,0.0,6.51,2.52,599.33,0.001998,6.0,310.37,2219.34,463.06,0.0,0.0,Built-up,93.37,0.0,4.11,0.73,1.79,0,0.0,Unknown,0,187.88,273.07,273.07,365.51,578.34
cell_02369,80.1975,12.9525,299915.10105205735,-2.0,6.0,2.24,0.0,4.35,1.9,4337.32,0.014462,29.0,420.05,2223.96,85.48,574.07,0.001914,Built-up,92.06,0.0,7.14,0.77,0.03,0,0.0,Unknown,0,187.88,273.07,273.07,365.51,578.34
cell_02370,80.1975,12.9575,299909.2312496449,-2.0,8.0,3.78,0.0,5.71,1.92,15368.26,0.051243,124.0,108.03,2128.88,638.08,0.0,0.0,Built-up,89.12,0.0,7.82,3.05,0.0,1,0.0,Unknown,1,187.88,273.07,273.07,365.51,578.34
cell_02371,80.1975,12.9625,299903.35921123985,5.0,15.0,8.41,0.0,5.25,1.9,15516.4,0.051738,85.0,100.13,2006.5,1085.4,0.0,0.0,Built-up,93.37,2.68,2.33,0.45,1.18,0,9.67,Unknown,1,187.88,273.07,273.07,365.51,578.34
cell_02372,80.1975,12.9675,299897.4849373273,6.0,16.0,11.29,0.0,5.46,2.16,15201.91,0.05069,92.0,354.55,2032.61,1080.17,0.0,0.0,Built-up,94.96,0.0,4.82,0.22,0.0,0,0.0,Unknown,0,187.88,273.07,273.07,365.51,578.34
cell_02373,80.1975,12.9725,299891.60842794995,5.0,14.0,9.76,0.0,6.72,2.17,12530.31,0.041783,71.0,398.57,2201.95,676.54,0.0,0.0,Built-up,94.16,0.0,5.49,0.29,0.06,1,0.0,Unknown,1,187.88,273.07,273.07,365.51,578.34
cell_02374,80.1975,12.9775,299885.72968270915,5.0,16.0,9.66,0.0,8.23,2.03,15022.66,0.050095,74.0,759.91,2485.4,248.56,435.64,0.001453,Built-up,94.96,0.0,4.97,0.0,0.06,0,0.0,Unknown,0,187.88,273.07,273.07,365.51,578.34
cell_02375,80.1975,12.9825,299879.8487024531,5.0,16.0,9.13,0.0,5.15,1.95,15669.49,0.052253,100.0,229.64,2849.11,206.62,684.93,0.002284,Built-up,94.13,0.0,4.18,1.43,0.26,1,10.5,Unknown,1,187.88,273.07,273.07,365.51,578.34
cell_02376,80.1975,12.9875,299873.9654861985,2.0,14.0,8.85,0.0,6.98,2.54,13615.21,0.045403,81.0,31.49,2664.22,41.36,573.32,0.001912,Built-up,82.31,1.01,12.89,3.51,0.29,1,0.0,Unknown,1,187.88,273.07,273.07,365.51,578.34
cell_02377,80.1975,12.9925,299868.0800347154,7.0,16.0,11.39,0.0,5.25,2.1,11726.17,0.039104,75.0,351.68,2355.66,11.18,867.92,0.002894,Built-up,93.46,0.0,6.44,0.03,0.06,1,0.0,Unknown,1,187.88,273.07,273.07,365.51,578.34
cell_02378,80.1975,12.9975,299862.19234744617,9.0,22.0,15.2,0.0,7.85,2.32,1788.98,0.005966,11.0,506.61,2078.51,186.47,180.21,0.000601,Built-up,53.83,0.0,44.77,1.28,0.13,2,0.0,Unknown,1,187.88,273.07,273.07,365.51,578.34
cell_02379,80.1975,13.0025,299856.30242530134,8.0,35.0,20.69,0.0,12.84,3.27,0.0,0.0,0.0,974.25,1894.89,738.9,0.0,0.0,Vegetation,31.75,0.0,61.07,6.59,0.58,0,0.0,Unknown,0,187.88,273.07,273.07,365.51,578.34
cell_02380,80.1975,13.0075,299850.41026778857,15.0,37.0,22.52,0.0,10.4,2.92,0.0,0.0,0.0,1178.25,1735.07,1291.8,0.0,0.0,Built-up,75.54,0.0,23.92,0.26,0.29,0,0.0,Unknown,0,187.88,273.07,273.07,365.51,578.34
cell_02381,80.1975,13.0125,299844.5158743972,9.0,23.0,15.86,0.0,8.13,2.49,187.16,0.000624,4.0,762.07,1388.35,1450.06,0.0,0.0,Built-up,56.25,0.0,41.74,0.92,1.08,0,0.0,Unknown,0,187.88,273.07,273.07,365.51,578.34
cell_02382,80.1975,13.0175,299838.61924619693,7.0,19.0,12.68,0.0,8.02,2.58,3819.62,0.012739,22.0,617.13,1073.41,1077.46,0.0,0.0,Vegetation,34.94,0.0,41.72,23.15,0.19,0,0.0,Unknown,0,187.88,273.07,273.07,365.51,578.34
cell_02383,80.1975,13.0225,299832.7203825532,3.0,19.0,10.24,0.0,10.56,2.95,888.81,0.002964,4.0,660.17,691.93,707.67,0.0,0.0,Vegetation,18.69,0.0,73.95,6.92,0.45,0,0.0,Unknown,0,187.88,273.07,273.07,365.51,578.34
cell_02384,80.1975,13.0275,299826.81928360194,1.0,14.0,7.65,0.0,9.36,3.04,2481.76,0.008277,17.0,120.91,153.29,157.03,675.77,0.002254,Vegetation,30.84,7.17,40.24,17.57,4.18,0,0.0,Unknown,0,187.88,273.07,273.07,365.51,578.34
cell_02385,80.1975,13.0325,299820.91594962275,6.0,17.0,12.62,0.0,4.29,1.7,21614.27,0.072091,124.0,362.34,399.55,117.86,462.81,0.001544,Built-up,98.44,0.0,0.78,0.0,0.78,0,0.0,Unknown,0,187.88,273.07,273.07,365.51,578.34
cell_02386,80.1975,13.0375,299815.0103806592,12.0,19.0,15.65,0.0,6.19,2.03,15159.33,0.050562,67.0,915.14,952.39,643.2,0.0,0.0,Built-up,84.53,0.0,14.92,0.0,0.54,1,14.5,Unknown,1,187.88,273.07,273.07,365.51,578.34
cell_02387,80.1975,13.0425,299809.1025760453,12.0,19.0,15.79,0.0,4.86,1.92,15423.72,0.051445,104.0,994.94,1505.24,819.15,0.0,0.0,Built-up,82.17,0.0,17.6,0.0,0.22,3,0.0,Unknown,1,187.88,273.07,273.07,365.51,578.34
cell_02388,80.1975,13.0475,299803.19253691216,9.0,20.0,14.57,0.0,6.72,2.09,7751.19,0.025854,55.0,452.58,2058.14,1130.53,0.0,0.0,Built-up,83.57,0.0,15.0,0.0,1.43,1,0.0,Unknown,1,187.88,273.07,273.07,365.51,578.34
cell_02389,80.1975,13.0525,299797.28026238666,9.0,18.0,14.35,0.0,7.79,2.12,14061.62,0.046904,74.0,91.96,2499.03,906.56,0.0,0.0,Built-up,83.42,0.0,16.52,0.0,0.06,0,0.0,Unknown,0,187.88,273.07,273.07,365.51,578.34
cell_02390,80.1975,13.0575,299791.3657529227,12.0,18.0,14.84,0.0,4.81,1.68,14727.72,0.049127,69.0,512.29,2000.91,355.53,0.0,0.0,Built-up,94.93,0.0,4.5,0.0,0.57,1,0.0,Unknown,1,187.88,273.07,273.07,365.51,578.34
cell_02391,80.1975,13.0625,299785.44900862686,6.0,17.0,12.98,0.0,6.15,1.84,10792.08,0.035999,65.0,190.08,1540.02,54.4,717.59,0.002394,Built-up,81.88,0.0,17.73,0.23,0.16,2,0.0,Unknown,1,187.88,273.07,273.07,365.51,578.34
cell_02392,80.1975,13.0675,299779.53002933617,5.0,18.0,12.48,0.0,7.85,2.18,4565.51,0.01523,19.0,235.74,1103.41,596.48,0.0,0.0,Built-up,85.55,0.0,11.32,0.8,2.33,0,0.0,Unknown,0,187.88,273.07,273.07,365.51,578.34
cell_02393,80.1975,13.0725,299773.6088147786,5.0,19.0,13.0,0.0,6.81,2.13,8551.76,0.028527,49.0,128.68,609.52,824.54,0.0,0.0,Built-up,83.04,0.0,13.93,1.85,1.18,1,0.0,Unknown,1,187.88,273.07,273.07,365.51,578.34
cell_02394,80.1975,13.0775,299767.6853660076,5.0,18.0,10.7,0.0,7.84,2.5,6244.47,0.020831,21.0,58.11,78.72,468.0,556.87,0.001858,Built-up,65.32,0.0,32.86,0.84,0.97,0,0.0,Unknown,0,187.88,273.07,273.07,365.51,578.34
cell_02395,80.1975,13.0825,299761.75968196016,11.0,20.0,14.64,0.0,7.09,2.0,14513.43,0.048417,60.0,439.42,462.77,608.08,0.0,0.0,Built-up,75.89,0.0,23.12,0.22,0.77,2,0.0,Unknown,1,187.88,273.07,273.07,365.51,578.34
cell_02396,80.1975,13.0875,299755.8317629326,10.0,21.0,14.88,0.0,5.46,2.22,14761.21,0.049244,84.0,978.65,1006.9,572.24,0.0,0.0,Built-up,85.23,0.0,14.32,0.0,0.45,2,0.0,Unknown,1,187.88,273.07,273.07,365.51,578.34
cell_02397,80.1975,13.0925,299749.90160967805,11.0,20.0,15.45,0.0,7.66,2.41,12170.23,0.040601,55.0,1175.83,1551.03,618.68,0.0,0.0,Built-up,73.53,0.0,25.77,0.0,0.7,1,0.0,Unknown,1,187.88,273.07,273.07,365.51,578.34
cell_02398,80.1975,13.0975,299743.96922135557,8.0,20.0,13.8,0.0,5.46,2.17,12921.03,0.043107,76.0,653.35,2095.17,137.76,231.78,0.000773,Built-up,70.7,0.03,28.54,0.0,0.73,2,0.0,Unknown,1,187.88,273.07,273.07,365.51,578.34
cell_02399,80.1975,13.1025,299738.0345983242,7.0,18.0,12.31,0.0,7.79,2.43,9076.89,0.030283,47.0,133.76,2641.44,423.34,0.0,0.0,Built-up,56.69,2.21,33.02,3.7,4.38,1,0.0,Unknown,1,187.88,273.07,273.07,365.51,578.34
cell_02400,80.1975,13.1075,299732.0977406582,8.0,19.0,13.04,0.0,8.3,2.45,9318.53,0.03109,62.0,203.64,2858.72,533.36,0.0,0.0,Built-up,50.38,1.28,39.67,2.9,5.77,1,0.0,Unknown,1,187.88,273.07,273.07,365.51,578.34
cell_02401,80.1975,13.1125,299726.1586484634,6.0,20.0,11.82,0.0,10.4,2.49,7004.72,0.02337,32.0,664.23,2337.36,240.17,41.95,0.00014,Vegetation,34.69,0.0,53.16,8.35,3.79,0,8.0,Unknown,1,187.88,273.07,273.07,365.51,578.34
cell_02402,80.1975,13.1175,299720.2173218619,7.0,15.0,10.44,0.0,6.15,2.1,10266.64,0.034254,64.0,158.39,1834.64,170.01,257.28,0.000858,Built-up,71.07,0.0,22.53,1.88,4.51,0,0.0,Unknown,0,187.88,273.07,273.07,365.51,578.34
cell_02403,80.1975,13.1225,299714.27376002877,4.0,14.0,10.15,0.0,7.09,2.39,10814.65,0.036083,59.0,337.76,1352.09,5.23,1327.14,0.004428,Built-up,64.57,0.0,27.81,6.76,0.86,2,0.0,Unknown,1,187.88,273.07,273.07,365.51,578.34
cell_02404,80.1975,13.1275,299708.3279644108,6.0,15.0,10.08,0.0,5.15,1.9,16424.25,0.054801,119.0,506.26,861.37,46.21,2658.24,0.008869,Built-up,85.49,0.0,10.59,2.71,1.21,0,0.0,Unknown,0,187.88,273.07,273.07,365.51,578.34
cell_02405,80.1975,13.1325,299702.37993386906,6.0,13.0,9.3,0.0,6.16,1.91,14372.54,0.047956,106.0,0.0,474.2,37.17,1044.8,0.003486,Built-up,77.18,0.0,14.22,7.82,0.78,0,0.0,Unknown,0,187.88,273.07,273.07,365.51,578.34
cell_02406,80.1975,13.1375,299696.4296688877,5.0,12.0,8.59,0.0,4.89,1.62,14937.79,0.049843,108.0,485.96,230.4,377.76,299.63,0.001,Built-up,72.23,0.0,12.72,14.06,0.99,0,0.0,Unknown,0,187.88,273.07,273.07,365.51,578.34
cell_02407,80.1975,13.1425,299690.47716979234,5.0,12.0,8.61,0.0,4.98,1.97,13704.25,0.045728,65.0,656.25,50.23,68.5,1096.93,0.00366,Built-up,65.85,0.0,24.3,8.58,1.28,0,0.0,Unknown,0,187.88,273.07,273.07,365.51,578.34
cell_02408,80.1975,13.1475,299684.52243618615,4.0,13.0,8.22,0.0,5.94,1.91,13216.27,0.044101,62.0,850.76,494.84,30.43,910.34,0.003038,Cropland,33.64,0.0,25.06,40.0,1.3,0,0.0,Unknown,0,187.88,273.07,273.07,365.51,578.34
cell_02409,80.1975,13.1525,299678.5654680172,6.0,21.0,14.11,0.0,6.16,2.1,7703.38,0.025705,24.0,616.08,1047.2,457.41,0.0,0.0,Built-up,51.18,0.0,38.68,6.89,3.25,0,0.0,Unknown,0,187.88,273.07,273.07,365.51,578.34
cell_02410,80.1975,13.1575,299672.6062657689,16.0,28.0,22.73,0.0,6.93,2.19,1892.88,0.006316,7.0,407.73,1600.0,988.04,0.0,0.0,Built-up,49.97,0.0,38.55,5.33,6.15,0,0.0,Unknown,0,187.88,273.07,273.07,365.51,578.34
cell_02411,80.1975,13.1625,299666.6448291221,15.0,26.0,19.69,0.0,7.79,2.26,57.98,0.000193,1.0,414.32,2152.89,1519.29,0.0,0.0,Built-up,48.67,0.0,36.46,14.87,0.0,0,0.0,Unknown,0,187.88,273.07,273.07,365.51,578.34
cell_02412,80.1975,13.1675,299660.6811582773,11.0,20.0,16.29,0.0,5.71,2.24,10876.2,0.036295,41.0,506.29,2705.83,1056.44,0.0,0.0,Built-up,46.56,0.0,35.65,16.65,1.15,0,0.0,Unknown,0,187.88,273.07,273.07,365.51,578.34
cell_02413,80.1975,13.1725,299654.7152533568,5.0,17.0,10.55,0.0,6.72,2.25,8094.79,0.027014,41.0,717.37,3258.78,636.78,0.0,0.0,Built-up,69.42,0.0,25.26,4.59,0.73,1,0.0,Unknown,1,187.88,273.07,273.07,365.51,578.34
cell_02414,80.1975,13.1775,299648.74711404083,5.0,15.0,9.26,0.0,5.86,1.99,999.46,0.003335,6.0,626.47,3811.75,327.13,96.64,0.000323,Built-up,68.28,0.0,21.43,8.64,1.66,0,0.0,Unknown,0,187.88,273.07,273.07,365.51,578.34
cell_02415,80.1975,13.1825,299642.7767407036,6.0,15.0,10.31,0.0,5.25,2.11,0.0,0.0,0.0,627.68,4364.72,87.36,604.72,0.002018,Vegetation,23.82,0.0,64.89,11.07,0.22,0,0.0,Unknown,0,187.88,273.07,273.07,365.51,578.34
cell_02416,80.1975,13.1875,299636.8041333403,3.0,18.0,11.61,0.0,12.26,3.14,0.0,0.0,0.0,771.35,4917.69,344.71,0.0,0.0,Built-up,48.98,0.0,40.56,8.67,1.79,0,0.0,Unknown,0,187.88,273.07,273.07,365.51,578.34
cell_02417,80.1975,13.1925,299630.8292918511,6.0,18.0,11.47,0.0,10.56,2.5,0.0,0.0,0.0,1098.06,5470.67,794.92,0.0,0.0,Vegetation,18.83,0.0,41.43,39.16,0.58,0,0.0,Unknown,0,187.88,273.07,273.07,365.51,578.34
cell_02418,80.1975,13.1975,299624.85221613874,5.0,16.0,11.07,0.0,6.65,2.12,0.0,0.0,0.0,1516.21,6023.65,1317.37,0.0,0.0,Built-up,42.03,0.0,40.82,14.41,2.74,0,0.0,Unknown,0,187.88,273.07,273.07,365.51,578.34
cell_02419,80.1975,13.2025,299618.87290667155,6.0,15.0,10.1,0.0,6.19,2.07,0.0,0.0,0.0,1997.57,6576.64,1857.59,0.0,0.0,Built-up,39.89,0.0,23.6,35.55,0.96,0,0.0,Unknown,0,187.88,273.07,273.07,365.51,578.34
cell_02420,80.1975,13.2075,299612.891363303,5.0,15.0,9.58,0.0,6.98,2.72,0.0,0.0,0.0,2459.12,7129.62,2392.2,0.0,0.0,Vegetation,19.12,0.0,43.31,37.37,0.19,0,0.0,Unknown,0,187.88,273.07,273.07,365.51,578.34
cell_02421,80.1975,13.2125,299606.9075858082,6.0,15.0,9.79,0.0,6.98,2.43,0.0,0.0,0.0,2811.61,7384.76,2920.97,0.0,0.0,Cropland,18.94,0.0,8.39,70.28,2.39,0,0.0,Unknown,0,187.88,273.07,273.07,365.51,578.34
cell_02422,80.1975,13.2175,299600.92157445074,5.0,18.0,12.49,0.0,7.39,2.56,0.0,0.0,0.0,3218.03,7102.46,3457.32,0.0,0.0,Vegetation,22.26,0.06,51.79,25.67,0.22,0,0.0,Unknown,0,187.88,273.07,273.07,365.51,578.34
cell_02423,80.1975,13.2225,299594.93332941487,7.0,18.0,13.29,0.0,6.51,2.18,0.0,0.0,0.0,3661.15,6853.22,3998.21,0.0,0.0,Vegetation,19.25,0.0,60.32,20.42,0.0,0,0.0,Unknown,0,187.88,273.07,273.07,365.51,578.34
cell_02424,80.1975,13.2275,299588.94285047567,8.0,20.0,12.75,0.0,8.16,2.4,0.0,0.0,0.0,4130.86,6640.78,4542.01,0.0,0.0,Vegetation,9.79,0.0,68.11,22.03,0.06,0,0.0,Unknown,0,187.88,273.07,273.07,365.51,578.34
cell_02425,80.1975,13.2325,299582.9501375352,9.0,18.0,12.64,0.0,6.81,2.32,0.0,0.0,0.0,4515.94,6468.76,5087.8,0.0,0.0,Cropland,4.53,0.0,36.51,58.96,0.0,0,0.0,Unknown,0,187.88,273.07,273.07,365.51,578.34
cell_02426,80.1975,13.2375,299576.95519110886,9.0,19.0,14.05,0.0,8.3,2.12,0.0,0.0,0.0,3963.13,6340.46,5634.99,0.0,0.0,Cropland,16.2,0.0,36.66,46.72,0.42,0,0.0,Unknown,0,187.88,273.07,273.07,365.51,578.34
cell_02427,80.1975,13.2425,299570.95801103517,7.0,21.0,13.79,0.0,8.29,2.93,0.0,0.0,0.0,3410.38,6258.56,6183.22,0.0,0.0,Cropland,5.1,0.0,41.29,53.6,0.0,0,0.0,Unknown,0,187.88,273.07,273.07,365.51,578.34
cell_02428,80.1975,13.2475,299564.95859708765,8.0,26.0,14.43,0.0,9.89,3.25,0.0,0.0,0.0,2857.71,6224.89,6732.22,0.0,0.0,Cropland,1.24,0.0,37.4,61.35,0.0,0,0.0,Unknown,0,187.88,273.07,273.07,365.51,578.34
cell_02429,80.1975,13.2525,299558.9569494356,0.0,0.0,0.0,0.0,0.0,0.0,0.0,0.0,0.0,2305.21,6240.23,7281.83,0.0,0.0,Unknown,0.0,0.0,0.0,0.0,0.0,0,0.0,Unknown,0,187.88,273.07,273.07,365.51,578.34
cell_02430,80.2025,12.8525,300031.328087027,2.0,15.0,7.93,0.0,7.59,2.87,0.0,0.0,0.0,1608.02,2400.24,3513.4,0.0,0.0,Water,7.31,50.94,36.56,4.97,0.23,0,0.0,Unknown,0,187.88,273.07,273.07,365.51,578.34
cell_02431,80.2025,12.8575,300025.50304688525,1.0,11.0,5.8,0.0,5.94,2.1,0.0,0.0,0.0,1433.3,1847.34,3540.77,0.0,0.0,Vegetation,26.37,25.06,36.29,12.28,0.0,0,0.0,Unknown,0,187.88,273.07,273.07,365.51,578.34
cell_02432,80.2025,12.8625,300019.675770325,0.0,9.0,3.95,0.0,5.15,1.5,0.0,0.0,0.0,1404.11,1294.49,3652.61,0.0,0.0,Vegetation,8.16,0.0,70.95,20.25,0.64,0,0.0,Unknown,0,187.88,273.07,273.07,365.51,578.34
cell_02433,80.2025,12.8675,300013.8462574363,0.0,10.0,3.85,0.0,7.8,1.97,0.0,0.0,0.0,1558.82,741.85,3813.29,0.0,0.0,Vegetation,8.18,0.0,57.24,34.29,0.29,0,0.0,Unknown,0,187.88,273.07,273.07,365.51,578.34
cell_02434,80.2025,12.8725,300008.0145082468,-5.0,6.0,2.37,0.0,7.59,1.92,0.0,0.0,0.0,1870.78,190.1,3937.48,438.01,0.00146,Vegetation,22.1,0.06,47.96,25.45,4.43,0,0.0,Unknown,0,187.88,273.07,273.07,365.51,578.34
cell_02435,80.2025,12.8775,300002.1805228943,-3.0,6.0,2.84,0.0,7.8,1.89,0.0,0.0,0.0,1998.42,292.39,4068.02,228.38,0.000761,Vegetation,20.31,9.41,40.82,28.99,0.48,0,0.0,Unknown,0,187.88,273.07,273.07,365.51,578.34
cell_02436,80.2025,12.8825,299996.3443011376,-3.0,11.0,4.69,0.0,9.01,2.73,0.0,0.0,0.0,1738.77,811.58,4103.68,0.0,0.0,Built-up,64.68,2.27,15.03,17.4,0.62,0,0.0,Unknown,0,187.88,273.07,273.07,365.51,578.34
cell_02437,80.2025,12.8875,299990.5058434623,-3.0,12.0,4.05,0.0,10.16,2.95,0.0,0.0,0.0,1460.86,859.87,4026.83,0.0,0.0,Built-up,49.81,0.19,26.63,21.78,1.59,0,0.0,Unknown,0,187.88,273.07,273.07,365.51,578.34
cell_02438,80.2025,12.8925,299984.665149485,-1.0,6.0,1.95,0.0,6.19,1.85,0.0,0.0,0.0,1361.29,730.95,3950.32,0.0,0.0,Built-up,51.98,0.0,23.05,22.9,2.07,0,0.0,Unknown,0,187.88,273.07,273.07,365.51,578.34
cell_02439,80.2025,12.8975,299978.8222193899,-1.0,5.0,1.75,0.0,4.81,1.51,0.0,0.0,0.0,1412.7,739.12,3919.27,0.0,0.0,Cropland,11.62,0.0,36.82,50.26,1.3,0,0.0,Unknown,0,187.88,273.07,273.07,365.51,578.34
cell_02440,80.2025,12.9025,299972.97705317376,-1.0,10.0,3.02,0.0,6.83,2.07,0.0,0.0,0.0,872.66,912.53,3959.89,0.0,0.0,Vegetation,28.54,0.0,49.59,21.88,0.0,0,0.0,Unknown,0,187.88,273.07,273.07,365.51,578.34
cell_02441,80.2025,12.9075,299967.12965127424,-1.0,11.0,4.67,0.0,8.66,2.33,59.17,0.000197,1.0,372.72,1144.86,4027.03,0.0,0.0,Built-up,72.03,0.0,19.36,8.1,0.51,0,0.0,Unknown,0,187.88,273.07,273.07,365.51,578.34
cell_02442,80.2025,12.9125,299961.2800130706,-1.0,10.0,4.23,0.0,4.76,1.76,5575.94,0.018589,33.0,223.81,1219.89,4021.49,0.0,0.0,Built-up,42.37,0.0,41.49,14.94,1.2,0,0.0,Unknown,0,187.88,273.07,273.07,365.51,578.34
cell_02443,80.2025,12.9175,299955.42813871655,2.0,16.0,7.72,0.0,5.79,2.15,9274.83,0.030921,61.0,56.95,1471.89,3468.84,0.0,0.0,Built-up,41.55,0.0,34.79,23.47,0.19,0,0.0,Unknown,0,187.88,273.07,273.07,365.51,578.34
cell_02444,80.2025,12.9225,299949.57402890304,9.0,19.0,13.95,0.0,6.16,2.15,13566.47,0.045229,83.0,315.09,1819.32,2916.31,0.0,0.0,Built-up,87.4,0.45,7.78,1.31,3.06,0,0.0,Unknown,0,187.88,273.07,273.07,365.51,578.34
cell_02445,80.2025,12.9275,299943.71768283576,7.0,18.0,12.81,0.0,4.98,2.03,12948.88,0.043171,78.0,340.33,2031.25,2363.99,0.0,0.0,Built-up,88.6,0.0,10.88,0.29,0.23,0,0.0,Unknown,0,187.88,273.07,273.07,365.51,578.34
cell_02446,80.2025,12.9325,299937.859100763,5.0,14.0,9.72,0.0,6.19,2.06,10239.86,0.03414,60.0,185.63,2192.2,1812.08,0.0,0.0,Built-up,69.36,0.03,17.19,12.31,1.12,1,0.0,Unknown,1,187.88,273.07,273.07,365.51,578.34
cell_02447,80.2025,12.9375,299931.99828328105,0.0,11.0,6.11,0.0,5.46,1.93,9412.8,0.031383,76.0,135.1,2028.38,1260.67,0.0,0.0,Built-up,65.21,0.0,19.16,15.56,0.06,0,8.5,Unknown,1,187.88,273.07,273.07,365.51,578.34
cell_02448,80.2025,12.9425,299926.1352297692,-5.0,9.0,2.35,0.0,8.59,2.37,11034.66,0.036791,74.0,144.63,1779.74,709.46,0.0,0.0,Built-up,56.82,9.42,25.29,7.6,0.88,0,0.0,Unknown,0,187.88,273.07,273.07,365.51,578.34
cell_02449,80.2025,12.9475,299920.2699404921,-7.0,7.0,0.69,0.0,9.93,2.6,5336.63,0.017794,33.0,0.0,1678.92,168.12,405.22,0.001351,Built-up,46.62,34.47,15.82,1.28,1.82,0,38.33,Unknown,1,187.88,273.07,273.07,365.51,578.34
cell_02450,80.2025,12.9525,299914.40241560276,-2.0,6.0,2.1,0.0,5.46,1.92,9331.29,0.031113,46.0,311.82,1687.71,222.66,319.98,0.001067,Built-up,87.95,0.0,10.84,0.67,0.54,1,0.0,Unknown,1,187.88,273.07,273.07,365.51,578.34
cell_02451,80.2025,12.9575,299908.5326550181,-1.0,8.0,2.79,0.0,5.59,1.75,15074.52,0.050264,75.0,376.38,1603.27,733.17,0.0,0.0,Built-up,95.94,0.0,4.03,0.0,0.03,1,0.0,Unknown,1,187.88,273.07,273.07,365.51,578.34
cell_02452,80.2025,12.9625,299902.66065849666,2.0,10.0,5.7,0.0,4.76,1.51,15292.67,0.050992,80.0,366.93,1467.19,1260.72,0.0,0.0,Built-up,97.13,0.0,2.84,0.0,0.03,0,0.0,Unknown,0,187.88,273.07,273.07,365.51,578.34
cell_02453,80.2025,12.9675,299896.78642660286,1.0,13.0,5.99,0.0,6.51,2.47,11411.29,0.038051,67.0,0.0,1502.72,1073.32,0.0,0.0,Built-up,72.35,15.43,9.73,0.38,2.1,0,0.0,Unknown,0,187.88,273.07,273.07,365.51,578.34
cell_02454,80.2025,12.9725,299890.9099592531,0.0,10.0,5.85,0.0,6.65,1.8,11525.12,0.038431,74.0,72.84,1724.9,635.51,0.0,0.0,Built-up,84.45,2.34,9.22,2.63,1.36,0,0.0,Unknown,0,187.88,273.07,273.07,365.51,578.34
cell_02455,80.2025,12.9775,299885.03125590674,1.0,14.0,5.19,0.0,6.16,2.21,14660.53,0.048887,98.0,491.69,2074.6,164.15,569.14,0.001898,Built-up,90.91,0.0,6.35,2.2,0.54,2,6.5,Unknown,1,187.88,273.07,273.07,365.51,578.34
cell_02456,80.2025,12.9825,299879.1503175541,3.0,14.0,8.02,0.0,5.25,1.94,15648.05,0.052181,85.0,681.39,2498.84,355.91,0.0,0.0,Built-up,98.5,0.0,1.43,0.0,0.06,8,0.0,Unknown,1,187.88,273.07,273.07,365.51,578.34
cell_02457,80.2025,12.9875,299873.267143354,5.0,15.0,10.17,0.0,5.71,2.31,14677.33,0.048945,87.0,276.83,2965.81,170.81,385.79,0.001287,Built-up,97.92,0.0,2.05,0.0,0.03,1,0.0,Unknown,1,187.88,273.07,273.07,365.51,578.34
cell_02458,80.2025,12.9925,299867.3817337752,7.0,16.0,11.47,0.0,6.89,2.14,13816.98,0.046077,76.0,223.43,2821.27,265.31,11.22,3.7e-05,Built-up,98.66,0.0,0.92,0.0,0.41,1,0.0,Unknown,1,187.88,273.07,273.07,365.51,578.34
cell_02459,80.2025,12.9975,299861.49408871867,10.0,18.0,14.06,0.0,5.25,1.83,11082.21,0.036958,51.0,427.76,2575.63,588.97,0.0,0.0,Built-up,94.39,0.0,5.07,0.0,0.54,1,7.0,Unknown,1,187.88,273.07,273.07,365.51,578.34
cell_02460,80.2025,13.0025,299855.6042085749,12.0,22.0,16.56,0.0,8.75,2.35,6661.23,0.022215,34.0,481.38,2146.95,926.32,0.0,0.0,Built-up,80.71,0.0,15.97,1.04,2.27,1,0.0,Unknown,1,187.88,273.07,273.07,365.51,578.34
cell_02461,80.2025,13.0075,299849.71209285135,9.0,23.0,14.98,0.0,7.09,2.38,2709.51,0.009036,20.0,921.4,1698.22,1407.43,0.0,0.0,Built-up,74.62,0.0,22.35,0.32,2.71,1,0.0,Unknown,1,187.88,273.07,273.07,365.51,578.34
cell_02462,80.2025,13.0125,299843.8177417797,9.0,18.0,12.17,0.0,6.19,1.83,2928.75,0.009768,16.0,1240.47,1319.74,1629.22,0.0,0.0,Built-up,81.86,0.0,16.8,0.0,1.34,0,0.0,Unknown,0,187.88,273.07,273.07,365.51,578.34
cell_02463,80.2025,13.0175,299837.9211555127,9.0,17.0,12.47,0.0,6.41,1.83,16116.91,0.053752,124.0,1025.01,1074.92,1103.23,0.0,0.0,Built-up,97.47,0.0,1.88,0.0,0.65,1,0.0,Unknown,1,187.88,273.07,273.07,365.51,578.34
cell_02464,80.2025,13.0225,299832.02233402984,9.0,17.0,12.5,0.0,4.29,1.7,12970.9,0.043261,85.0,580.52,611.1,550.35,0.0,0.0,Built-up,90.82,0.0,8.99,0.03,0.16,1,0.0,Unknown,1,187.88,273.07,273.07,365.51,578.34
cell_02465,80.2025,13.0275,299826.12127720186,5.0,16.0,10.09,0.0,6.72,2.27,10610.19,0.035388,60.0,47.68,75.91,15.08,615.61,0.002053,Built-up,69.61,8.13,21.3,0.19,0.77,0,0.0,Unknown,0,187.88,273.07,273.07,365.51,578.34
cell_02466,80.2025,13.0325,299820.2179853246,9.0,18.0,12.71,0.0,6.19,1.89,15205.24,0.050715,72.0,433.28,459.28,6.66,615.51,0.002053,Built-up,84.12,0.0,15.52,0.0,0.36,0,0.0,Unknown,0,187.88,273.07,273.07,365.51,578.34
cell_02467,80.2025,13.0375,299814.312458614,11.0,19.0,14.85,0.0,4.89,1.72,13962.06,0.046569,73.0,974.47,994.47,182.13,566.29,0.001889,Built-up,80.42,0.0,19.52,0.0,0.06,2,15.0,Unknown,1,187.88,273.07,273.07,365.51,578.34
cell_02468,80.2025,13.0425,299808.4046961018,9.0,20.0,14.57,0.0,8.02,2.33,12671.29,0.042265,69.0,1189.3,1534.77,356.77,4.1,1.4e-05,Built-up,82.65,0.0,16.14,0.26,0.96,0,0.0,Unknown,0,187.88,273.07,273.07,365.51,578.34
cell_02469,80.2025,13.0475,299802.4946988429,11.0,20.0,15.12,0.0,5.94,2.12,7717.48,0.025742,42.0,698.54,2081.7,856.97,0.0,0.0,Built-up,88.41,0.0,10.81,0.0,0.78,0,0.0,Unknown,0,187.88,273.07,273.07,365.51,578.34
cell_02470,80.2025,13.0525,299796.58246687986,11.0,18.0,14.47,0.0,4.86,1.87,12457.9,0.041555,65.0,412.6,2631.16,1002.24,0.0,0.0,Built-up,91.96,0.0,8.0,0.0,0.03,1,0.0,Unknown,1,187.88,273.07,273.07,365.51,578.34
cell_02471,80.2025,13.0575,299790.6679993872,10.0,17.0,13.49,0.0,5.79,1.9,13615.69,0.045417,83.0,653.41,2209.59,466.41,0.0,0.0,Built-up,91.29,0.0,7.62,0.41,0.67,3,0.0,Unknown,1,187.88,273.07,273.07,365.51,578.34
cell_02472,80.2025,13.0625,299784.75129738665,6.0,17.0,10.83,0.0,7.66,1.87,8371.27,0.027924,38.0,174.24,1656.61,65.11,554.19,0.001849,Built-up,65.84,0.0,31.1,2.63,0.42,1,0.0,Unknown,1,187.88,273.07,273.07,365.51,578.34
cell_02473,80.2025,13.0675,299778.83236033784,6.0,14.0,9.34,0.0,6.91,2.0,628.62,0.002097,3.0,150.06,1103.63,614.06,0.0,0.0,Vegetation,37.76,0.0,52.77,6.28,3.19,0,0.0,Unknown,0,187.88,273.07,273.07,365.51,578.34
cell_02474,80.2025,13.0725,299772.9111879986,7.0,30.0,13.0,0.0,16.25,3.15,10979.24,0.036625,56.0,437.21,550.65,1166.8,0.0,0.0,Built-up,86.64,0.0,10.78,1.31,1.28,0,0.0,Unknown,0,187.88,273.07,273.07,365.51,578.34
cell_02475,80.2025,13.0775,299766.9877814217,6.0,18.0,12.18,0.0,7.59,2.72,8561.09,0.028559,47.0,0.0,1.84,998.48,544.52,0.001816,Built-up,67.01,1.79,25.91,2.95,2.34,0,0.0,Unknown,0,187.88,273.07,273.07,365.51,578.34
cell_02476,80.2025,13.0825,299761.06213961024,11.0,23.0,16.11,0.0,9.71,2.21,11876.72,0.039621,48.0,507.84,552.2,1071.31,0.0,0.0,Built-up,83.96,0.0,15.75,0.0,0.29,0,0.0,Unknown,0,187.88,273.07,273.07,365.51,578.34
cell_02477,80.2025,13.0875,299755.1342629061,10.0,21.0,14.62,0.0,9.8,2.19,9805.28,0.032711,47.0,1046.09,1096.86,861.9,0.0,0.0,Built-up,72.6,0.0,26.69,0.0,0.71,2,0.0,Unknown,1,187.88,273.07,273.07,365.51,578.34
cell_02478,80.2025,13.0925,299749.2041518575,11.0,19.0,14.16,0.0,4.35,1.95,13238.51,0.044165,63.0,975.59,1617.35,546.94,0.0,0.0,Built-up,83.83,0.0,15.85,0.0,0.32,2,0.0,Unknown,1,187.88,273.07,273.07,365.51,578.34
cell_02479,80.2025,13.0975,299743.27180598705,9.0,18.0,13.48,0.0,5.86,2.13,12104.89,0.040384,74.0,530.71,2154.09,37.36,578.69,0.001931,Built-up,81.92,0.0,18.05,0.0,0.03,0,0.0,Unknown,0,187.88,273.07,273.07,365.51,578.34
cell_02480,80.2025,13.1025,299737.33722524164,9.0,18.0,13.61,0.0,6.81,2.14,15629.45,0.052144,109.0,449.31,2697.41,496.65,0.0,0.0,Built-up,93.67,0.0,6.1,0.0,0.23,2,0.0,Unknown,1,187.88,273.07,273.07,365.51,578.34
cell_02481,80.2025,13.1075,299731.400409823,10.0,18.0,14.15,0.0,5.79,1.88,18463.69,0.061601,102.0,519.78,3065.88,909.3,0.0,0.0,Built-up,91.17,0.0,8.1,0.0,0.73,1,0.0,Unknown,1,187.88,273.07,273.07,365.51,578.34
cell_02482,80.2025,13.1125,299725.46136007406,10.0,19.0,13.95,0.0,6.19,2.3,13179.61,0.043972,59.0,732.35,2581.59,746.46,0.0,0.0,Built-up,83.13,0.0,15.72,0.83,0.32,4,0.0,Unknown,1,187.88,273.07,273.07,365.51,578.34
cell_02483,80.2025,13.1175,299719.5200755963,5.0,19.0,13.73,0.0,4.86,2.04,14971.07,0.04995,72.0,337.41,2086.91,354.95,0.0,0.0,Built-up,82.31,0.0,17.01,0.0,0.68,0,0.0,Unknown,0,187.88,273.07,273.07,365.51,578.34
cell_02484,80.2025,13.1225,299713.5765563691,6.0,17.0,11.69,0.0,5.86,2.25,15838.52,0.052846,91.0,419.29,1630.14,154.31,501.31,0.001673,Built-up,89.8,0.0,7.88,0.0,2.33,4,10.0,Unknown,1,187.88,273.07,273.07,365.51,578.34
cell_02485,80.2025,13.1275,299707.63080311357,3.0,15.0,10.37,0.0,7.66,2.02,17337.41,0.057848,102.0,687.57,1231.43,67.07,3128.95,0.01044,Built-up,89.73,0.0,8.93,0.0,1.34,3,0.0,Unknown,1,187.88,273.07,273.07,365.51,578.34
cell_02486,80.2025,13.1325,299701.68281480053,7.0,15.0,10.87,0.0,6.93,2.09,18467.29,0.061619,111.0,461.48,981.1,192.39,1128.46,0.003765,Built-up,98.54,0.0,1.23,0.0,0.23,1,13.0,Unknown,1,187.88,273.07,273.07,365.51,578.34
cell_02487,80.2025,13.1375,299695.7325925291,5.0,16.0,9.9,0.0,4.81,1.85,16200.11,0.054055,100.0,715.97,726.16,85.62,650.83,0.002172,Built-up,94.77,0.0,4.43,0.57,0.22,1,0.0,Unknown,1,187.88,273.07,273.07,365.51,578.34
cell_02488,80.2025,13.1425,299689.78013574413,3.0,16.0,8.08,0.0,6.16,2.2,13182.17,0.043986,88.0,549.3,579.22,246.32,319.44,0.001066,Built-up,80.26,0.0,12.76,6.28,0.7,0,0.0,Unknown,0,187.88,273.07,273.07,365.51,578.34
cell_02489,80.2025,13.1475,299683.82544450305,4.0,17.0,9.12,0.0,6.51,2.04,13831.55,0.046154,80.0,412.7,758.73,42.51,594.45,0.001984,Built-up,59.74,0.0,21.27,16.82,2.18,1,0.0,Unknown,1,187.88,273.07,273.07,365.51,578.34
cell_02490,80.2025,13.1525,299677.86851889617,10.0,22.0,17.12,0.0,6.89,2.33,8972.95,0.029942,56.0,759.94,1194.75,594.68,0.0,0.0,Built-up,69.07,0.0,18.56,8.32,4.05,0,0.0,Unknown,0,187.88,273.07,273.07,365.51,578.34
cell_02491,80.2025,13.1575,299671.9093589049,13.0,24.0,19.13,0.0,8.8,2.33,7251.44,0.024198,36.0,942.16,1700.23,1128.27,0.0,0.0,Built-up,56.35,0.0,33.39,6.41,3.86,0,0.0,Unknown,0,187.88,273.07,273.07,365.51,578.34
cell_02492,80.2025,13.1625,299665.9479649816,12.0,21.0,16.4,0.0,6.19,1.98,5588.24,0.018648,21.0,635.17,2228.39,1349.05,0.0,0.0,Built-up,76.79,0.0,18.02,4.16,1.04,0,0.0,Unknown,0,187.88,273.07,273.07,365.51,578.34
cell_02493,80.2025,13.1675,299659.9843366954,5.0,19.0,13.0,0.0,5.94,2.19,12400.05,0.04138,54.0,711.26,2766.27,836.95,0.0,0.0,Built-up,73.41,0.0,24.14,1.28,1.18,0,0.0,Unknown,0,187.88,273.07,273.07,365.51,578.34
cell_02494,80.2025,13.1725,299654.0184741055,4.0,14.0,8.2,0.0,4.89,1.7,16350.68,0.054565,88.0,1100.11,3309.14,316.63,68.42,0.000228,Built-up,84.5,0.0,13.46,1.4,0.64,0,0.0,Unknown,0,187.88,273.07,273.07,365.51,578.34
cell_02495,80.2025,13.1775,299648.05037739617,2.0,13.0,7.34,0.0,6.19,2.26,2745.31,0.009162,21.0,1167.1,3854.89,87.89,734.77,0.002452,Built-up,56.1,0.0,26.4,17.4,0.1,0,0.0,Unknown,0,187.88,273.07,273.07,365.51,578.34
cell_02496,80.2025,13.1825,299642.0800465322,5.0,15.0,9.37,0.0,6.03,2.16,0.0,0.0,0.0,1167.8,4402.44,401.16,0.0,0.0,Built-up,59.79,0.0,30.1,9.38,0.73,0,0.0,Unknown,0,187.88,273.07,273.07,365.51,578.34
cell_02497,80.2025,13.1875,299636.10748177825,4.0,16.0,10.96,0.0,6.83,2.21,0.0,0.0,0.0,1272.99,4951.2,806.01,0.0,0.0,Built-up,52.23,0.0,36.51,8.64,2.61,0,0.0,Unknown,0,187.88,273.07,273.07,365.51,578.34
cell_02498,80.2025,13.1925,299630.13268298696,5.0,16.0,9.89,0.0,8.13,2.57,0.0,0.0,0.0,1518.06,5500.81,1114.73,0.0,0.0,Vegetation,29.38,0.0,46.59,23.93,0.1,0,0.0,Unknown,0,187.88,273.07,273.07,365.51,578.34
cell_02499,80.2025,13.1975,299624.1556497275,5.0,14.0,9.59,0.0,7.09,2.3,0.0,0.0,0.0,1870.82,6051.04,1542.04,0.0,0.0,Cropland,28.92,0.0,26.08,44.83,0.16,0,0.0,Unknown,0,187.88,273.07,273.07,365.51,578.34
cell_02500,80.2025,13.2025,299618.17638289515,5.0,17.0,9.24,0.0,5.94,2.19,0.0,0.0,0.0,2281.15,6601.73,2026.37,0.0,0.0,Cropland,0.13,0.0,22.64,77.23,0.0,0,0.0,Unknown,0,187.88,273.07,273.07,365.51,578.34
cell_02501,80.2025,13.2075,299612.19488221785,4.0,18.0,9.79,0.0,10.43,2.49,0.0,0.0,0.0,2741.97,7152.77,2536.33,0.0,0.0,Vegetation,0.32,0.03,51.49,48.08,0.06,0,0.0,Unknown,0,187.88,273.07,273.07,365.51,578.34
cell_02502,80.2025,13.2125,299606.2111471702,6.0,15.0,10.12,0.0,6.16,2.25,0.0,0.0,0.0,3222.87,6934.26,3061.26,0.0,0.0,Cropland,5.2,0.0,24.36,70.44,0.0,0,0.0,Unknown,0,187.88,273.07,273.07,365.51,578.34
cell_02503,80.2025,13.2175,299600.22517848975,8.0,18.0,11.76,0.0,6.19,2.15,0.0,0.0,0.0,3585.57,6632.82,3594.62,0.0,0.0,Vegetation,5.01,0.29,53.0,41.71,0.0,0,0.0,Unknown,0,187.88,273.07,273.07,365.51,578.34
cell_02504,80.2025,13.2225,299594.23697612435,7.0,16.0,11.74,0.0,6.19,2.07,0.0,0.0,0.0,3989.98,6365.23,4133.14,0.0,0.0,Cropland,0.0,0.0,24.06,75.94,0.0,0,0.0,Unknown,0,187.88,273.07,273.07,365.51,578.34
cell_02505,80.2025,13.2275,299588.24653984985,6.0,16.0,11.11,0.0,5.94,2.3,0.0,0.0,0.0,4424.91,6135.93,4664.93,0.0,0.0,Cropland,14.76,0.0,12.47,72.61,0.16,0,0.0,Unknown,0,187.88,273.07,273.07,365.51,578.34
cell_02506,80.2025,13.2325,299582.2538697078,7.0,17.0,11.21,0.0,6.81,2.15,0.0,0.0,0.0,4561.16,5949.34,5197.82,0.0,0.0,Cropland,0.0,0.0,5.45,94.55,0.0,0,0.0,Unknown,0,187.88,273.07,273.07,365.51,578.34
cell_02507,80.2025,13.2375,299576.25896600913,9.0,21.0,14.35,0.0,8.02,2.38,0.0,0.0,0.0,4014.58,5809.59,5734.52,0.0,0.0,Cropland,19.55,0.0,32.86,47.56,0.03,0,0.0,Unknown,0,187.88,273.07,273.07,365.51,578.34
cell_02508,80.2025,13.2425,299570.26182841905,7.0,17.0,12.27,0.0,7.66,2.28,0.0,0.0,0.0,3470.03,5720.1,6274.05,0.0,0.0,Cropland,0.13,0.0,37.4,62.47,0.0,0,0.0,Unknown,0,187.88,273.07,273.07,365.51,578.34
cell_02509,80.2025,13.2475,299564.2624573755,8.0,28.0,13.48,0.0,10.61,2.79,0.0,0.0,0.0,2928.64,5683.25,6815.74,0.0,0.0,Cropland,0.19,0.06,33.71,65.78,0.26,0,0.0,Unknown,0,187.88,273.07,273.07,365.51,578.34
cell_02510,80.2025,13.2525,299558.26085252676,0.0,0.0,0.0,0.0,0.0,0.0,0.0,0.0,0.0,2392.57,5700.07,7359.12,0.0,0.0,Unknown,0.0,0.0,0.0,0.0,0.0,0,0.0,Unknown,0,187.88,273.07,273.07,365.51,578.34
cell_02511,80.2075,12.8525,300030.6329884012,1.0,14.0,5.68,0.0,11.6,2.25,0.0,0.0,0.0,1129.33,2466.07,2971.1,0.0,0.0,Vegetation,19.67,27.93,31.34,20.83,0.23,0,0.0,Unknown,0,187.88,273.07,273.07,365.51,578.34
cell_02512,80.2075,12.8575,300024.8079896583,1.0,13.0,5.01,0.0,7.8,2.09,0.0,0.0,0.0,912.77,1924.1,3003.42,0.0,0.0,Vegetation,6.07,8.44,45.03,39.48,0.97,0,0.0,Unknown,0,187.88,273.07,273.07,365.51,578.34
cell_02513,80.2075,12.8625,300018.98075448954,-1.0,7.0,2.47,0.0,4.86,1.89,0.0,0.0,0.0,865.83,1384.33,3134.1,0.0,0.0,Vegetation,14.45,0.0,58.7,26.59,0.26,0,0.0,Unknown,0,187.88,273.07,273.07,365.51,578.34
cell_02514,80.2075,12.8675,300013.15128295455,-1.0,6.0,2.72,0.0,6.81,1.82,159.48,0.000532,0.0,1099.11,858.67,3284.61,0.0,0.0,Vegetation,19.87,0.0,52.17,25.82,2.15,0,0.0,Unknown,0,187.88,273.07,273.07,365.51,578.34
cell_02515,80.2075,12.8725,300007.3195751435,-1.0,6.0,2.63,0.0,4.84,1.61,4973.8,0.016579,31.0,1509.31,323.25,3408.8,0.0,0.0,Built-up,45.19,0.39,33.18,20.81,0.42,0,0.0,Unknown,0,187.88,273.07,273.07,365.51,578.34
cell_02516,80.2075,12.8775,300001.4856313991,-1.0,8.0,2.33,0.0,6.41,1.88,4075.81,0.013586,39.0,1531.95,139.79,3550.21,779.26,0.002598,Built-up,64.71,0.0,23.96,4.48,6.85,0,0.0,Unknown,0,187.88,273.07,273.07,365.51,578.34
cell_02517,80.2075,12.8825,299995.6494509431,-4.0,8.0,1.91,0.0,8.59,2.47,0.0,0.0,0.0,1286.12,373.82,3566.44,0.0,0.0,Built-up,54.08,0.0,14.68,6.88,24.36,0,0.0,Unknown,0,187.88,273.07,273.07,365.51,578.34
cell_02518,80.2075,12.8875,299989.8110347344,-6.0,9.0,2.16,0.0,10.2,2.77,0.0,0.0,0.0,975.0,339.0,3489.59,0.0,0.0,Built-up,48.54,0.0,36.49,5.91,9.06,0,0.0,Unknown,0,187.88,273.07,273.07,365.51,578.34
cell_02519,80.2075,12.8925,299983.9703821376,-1.0,4.0,1.18,0.0,4.35,1.51,0.0,0.0,0.0,818.92,191.73,3412.75,563.41,0.001878,Vegetation,10.26,1.66,43.77,38.38,5.94,0,0.0,Unknown,0,187.88,273.07,273.07,365.51,578.34
cell_02520,80.2075,12.8975,299978.1274935433,-2.0,9.0,2.29,0.0,5.86,1.87,0.0,0.0,0.0,971.31,213.07,3376.86,416.47,0.001388,Built-up,44.69,0.0,33.65,17.92,3.74,0,0.0,Unknown,0,187.88,273.07,273.07,365.51,578.34
cell_02521,80.2075,12.9025,299972.2823689154,-5.0,5.0,1.25,0.0,9.52,1.91,0.0,0.0,0.0,818.06,495.14,3419.9,0.0,0.0,Cropland,30.75,0.0,24.45,44.45,0.36,0,0.0,Unknown,0,187.88,273.07,273.07,365.51,578.34
cell_02522,80.2075,12.9075,299966.4350083126,-3.0,7.0,0.92,0.0,7.5,2.24,0.0,0.0,0.0,673.64,603.71,3494.29,0.0,0.0,Built-up,40.06,0.36,32.73,25.52,1.33,0,0.0,Unknown,0,187.88,273.07,273.07,365.51,578.34
cell_02523,80.2075,12.9125,299960.5854117777,-3.0,7.0,1.76,0.0,5.94,1.91,4289.54,0.0143,39.0,739.08,714.42,3598.74,0.0,0.0,Vegetation,6.45,0.3,74.38,18.68,0.2,0,0.0,Unknown,0,187.88,273.07,273.07,365.51,578.34
cell_02524,80.2075,12.9175,299954.7335788968,-2.0,10.0,3.77,0.0,6.41,2.57,6547.74,0.021829,49.0,369.25,1049.73,3455.65,0.0,0.0,Vegetation,18.25,0.0,43.6,38.15,0.0,0,0.0,Unknown,0,187.88,273.07,273.07,365.51,578.34
cell_02525,80.2075,12.9225,299948.8795106118,-2.0,13.0,5.61,0.0,7.85,2.48,15987.95,0.053302,117.0,8.75,1397.91,2903.16,0.0,0.0,Built-up,73.96,0.52,14.94,9.42,1.17,0,0.0,Unknown,0,187.88,273.07,273.07,365.51,578.34
cell_02526,80.2075,12.9275,299943.0232061925,2.0,15.0,8.69,0.0,6.83,2.15,15902.28,0.053018,129.0,178.74,1506.51,2350.67,0.0,0.0,Built-up,92.53,0.03,6.15,0.89,0.4,0,0.0,Unknown,0,187.88,273.07,273.07,365.51,578.34
cell_02527,80.2075,12.9325,299937.16466569784,4.0,13.0,8.64,0.0,5.59,2.04,14105.13,0.047027,105.0,92.44,1650.51,1798.19,0.0,0.0,Built-up,86.1,0.88,9.25,3.51,0.26,0,0.0,Unknown,0,187.88,273.07,273.07,365.51,578.34
cell_02528,80.2075,12.9375,299931.30388967623,3.0,11.0,7.01,0.0,5.15,2.11,12360.48,0.041211,77.0,358.69,1607.21,1246.09,0.0,0.0,Built-up,91.88,0.0,7.4,0.13,0.58,0,0.0,Unknown,0,187.88,273.07,273.07,365.51,578.34
cell_02529,80.2075,12.9425,299925.44087798084,-1.0,9.0,3.49,0.0,5.79,2.03,10516.79,0.035065,63.0,247.7,1279.19,695.37,0.0,0.0,Built-up,84.13,1.42,10.05,3.87,0.53,1,6.25,Unknown,1,187.88,273.07,273.07,365.51,578.34
cell_02530,80.2075,12.9475,299919.57563011785,-2.0,6.0,1.14,0.0,5.79,2.07,6428.07,0.021433,32.0,400.92,1138.5,154.92,567.23,0.001891,Built-up,72.73,0.26,13.8,3.28,9.94,0,0.0,Unknown,0,187.88,273.07,273.07,365.51,578.34
cell_02531,80.2075,12.9525,299913.7081470149,-3.0,5.0,0.61,0.0,6.93,2.03,13920.8,0.046416,52.0,564.21,1157.17,394.24,0.0,0.0,Built-up,72.92,0.0,23.93,1.95,1.2,0,0.0,Unknown,0,187.88,273.07,273.07,365.51,578.34
cell_02532,80.2075,12.9575,299907.838427957,-6.0,5.0,0.43,0.0,6.89,2.35,13761.91,0.045887,31.0,693.95,1067.63,945.8,0.0,0.0,Built-up,76.13,0.0,20.99,1.09,1.79,0,0.0,Unknown,0,187.88,273.07,273.07,365.51,578.34
cell_02533,80.2075,12.9625,299901.96647319256,-2.0,5.0,2.23,0.0,4.35,1.65,13760.82,0.045884,53.0,603.41,931.4,931.4,0.0,0.0,Built-up,98.18,0.0,0.94,0.58,0.29,0,0.0,Unknown,0,187.88,273.07,273.07,365.51,578.34
cell_02534,80.2075,12.9675,299896.09228292236,-1.0,7.0,2.69,0.0,4.98,1.66,14012.86,0.046726,66.0,485.12,986.44,732.09,0.0,0.0,Built-up,97.4,0.0,0.97,1.4,0.23,2,0.0,Unknown,1,187.88,273.07,273.07,365.51,578.34
cell_02535,80.2075,12.9725,299890.2158572995,-2.0,8.0,2.74,0.0,6.65,2.12,13808.16,0.046044,78.0,117.03,1300.07,303.2,168.08,0.00056,Built-up,91.9,0.0,4.5,3.17,0.43,0,0.0,Unknown,0,187.88,273.07,273.07,365.51,578.34
cell_02536,80.2075,12.9775,299884.3371957045,-1.0,7.0,2.96,0.0,6.15,1.9,13566.43,0.045239,62.0,417.3,1737.5,131.68,650.58,0.002169,Built-up,93.34,0.0,4.97,1.1,0.58,2,0.0,Unknown,1,187.88,273.07,273.07,365.51,578.34
cell_02537,80.2075,12.9825,299878.4562988592,2.0,10.0,6.71,0.0,5.25,1.92,14170.71,0.047255,80.0,600.1,2226.92,480.23,0.0,0.0,Built-up,97.53,0.0,2.47,0.0,0.0,1,0.0,Unknown,1,187.88,273.07,273.07,365.51,578.34
cell_02538,80.2075,12.9875,299872.57316652243,1.0,14.0,8.07,0.0,7.53,2.32,13311.76,0.044391,63.0,47.13,2740.62,290.37,0.0,0.0,Built-up,79.34,1.65,10.78,8.07,0.17,1,0.0,Unknown,1,187.88,273.07,273.07,365.51,578.34
cell_02539,80.2075,12.9925,299866.6877987053,4.0,13.0,8.45,0.0,6.98,2.16,18015.03,0.060077,104.0,378.41,2915.53,509.0,0.0,0.0,Built-up,96.69,0.0,3.21,0.0,0.1,0,0.0,Unknown,0,187.88,273.07,273.07,365.51,578.34
cell_02540,80.2075,12.9975,299860.8001954357,6.0,17.0,11.26,0.0,7.26,2.3,12979.82,0.043286,78.0,289.63,2388.78,866.69,0.0,0.0,Built-up,90.32,0.0,9.68,0.0,0.0,1,7.4,Unknown,1,187.88,273.07,273.07,365.51,578.34
cell_02541,80.2075,13.0025,299854.91035697726,7.0,16.0,11.84,0.0,5.94,1.81,14154.81,0.047206,79.0,312.61,1874.02,1230.64,0.0,0.0,Built-up,92.83,0.0,6.98,0.0,0.2,1,6.0,Unknown,1,187.88,273.07,273.07,365.51,578.34
cell_02542,80.2075,13.0075,299849.01828296256,7.0,19.0,11.95,0.0,6.93,2.12,7146.82,0.023835,36.0,847.37,1388.7,1689.13,0.0,0.0,Built-up,81.53,0.0,18.34,0.0,0.13,0,0.0,Unknown,0,187.88,273.07,273.07,365.51,578.34
cell_02543,80.2075,13.0125,299843.1239737343,7.0,16.0,11.37,0.0,4.98,1.84,8149.24,0.027178,41.0,892.29,926.73,1393.82,0.0,0.0,Built-up,60.19,0.0,36.1,3.31,0.39,0,0.0,Unknown,0,187.88,273.07,273.07,365.51,578.34
cell_02544,80.2075,13.0175,299837.22742932016,6.0,16.0,10.83,0.0,5.94,2.06,9880.35,0.032952,45.0,529.95,571.77,875.79,0.0,0.0,Built-up,69.26,0.0,25.98,3.9,0.86,0,0.0,Unknown,0,187.88,273.07,273.07,365.51,578.34
cell_02545,80.2075,13.0225,299831.3286497631,6.0,16.0,11.5,0.0,6.51,2.1,9155.54,0.030536,46.0,359.86,431.11,450.42,0.0,0.0,Built-up,84.35,0.0,15.0,0.16,0.49,0,0.0,Unknown,0,187.88,273.07,273.07,365.51,578.34
cell_02546,80.2075,13.0275,299825.4276346644,2.0,17.0,10.17,0.0,8.53,2.9,13831.49,0.046132,65.0,7.38,60.54,500.32,599.44,0.001999,Built-up,80.62,7.5,7.14,3.57,1.17,1,0.0,Unknown,1,187.88,273.07,273.07,365.51,578.34
cell_02547,80.2075,13.0325,299819.52438468183,10.0,19.0,13.41,0.0,8.83,2.21,9092.53,0.030327,60.0,555.0,595.72,500.43,0.0,0.0,Built-up,83.87,0.0,15.54,0.0,0.6,3,7.32,Unknown,1,187.88,273.07,273.07,365.51,578.34
cell_02548,80.2075,13.0375,299813.6188997325,10.0,17.0,13.5,0.0,5.15,1.82,11117.62,0.037082,42.0,1098.9,1130.91,354.05,0.0,0.0,Vegetation,45.71,0.0,53.73,0.0,0.55,0,12.6,Unknown,1,187.88,273.07,273.07,365.51,578.34
cell_02549,80.2075,13.0425,299807.71117918164,10.0,18.0,13.97,0.0,5.46,1.81,15845.29,0.052852,78.0,1324.39,1666.09,414.08,0.0,0.0,Built-up,77.76,0.0,22.14,0.0,0.1,1,12.1,Unknown,1,187.88,273.07,273.07,365.51,578.34
cell_02550,80.2075,13.0475,299801.8012239229,10.0,24.0,16.05,0.0,10.82,2.9,7536.64,0.025139,39.0,903.38,2201.28,882.36,0.0,0.0,Built-up,88.17,0.0,11.6,0.0,0.23,0,0.0,Unknown,0,187.88,273.07,273.07,365.51,578.34
cell_02551,80.2075,13.0525,299795.88903370063,8.0,20.0,13.63,0.0,6.81,2.55,8326.19,0.027773,34.0,699.82,2736.46,879.62,0.0,0.0,Built-up,93.64,0.0,6.2,0.0,0.16,0,0.0,Unknown,0,187.88,273.07,273.07,365.51,578.34
cell_02552,80.2075,13.0575,299789.97460828954,9.0,16.0,12.7,0.0,5.71,1.95,13261.98,0.044238,75.0,839.58,2224.62,364.85,0.0,0.0,Built-up,85.1,0.0,13.05,1.75,0.1,1,0.0,Unknown,1,187.88,273.07,273.07,365.51,578.34
cell_02553,80.2075,13.0625,299784.0579481416,5.0,18.0,10.83,0.0,8.95,2.5,11386.24,0.037981,80.0,656.63,1703.7,169.27,579.05,0.001932,Built-up,59.8,0.0,35.37,1.26,3.57,1,0.0,Unknown,1,187.88,273.07,273.07,365.51,578.34
cell_02554,80.2075,13.0675,299778.1390528912,6.0,17.0,11.4,0.0,7.09,2.53,8872.75,0.029598,52.0,634.88,1159.0,691.58,0.0,0.0,Built-up,77.27,0.0,20.1,0.0,2.63,0,0.0,Unknown,0,187.88,273.07,273.07,365.51,578.34
cell_02555,80.2075,13.0725,299772.21792270703,9.0,19.0,14.68,0.0,9.0,2.18,14793.13,0.049348,85.0,605.12,628.94,1205.51,0.0,0.0,Built-up,97.76,0.0,2.08,0.0,0.16,1,0.0,Unknown,1,187.88,273.07,273.07,365.51,578.34
cell_02556,80.2075,13.0775,299766.2945580745,2.0,19.0,13.03,0.0,9.89,2.79,9924.65,0.033108,48.0,97.2,103.93,1537.09,561.29,0.001872,Built-up,78.35,0.89,14.64,0.76,5.36,0,0.0,Unknown,0,187.88,273.07,273.07,365.51,578.34
cell_02557,80.2075,13.0825,299760.3689582932,10.0,19.0,15.08,0.0,6.16,2.22,11781.95,0.039305,48.0,416.0,449.01,1160.64,0.0,0.0,Built-up,85.91,0.0,13.83,0.0,0.26,0,0.0,Unknown,0,187.88,273.07,273.07,365.51,578.34
cell_02558,80.2075,13.0875,299754.44112367573,8.0,19.0,13.46,0.0,9.01,2.46,6647.52,0.022177,27.0,676.44,1001.95,630.7,0.0,0.0,Built-up,51.34,0.0,48.1,0.0,0.56,0,0.0,Unknown,0,187.88,273.07,273.07,365.51,578.34
cell_02559,80.2075,13.0925,299748.5110544704,7.0,17.0,12.83,0.0,6.41,2.29,9921.68,0.0331,42.0,856.81,1554.9,101.64,438.95,0.001464,Built-up,74.84,0.0,24.74,0.36,0.06,1,0.0,Unknown,1,187.88,273.07,273.07,365.51,578.34
cell_02560,80.2075,13.0975,299742.5787507507,7.0,19.0,12.92,0.0,8.13,2.39,2943.4,0.00982,11.0,345.5,2107.84,173.17,410.12,0.001368,Built-up,81.04,0.0,18.38,0.0,0.58,0,0.0,Unknown,0,187.88,273.07,273.07,365.51,578.34
cell_02561,80.2075,13.1025,299736.64421199256,9.0,17.0,12.91,0.0,6.72,2.31,10470.61,0.034933,53.0,183.28,2639.76,682.74,0.0,0.0,Built-up,79.9,1.22,17.92,0.0,0.96,3,8.0,Unknown,1,187.88,273.07,273.07,365.51,578.34
cell_02562,80.2075,13.1075,299730.7074388064,10.0,17.0,13.73,0.0,5.46,1.7,14548.52,0.048539,72.0,11.26,3152.86,1192.31,0.0,0.0,Built-up,94.61,0.13,4.09,0.0,1.17,1,10.0,Unknown,1,187.88,273.07,273.07,365.51,578.34
cell_02563,80.2075,13.1125,299724.7684309828,9.0,17.0,13.46,0.0,5.46,2.05,14718.98,0.049108,81.0,562.76,2842.77,1108.86,0.0,0.0,Built-up,87.82,0.0,10.26,1.23,0.68,0,0.0,Unknown,0,187.88,273.07,273.07,365.51,578.34
cell_02564,80.2075,13.1175,299718.82718861225,6.0,19.0,12.89,0.0,6.89,2.27,15318.97,0.051111,98.0,838.69,2401.27,863.42,0.0,0.0,Built-up,92.13,0.0,7.67,0.0,0.2,3,0.0,Unknown,1,187.88,273.07,273.07,365.51,578.34
cell_02565,80.2075,13.1225,299712.88371151744,7.0,17.0,13.3,0.0,6.16,2.05,17775.47,0.059308,92.0,672.92,2001.77,576.32,0.0,0.0,Built-up,96.07,0.0,3.77,0.0,0.16,2,0.0,Unknown,1,187.88,273.07,273.07,365.51,578.34
cell_02566,80.2075,13.1275,299706.93800032476,6.0,17.0,11.38,0.0,8.13,2.38,15842.66,0.052861,92.0,473.59,1691.0,299.18,0.31,1e-06,Built-up,92.6,0.0,5.19,0.0,2.21,0,0.0,Unknown,0,187.88,273.07,273.07,365.51,578.34
cell_02567,80.2075,13.1325,299700.9900541932,9.0,21.0,14.98,0.0,6.83,2.28,14384.41,0.047996,69.0,229.79,1445.6,260.69,121.16,0.000404,Built-up,95.11,0.0,4.53,0.0,0.36,0,0.0,Unknown,0,187.88,273.07,273.07,365.51,578.34
cell_02568,80.2075,13.1375,299695.0398742074,5.0,18.0,12.12,0.0,6.89,2.33,13160.89,0.043914,62.0,314.05,1222.59,549.26,0.0,0.0,Built-up,96.07,0.0,3.38,0.19,0.36,0,0.0,Unknown,0,187.88,273.07,273.07,365.51,578.34
cell_02569,80.2075,13.1425,299689.08745933697,3.0,13.0,8.23,0.0,6.19,2.13,10945.12,0.036522,60.0,113.17,1119.69,367.78,0.0,0.0,Built-up,63.21,9.03,22.21,5.26,0.29,0,0.0,Unknown,0,187.88,273.07,273.07,365.51,578.34
cell_02570,80.2075,13.1475,299683.13281049347,1.0,18.0,8.86,0.0,9.01,2.49,5943.05,0.019831,13.0,68.4,1222.24,157.59,570.67,0.001904,Built-up,44.0,13.45,36.03,3.7,2.81,0,0.0,Unknown,0,187.88,273.07,273.07,365.51,578.34
cell_02571,80.2075,13.1525,299677.17592702573,8.0,20.0,14.09,0.0,5.94,1.76,12280.74,0.04098,45.0,421.69,1531.54,666.01,0.0,0.0,Built-up,88.99,0.0,10.03,0.65,0.32,1,9.0,Unknown,1,187.88,273.07,273.07,365.51,578.34
cell_02572,80.2075,13.1575,299671.2168092281,10.0,19.0,14.65,0.0,6.72,1.94,10527.95,0.035132,48.0,582.77,1951.65,998.69,0.0,0.0,Built-up,82.4,0.0,11.17,4.97,1.46,0,0.0,Unknown,0,187.88,273.07,273.07,365.51,578.34
cell_02573,80.2075,13.1625,299665.25545755407,6.0,17.0,11.91,0.0,6.16,1.96,10481.24,0.034976,49.0,176.84,2425.67,1285.78,0.0,0.0,Built-up,75.21,0.0,21.69,1.88,1.22,2,7.6,Unknown,1,187.88,273.07,273.07,365.51,578.34
cell_02574,80.2075,13.1675,299659.29187141615,4.0,15.0,7.6,0.0,4.29,1.74,14796.76,0.049379,100.0,367.36,2927.52,734.93,0.0,0.0,Built-up,69.81,0.0,20.58,9.32,0.29,1,0.0,Unknown,1,187.88,273.07,273.07,365.51,578.34
cell_02575,80.2075,13.1725,299653.3260510308,4.0,10.0,7.02,0.0,5.25,1.81,13418.95,0.044782,92.0,916.14,3445.07,185.17,566.56,0.001891,Built-up,67.89,0.0,23.6,8.34,0.16,0,0.0,Unknown,0,187.88,273.07,273.07,365.51,578.34
cell_02576,80.2075,13.1775,299647.35799666203,2.0,13.0,7.38,0.0,6.16,2.21,0.0,0.0,0.0,1468.08,3972.18,364.59,0.0,0.0,Cropland,29.39,0.0,32.6,37.52,0.5,0,0.0,Unknown,0,187.88,273.07,273.07,365.51,578.34
cell_02577,80.2075,13.1825,299641.3877081786,6.0,16.0,9.81,0.0,5.86,1.99,0.0,0.0,0.0,1707.93,4505.5,810.16,0.0,0.0,Built-up,42.14,0.0,37.01,18.7,2.14,0,0.0,Unknown,0,187.88,273.07,273.07,365.51,578.34
cell_02578,80.2075,13.1875,299635.4151855444,3.0,13.0,7.95,0.0,5.94,2.13,0.0,0.0,0.0,1797.26,5043.06,1162.38,0.0,0.0,Cropland,25.52,0.0,31.88,42.11,0.49,0,0.0,Unknown,0,187.88,273.07,273.07,365.51,578.34
cell_02579,80.2075,13.1925,299629.4404291032,3.0,11.0,7.39,0.0,6.03,1.89,0.0,0.0,0.0,1987.73,5583.63,1558.83,0.0,0.0,Cropland,7.21,0.0,26.28,66.31,0.2,0,0.0,Unknown,0,187.88,273.07,273.07,365.51,578.34
cell_02580,80.2075,13.1975,299623.46343817166,2.0,12.0,8.03,0.0,6.89,2.09,0.0,0.0,0.0,2280.54,6126.42,1888.17,0.0,0.0,Vegetation,23.7,0.0,41.27,34.87,0.16,0,0.0,Unknown,0,187.88,273.07,273.07,365.51,578.34
cell_02581,80.2075,13.2025,299617.4842137392,3.0,18.0,8.38,0.0,8.83,2.61,0.0,0.0,0.0,2644.21,6670.89,2304.78,0.0,0.0,Cropland,9.06,0.0,9.51,81.33,0.1,0,0.0,Unknown,0,187.88,273.07,273.07,365.51,578.34
cell_02582,80.2075,13.2075,299611.50275528163,5.0,16.0,10.08,0.0,7.26,2.59,0.0,0.0,0.0,3050.76,6849.92,2769.56,0.0,0.0,Cropland,2.02,0.33,22.71,74.94,0.0,0,0.0,Unknown,0,187.88,273.07,273.07,365.51,578.34
cell_02583,80.2075,13.2125,299605.51906293514,6.0,14.0,9.44,0.0,5.25,2.07,0.0,0.0,0.0,3497.71,6497.71,3257.91,0.0,0.0,Cropland,0.58,0.0,24.06,75.36,0.0,0,0.0,Unknown,0,187.88,273.07,273.07,365.51,578.34
cell_02584,80.2075,13.2175,299599.5331362547,6.0,14.0,9.73,0.0,5.79,2.11,0.0,0.0,0.0,3970.59,6175.0,3763.5,0.0,0.0,Vegetation,0.0,0.55,78.54,20.91,0.0,0,0.0,Unknown,0,187.88,273.07,273.07,365.51,578.34
cell_02585,80.2075,13.2225,299593.5449764821,3.0,16.0,10.58,0.0,9.49,2.15,0.0,0.0,0.0,4359.59,5886.65,4280.82,0.0,0.0,Cropland,0.0,0.0,36.46,63.54,0.0,0,0.0,Unknown,0,187.88,273.07,273.07,365.51,578.34
cell_02586,80.2075,13.2275,299587.5545824921,7.0,16.0,11.0,0.0,7.09,2.27,0.0,0.0,0.0,4762.64,5637.92,4806.1,0.0,0.0,Cropland,3.05,0.0,14.42,81.23,1.3,0,0.0,Unknown,0,187.88,273.07,273.07,365.51,578.34
cell_02587,80.2075,13.2325,299581.561954739,6.0,19.0,12.84,0.0,8.83,2.95,0.0,0.0,0.0,4669.21,5434.28,5336.98,0.0,0.0,Vegetation,21.07,0.0,45.0,33.93,0.0,0,0.0,Unknown,0,187.88,273.07,273.07,365.51,578.34
cell_02588,80.2075,13.2375,299575.5670936443,5.0,20.0,13.25,0.0,8.75,2.9,0.0,0.0,0.0,4136.7,5280.92,5871.94,0.0,0.0,Cropland,4.2,0.17,27.57,68.07,0.0,0,0.0,Unknown,0,187.88,273.07,273.07,365.51,578.34
cell_02589,80.2075,13.2425,299569.5699984305,6.0,20.0,11.78,0.0,10.4,2.55,0.0,0.0,0.0,3609.48,5182.33,6409.55,0.0,0.0,Cropland,0.0,0.0,10.0,89.84,0.16,0,0.0,Unknown,0,187.88,273.07,273.07,365.51,578.34
cell_02590,80.2075,13.2475,299563.57066978666,8.0,17.0,11.45,0.0,7.8,2.21,0.0,0.0,0.0,3091.28,5141.64,6940.67,0.0,0.0,Vegetation,0.26,0.0,47.6,45.36,6.79,0,0.0,Unknown,0,187.88,273.07,273.07,365.51,578.34
cell_02591,80.2075,13.2525,299557.5691073611,0.0,0.0,0.0,0.0,0.0,0.0,0.0,0.0,0.0,2587.52,5160.23,7474.97,0.0,0.0,Unknown,0.0,0.0,0.0,0.0,0.0,0,0.0,Unknown,0,187.88,273.07,273.07,365.51,578.34
cell_02592,80.2125,12.8525,300029.942262817,1.0,10.0,4.15,0.0,6.41,1.7,0.0,0.0,0.0,742.08,2592.36,2428.92,0.0,0.0,Vegetation,29.42,0.0,48.18,22.31,0.1,0,0.0,Unknown,0,187.88,273.07,273.07,365.51,578.34
cell_02593,80.2125,12.8575,300024.1173053127,-1.0,10.0,3.08,0.0,6.93,2.17,0.0,0.0,0.0,401.36,2054.31,2468.35,0.0,0.0,Vegetation,16.14,0.0,47.77,34.12,1.98,0,0.0,Unknown,0,187.88,273.07,273.07,365.51,578.34
cell_02594,80.2125,12.8625,300018.29011101316,-1.0,6.0,2.57,0.0,5.59,1.81,6558.02,0.021859,21.0,341.35,1525.79,2617.39,0.0,0.0,Vegetation,36.16,0.0,38.81,23.82,1.21,0,0.0,Unknown,0,187.88,273.07,273.07,365.51,578.34
cell_02595,80.2125,12.8675,300012.46068079805,0.0,5.0,2.41,0.0,4.29,1.46,456.31,0.001521,2.0,758.23,1022.3,2755.93,0.0,0.0,Vegetation,9.64,0.0,48.8,41.49,0.06,0,0.0,Unknown,0,187.88,273.07,273.07,365.51,578.34
cell_02596,80.2125,12.8725,300006.62901396735,-2.0,6.0,2.26,0.0,5.15,1.57,5512.23,0.018374,45.0,1282.53,607.54,2880.14,0.0,0.0,Cropland,24.43,0.0,19.39,55.71,0.48,0,0.0,Unknown,0,187.88,273.07,273.07,365.51,578.34
cell_02597,80.2125,12.8775,300000.79511140235,-2.0,5.0,1.75,0.0,4.81,1.75,13107.35,0.043691,109.0,1135.2,329.12,3041.03,96.54,0.000322,Built-up,49.65,0.0,27.93,21.46,0.96,1,0.0,Unknown,1,187.88,273.07,273.07,365.51,578.34
cell_02598,80.2125,12.8825,299994.9589721508,-2.0,6.0,1.95,0.0,4.86,1.66,2513.3,0.008378,15.0,780.68,154.24,3029.19,570.95,0.001903,Vegetation,13.8,3.05,57.24,22.27,3.64,0,0.0,Unknown,0,187.88,273.07,273.07,365.51,578.34
cell_02599,80.2125,12.8875,299989.1205971245,-4.0,7.0,1.69,0.0,8.52,2.59,544.76,0.001816,3.0,595.33,185.17,2952.36,584.5,0.001948,Vegetation,4.82,0.0,70.03,14.8,10.36,0,0.0,Unknown,0,187.88,273.07,273.07,365.51,578.34
cell_02600,80.2125,12.8925,299983.27998578176,-1.0,6.0,1.65,0.0,5.59,2.04,2226.33,0.007422,8.0,276.7,339.75,2875.52,2.84,9e-06,Vegetation,0.32,0.0,93.37,6.31,0.0,0,0.0,Unknown,0,187.88,273.07,273.07,365.51,578.34
cell_02601,80.2125,12.8975,299977.43713846523,-1.0,4.0,1.37,0.0,4.81,1.62,1273.87,0.004247,5.0,584.81,262.57,2834.47,391.61,0.001305,Vegetation,0.52,0.0,63.02,36.46,0.0,0,0.0,Unknown,0,187.88,273.07,273.07,365.51,578.34
cell_02602,80.2125,12.9025,299971.5920551084,-4.0,4.0,0.61,0.0,5.94,1.84,0.0,0.0,0.0,281.1,94.11,2879.17,642.98,0.002143,Vegetation,9.66,0.0,58.96,30.58,0.8,0,0.0,Unknown,0,187.88,273.07,273.07,365.51,578.34
cell_02603,80.2125,12.9075,299965.74473553215,-3.0,3.0,0.61,0.0,4.1,1.45,0.0,0.0,0.0,131.32,63.31,2961.6,580.41,0.001935,Vegetation,11.83,14.86,51.63,17.25,4.43,0,0.0,Unknown,0,187.88,273.07,273.07,365.51,578.34
cell_02604,80.2125,12.9125,299959.8951803811,-3.0,5.0,0.55,0.0,6.83,1.83,0.0,0.0,0.0,345.64,280.14,3066.06,213.96,0.000713,Vegetation,0.0,2.69,90.36,6.27,0.68,0,0.0,Unknown,0,187.88,273.07,273.07,365.51,578.34
cell_02605,80.2125,12.9175,299954.04338871833,-4.0,8.0,0.17,0.0,8.8,2.4,2842.83,0.009478,18.0,730.16,628.33,3170.52,0.0,0.0,Vegetation,0.48,0.0,78.44,21.08,0.0,0,0.0,Unknown,0,187.88,273.07,273.07,365.51,578.34
cell_02606,80.2125,12.9225,299948.1893617544,-3.0,8.0,0.27,0.0,9.89,2.07,9982.32,0.03328,75.0,548.39,884.45,2910.99,0.0,0.0,Vegetation,25.83,0.0,44.1,29.97,0.1,1,0.0,Unknown,1,187.88,273.07,273.07,365.51,578.34
cell_02607,80.2125,12.9275,299942.3330985241,-4.0,8.0,1.27,0.0,7.84,2.34,17116.83,0.057067,119.0,387.23,1000.8,2361.71,0.0,0.0,Built-up,75.39,0.0,11.14,13.28,0.19,0,0.0,Unknown,0,187.88,273.07,273.07,365.51,578.34
cell_02608,80.2125,12.9325,299936.4745994957,-1.0,11.0,4.4,0.0,7.39,2.5,16829.02,0.056109,124.0,342.93,1109.51,1814.67,0.0,0.0,Built-up,89.51,0.0,8.48,1.85,0.16,0,0.0,Unknown,0,187.88,273.07,273.07,365.51,578.34
cell_02609,80.2125,12.9375,299930.6138646483,-3.0,9.0,3.56,0.0,7.66,2.65,15617.77,0.052071,101.0,511.82,1238.9,1272.78,0.0,0.0,Built-up,93.97,0.0,4.34,1.69,0.0,0,0.0,Unknown,0,187.88,273.07,273.07,365.51,578.34
cell_02610,80.2125,12.9425,299924.7508944833,-4.0,7.0,1.14,0.0,9.71,2.79,8734.62,0.029123,41.0,254.83,832.77,747.32,0.0,0.0,Built-up,57.79,9.48,23.34,8.6,0.78,0,0.0,Unknown,0,187.88,273.07,273.07,365.51,578.34
cell_02611,80.2125,12.9475,299918.8856878129,-3.0,5.0,0.94,0.0,4.86,1.69,2085.09,0.006952,6.0,0.0,598.07,321.94,0.0,0.0,Vegetation,22.9,7.78,49.55,19.42,0.35,0,0.0,Unknown,0,187.88,273.07,273.07,365.51,578.34
cell_02612,80.2125,12.9525,299913.01824603736,-3.0,5.0,0.73,0.0,4.03,1.54,7195.34,0.023991,66.0,310.79,646.55,467.91,0.0,0.0,Built-up,36.99,0.0,30.55,32.11,0.35,1,6.5,Unknown,1,187.88,273.07,273.07,365.51,578.34
cell_02613,80.2125,12.9575,299907.1485683629,-2.0,5.0,0.97,0.0,5.46,1.64,10200.38,0.034012,79.0,157.52,545.42,822.58,0.0,0.0,Built-up,42.24,2.05,39.51,8.83,7.37,0,6.5,Unknown,1,187.88,273.07,273.07,365.51,578.34
cell_02614,80.2125,12.9625,299901.27665510116,-2.0,5.0,0.72,0.0,6.19,1.82,12779.7,0.042613,62.0,124.75,413.09,413.09,0.0,0.0,Built-up,89.48,0.0,4.88,5.04,0.61,0,0.0,Unknown,0,187.88,273.07,273.07,365.51,578.34
cell_02615,80.2125,12.9675,299895.4025061218,-4.0,5.0,0.87,0.0,5.66,1.73,13518.08,0.045076,38.0,428.31,525.55,375.91,21.37,7.1e-05,Built-up,94.16,0.03,4.94,0.19,0.67,2,0.0,Unknown,1,187.88,273.07,273.07,365.51,578.34
cell_02616,80.2125,12.9725,299889.5261220042,-2.0,6.0,1.95,0.0,4.29,1.49,13268.24,0.044244,58.0,425.86,996.67,39.94,690.88,0.002304,Built-up,89.22,0.0,9.38,1.04,0.36,0,5.5,Unknown,1,187.88,273.07,273.07,365.51,578.34
cell_02617,80.2125,12.9775,299883.6475018597,-1.0,7.0,2.96,0.0,5.25,1.9,15242.31,0.050827,101.0,591.09,1523.83,464.12,0.0,0.0,Built-up,98.79,0.0,1.21,0.0,0.0,2,0.0,Unknown,1,187.88,273.07,273.07,365.51,578.34
cell_02618,80.2125,12.9825,299877.76664641045,0.0,10.0,4.78,0.0,5.71,2.02,15759.25,0.052552,98.0,524.51,2064.55,578.83,0.0,0.0,Built-up,99.49,0.0,0.29,0.22,0.0,1,0.0,Unknown,1,187.88,273.07,273.07,365.51,578.34
cell_02619,80.2125,12.9875,299871.88355552655,1.0,16.0,5.09,0.0,14.04,2.66,9081.68,0.030285,49.0,0.0,2610.4,121.31,571.65,0.001906,Built-up,57.6,33.34,6.82,2.24,0.0,0,0.0,Unknown,0,187.88,273.07,273.07,365.51,578.34
cell_02620,80.2125,12.9925,299865.998229313,5.0,11.0,7.29,0.0,4.29,1.66,18093.54,0.060339,111.0,321.67,2753.83,154.09,581.93,0.001941,Built-up,98.6,0.0,1.34,0.0,0.06,2,0.0,Unknown,1,187.88,273.07,273.07,365.51,578.34
cell_02621,80.2125,12.9975,299860.1106674498,7.0,15.0,10.97,0.0,5.94,1.86,10169.11,0.033913,55.0,547.15,2225.16,460.74,0.0,0.0,Built-up,78.06,0.0,19.77,1.66,0.51,2,0.0,Unknown,1,187.88,273.07,273.07,365.51,578.34
cell_02622,80.2125,13.0025,299854.22087043856,8.0,19.0,12.85,0.0,11.29,2.29,6303.94,0.021023,44.0,208.24,1697.73,950.95,0.0,0.0,Built-up,56.1,0.0,32.53,10.91,0.45,3,0.0,Unknown,1,187.88,273.07,273.07,365.51,578.34
cell_02623,80.2125,13.0075,299848.3288381007,9.0,26.0,13.91,0.0,12.23,2.48,7788.61,0.025975,39.0,378.83,1170.31,1445.31,0.0,0.0,Built-up,65.53,0.0,30.68,3.32,0.48,0,6.0,Unknown,1,187.88,273.07,273.07,365.51,578.34
cell_02624,80.2125,13.0125,299842.43457035295,5.0,17.0,11.13,0.0,7.84,2.03,8960.95,0.029886,29.0,626.31,644.03,1348.73,0.0,0.0,Vegetation,48.31,0.0,51.53,0.0,0.16,0,0.0,Unknown,0,187.88,273.07,273.07,365.51,578.34
cell_02625,80.2125,13.0175,299836.5380674603,1.0,13.0,8.1,0.0,11.7,2.59,8366.5,0.027904,46.0,126.14,165.06,802.11,405.22,0.001351,Built-up,52.34,7.86,36.1,0.52,3.18,1,0.0,Unknown,1,187.88,273.07,273.07,365.51,578.34
cell_02626,80.2125,13.0225,299830.63932943344,0.0,15.0,8.32,0.0,8.02,2.74,10409.26,0.034717,63.0,87.92,103.72,280.68,667.55,0.002226,Built-up,75.86,12.69,8.1,0.0,3.35,0,0.0,Unknown,0,187.88,273.07,273.07,365.51,578.34
cell_02627,80.2125,13.0275,299824.7383559676,1.0,15.0,10.48,0.0,6.19,1.99,17393.75,0.058013,114.0,291.39,340.09,57.12,591.2,0.001972,Built-up,88.87,1.66,8.0,1.08,0.38,0,0.0,Unknown,0,187.88,273.07,273.07,365.51,578.34
cell_02628,80.2125,13.0325,299818.83514762716,11.0,17.0,14.06,0.0,4.84,1.82,10938.99,0.036485,58.0,730.08,772.85,427.72,0.0,0.0,Built-up,73.15,0.0,26.17,0.0,0.68,1,0.0,Unknown,1,187.88,273.07,273.07,365.51,578.34
cell_02629,80.2125,13.0375,299812.9297041558,11.0,17.0,14.6,0.0,6.16,1.9,11467.77,0.03825,53.0,1225.73,1271.97,888.71,0.0,0.0,Built-up,75.54,0.0,23.5,0.03,0.92,0,10.75,Unknown,1,187.88,273.07,273.07,365.51,578.34
cell_02630,80.2125,13.0425,299807.02202524856,8.0,20.0,13.92,0.0,7.53,2.34,13304.88,0.044378,81.0,1135.51,1802.54,896.39,0.0,0.0,Built-up,86.29,0.0,13.46,0.0,0.26,5,0.0,Unknown,1,187.88,273.07,273.07,365.51,578.34
cell_02631,80.2125,13.0475,299801.1121118325,11.0,20.0,14.39,0.0,6.93,2.08,14851.76,0.049539,114.0,592.85,2337.72,1187.69,0.0,0.0,Built-up,97.66,0.0,1.69,0.0,0.65,1,0.0,Unknown,1,187.88,273.07,273.07,365.51,578.34
cell_02632,80.2125,13.0525,299795.1999630198,7.0,17.0,13.25,0.0,7.8,2.39,10676.2,0.035612,59.0,158.52,2448.29,872.22,0.0,0.0,Built-up,95.15,0.03,4.24,0.0,0.57,2,11.0,Unknown,1,187.88,273.07,273.07,365.51,578.34
cell_02633,80.2125,13.0575,299789.2855793894,8.0,16.0,12.15,0.0,5.15,1.84,13543.75,0.045178,86.0,490.45,1975.38,367.24,0.0,0.0,Built-up,96.88,0.0,1.82,0.0,1.31,7,0.0,Unknown,1,187.88,273.07,273.07,365.51,578.34
cell_02634,80.2125,13.0625,299783.3689608585,7.0,16.0,11.55,0.0,6.19,2.15,13977.81,0.046626,87.0,1029.64,1556.19,95.82,605.5,0.00202,Built-up,93.41,0.0,4.9,0.0,1.69,0,0.0,Unknown,0,187.88,273.07,273.07,365.51,578.34
cell_02635,80.2125,13.0675,299777.45010729675,6.0,19.0,12.59,0.0,8.75,2.45,17829.6,0.059476,124.0,988.02,1017.42,514.27,0.0,0.0,Built-up,96.88,0.0,2.74,0.0,0.38,4,0.0,Unknown,1,187.88,273.07,273.07,365.51,578.34
cell_02636,80.2125,13.0725,299771.52901898307,10.0,18.0,14.59,0.0,5.15,2.31,12494.15,0.041679,83.0,459.38,479.4,762.99,0.0,0.0,Built-up,91.07,0.0,8.42,0.0,0.51,2,0.0,Unknown,1,187.88,273.07,273.07,365.51,578.34
cell_02637,80.2125,13.0775,299765.60569586576,7.0,21.0,13.54,0.0,12.13,2.96,8854.77,0.029539,39.0,0.0,13.44,1212.01,604.71,0.002017,Built-up,79.19,0.03,20.36,0.0,0.42,0,0.0,Unknown,0,187.88,273.07,273.07,365.51,578.34
cell_02638,80.2125,13.0825,299759.6801378475,11.0,20.0,15.19,0.0,6.03,2.13,10391.41,0.034666,42.0,428.73,475.61,1115.27,0.0,0.0,Built-up,94.58,0.0,5.33,0.0,0.1,3,0.0,Unknown,1,187.88,273.07,273.07,365.51,578.34
cell_02639,80.2125,13.0875,299753.7523450646,10.0,19.0,14.54,0.0,5.46,2.09,10661.82,0.035569,41.0,135.14,911.5,562.51,0.0,0.0,Built-up,74.38,0.0,25.1,0.0,0.52,2,0.0,Unknown,1,187.88,273.07,273.07,365.51,578.34
cell_02640,80.2125,13.0925,299747.82231757464,6.0,18.0,13.37,0.0,9.49,2.3,6713.08,0.022396,27.0,536.38,1409.62,9.75,588.51,0.001963,Built-up,76.72,0.0,21.81,0.0,1.47,4,0.0,Unknown,1,187.88,273.07,273.07,365.51,578.34
cell_02641,80.2125,13.0975,299741.89005554933,6.0,19.0,11.84,0.0,6.91,2.69,2033.29,0.006783,8.0,651.27,1932.9,503.25,0.0,0.0,Built-up,62.76,0.0,37.21,0.0,0.03,0,0.0,Unknown,0,187.88,273.07,273.07,365.51,578.34
cell_02642,80.2125,13.1025,299735.95555857307,8.0,17.0,12.39,0.0,6.15,2.27,10553.78,0.03521,66.0,299.11,2469.16,794.87,0.0,0.0,Built-up,77.63,0.0,22.34,0.0,0.03,2,12.0,Unknown,1,187.88,273.07,273.07,365.51,578.34
cell_02643,80.2125,13.1075,299730.0188273511,6.0,18.0,12.67,0.0,6.72,2.14,13152.57,0.043881,85.0,82.36,3011.18,866.9,0.0,0.0,Built-up,91.8,0.41,7.17,0.0,0.61,1,8.0,Unknown,1,187.88,273.07,273.07,365.51,578.34
cell_02644,80.2125,13.1125,299724.0798612485,8.0,17.0,13.27,0.0,4.86,1.73,16647.63,0.055543,83.0,413.56,3172.96,1217.7,0.0,0.0,Built-up,95.12,0.0,4.05,0.32,0.51,1,0.0,Unknown,1,187.88,273.07,273.07,365.51,578.34
cell_02645,80.2125,13.1175,299718.1386607972,7.0,19.0,12.44,0.0,8.95,2.35,17156.37,0.057242,108.0,693.47,2774.32,1344.21,0.0,0.0,Built-up,97.6,0.0,1.92,0.0,0.49,0,0.0,Unknown,0,187.88,273.07,273.07,365.51,578.34
cell_02646,80.2125,13.1225,299712.19522545603,5.0,16.0,10.87,0.0,5.46,2.19,14291.5,0.047684,83.0,471.08,2436.73,895.28,0.0,0.0,Built-up,86.77,0.0,11.1,0.61,1.53,1,0.0,Unknown,1,187.88,273.07,273.07,365.51,578.34
cell_02647,80.2125,13.1275,299706.2495560574,4.0,16.0,8.36,0.0,7.26,2.41,15524.38,0.051799,77.0,0.0,2187.27,360.92,0.0,0.0,Built-up,82.27,0.0,12.63,3.86,1.24,1,0.0,Unknown,1,187.88,273.07,273.07,365.51,578.34
cell_02648,80.2125,13.1325,299700.3016520444,2.0,15.0,9.36,0.0,8.3,2.52,10319.32,0.034432,55.0,0.0,1941.1,41.12,717.85,0.002395,Built-up,65.13,11.01,17.11,6.17,0.58,0,0.0,Unknown,0,187.88,273.07,273.07,365.51,578.34
cell_02649,80.2125,13.1375,299694.3515136176,-1.0,18.0,7.85,0.0,15.49,3.84,6842.46,0.022831,46.0,0.0,1737.16,57.56,553.32,0.001846,Water,35.71,51.69,11.64,0.86,0.1,0,0.0,Unknown,0,187.88,273.07,273.07,365.51,578.34
cell_02650,80.2125,13.1425,299688.39914088417,-4.0,19.0,6.86,0.0,16.65,4.87,361.09,0.001205,0.0,0.0,1661.12,27.05,561.84,0.001875,Water,0.22,92.03,6.38,1.15,0.22,0,0.0,Unknown,0,187.88,273.07,273.07,365.51,578.34
cell_02651,80.2125,13.1475,299682.4445338547,-7.0,16.0,6.25,0.0,22.5,4.53,619.61,0.002068,0.0,0.0,1731.89,73.58,859.5,0.002868,Water,5.45,73.9,12.56,8.02,0.06,0,0.0,Unknown,0,187.88,273.07,273.07,365.51,578.34
cell_02652,80.2125,13.1525,299676.4876922094,-1.0,15.0,8.54,0.0,13.07,2.87,4750.8,0.015853,20.0,0.0,1962.44,224.85,121.35,0.000405,Water,29.15,42.41,24.84,3.12,0.48,0,0.0,Unknown,0,187.88,273.07,273.07,365.51,578.34
cell_02653,80.2125,13.1575,299670.52861660614,4.0,14.0,8.86,0.0,5.79,2.0,8735.51,0.02915,69.0,206.87,2305.31,738.63,0.0,0.0,Built-up,42.92,2.1,30.64,23.63,0.7,1,0.0,Unknown,1,187.88,273.07,273.07,365.51,578.34
cell_02654,80.2125,13.1625,299664.56730677333,3.0,10.0,6.85,0.0,4.81,1.81,3526.03,0.011767,22.0,463.08,2718.34,1024.8,0.0,0.0,Vegetation,9.55,0.0,56.23,34.22,0.0,0,0.0,Unknown,0,187.88,273.07,273.07,365.51,578.34
cell_02655,80.2125,13.1675,299658.6037625167,3.0,11.0,6.7,0.0,6.16,1.9,9239.2,0.030832,53.0,563.85,3174.25,605.76,0.0,0.0,Vegetation,27.61,0.0,48.66,21.72,2.01,0,0.0,Unknown,0,187.88,273.07,273.07,365.51,578.34
cell_02656,80.2125,13.1725,299652.6379842733,3.0,10.0,6.31,0.0,4.29,1.7,9797.71,0.032697,49.0,1010.39,3657.04,86.3,574.37,0.001917,Cropland,19.55,0.0,34.69,45.34,0.41,1,0.0,Unknown,1,187.88,273.07,273.07,365.51,578.34
cell_02657,80.2125,13.1775,299646.669971787,3.0,12.0,7.13,0.0,5.46,2.01,3555.01,0.011864,10.0,1528.21,4157.36,433.16,0.0,0.0,Vegetation,31.43,0.0,44.29,23.38,0.91,0,0.0,Unknown,0,187.88,273.07,273.07,365.51,578.34
cell_02658,80.2125,13.1825,299640.6997253846,4.0,12.0,8.32,0.0,4.76,1.52,0.0,0.0,0.0,2064.35,4669.57,952.84,0.0,0.0,Cropland,21.4,0.0,32.46,45.5,0.64,0,0.0,Unknown,0,187.88,273.07,273.07,365.51,578.34
cell_02659,80.2125,13.1875,299634.7272447303,5.0,11.0,7.62,0.0,4.35,1.84,0.0,0.0,0.0,2323.65,5190.16,1487.0,0.0,0.0,Cropland,18.24,0.0,19.58,60.81,1.37,0,0.0,Unknown,0,187.88,273.07,273.07,365.51,578.34
cell_02660,80.2125,13.1925,299628.75253029284,5.0,13.0,9.06,0.0,6.93,1.97,0.0,0.0,0.0,2480.11,5716.84,1932.32,0.0,0.0,Cropland,13.12,0.0,35.03,51.53,0.32,0,0.0,Unknown,0,187.88,273.07,273.07,365.51,578.34
cell_02661,80.2125,13.1975,299622.77558151603,4.0,14.0,8.73,0.0,7.85,2.28,0.0,0.0,0.0,2730.59,6248.06,2310.77,0.0,0.0,Cropland,15.94,0.0,32.94,50.89,0.22,0,0.0,Unknown,0,187.88,273.07,273.07,365.51,578.34
cell_02662,80.2125,13.2025,299616.7963990746,4.0,16.0,10.12,0.0,8.87,2.37,0.0,0.0,0.0,3048.91,6559.3,2662.04,0.0,0.0,Vegetation,24.71,0.0,46.21,29.08,0.0,0,0.0,Unknown,0,187.88,273.07,273.07,365.51,578.34
cell_02663,80.2125,13.2075,299610.8149826941,4.0,16.0,10.02,0.0,8.83,2.67,0.0,0.0,0.0,3417.96,6414.92,3073.24,0.0,0.0,Vegetation,10.58,0.0,67.11,22.31,0.0,0,0.0,Unknown,0,187.88,273.07,273.07,365.51,578.34
cell_02664,80.2125,13.2125,299604.8313324506,5.0,14.0,9.31,0.0,5.59,2.02,0.0,0.0,0.0,3822.2,6078.11,3523.47,0.0,0.0,Cropland,0.99,0.0,19.48,79.53,0.0,0,0.0,Unknown,0,187.88,273.07,273.07,365.51,578.34
cell_02665,80.2125,13.2175,299598.84544794477,3.0,17.0,9.22,0.0,7.66,2.47,0.0,0.0,0.0,4260.0,5731.83,3999.2,0.0,0.0,Cropland,0.0,0.0,44.99,55.01,0.0,0,0.0,Unknown,0,187.88,273.07,273.07,365.51,578.34
cell_02666,80.2125,13.2225,299592.85733021295,6.0,20.0,12.32,0.0,7.79,2.64,0.0,0.0,0.0,4533.61,5419.97,4489.45,0.0,0.0,Vegetation,3.6,0.0,65.84,30.55,0.0,0,0.0,Unknown,0,187.88,273.07,273.07,365.51,578.34
cell_02667,80.2125,13.2275,299586.86697844806,4.0,19.0,12.31,0.0,8.13,2.87,0.0,0.0,0.0,4467.66,5148.76,4992.82,0.0,0.0,Cropland,12.28,0.0,34.53,53.19,0.0,0,0.0,Unknown,0,187.88,273.07,273.07,365.51,578.34
cell_02668,80.2125,13.2325,299580.87439291214,8.0,21.0,13.11,0.0,8.87,2.56,0.0,0.0,0.0,4306.91,4924.94,5505.72,0.0,0.0,Vegetation,16.23,0.0,56.12,27.65,0.0,0,0.0,Unknown,0,187.88,273.07,273.07,365.51,578.34
cell_02669,80.2125,13.2375,299574.8795738063,5.0,16.0,10.85,0.0,6.89,2.14,0.0,0.0,0.0,4172.3,4755.2,6025.72,0.0,0.0,Cropland,3.12,0.0,34.87,62.01,0.0,0,0.0,Unknown,0,187.88,273.07,273.07,365.51,578.34
cell_02670,80.2125,13.2425,299568.8825208581,7.0,19.0,11.04,0.0,7.39,2.36,0.0,0.0,0.0,3625.65,4645.47,6551.12,0.0,0.0,Cropland,0.86,0.0,35.46,63.68,0.0,0,0.0,Unknown,0,187.88,273.07,273.07,365.51,578.34
cell_02671,80.2125,13.2475,299562.8832344102,6.0,19.0,12.42,0.0,6.16,2.71,0.0,0.0,0.0,3081.25,4600.05,7080.72,0.0,0.0,Vegetation,3.76,0.0,64.54,29.34,2.36,0,0.0,Unknown,0,187.88,273.07,273.07,365.51,578.34
cell_02672,80.2125,13.2525,299556.881714112,0.0,0.0,0.0,0.0,0.0,0.0,0.0,0.0,0.0,2540.58,4620.83,7613.66,0.0,0.0,Unknown,0.0,0.0,0.0,0.0,0.0,0,0.0,Unknown,0,187.88,273.07,273.07,365.51,578.34
cell_02673,80.2175,12.8525,300029.255912508,-1.0,9.0,4.12,0.0,4.81,1.81,850.26,0.002834,0.0,636.7,2753.36,1886.93,0.0,0.0,Vegetation,16.66,0.0,49.87,33.12,0.36,0,0.0,Unknown,0,187.88,273.07,273.07,365.51,578.34
cell_02674,80.2175,12.8575,300023.43099573645,1.0,7.0,2.99,0.0,5.15,1.33,1596.85,0.005322,7.0,114.16,2252.75,1937.47,0.0,0.0,Cropland,1.34,6.47,43.27,48.92,0.0,0,0.0,Unknown,0,187.88,273.07,273.07,365.51,578.34
cell_02675,80.2175,12.8625,300017.60384236736,-1.0,6.0,2.29,0.0,5.25,1.67,821.39,0.002738,0.0,196.64,1783.36,2100.68,0.0,0.0,Cropland,3.38,0.0,37.31,59.18,0.13,0,0.0,Unknown,0,187.88,273.07,273.07,365.51,578.34
cell_02676,80.2175,12.8675,300011.7744530433,-1.0,6.0,2.37,0.0,5.79,1.85,0.0,0.0,0.0,707.12,1375.24,2227.25,0.0,0.0,Built-up,53.54,0.0,30.62,14.94,0.91,0,0.0,Unknown,0,187.88,273.07,273.07,365.51,578.34
cell_02677,80.2175,12.8725,300005.94282709813,-1.0,10.0,2.9,0.0,7.84,2.11,0.0,0.0,0.0,1129.89,1076.99,2352.09,0.0,0.0,Built-up,70.34,0.0,19.55,7.62,2.49,0,0.0,Unknown,0,187.88,273.07,273.07,365.51,578.34
cell_02678,80.2175,12.8775,300000.1089654269,-1.0,4.0,1.87,0.0,4.29,1.61,7478.12,0.024927,42.0,861.58,821.59,2545.68,0.0,0.0,Vegetation,36.8,0.0,49.01,9.02,5.17,0,0.0,Unknown,0,187.88,273.07,273.07,365.51,578.34
cell_02679,80.2175,12.8825,299994.27286703023,-1.0,6.0,1.79,0.0,6.89,1.96,2812.01,0.009374,8.0,374.02,681.29,2491.94,0.0,0.0,Vegetation,12.31,0.0,79.55,3.28,4.87,0,0.0,Unknown,0,187.88,273.07,273.07,365.51,578.34
cell_02680,80.2175,12.8875,299988.43453297776,-3.0,5.0,1.71,0.0,6.89,2.05,2024.6,0.006749,6.0,158.48,687.77,2415.12,0.0,0.0,Vegetation,5.84,0.0,72.86,15.11,6.19,0,0.0,Unknown,0,187.88,273.07,273.07,365.51,578.34
cell_02681,80.2175,12.8925,299982.59396260144,-3.0,5.0,1.9,0.0,6.15,1.9,6744.27,0.022482,24.0,145.12,858.26,2338.29,0.0,0.0,Vegetation,12.85,0.0,74.43,9.57,3.16,0,0.0,Unknown,0,187.88,273.07,273.07,365.51,578.34
cell_02682,80.2175,12.8975,299976.7511561039,-3.0,5.0,1.06,0.0,5.94,2.04,4352.6,0.01451,18.0,361.66,534.06,2292.12,0.0,0.0,Vegetation,17.4,2.5,47.21,32.56,0.32,0,0.0,Unknown,0,187.88,273.07,273.07,365.51,578.34
cell_02683,80.2175,12.9025,299970.9061138113,-5.0,4.0,0.4,0.0,6.93,1.91,1381.29,0.004605,8.0,144.95,402.0,2338.21,0.0,0.0,Built-up,35.84,9.69,33.71,19.07,1.69,0,0.0,Unknown,0,187.88,273.07,273.07,365.51,578.34
cell_02684,80.2175,12.9075,299965.05883532396,-6.0,5.0,0.15,0.0,7.39,2.26,1158.55,0.003862,2.0,97.34,477.08,2428.92,0.0,0.0,Built-up,54.85,23.53,18.62,1.43,1.56,0,0.0,Unknown,0,187.88,273.07,273.07,365.51,578.34
cell_02685,80.2175,12.9125,299959.2093209228,-3.0,5.0,0.07,0.0,5.66,2.2,167.58,0.000559,0.0,147.35,141.27,2533.38,497.85,0.00166,Vegetation,23.77,19.71,43.7,9.38,3.44,0,0.0,Unknown,0,187.88,273.07,273.07,365.51,578.34
cell_02686,80.2175,12.9175,299953.3575703818,-4.0,5.0,-0.33,0.0,6.16,2.1,0.0,0.0,0.0,600.3,206.93,2637.85,363.61,0.001212,Vegetation,1.37,1.31,68.69,28.38,0.26,0,0.0,Unknown,0,187.88,273.07,273.07,365.51,578.34
cell_02687,80.2175,12.9225,299947.5035844398,-4.0,4.0,-0.01,0.0,5.46,2.04,271.89,0.000906,0.0,762.51,344.12,2742.32,0.0,0.0,Cropland,0.0,0.0,22.51,77.49,0.0,0,0.0,Unknown,0,187.88,273.07,273.07,365.51,578.34
cell_02688,80.2175,12.9275,299941.64736230194,-4.0,5.0,-0.01,0.0,6.16,2.3,7228.49,0.0241,36.0,863.64,530.26,2490.01,0.0,0.0,Vegetation,17.11,0.0,42.47,39.45,0.97,0,0.0,Unknown,0,187.88,273.07,273.07,365.51,578.34
cell_02689,80.2175,12.9325,299935.7889041848,-4.0,5.0,0.6,0.0,6.83,2.36,13094.19,0.043657,81.0,839.33,571.03,1978.76,0.0,0.0,Built-up,46.24,0.0,30.58,21.17,2.01,0,0.0,Unknown,0,187.88,273.07,273.07,365.51,578.34
cell_02690,80.2175,12.9375,299929.92821057414,-5.0,6.0,0.78,0.0,8.59,2.87,10311.04,0.034378,53.0,384.94,773.87,1497.47,0.0,0.0,Built-up,44.96,0.0,36.61,10.4,8.04,0,0.0,Unknown,0,187.88,273.07,273.07,365.51,578.34
cell_02691,80.2175,12.9425,299924.06528129213,-4.0,5.0,-0.06,0.0,7.09,2.04,5864.8,0.019554,28.0,251.03,553.83,1085.56,0.0,0.0,Cropland,32.34,0.0,28.83,36.27,2.56,1,0.0,Unknown,1,187.88,273.07,273.07,365.51,578.34
cell_02692,80.2175,12.9475,299918.20011592377,-3.0,5.0,0.7,0.0,4.03,1.32,2228.01,0.007429,10.0,212.79,61.64,835.61,491.19,0.001638,Vegetation,9.47,3.03,54.05,33.45,0.0,0,0.0,Unknown,0,187.88,273.07,273.07,365.51,578.34
cell_02693,80.2175,12.9525,299912.3327150639,-3.0,4.0,0.98,0.0,4.29,1.56,0.0,0.0,0.0,55.13,165.39,900.69,616.71,0.002056,Vegetation,0.0,3.83,60.14,34.98,1.05,0,0.0,Unknown,0,187.88,273.07,273.07,365.51,578.34
cell_02694,80.2175,12.9575,299906.46307866205,-3.0,5.0,0.51,0.0,5.79,1.73,0.0,0.0,0.0,0.0,35.24,753.68,653.83,0.00218,Vegetation,2.01,4.55,68.02,25.32,0.1,0,0.0,Unknown,0,187.88,273.07,273.07,365.51,578.34
cell_02695,80.2175,12.9625,299900.59120655555,-3.0,5.0,1.0,0.0,7.09,1.97,2517.5,0.008394,13.0,0.0,45.02,249.05,741.22,0.002472,Vegetation,21.36,0.0,51.15,25.96,1.53,0,6.0,Unknown,1,187.88,273.07,273.07,365.51,578.34
cell_02696,80.2175,12.9675,299894.7170987861,-4.0,5.0,0.94,0.0,6.16,2.01,9476.51,0.031599,40.0,24.22,409.38,32.25,925.78,0.003087,Built-up,67.38,1.82,20.5,5.87,4.43,0,0.0,Unknown,0,187.88,273.07,273.07,365.51,578.34
cell_02697,80.2175,12.9725,299888.84075555584,-2.0,9.0,3.61,0.0,4.84,1.87,14778.02,0.049278,75.0,324.69,940.6,191.76,185.24,0.000618,Built-up,97.44,0.0,2.37,0.0,0.19,0,6.0,Unknown,1,187.88,273.07,273.07,365.51,578.34
cell_02698,80.2175,12.9775,299882.9621767665,0.0,11.0,5.71,0.0,6.16,2.54,14759.49,0.049217,100.0,661.0,1487.77,384.4,0.0,0.0,Built-up,97.8,0.0,1.82,0.0,0.38,0,7.17,Unknown,1,187.88,273.07,273.07,365.51,578.34
cell_02699,80.2175,12.9825,299877.08136247616,1.0,11.0,6.86,0.0,6.91,1.94,12636.84,0.04214,74.0,166.73,2038.07,37.09,454.56,0.001516,Built-up,96.24,0.0,2.77,0.83,0.16,2,0.0,Unknown,1,187.88,273.07,273.07,365.51,578.34
cell_02700,80.2175,12.9875,299871.19831269584,1.0,13.0,7.68,0.0,11.6,2.68,13316.64,0.044408,82.0,0.0,2589.52,27.18,962.0,0.003208,Built-up,78.05,2.08,12.11,7.73,0.03,0,0.0,Unknown,0,187.88,273.07,273.07,365.51,578.34
cell_02701,80.2175,12.9925,299865.31302775315,4.0,15.0,9.6,0.0,5.94,2.03,9205.79,0.0307,47.0,482.9,2644.84,221.4,363.78,0.001213,Built-up,75.32,0.0,23.44,0.73,0.51,2,0.0,Unknown,1,187.88,273.07,273.07,365.51,578.34
cell_02702,80.2175,12.9975,299859.42550729593,8.0,16.0,11.97,0.0,6.03,1.91,3796.66,0.012661,16.0,531.77,2100.6,226.71,99.12,0.000331,Vegetation,17.44,0.0,79.85,1.4,1.31,0,29.0,Unknown,1,187.88,273.07,273.07,365.51,578.34
cell_02703,80.2175,13.0025,299853.53575130494,3.0,18.0,12.29,0.0,10.43,2.78,2308.97,0.0077,32.0,8.12,1556.36,779.13,0.0,0.0,Vegetation,9.45,0.0,76.82,13.73,0.0,0,0.0,Unknown,0,187.88,273.07,273.07,365.51,578.34
cell_02704,80.2175,13.0075,299847.6437603281,7.0,21.0,12.67,0.0,13.07,2.68,1790.34,0.005971,4.0,0.0,1012.48,1332.01,0.0,0.0,Vegetation,15.53,0.0,78.48,5.13,0.86,0,15.0,Unknown,1,187.88,273.07,273.07,365.51,578.34
cell_02705,80.2175,13.0125,299841.74953388737,8.0,20.0,13.78,0.0,8.16,2.76,2208.25,0.007365,4.0,437.68,479.94,1510.19,0.0,0.0,Vegetation,45.15,0.0,54.82,0.03,0.0,0,0.0,Unknown,0,187.88,273.07,273.07,365.51,578.34
cell_02706,80.2175,13.0175,299835.85307226214,-1.0,17.0,7.92,0.0,10.21,2.94,7352.94,0.024523,50.0,1.06,47.48,1016.53,566.38,0.001889,Built-up,56.85,8.12,32.05,0.32,2.66,0,0.0,Unknown,0,187.88,273.07,273.07,365.51,578.34
cell_02707,80.2175,13.0225,299829.9543754486,9.0,17.0,12.69,0.0,6.89,1.84,16812.01,0.056072,87.0,5.15,574.9,630.52,0.0,0.0,Built-up,98.09,0.0,1.75,0.0,0.16,1,0.0,Unknown,1,187.88,273.07,273.07,365.51,578.34
cell_02708,80.2175,13.0275,299824.0534433638,6.0,17.0,11.96,0.0,5.86,2.02,14774.42,0.049277,77.0,550.69,768.77,467.75,0.0,0.0,Built-up,93.27,0.0,6.19,0.0,0.54,1,0.0,Unknown,1,187.88,273.07,273.07,365.51,578.34
cell_02709,80.2175,13.0325,299818.150276334,8.0,18.0,13.25,0.0,5.66,2.27,13587.62,0.04532,75.0,800.31,1111.3,612.21,0.0,0.0,Built-up,85.03,0.0,14.9,0.0,0.06,2,0.0,Unknown,1,187.88,273.07,273.07,365.51,578.34
cell_02710,80.2175,13.0375,299812.24487421295,11.0,17.0,14.21,0.0,4.84,1.89,11914.07,0.039738,54.0,860.95,1539.92,1068.65,0.0,0.0,Built-up,92.73,0.0,7.24,0.0,0.03,5,0.0,Unknown,1,187.88,273.07,273.07,365.51,578.34
cell_02711,80.2175,13.0425,299806.337236681,7.0,18.0,12.99,0.0,6.93,2.15,13904.55,0.046378,83.0,1168.52,2000.88,1422.49,0.0,0.0,Built-up,85.81,0.0,14.06,0.0,0.13,4,8.67,Unknown,1,187.88,273.07,273.07,365.51,578.34
cell_02712,80.2175,13.0475,299800.4273645231,11.0,19.0,14.75,0.0,6.03,1.99,15168.91,0.050597,87.0,653.67,2499.45,1141.44,0.0,0.0,Built-up,95.55,0.0,4.38,0.0,0.06,0,9.0,Unknown,1,187.88,273.07,273.07,365.51,578.34
cell_02713,80.2175,13.0525,299794.515257261,10.0,18.0,14.34,0.0,4.98,1.87,12174.89,0.040611,72.0,317.33,2103.28,911.97,0.0,0.0,Built-up,96.59,0.0,3.22,0.0,0.19,1,11.0,Unknown,1,187.88,273.07,273.07,365.51,578.34
cell_02714,80.2175,13.0575,299788.6009148904,10.0,17.0,13.65,0.0,4.98,2.01,13945.4,0.046517,81.0,562.25,1675.96,449.75,0.0,0.0,Built-up,96.33,0.0,3.64,0.0,0.03,3,0.0,Unknown,1,187.88,273.07,273.07,365.51,578.34
cell_02715,80.2175,13.0625,299782.68433784985,8.0,16.0,11.65,0.0,5.59,2.14,13838.4,0.046161,65.0,1065.59,1217.52,16.32,698.52,0.00233,Built-up,98.38,0.0,1.33,0.0,0.29,0,0.0,Unknown,0,187.88,273.07,273.07,365.51,578.34
cell_02716,80.2175,13.0675,299776.765525755,5.0,16.0,11.72,0.0,6.41,2.23,16435.32,0.054825,109.0,762.77,783.26,10.16,802.98,0.002679,Built-up,95.7,0.0,4.11,0.0,0.19,1,0.0,Unknown,1,187.88,273.07,273.07,365.51,578.34
cell_02717,80.2175,13.0725,299770.8444788228,10.0,18.0,13.7,0.0,4.98,1.89,14940.52,0.04984,87.0,493.89,526.75,494.34,0.0,0.0,Built-up,97.32,0.0,2.49,0.16,0.03,1,0.0,Unknown,1,187.88,273.07,273.07,365.51,578.34
cell_02718,80.2175,13.0775,299764.92119719146,5.0,16.0,11.48,0.0,7.53,2.71,11366.75,0.037919,79.0,176.31,202.64,991.34,552.69,0.001844,Built-up,77.76,0.06,20.78,1.27,0.13,0,0.0,Unknown,0,187.88,273.07,273.07,365.51,578.34
cell_02719,80.2175,13.0825,299758.9956805555,6.0,19.0,13.82,0.0,8.75,2.42,10312.4,0.034402,46.0,178.01,196.18,1203.83,365.95,0.001221,Built-up,84.38,0.38,14.83,0.0,0.41,0,0.0,Unknown,0,187.88,273.07,273.07,365.51,578.34
cell_02720,80.2175,13.0875,299753.0679292906,8.0,21.0,13.71,0.0,7.5,2.35,10608.71,0.035391,37.0,293.11,748.8,682.12,0.0,0.0,Built-up,85.65,0.0,13.21,0.39,0.75,1,0.0,Unknown,1,187.88,273.07,273.07,365.51,578.34
cell_02721,80.2175,13.0925,299747.13794337655,3.0,19.0,13.22,0.0,6.98,2.64,9897.8,0.03302,50.0,598.32,1301.69,167.7,559.71,0.001867,Built-up,73.69,0.0,25.51,0.0,0.8,2,0.0,Unknown,1,187.88,273.07,273.07,365.51,578.34
cell_02722,80.2175,13.0975,299741.2057227768,5.0,20.0,12.04,0.0,6.51,2.38,5331.38,0.017787,15.0,488.07,1854.63,383.02,0.0,0.0,Vegetation,29.72,0.0,69.01,1.21,0.06,1,0.0,Unknown,1,187.88,273.07,273.07,365.51,578.34
cell_02723,80.2175,13.1025,299735.27126740833,-1.0,21.0,11.57,0.0,14.72,4.01,7290.82,0.024324,29.0,0.0,2407.6,288.88,36.85,0.000123,Vegetation,10.81,32.08,56.1,0.0,1.01,0,0.0,Unknown,0,187.88,273.07,273.07,365.51,578.34
cell_02724,80.2175,13.1075,299729.3345776934,8.0,16.0,11.32,0.0,6.72,2.23,4064.95,0.013562,12.0,297.5,2960.57,450.74,0.0,0.0,Built-up,91.58,0.0,8.35,0.0,0.06,0,0.0,Unknown,0,187.88,273.07,273.07,365.51,578.34
cell_02725,80.2175,13.1125,299723.39565313753,9.0,16.0,12.34,0.0,5.86,2.1,15856.97,0.052905,59.0,200.61,3513.55,966.67,0.0,0.0,Built-up,93.46,0.0,4.3,1.5,0.73,0,0.0,Unknown,0,187.88,273.07,273.07,365.51,578.34
cell_02726,80.2175,13.1175,299717.45449416287,6.0,15.0,11.87,0.0,4.89,2.05,16896.3,0.056374,101.0,393.95,3196.08,1422.7,0.0,0.0,Built-up,95.16,0.0,4.68,0.0,0.16,0,0.0,Unknown,0,187.88,273.07,273.07,365.51,578.34
cell_02727,80.2175,13.1225,299711.511100466,7.0,15.0,10.79,0.0,5.25,2.14,15058.15,0.050242,85.0,128.4,2907.86,870.9,0.0,0.0,Built-up,95.12,0.0,4.78,0.0,0.1,4,0.0,Unknown,1,187.88,273.07,273.07,365.51,578.34
cell_02728,80.2175,13.1275,299705.56547267217,5.0,15.0,10.34,0.0,6.83,2.11,15833.61,0.052831,99.0,116.92,2662.01,323.04,0.0,0.0,Built-up,93.3,0.0,4.75,1.69,0.26,1,0.0,Unknown,1,187.88,273.07,273.07,365.51,578.34
cell_02729,80.2175,13.1325,299699.61761021044,3.0,13.0,7.9,0.0,8.13,2.08,16917.93,0.05645,104.0,408.65,2436.85,202.01,551.78,0.001841,Built-up,96.17,0.0,2.79,0.36,0.68,1,0.0,Unknown,1,187.88,273.07,273.07,365.51,578.34
cell_02730,80.2175,13.1375,299693.6675134704,3.0,11.0,7.15,0.0,5.66,2.06,10876.43,0.036292,53.0,335.37,2264.54,484.19,0.0,0.0,Built-up,78.54,0.0,14.54,5.29,1.63,0,0.0,Unknown,0,187.88,273.07,273.07,365.51,578.34
cell_02731,80.2175,13.1425,299687.7151824474,-1.0,12.0,7.26,0.0,8.75,2.3,3020.94,0.01008,5.0,285.71,2202.81,503.49,0.0,0.0,Built-up,56.51,0.0,25.13,17.79,0.57,0,0.0,Unknown,0,187.88,273.07,273.07,365.51,578.34
cell_02732,80.2175,13.1475,299681.76061691646,1.0,12.0,7.6,0.0,9.62,2.43,2708.2,0.009037,7.0,253.88,2256.64,532.39,0.0,0.0,Built-up,51.1,1.69,32.05,13.86,1.3,1,10.25,Unknown,1,187.88,273.07,273.07,365.51,578.34
cell_02733,80.2175,13.1525,299675.8038169524,1.0,10.0,6.19,0.0,6.93,2.23,1138.03,0.003798,0.0,169.53,2438.05,431.41,0.0,0.0,Cropland,0.16,17.92,26.47,52.36,3.09,0,0.0,Unknown,0,187.88,273.07,273.07,365.51,578.34
cell_02734,80.2175,13.1575,299669.84478315036,2.0,12.0,7.31,0.0,5.94,2.06,2231.66,0.007447,9.0,241.68,2721.65,825.31,0.0,0.0,Cropland,1.79,0.96,26.95,69.9,0.41,0,0.0,Unknown,0,187.88,273.07,273.07,365.51,578.34
cell_02735,80.2175,13.1625,299663.88351476454,3.0,9.0,6.46,0.0,4.35,1.51,2345.78,0.007828,19.0,763.61,3079.32,796.7,0.0,0.0,Cropland,1.95,0.0,25.06,72.73,0.26,0,0.0,Unknown,0,187.88,273.07,273.07,365.51,578.34
cell_02736,80.2175,13.1675,299657.9200124204,2.0,10.0,5.95,0.0,4.81,1.97,7722.87,0.025772,32.0,882.93,3488.36,269.0,223.69,0.000746,Vegetation,12.34,0.0,61.61,25.19,0.86,0,0.0,Unknown,0,187.88,273.07,273.07,365.51,578.34
cell_02737,80.2175,13.1725,299651.9542758469,2.0,11.0,6.19,0.0,6.51,2.06,4054.2,0.01353,14.0,990.29,3932.77,19.33,567.03,0.001892,Vegetation,34.57,0.0,53.89,10.71,0.83,0,0.0,Unknown,0,187.88,273.07,273.07,365.51,578.34
cell_02738,80.2175,13.1775,299645.98630514933,3.0,11.0,7.04,0.0,4.86,1.83,6062.95,0.020234,33.0,1331.64,4401.85,543.17,0.0,0.0,Vegetation,33.25,0.0,35.36,30.26,1.14,0,0.0,Unknown,0,187.88,273.07,273.07,365.51,578.34
cell_02739,80.2175,13.1825,299640.01610037114,2.0,11.0,7.09,0.0,4.98,1.52,32.97,0.00011,2.0,1774.6,4888.51,1090.7,0.0,0.0,Cropland,19.87,0.0,25.73,53.67,0.73,0,0.0,Unknown,0,187.88,273.07,273.07,365.51,578.34
cell_02740,80.2175,13.1875,299634.04366152355,3.0,11.0,7.5,0.0,4.98,1.76,0.0,0.0,0.0,2262.75,5387.99,1641.89,0.0,0.0,Cropland,18.21,0.99,17.95,61.1,1.75,0,0.0,Unknown,0,187.88,273.07,273.07,365.51,578.34
cell_02741,80.2175,13.1925,299628.0689889174,5.0,14.0,8.72,0.0,5.86,1.63,0.0,0.0,0.0,2773.53,5897.02,2177.34,0.0,0.0,Cropland,9.38,0.0,31.23,59.19,0.19,0,0.0,Unknown,0,187.88,273.07,273.07,365.51,578.34
cell_02742,80.2175,13.1975,299622.0920819652,5.0,13.0,9.01,0.0,4.81,1.93,0.0,0.0,0.0,3204.27,6246.85,2688.71,0.0,0.0,Vegetation,16.65,0.0,45.03,38.2,0.13,0,0.0,Unknown,0,187.88,273.07,273.07,365.51,578.34
cell_02743,80.2175,13.2025,299616.1129411036,3.0,13.0,8.56,0.0,5.79,1.94,0.0,0.0,0.0,3484.0,6044.7,3073.76,0.0,0.0,Cropland,11.93,0.0,34.31,53.25,0.51,0,0.0,Unknown,0,187.88,273.07,273.07,365.51,578.34
cell_02744,80.2175,13.2075,299610.131566739,5.0,13.0,8.93,0.0,6.16,2.02,0.0,0.0,0.0,3578.56,5887.72,3436.04,0.0,0.0,Vegetation,10.71,0.0,57.99,31.23,0.06,0,0.0,Unknown,0,187.88,273.07,273.07,365.51,578.34
cell_02745,80.2175,13.2125,299604.1479581576,5.0,17.0,9.29,0.0,8.13,2.63,0.0,0.0,0.0,3662.26,5679.23,3844.0,0.0,0.0,Cropland,4.82,0.0,22.7,72.48,0.0,0,0.0,Unknown,0,187.88,273.07,273.07,365.51,578.34
cell_02746,80.2175,13.2175,299598.16211574845,4.0,16.0,10.32,0.0,7.39,2.5,0.0,0.0,0.0,3820.09,5307.0,4284.61,0.0,0.0,Cropland,15.85,0.0,23.92,59.95,0.29,0,0.0,Unknown,0,187.88,273.07,273.07,365.51,578.34
cell_02747,80.2175,13.2225,299592.1740396185,6.0,15.0,9.87,0.0,6.81,2.2,0.0,0.0,0.0,4047.92,4968.55,4748.79,0.0,0.0,Cropland,1.85,0.0,22.24,75.84,0.06,0,0.0,Unknown,0,187.88,273.07,273.07,365.51,578.34
cell_02748,80.2175,13.2275,299586.18372985703,7.0,15.0,11.91,0.0,6.81,2.18,0.0,0.0,0.0,3954.92,4671.21,5229.25,0.0,0.0,Cropland,18.65,0.0,36.64,44.71,0.0,0,0.0,Unknown,0,187.88,273.07,273.07,365.51,578.34
cell_02749,80.2175,13.2325,299580.191186208,5.0,14.0,9.83,0.0,5.79,2.03,0.0,0.0,0.0,3782.41,4423.3,5720.98,0.0,0.0,Cropland,4.56,0.0,11.07,84.38,0.0,0,0.0,Unknown,0,187.88,273.07,273.07,365.51,578.34
cell_02750,80.2175,13.2375,299574.1964089034,3.0,15.0,9.52,0.0,6.72,2.23,0.0,0.0,0.0,3673.59,4233.51,6223.01,0.0,0.0,Cropland,19.32,0.0,10.42,70.26,0.0,0,0.0,Unknown,0,187.88,273.07,273.07,365.51,578.34
cell_02751,80.2175,13.2425,299568.19939801714,5.0,20.0,11.29,0.0,7.26,2.51,0.0,0.0,0.0,3539.45,4109.89,6733.03,0.0,0.0,Cropland,5.9,0.0,44.07,47.86,2.17,0,0.0,Unknown,0,187.88,273.07,273.07,365.51,578.34
cell_02752,80.2175,13.2475,299562.20015334093,7.0,18.0,11.94,0.0,8.53,2.87,0.0,0.0,0.0,3025.15,4058.49,7205.58,0.0,0.0,Cropland,6.89,0.0,45.63,47.48,0.0,0,0.0,Unknown,0,187.88,273.07,273.07,365.51,578.34
cell_02753,80.2175,13.2525,299556.1986749655,0.0,0.0,0.0,0.0,0.0,0.0,0.0,0.0,0.0,2472.23,4082.04,7425.96,0.0,0.0,Unknown,0.0,0.0,0.0,0.0,0.0,0,0.0,Unknown,0,187.88,273.07,273.07,365.51,578.34
cell_02754,80.2225,12.8525,300028.57393510954,-1.0,11.0,3.23,0.0,6.15,1.97,2476.21,0.008253,8.0,167.89,3003.68,1345.01,0.0,0.0,Vegetation,29.62,1.72,41.59,26.88,0.2,0,0.0,Unknown,0,187.88,273.07,273.07,365.51,578.34
cell_02755,80.2225,12.8575,300022.74905889365,0.0,8.0,3.03,0.0,6.16,1.66,2331.37,0.007771,4.0,238.32,2552.64,1415.32,0.0,0.0,Vegetation,4.64,2.69,49.42,42.44,0.81,0,0.0,Unknown,0,187.88,273.07,273.07,365.51,578.34
cell_02756,80.2225,12.8625,300016.9219461997,0.0,6.0,2.29,0.0,5.46,1.71,151.02,0.000503,0.0,277.02,2147.93,1574.34,0.0,0.0,Vegetation,21.01,0.0,57.63,21.27,0.1,0,0.0,Unknown,0,187.88,273.07,273.07,365.51,578.34
cell_02757,80.2225,12.8675,300011.0925974658,-1.0,6.0,2.47,0.0,4.89,1.66,241.43,0.000805,1.0,384.88,1821.24,1698.58,0.0,0.0,Vegetation,40.66,0.0,41.95,16.03,1.36,0,0.0,Unknown,0,187.88,273.07,273.07,365.51,578.34
cell_02758,80.2225,12.8725,300005.2610120715,0.0,8.0,2.61,0.0,6.89,1.55,0.0,0.0,0.0,750.7,1545.8,1831.27,0.0,0.0,Built-up,52.24,0.0,29.9,13.54,4.32,0,0.0,Unknown,0,187.88,273.07,273.07,365.51,578.34
cell_02759,80.2225,12.8775,299999.42719102354,0.0,5.0,2.14,0.0,4.35,1.7,1438.94,0.004796,2.0,402.86,1338.51,2008.83,0.0,0.0,Vegetation,15.39,0.0,68.8,15.52,0.29,0,0.0,Unknown,0,187.88,273.07,273.07,365.51,578.34
cell_02760,80.2225,12.8825,299993.59113327484,-1.0,6.0,2.2,0.0,4.98,1.68,725.97,0.00242,2.0,253.51,1207.22,1954.69,0.0,0.0,Vegetation,3.24,0.0,85.19,11.57,0.0,0,0.0,Unknown,0,187.88,273.07,273.07,365.51,578.34
cell_02761,80.2225,12.8875,299987.75284002145,-5.0,7.0,2.67,0.0,8.66,2.43,2587.6,0.008626,8.0,0.0,1205.25,1877.88,0.0,0.0,Vegetation,22.89,12.34,28.54,21.2,15.03,0,0.0,Unknown,0,187.88,273.07,273.07,365.51,578.34
cell_02762,80.2225,12.8925,299981.9123102965,-4.0,9.0,2.72,0.0,6.19,2.04,2321.19,0.007738,5.0,225.25,1306.29,1801.07,0.0,0.0,Vegetation,22.99,0.36,49.16,19.77,7.73,0,0.0,Unknown,0,187.88,273.07,273.07,365.51,578.34
cell_02763,80.2225,12.8975,299976.0695443152,-4.0,9.0,1.82,0.0,6.93,2.51,4027.13,0.013425,18.0,302.04,1007.38,1749.86,0.0,0.0,Built-up,50.64,8.4,28.79,12.07,0.1,0,0.0,Unknown,0,187.88,273.07,273.07,365.51,578.34
cell_02764,80.2225,12.9025,299970.22454278474,-5.0,6.0,1.03,0.0,8.16,2.08,2889.98,0.009634,17.0,218.82,944.47,1798.09,0.0,0.0,Vegetation,38.99,9.87,40.32,9.94,0.88,0,0.0,Unknown,0,187.88,273.07,273.07,365.51,578.34
cell_02765,80.2225,12.9075,299964.3773051013,-5.0,5.0,-0.24,0.0,6.16,2.34,0.0,0.0,0.0,220.45,910.87,1896.23,0.0,0.0,Built-up,66.66,1.04,18.9,7.79,5.62,0,0.0,Unknown,0,187.88,273.07,273.07,365.51,578.34
cell_02766,80.2225,12.9125,299958.527831386,-4.0,3.0,-0.03,0.0,6.19,1.88,1900.68,0.006336,4.0,295.0,549.13,2000.71,0.0,0.0,Built-up,63.54,0.0,22.88,2.88,10.71,0,0.0,Unknown,0,187.88,273.07,273.07,365.51,578.34
cell_02767,80.2225,12.9175,299952.6761217449,-3.0,6.0,0.08,0.0,7.09,1.82,0.0,0.0,0.0,62.38,145.43,2105.19,448.1,0.001494,Vegetation,0.32,10.71,77.37,11.2,0.39,0,0.0,Unknown,0,187.88,273.07,273.07,365.51,578.34
cell_02768,80.2225,12.9225,299946.82217639516,-5.0,6.0,-0.22,0.0,6.19,1.97,0.0,0.0,0.0,467.56,196.2,2209.67,589.8,0.001966,Vegetation,8.73,0.78,55.49,34.97,0.03,0,0.0,Unknown,0,187.88,273.07,273.07,365.51,578.34
cell_02769,80.2225,12.9275,299940.96599500126,-4.0,2.0,-0.69,0.0,5.66,1.69,0.0,0.0,0.0,726.61,140.41,2307.14,581.44,0.001939,Cropland,0.0,0.0,33.29,66.71,0.0,0,0.0,Unknown,0,187.88,273.07,273.07,365.51,578.34
cell_02770,80.2225,12.9325,299935.1075777322,-3.0,5.0,-0.05,0.0,5.79,1.59,0.0,0.0,0.0,897.55,34.52,2174.97,672.05,0.002241,Vegetation,0.0,0.0,56.66,39.29,4.06,0,0.0,Unknown,0,187.88,273.07,273.07,365.51,578.34
cell_02771,80.2225,12.9375,299929.2469250097,-5.0,5.0,-0.26,0.0,7.26,1.82,0.0,0.0,0.0,786.12,403.55,1858.23,0.0,0.0,Vegetation,0.0,0.0,64.64,30.62,4.74,0,0.0,Unknown,0,187.88,273.07,273.07,365.51,578.34
cell_02772,80.2225,12.9425,299923.3840364661,-2.0,2.0,-0.06,0.0,3.94,1.27,0.0,0.0,0.0,726.79,338.35,1539.48,23.18,7.7e-05,Cropland,0.0,4.07,23.44,72.5,0.0,0,0.0,Unknown,0,187.88,273.07,273.07,365.51,578.34
cell_02773,80.2225,12.9475,299917.51891184505,-2.0,5.0,0.78,0.0,4.84,1.49,1153.13,0.003845,6.0,393.09,169.34,1370.72,561.47,0.001872,Vegetation,4.51,23.41,56.53,15.55,0.0,0,0.0,Unknown,0,187.88,273.07,273.07,365.51,578.34
cell_02774,80.2225,12.9525,299911.6515519796,0.0,5.0,1.73,0.0,3.5,1.13,383.98,0.00128,0.0,155.25,359.63,1411.33,0.0,0.0,Vegetation,0.0,1.95,59.25,7.14,31.66,0,0.0,Unknown,0,187.88,273.07,273.07,365.51,578.34
cell_02775,80.2225,12.9575,299905.781956327,-2.0,3.0,0.63,0.0,4.35,1.45,268.09,0.000894,1.0,208.92,478.28,1023.56,0.0,0.0,Vegetation,0.07,0.23,70.64,6.08,22.98,0,0.0,Unknown,0,187.88,273.07,273.07,365.51,578.34
cell_02776,80.2225,12.9625,299899.91012507316,-4.0,8.0,0.47,0.0,7.59,1.51,0.0,0.0,0.0,2.91,406.22,731.82,0.0,0.0,Vegetation,16.72,17.18,50.62,15.49,0.0,0,0.0,Unknown,0,187.88,273.07,273.07,365.51,578.34
cell_02777,80.2225,12.9675,299894.0360581831,-3.0,4.0,0.78,0.0,4.03,1.42,4945.93,0.016492,11.0,163.81,715.67,370.88,0.0,0.0,Built-up,47.21,7.01,29.61,15.19,0.97,1,0.0,Unknown,1,187.88,273.07,273.07,365.51,578.34
cell_02778,80.2225,12.9725,299888.1597559201,-2.0,10.0,2.18,0.0,6.98,1.82,11399.37,0.038012,46.0,571.47,1168.06,152.31,371.83,0.00124,Built-up,95.44,0.0,4.17,0.2,0.2,1,6.0,Unknown,1,187.88,273.07,273.07,365.51,578.34
cell_02779,80.2225,12.9775,299882.2812180427,2.0,13.0,7.13,0.0,7.7,2.45,12025.9,0.040102,78.0,714.44,1641.05,271.49,18.29,6.1e-05,Built-up,94.55,0.0,5.19,0.0,0.26,3,6.0,Unknown,1,187.88,273.07,273.07,365.51,578.34
cell_02780,80.2225,12.9825,299876.40044464095,5.0,12.0,8.98,0.0,5.25,1.86,11903.82,0.039696,60.0,217.83,2152.52,262.42,14.18,4.7e-05,Built-up,92.53,0.0,7.31,0.0,0.16,0,8.6,Unknown,1,187.88,273.07,273.07,365.51,578.34
cell_02781,80.2225,12.9875,299870.5174357903,7.0,18.0,10.35,0.0,9.55,2.03,8903.7,0.029692,56.0,175.09,2680.52,206.62,338.71,0.00113,Built-up,70.51,0.53,27.9,0.83,0.23,1,0.0,Unknown,1,187.88,273.07,273.07,365.51,578.34
cell_02782,80.2225,12.9925,299864.6321919912,6.0,20.0,14.13,0.0,6.98,2.48,283.95,0.000947,1.0,236.54,2589.23,617.06,0.0,0.0,Vegetation,11.59,3.05,84.58,0.78,0.0,0,0.0,Unknown,0,187.88,273.07,273.07,365.51,578.34
cell_02783,80.2225,12.9975,299858.7447122459,9.0,22.0,14.44,0.0,5.94,2.36,0.0,0.0,0.0,203.55,2036.25,569.93,0.0,0.0,Vegetation,0.0,0.0,100.0,0.0,0.0,0,0.0,Unknown,0,187.88,273.07,273.07,365.51,578.34
cell_02784,80.2225,13.0025,299852.8549974324,9.0,26.0,15.35,0.0,7.53,2.32,598.4,0.001996,5.0,295.9,1483.27,938.32,0.0,0.0,Vegetation,4.36,0.0,95.44,0.2,0.0,0,0.0,Unknown,0,187.88,273.07,273.07,365.51,578.34
cell_02785,80.2225,13.0075,299846.96304737264,10.0,22.0,16.22,0.0,6.83,2.13,1425.08,0.004753,4.0,189.1,930.29,1430.96,0.0,0.0,Vegetation,26.53,1.85,70.81,0.55,0.26,0,0.0,Unknown,0,187.88,273.07,273.07,365.51,578.34
cell_02786,80.2225,13.0125,299841.06886189076,7.0,19.0,12.16,0.0,8.59,2.52,5228.81,0.017439,29.0,281.79,377.32,1543.16,0.0,0.0,Built-up,74.03,0.0,25.03,0.68,0.26,0,0.0,Unknown,0,187.88,273.07,273.07,365.51,578.34
cell_02787,80.2225,13.0175,299835.17244142265,-1.0,25.0,7.8,0.0,12.13,3.51,9058.7,0.030212,69.0,117.53,172.39,1006.06,589.14,0.001965,Built-up,70.68,9.36,17.06,2.02,0.89,0,0.0,Unknown,0,187.88,273.07,273.07,365.51,578.34
cell_02788,80.2225,13.0225,299829.2737855374,9.0,20.0,12.53,0.0,10.78,1.91,13162.77,0.043901,58.0,215.88,631.14,504.51,0.0,0.0,Built-up,93.31,0.03,6.04,0.0,0.62,1,0.0,Unknown,1,187.88,273.07,273.07,365.51,578.34
cell_02789,80.2225,13.0275,299823.372894437,5.0,14.0,10.81,0.0,6.16,1.92,13256.07,0.044213,54.0,268.94,1088.83,200.62,87.51,0.000292,Built-up,95.49,0.03,3.67,0.0,0.81,0,0.0,Unknown,0,187.88,273.07,273.07,365.51,578.34
cell_02790,80.2225,13.0325,299817.4697685121,7.0,16.0,11.21,0.0,5.25,1.99,13460.97,0.044897,68.0,278.62,1515.24,645.13,0.0,0.0,Built-up,96.76,0.0,2.94,0.0,0.3,3,0.0,Unknown,1,187.88,273.07,273.07,365.51,578.34
cell_02791,80.2225,13.0375,299811.56440756796,10.0,16.0,12.86,0.0,5.46,1.85,12001.44,0.04003,55.0,412.95,1884.06,1149.62,0.0,0.0,Built-up,95.36,0.0,4.58,0.0,0.06,2,0.0,Unknown,1,187.88,273.07,273.07,365.51,578.34
cell_02792,80.2225,13.0425,299805.65681108,10.0,18.0,13.99,0.0,5.59,2.16,9630.85,0.032124,27.0,913.97,2311.07,1305.4,0.0,0.0,Built-up,96.69,0.0,3.31,0.0,0.0,1,10.0,Unknown,1,187.88,273.07,273.07,365.51,578.34
cell_02793,80.2225,13.0475,299799.74697997485,10.0,18.0,13.81,0.0,7.09,2.03,11464.27,0.03824,60.0,1031.83,2367.86,788.25,0.0,0.0,Built-up,96.63,0.0,3.37,0.0,0.0,2,0.0,Unknown,1,187.88,273.07,273.07,365.51,578.34
cell_02794,80.2225,13.0525,299793.8349139478,10.0,22.0,14.38,0.0,7.66,2.32,12732.11,0.04247,69.0,859.12,1847.48,387.5,0.0,0.0,Built-up,84.19,0.0,15.29,0.0,0.52,0,0.0,Unknown,0,187.88,273.07,273.07,365.51,578.34
cell_02795,80.2225,13.0575,299787.9206126954,9.0,21.0,13.58,0.0,7.53,2.16,15822.77,0.05278,89.0,976.6,1346.84,412.74,0.0,0.0,Built-up,89.64,0.0,9.64,0.0,0.71,3,0.0,Unknown,1,187.88,273.07,273.07,365.51,578.34
cell_02796,80.2225,13.0625,299782.00407679647,10.0,18.0,13.37,0.0,6.72,2.42,15524.04,0.051784,84.0,677.07,901.63,431.85,0.0,0.0,Built-up,95.5,0.0,4.36,0.0,0.13,2,0.0,Unknown,1,187.88,273.07,273.07,365.51,578.34
cell_02797,80.2225,13.0675,299776.0853058524,7.0,19.0,12.77,0.0,6.16,2.52,13740.19,0.045835,75.0,461.65,493.51,20.84,716.41,0.00239,Built-up,96.1,0.0,3.8,0.0,0.1,2,0.0,Unknown,1,187.88,273.07,273.07,365.51,578.34
cell_02798,80.2225,13.0725,299770.16429987585,4.0,25.0,12.06,0.0,17.87,2.63,10136.93,0.033816,59.0,0.0,11.59,409.74,572.11,0.001909,Built-up,85.97,0.36,13.34,0.0,0.32,1,0.0,Unknown,1,187.88,273.07,273.07,365.51,578.34
cell_02799,80.2225,13.0775,299764.2410596813,6.0,20.0,10.51,0.0,8.29,2.62,12878.74,0.042963,69.0,93.8,114.43,941.26,516.7,0.001724,Built-up,68.46,0.66,18.94,7.67,4.26,1,0.0,Unknown,1,187.88,273.07,273.07,365.51,578.34
cell_02800,80.2225,13.0825,299758.3155841764,8.0,19.0,14.39,0.0,7.26,2.29,12743.23,0.042512,51.0,426.81,448.15,851.8,0.0,0.0,Built-up,80.16,0.0,17.63,0.16,2.05,2,0.0,Unknown,1,187.88,273.07,273.07,365.51,578.34
cell_02801,80.2225,13.0875,299752.3878741143,10.0,17.0,13.97,0.0,6.19,2.03,12064.38,0.040248,43.0,834.14,888.43,471.2,0.0,0.0,Built-up,83.77,0.0,16.23,0.0,0.0,1,0.0,Unknown,1,187.88,273.07,273.07,365.51,578.34
cell_02802,80.2225,13.0925,299746.4579294749,7.0,17.0,12.27,0.0,7.26,2.18,16515.23,0.055097,88.0,699.94,1390.99,96.95,831.13,0.002773,Built-up,69.97,0.0,29.9,0.0,0.13,1,0.0,Unknown,1,187.88,273.07,273.07,365.51,578.34
cell_02803,80.2225,13.0975,299740.52575014334,6.0,17.0,11.37,0.0,6.51,2.27,9418.3,0.031422,55.0,402.01,1919.94,82.75,709.02,0.002365,Vegetation,47.44,0.0,51.82,0.52,0.23,4,0.0,Unknown,1,187.88,273.07,273.07,365.51,578.34
cell_02804,80.2225,13.1025,299734.5913359729,6.0,21.0,11.52,0.0,8.87,2.86,6180.05,0.020618,18.0,323.69,2459.34,0.55,942.1,0.003143,Vegetation,21.02,0.0,76.4,2.41,0.17,0,0.0,Unknown,0,187.88,273.07,273.07,365.51,578.34
cell_02805,80.2225,13.1075,299728.65468757495,7.0,17.0,11.66,0.0,6.19,2.19,4400.2,0.014681,16.0,461.01,3003.14,431.33,0.0,0.0,Built-up,68.15,0.0,31.79,0.0,0.06,0,0.0,Unknown,0,187.88,273.07,273.07,365.51,578.34
cell_02806,80.2225,13.1125,299722.715804172,9.0,17.0,13.33,0.0,5.79,2.02,15312.07,0.051087,61.0,282.03,3549.74,977.83,0.0,0.0,Built-up,87.47,0.0,12.44,0.0,0.1,1,0.0,Unknown,1,187.88,273.07,273.07,365.51,578.34
cell_02807,80.2225,13.1175,299716.7746866905,7.0,17.0,11.78,0.0,4.86,1.99,15608.48,0.052077,82.0,144.96,3649.73,1237.82,0.0,0.0,Built-up,88.53,0.0,11.44,0.0,0.03,1,0.0,Unknown,1,187.88,273.07,273.07,365.51,578.34
cell_02808,80.2225,13.1225,299710.83133414784,6.0,15.0,10.68,0.0,5.66,2.2,16343.36,0.05453,111.0,319.78,3400.17,767.6,0.0,0.0,Built-up,95.65,0.0,3.18,1.07,0.1,0,0.0,Unknown,0,187.88,273.07,273.07,365.51,578.34
cell_02809,80.2225,13.1275,299704.88574786525,6.0,15.0,9.84,0.0,5.79,2.17,16426.09,0.054808,95.0,486.66,3156.05,270.68,307.07,0.001025,Built-up,95.32,0.0,2.89,1.59,0.19,0,0.0,Unknown,0,187.88,273.07,273.07,365.51,578.34
cell_02810,80.2225,13.1325,299698.9379265451,3.0,11.0,7.6,0.0,4.89,2.06,18350.9,0.061231,114.0,249.47,2938.86,277.25,252.73,0.000843,Built-up,99.37,0.0,0.5,0.0,0.13,0,0.0,Unknown,0,187.88,273.07,273.07,365.51,578.34
cell_02811,80.2225,13.1375,299692.9878714758,2.0,10.0,6.24,0.0,4.84,1.68,13699.95,0.045713,80.0,224.16,2797.5,810.43,0.0,0.0,Built-up,70.16,0.0,12.99,15.36,1.49,2,0.0,Unknown,1,187.88,273.07,273.07,365.51,578.34
cell_02812,80.2225,13.1425,299687.0355815489,3.0,14.0,8.43,0.0,6.19,2.19,2899.71,0.009676,11.0,401.91,2744.59,1042.97,0.0,0.0,Built-up,74.16,0.0,16.17,8.96,0.71,0,11.0,Unknown,1,187.88,273.07,273.07,365.51,578.34
cell_02813,80.2225,13.1475,299681.0810574382,3.0,13.0,8.51,0.0,7.7,2.36,3322.26,0.011086,6.0,692.99,2787.98,1012.72,0.0,0.0,Built-up,68.3,0.0,23.14,5.22,3.34,0,0.0,Unknown,0,187.88,273.07,273.07,365.51,578.34
cell_02814,80.2225,13.1525,299675.12429895054,1.0,10.0,6.4,0.0,5.86,1.97,1658.6,0.005535,1.0,372.03,2936.74,953.43,0.0,0.0,Built-up,47.44,0.0,26.98,17.08,8.51,0,0.0,Unknown,0,187.88,273.07,273.07,365.51,578.34
cell_02815,80.2225,13.1575,299669.1653063973,2.0,11.0,6.2,0.0,5.46,1.87,7900.7,0.026365,36.0,426.77,3176.1,1184.92,0.0,0.0,Vegetation,32.99,0.0,45.75,15.84,5.42,0,0.0,Unknown,0,187.88,273.07,273.07,365.51,578.34
cell_02816,80.2225,13.1625,299663.204079474,3.0,10.0,6.3,0.0,4.84,1.77,5478.6,0.018283,28.0,515.59,3487.47,798.02,0.0,0.0,Cropland,16.93,0.0,35.97,46.28,0.83,0,0.0,Unknown,0,187.88,273.07,273.07,365.51,578.34
cell_02817,80.2225,13.1675,299657.24061872845,2.0,10.0,5.23,0.0,4.89,2.02,4558.75,0.015213,14.0,342.64,3853.41,311.21,146.94,0.00049,Built-up,45.16,0.0,31.14,22.53,1.17,0,0.0,Unknown,0,187.88,273.07,273.07,365.51,578.34
cell_02818,80.2225,13.1725,299651.2749235098,0.0,9.0,5.6,0.0,5.46,1.88,8859.85,0.029567,36.0,557.71,4259.9,189.34,477.36,0.001593,Built-up,61.69,0.0,23.12,13.64,1.56,0,0.0,Unknown,0,187.88,273.07,273.07,365.51,578.34
cell_02819,80.2225,13.1775,299645.30699438066,3.0,9.0,6.17,0.0,4.29,1.57,4680.83,0.015621,18.0,1031.61,4696.42,675.59,0.0,0.0,Cropland,34.31,0.0,16.0,48.76,0.93,0,0.0,Unknown,0,187.88,273.07,273.07,365.51,578.34
cell_02820,80.2225,13.1825,299639.3368308956,2.0,10.0,6.71,0.0,4.98,1.69,2827.55,0.009437,13.0,1553.54,5155.34,1082.35,0.0,0.0,Cropland,26.53,0.0,25.75,47.5,0.23,0,0.0,Unknown,0,187.88,273.07,273.07,365.51,578.34
cell_02821,80.2225,13.1875,299633.3644336502,2.0,10.0,6.49,0.0,6.98,2.13,0.0,0.0,0.0,2091.49,5631.19,1491.3,0.0,0.0,Cropland,16.92,0.0,30.71,51.2,1.17,0,0.0,Unknown,0,187.88,273.07,273.07,365.51,578.34
cell_02822,80.2225,13.1925,299627.3898025927,3.0,10.0,6.67,0.0,4.86,1.78,0.0,0.0,0.0,2635.67,6003.48,1925.9,0.0,0.0,Cropland,8.63,0.0,22.38,68.79,0.2,0,0.0,Unknown,0,187.88,273.07,273.07,365.51,578.34
cell_02823,80.2225,13.1975,299621.41293696105,3.0,12.0,7.23,0.0,4.76,1.86,0.0,0.0,0.0,2933.44,5754.44,2409.52,0.0,0.0,Cropland,12.24,0.0,15.52,71.33,0.91,0,0.0,Unknown,0,187.88,273.07,273.07,365.51,578.34
cell_02824,80.2225,13.2025,299615.4338379181,4.0,14.0,8.68,0.0,7.26,2.01,0.0,0.0,0.0,2980.55,5535.29,2917.89,0.0,0.0,Cropland,18.44,0.0,29.55,51.66,0.36,0,0.0,Unknown,0,187.88,273.07,273.07,365.51,578.34
cell_02825,80.2225,13.2075,299609.45250486047,5.0,11.0,7.8,0.0,4.98,1.65,0.0,0.0,0.0,3043.3,5363.43,3439.21,0.0,0.0,Cropland,3.83,0.0,13.29,82.88,0.0,0,0.0,Unknown,0,187.88,273.07,273.07,365.51,578.34
cell_02826,80.2225,13.2125,299603.46893800504,2.0,16.0,7.89,0.0,7.84,2.42,0.0,0.0,0.0,3135.46,5244.52,3966.85,0.0,0.0,Cropland,0.81,0.0,15.19,83.99,0.0,0,0.0,Unknown,0,187.88,273.07,273.07,365.51,578.34
cell_02827,80.2225,13.2175,299597.48313703155,3.0,16.0,8.88,0.0,6.93,2.25,0.0,0.0,0.0,3318.45,4905.25,4500.58,0.0,0.0,Cropland,7.89,0.0,34.48,57.63,0.0,0,0.0,Unknown,0,187.88,273.07,273.07,365.51,578.34
cell_02828,80.2225,13.2225,299591.49510266073,4.0,19.0,9.79,0.0,6.89,2.43,0.0,0.0,0.0,3578.37,4536.94,5038.47,0.0,0.0,Cropland,4.26,0.0,21.16,74.58,0.0,0,0.0,Unknown,0,187.88,273.07,273.07,365.51,578.34
cell_02829,80.2225,13.2275,299585.5048343364,4.0,16.0,11.1,0.0,6.89,2.16,0.0,0.0,0.0,3451.07,4209.24,5504.92,0.0,0.0,Cropland,22.31,0.0,32.76,44.87,0.06,0,0.0,Unknown,0,187.88,273.07,273.07,365.51,578.34
cell_02830,80.2225,13.2325,299579.5123323072,5.0,17.0,11.77,0.0,8.29,2.43,0.0,0.0,0.0,3263.55,3932.32,5976.66,0.0,0.0,Cropland,6.27,0.0,37.08,50.65,6.01,0,0.0,Unknown,0,187.88,273.07,273.07,365.51,578.34
cell_02831,80.2225,13.2375,299573.5175967575,3.0,16.0,9.15,0.0,9.52,2.78,0.0,0.0,0.0,3136.79,3717.56,6350.99,0.0,0.0,Cropland,1.85,0.0,3.21,94.94,0.0,0,0.0,Unknown,0,187.88,273.07,273.07,365.51,578.34
cell_02832,80.2225,13.2425,299567.5206275253,3.0,14.0,9.1,0.0,6.93,2.13,0.0,0.0,0.0,3104.8,3576.16,6506.65,0.0,0.0,Cropland,12.56,0.0,10.29,75.26,1.88,0,0.0,Unknown,0,187.88,273.07,273.07,365.51,578.34
cell_02833,80.2225,13.2475,299561.5214243855,4.0,15.0,9.43,0.0,7.59,2.36,0.0,0.0,0.0,2840.61,3516.98,6704.44,0.0,0.0,Cropland,3.73,0.0,21.27,75.0,0.0,0,0.0,Unknown,0,187.88,273.07,273.07,365.51,578.34
cell_02834,80.2225,13.2525,299555.519987869,0.0,0.0,0.0,0.0,0.0,0.0,0.0,0.0,0.0,2314.0,3544.15,6940.76,0.0,0.0,Unknown,0.0,0.0,0.0,0.0,0.0,0,0.0,Unknown,0,187.88,273.07,273.07,365.51,578.34
cell_02835,80.2275,12.8525,300027.89633055264,3.0,17.0,8.94,0.0,9.66,2.71,1883.81,0.006279,7.0,208.3,3324.29,803.09,0.0,0.0,Vegetation,37.11,0.88,55.32,6.17,0.52,0,0.0,Unknown,0,187.88,273.07,273.07,365.51,578.34
cell_02836,80.2275,12.8575,300022.07149471785,0.0,15.0,7.64,0.0,7.53,2.81,6131.36,0.020436,33.0,115.88,2921.68,898.62,0.0,0.0,Vegetation,27.77,4.62,66.42,1.02,0.16,0,0.0,Unknown,0,187.88,273.07,273.07,365.51,578.34
cell_02837,80.2275,12.8625,300016.2444223349,-2.0,13.0,6.74,0.0,6.51,2.45,9570.87,0.031901,62.0,218.42,2575.3,1045.66,0.0,0.0,Built-up,56.98,0.0,41.58,1.34,0.1,0,0.0,Unknown,0,187.88,273.07,273.07,365.51,578.34
cell_02838,80.2275,12.8675,300010.41511395195,0.0,13.0,6.24,0.0,6.98,2.45,4998.73,0.016662,15.0,138.9,2292.44,1169.91,0.0,0.0,Vegetation,34.61,2.01,57.34,3.9,2.14,0,0.0,Unknown,0,187.88,273.07,273.07,365.51,578.34
cell_02839,80.2275,12.8725,300004.5835689497,0.0,14.0,5.78,0.0,8.8,2.51,5797.29,0.019324,22.0,249.03,2033.23,1327.96,0.0,0.0,Built-up,63.39,0.32,31.51,3.64,1.15,1,0.0,Unknown,1,187.88,273.07,273.07,365.51,578.34
cell_02840,80.2275,12.8775,299998.7497882073,-1.0,16.0,6.51,0.0,9.01,2.68,7203.85,0.024013,29.0,328.27,1865.21,1468.33,0.0,0.0,Built-up,61.51,0.0,36.48,1.63,0.38,0,0.0,Unknown,0,187.88,273.07,273.07,365.51,578.34
cell_02841,80.2275,12.8825,299992.9137709789,-2.0,12.0,6.7,0.0,6.72,2.13,11367.08,0.037891,69.0,208.32,1739.43,1417.44,0.0,0.0,Built-up,68.83,0.55,29.16,0.71,0.75,0,0.0,Unknown,0,187.88,273.07,273.07,365.51,578.34
cell_02842,80.2275,12.8875,299987.07551809686,-4.0,13.0,6.37,0.0,7.39,2.36,12560.16,0.041869,65.0,180.6,1738.05,1340.64,0.0,0.0,Built-up,72.26,0.0,17.35,9.95,0.45,0,0.0,Unknown,0,187.88,273.07,273.07,365.51,578.34
cell_02843,80.2275,12.8925,299981.23502868763,0.0,15.0,5.59,0.0,6.16,2.18,4603.56,0.015346,16.0,169.61,1740.29,1263.84,0.0,0.0,Built-up,60.49,0.26,33.07,6.03,0.16,0,0.0,Unknown,0,187.88,273.07,273.07,365.51,578.34
cell_02844,80.2275,12.8975,299975.39230311144,-2.0,13.0,6.12,0.0,6.19,2.21,5877.5,0.019593,29.0,425.05,1527.4,1207.78,0.0,0.0,Built-up,61.1,0.0,30.91,5.65,2.34,0,0.0,Unknown,0,187.88,273.07,273.07,365.51,578.34
cell_02845,80.2275,12.9025,299969.547342074,-1.0,14.0,6.55,0.0,5.59,2.17,5719.1,0.019066,36.0,273.18,1486.93,1259.99,0.0,0.0,Built-up,73.72,0.0,21.43,4.3,0.54,1,0.0,Unknown,1,187.88,273.07,273.07,365.51,578.34
cell_02846,80.2275,12.9075,299963.70014482824,-3.0,12.0,4.73,0.0,8.8,2.62,5341.77,0.017808,36.0,224.18,1094.5,1363.55,0.0,0.0,Built-up,76.88,0.0,18.08,2.04,3.0,0,0.0,Unknown,0,187.88,273.07,273.07,365.51,578.34
cell_02847,80.2275,12.9125,299957.8507116391,-2.0,8.0,1.23,0.0,7.09,1.91,5404.54,0.018018,32.0,24.76,572.81,1468.04,0.0,0.0,Built-up,65.88,4.03,19.06,5.97,5.06,1,6.5,Unknown,1,187.88,273.07,273.07,365.51,578.34
cell_02848,80.2275,12.9175,299951.99904251785,-5.0,7.0,0.7,0.0,10.4,2.32,9405.86,0.031358,64.0,245.47,256.22,1572.53,31.03,0.000103,Built-up,59.66,0.0,34.44,4.08,1.82,2,0.0,Unknown,1,187.88,273.07,273.07,365.51,578.34
cell_02849,80.2275,12.9225,299946.14513763343,-5.0,10.0,1.11,0.0,6.72,2.29,1966.99,0.006558,4.0,501.02,215.23,1677.02,349.82,0.001166,Vegetation,30.42,3.76,57.21,6.98,1.63,0,0.0,Unknown,0,187.88,273.07,273.07,365.51,578.34
cell_02850,80.2275,12.9275,299940.2889966662,-4.0,5.0,-0.44,0.0,6.19,2.08,2620.38,0.008736,22.0,187.09,187.26,1780.05,634.72,0.002116,Vegetation,30.94,0.0,47.89,20.49,0.68,0,0.0,Unknown,0,187.88,273.07,273.07,365.51,578.34
cell_02851,80.2275,12.9325,299934.4306200065,-5.0,4.0,-0.64,0.0,6.81,2.07,4869.92,0.016237,22.0,410.73,287.69,1637.71,188.28,0.000628,Cropland,24.43,0.0,26.34,49.2,0.03,0,0.0,Unknown,0,187.88,273.07,273.07,365.51,578.34
cell_02852,80.2275,12.9375,299928.57000768144,-7.0,6.0,0.13,0.0,10.4,2.39,1207.96,0.004028,4.0,684.21,58.55,1643.55,578.65,0.001929,Vegetation,7.08,0.0,49.04,43.88,0.0,0,0.0,Unknown,0,187.88,273.07,273.07,365.51,578.34
cell_02853,80.2275,12.9425,299922.70715990814,-3.0,3.0,0.1,0.0,4.86,1.48,0.0,0.0,0.0,908.41,54.87,1825.38,727.63,0.002426,Cropland,0.0,6.79,32.21,61.01,0.0,0,0.0,Unknown,0,187.88,273.07,273.07,365.51,578.34
cell_02854,80.2275,12.9475,299916.8420757974,-2.0,3.0,0.77,0.0,3.5,1.37,1086.28,0.003622,0.0,418.37,350.84,1909.93,0.0,0.0,Cropland,4.46,6.44,36.19,52.58,0.32,0,0.0,Unknown,0,187.88,273.07,273.07,365.51,578.34
cell_02855,80.2275,12.9525,299910.9747565759,-1.0,6.0,2.24,0.0,5.66,1.81,1103.81,0.00368,0.0,331.23,879.11,1798.11,0.0,0.0,Vegetation,0.29,0.03,65.59,16.23,17.86,0,0.0,Unknown,0,187.88,273.07,273.07,365.51,578.34
cell_02856,80.2275,12.9575,299905.10520137264,-1.0,5.0,0.83,0.0,4.84,1.5,0.0,0.0,0.0,120.83,1013.22,1454.5,0.0,0.0,Vegetation,6.53,2.14,56.17,9.22,25.94,0,0.0,Unknown,0,187.88,273.07,273.07,365.51,578.34
cell_02857,80.2275,12.9625,299899.2334107038,-4.0,4.0,0.54,0.0,6.81,1.88,0.0,0.0,0.0,0.0,947.57,1046.54,0.0,0.0,Water,0.03,65.15,25.1,9.73,0.0,0,0.0,Unknown,0,187.88,273.07,273.07,365.51,578.34
cell_02858,80.2275,12.9675,299893.3593845482,-4.0,5.0,0.85,0.0,5.59,1.8,6555.06,0.021858,21.0,0.0,1115.81,612.07,0.0,0.0,Built-up,42.95,23.69,24.55,7.97,0.83,0,0.0,Unknown,0,187.88,273.07,273.07,365.51,578.34
cell_02859,80.2275,12.9725,299887.4831229023,-2.0,4.0,0.92,0.0,4.29,1.58,12413.49,0.041394,81.0,505.16,1484.5,515.35,0.0,0.0,Built-up,83.96,0.0,13.73,0.0,2.31,1,0.0,Unknown,1,187.88,273.07,273.07,365.51,578.34
cell_02860,80.2275,12.9775,299881.6046255251,-1.0,10.0,4.77,0.0,6.19,1.96,15123.04,0.05043,84.0,619.6,1936.98,527.55,0.0,0.0,Built-up,95.06,0.0,4.88,0.0,0.06,0,0.0,Unknown,0,187.88,273.07,273.07,365.51,578.34
cell_02861,80.2275,12.9825,299875.7238929175,4.0,13.0,8.68,0.0,5.66,2.06,14892.56,0.049662,100.0,570.51,2387.7,600.81,0.0,0.0,Built-up,89.7,0.0,9.38,0.19,0.73,2,0.0,Unknown,1,187.88,273.07,273.07,365.51,578.34
cell_02862,80.2275,12.9875,299869.8409248068,3.0,21.0,12.64,0.0,10.43,2.57,4978.27,0.016601,32.0,418.12,2872.8,591.8,0.0,0.0,Vegetation,41.07,0.0,58.64,0.26,0.03,1,0.0,Unknown,1,187.88,273.07,273.07,365.51,578.34
cell_02863,80.2275,12.9925,299863.95572169294,12.0,21.0,15.75,0.0,5.86,2.0,0.0,0.0,0.0,319.13,2585.02,904.67,0.0,0.0,Vegetation,12.6,0.0,87.4,0.0,0.0,0,0.0,Unknown,0,187.88,273.07,273.07,365.51,578.34
cell_02864,80.2275,12.9975,299858.06828237255,12.0,22.0,16.65,0.0,6.16,1.97,0.0,0.0,0.0,220.27,2042.13,1070.5,0.0,0.0,Vegetation,0.0,0.0,99.78,0.22,0.0,0,0.0,Unknown,0,187.88,273.07,273.07,365.51,578.34
cell_02865,80.2275,13.0025,299852.17860856216,9.0,23.0,18.0,0.0,8.52,2.31,0.0,0.0,0.0,221.54,1506.59,1319.83,0.0,0.0,Vegetation,0.0,0.0,99.81,0.19,0.0,0,0.0,Unknown,0,187.88,273.07,273.07,365.51,578.34
cell_02866,80.2275,13.0075,299846.2866991998,9.0,22.0,17.19,0.0,6.65,2.06,992.08,0.003309,2.0,285.76,990.41,1705.62,0.0,0.0,Vegetation,13.87,0.0,86.13,0.0,0.0,0,0.0,Unknown,0,187.88,273.07,273.07,365.51,578.34
cell_02867,80.2275,13.0125,299840.39255442226,5.0,16.0,10.94,0.0,7.84,2.12,8004.12,0.026695,42.0,294.76,546.12,1262.54,0.0,0.0,Vegetation,49.36,0.0,50.51,0.03,0.1,1,0.0,Unknown,1,187.88,273.07,273.07,365.51,578.34
cell_02868,80.2275,13.0175,299834.49617466796,2.0,14.0,8.2,0.0,6.81,2.67,7691.17,0.025651,46.0,95.59,140.96,785.79,703.36,0.002346,Built-up,55.55,13.41,27.08,2.31,1.66,0,0.0,Unknown,0,187.88,273.07,273.07,365.51,578.34
cell_02869,80.2275,13.0225,299828.5975596173,6.0,16.0,10.98,0.0,6.93,2.28,10022.18,0.033426,46.0,353.38,402.77,330.56,102.62,0.000342,Built-up,78.89,0.0,18.88,0.1,2.14,0,0.0,Unknown,0,187.88,273.07,273.07,365.51,578.34
cell_02870,80.2275,13.0275,299822.69670937624,5.0,16.0,9.42,0.0,8.66,2.54,14327.05,0.047785,93.0,575.97,955.67,0.35,1175.38,0.00392,Built-up,92.19,0.0,7.65,0.06,0.1,0,0.0,Unknown,0,187.88,273.07,273.07,365.51,578.34
cell_02871,80.2275,13.0325,299816.7936241292,6.0,16.0,10.04,0.0,6.19,2.22,9990.62,0.033322,40.0,270.29,1508.63,379.5,14.98,5e-05,Built-up,86.14,0.19,13.38,0.0,0.29,1,0.0,Unknown,1,187.88,273.07,273.07,365.51,578.34
cell_02872,80.2275,13.0375,299810.88830410864,7.0,16.0,12.08,0.0,6.15,2.17,8947.28,0.029843,34.0,402.83,1867.29,849.09,0.0,0.0,Built-up,93.62,0.0,5.68,0.0,0.7,0,0.0,Unknown,0,187.88,273.07,273.07,365.51,578.34
cell_02873,80.2275,13.0425,299804.9807484266,9.0,18.0,13.08,0.0,5.94,2.18,12744.78,0.04251,56.0,912.5,2289.19,1269.01,0.0,0.0,Built-up,98.21,0.0,1.72,0.0,0.06,0,27.33,Unknown,1,187.88,273.07,273.07,365.51,578.34
cell_02874,80.2275,13.0475,299799.0709581201,9.0,20.0,13.23,0.0,8.13,2.49,12641.2,0.042166,65.0,1454.17,2261.22,726.38,0.0,0.0,Built-up,93.73,0.0,6.27,0.0,0.0,1,11.0,Unknown,1,187.88,273.07,273.07,365.51,578.34
cell_02875,80.2275,13.0525,299793.15893288644,10.0,20.0,14.38,0.0,7.79,2.36,10942.9,0.036502,47.0,1401.18,1711.06,237.61,128.34,0.000428,Built-up,87.34,0.0,12.56,0.0,0.1,1,8.5,Unknown,1,187.88,273.07,273.07,365.51,578.34
cell_02876,80.2275,13.0575,299787.2446725307,7.0,22.0,12.61,0.0,9.89,2.4,14472.35,0.048275,95.0,1038.42,1163.11,123.53,563.12,0.001878,Built-up,88.9,0.0,9.63,0.0,1.47,2,0.0,Unknown,1,187.88,273.07,273.07,365.51,578.34
cell_02877,80.2275,13.0625,299781.3281775845,8.0,17.0,13.0,0.0,5.59,2.12,14537.83,0.048495,71.0,486.31,622.86,105.57,557.83,0.001861,Built-up,96.72,0.0,3.25,0.0,0.03,0,0.0,Unknown,0,187.88,273.07,273.07,365.51,578.34
cell_02878,80.2275,13.0675,299775.4094474922,3.0,17.0,10.98,0.0,6.98,2.68,12237.49,0.040822,56.0,44.57,128.19,51.29,1118.06,0.00373,Built-up,87.12,1.05,11.51,0.06,0.26,2,0.0,Unknown,1,187.88,273.07,273.07,365.51,578.34
cell_02879,80.2275,13.0725,299769.48848246975,1.0,22.0,12.1,0.0,18.53,2.93,10981.5,0.036633,62.0,30.5,49.11,489.5,726.23,0.002423,Built-up,83.07,1.43,14.8,0.0,0.7,1,0.0,Unknown,1,187.88,273.07,273.07,365.51,578.34
cell_02880,80.2275,13.0775,299763.56528320786,8.0,19.0,13.48,0.0,6.81,2.27,11241.47,0.037501,55.0,566.08,582.72,1036.3,0.0,0.0,Built-up,93.7,0.0,6.1,0.0,0.19,2,0.0,Unknown,1,187.88,273.07,273.07,365.51,578.34
cell_02881,80.2275,13.0825,299757.63984870753,8.0,17.0,12.21,0.0,6.83,2.59,11390.62,0.037999,81.0,856.99,885.71,585.23,0.0,0.0,Built-up,63.71,0.0,35.52,0.0,0.77,2,0.0,Unknown,1,187.88,273.07,273.07,365.51,578.34
cell_02882,80.2275,13.0875,299751.7121795639,5.0,17.0,10.86,0.0,8.66,2.75,10762.49,0.035905,62.0,706.21,1222.24,88.69,754.78,0.002518,Built-up,75.36,0.0,24.55,0.0,0.1,4,0.0,Unknown,1,187.88,273.07,273.07,365.51,578.34
cell_02883,80.2275,13.0925,299745.7822758203,6.0,17.0,12.32,0.0,8.02,2.26,13308.18,0.044398,71.0,560.21,1649.0,64.49,804.25,0.002683,Built-up,80.71,0.0,18.78,0.38,0.13,0,0.0,Unknown,0,187.88,273.07,273.07,365.51,578.34
cell_02884,80.2275,13.0975,299739.85013739346,8.0,17.0,12.18,0.0,6.81,2.08,13868.54,0.046269,87.0,81.24,2118.35,473.17,0.0,0.0,Built-up,95.54,0.16,3.99,0.06,0.26,0,0.0,Unknown,0,187.88,273.07,273.07,365.51,578.34
cell_02885,80.2275,13.1025,299733.9157644211,7.0,17.0,12.35,0.0,6.93,2.51,9470.72,0.031597,39.0,498.29,2618.61,50.32,549.18,0.001832,Vegetation,10.36,0.0,88.05,1.59,0.0,0,0.0,Unknown,0,187.88,273.07,273.07,365.51,578.34
cell_02886,80.2275,13.1075,299727.9791568355,7.0,16.0,11.3,0.0,5.94,2.32,6286.75,0.020975,35.0,315.16,3135.93,498.72,0.0,0.0,Vegetation,46.01,0.0,53.83,0.0,0.16,0,0.0,Unknown,0,187.88,273.07,273.07,365.51,578.34
cell_02887,80.2275,13.1125,299722.0403145699,7.0,17.0,13.35,0.0,6.16,2.48,14066.59,0.046932,65.0,203.48,3663.33,1047.76,0.0,0.0,Built-up,84.95,0.0,14.7,0.0,0.35,1,0.0,Unknown,1,187.88,273.07,273.07,365.51,578.34
cell_02888,80.2275,13.1175,299716.0992381715,9.0,18.0,12.3,0.0,7.7,2.14,14792.8,0.049356,84.0,423.2,4124.75,902.87,0.0,0.0,Built-up,95.94,0.0,3.83,0.0,0.23,0,0.0,Unknown,0,187.88,273.07,273.07,365.51,578.34
cell_02889,80.2275,13.1225,299710.1559265004,6.0,15.0,11.26,0.0,8.16,2.22,16324.96,0.054469,85.0,517.12,3878.71,574.13,0.0,0.0,Built-up,97.9,0.0,1.69,0.0,0.41,1,0.0,Unknown,1,187.88,273.07,273.07,365.51,578.34
cell_02890,80.2275,13.1275,299704.2103814767,4.0,13.0,8.5,0.0,5.66,1.99,16721.05,0.055792,113.0,952.4,3651.81,21.65,729.21,0.002433,Built-up,93.69,0.0,2.77,3.25,0.29,0,0.0,Unknown,0,187.88,273.07,273.07,365.51,578.34
cell_02891,80.2275,13.1325,299698.2626011551,4.0,13.0,8.56,0.0,5.15,1.92,16998.71,0.056719,105.0,562.11,3452.86,356.67,0.0,0.0,Built-up,95.78,0.0,3.8,0.36,0.06,1,0.0,Unknown,1,187.88,273.07,273.07,365.51,578.34
cell_02892,80.2275,13.1375,299692.3125870149,4.0,13.0,8.35,0.0,6.51,2.01,7810.18,0.026061,35.0,311.99,3333.35,908.82,0.0,0.0,Built-up,65.59,0.0,26.21,7.68,0.51,0,0.0,Unknown,0,187.88,273.07,273.07,365.51,578.34
cell_02893,80.2275,13.1425,299686.3603383266,5.0,16.0,9.44,0.0,6.51,2.19,1705.71,0.005692,2.0,77.26,3286.43,1461.61,0.0,0.0,Built-up,63.49,0.0,29.72,5.33,1.47,0,0.0,Unknown,0,187.88,273.07,273.07,365.51,578.34
cell_02894,80.2275,13.1475,299680.4058552902,4.0,15.0,10.43,0.0,5.94,2.28,13905.1,0.0464,84.0,209.37,3322.74,1528.37,0.0,0.0,Built-up,74.55,0.06,18.08,7.24,0.06,0,0.0,Unknown,0,187.88,273.07,273.07,365.51,578.34
cell_02895,80.2275,13.1525,299674.44913805946,5.0,15.0,10.23,0.0,5.94,2.42,11312.04,0.037748,87.0,245.02,3448.49,1489.73,0.0,0.0,Built-up,69.61,0.89,23.57,4.43,1.5,0,0.0,Unknown,0,187.88,273.07,273.07,365.51,578.34
cell_02896,80.2275,13.1575,299668.49018664466,0.0,15.0,8.11,0.0,9.46,2.6,11151.44,0.037213,67.0,322.83,3654.48,1521.61,0.0,0.0,Built-up,71.68,0.0,21.59,4.53,2.2,0,0.0,Unknown,0,187.88,273.07,273.07,365.51,578.34
cell_02897,80.2275,13.1625,299662.52900086885,1.0,16.0,8.18,0.0,8.3,2.84,6772.88,0.022602,32.0,344.86,3928.1,1019.13,0.0,0.0,Built-up,76.36,0.0,17.31,5.49,0.84,0,0.0,Unknown,0,187.88,273.07,273.07,365.51,578.34
cell_02898,80.2275,13.1675,299656.5655811701,1.0,13.0,6.68,0.0,7.85,2.52,2702.54,0.009019,9.0,25.47,4256.32,479.84,0.0,0.0,Built-up,43.56,0.0,40.98,13.17,2.3,0,0.0,Unknown,0,187.88,273.07,273.07,365.51,578.34
cell_02899,80.2275,13.1725,299650.59992729046,2.0,8.0,4.94,0.0,5.94,1.79,1993.22,0.006652,5.0,409.92,4627.55,42.04,676.87,0.002259,Cropland,16.9,0.0,40.88,41.33,0.89,0,0.0,Unknown,0,187.88,273.07,273.07,365.51,578.34
cell_02900,80.2275,13.1775,299644.63203910005,1.0,11.0,5.31,0.0,8.8,2.21,4856.8,0.016209,23.0,951.69,5032.27,308.18,126.12,0.000421,Cropland,24.03,0.0,24.9,50.81,0.26,0,0.0,Unknown,0,187.88,273.07,273.07,365.51,578.34
cell_02901,80.2275,13.1825,299638.66191716254,1.0,10.0,5.94,0.0,5.66,2.01,4996.0,0.016673,21.0,1501.66,5463.04,717.1,0.0,0.0,Cropland,18.91,0.61,36.13,43.81,0.54,1,0.0,Unknown,1,187.88,273.07,273.07,365.51,578.34
cell_02902,80.2275,13.1875,299632.68956098397,0.0,10.0,5.38,0.0,5.66,2.02,206.98,0.000691,2.0,2053.25,5822.97,1178.03,0.0,0.0,Cropland,2.65,0.0,31.98,65.27,0.1,0,0.0,Unknown,0,187.88,273.07,273.07,365.51,578.34
cell_02903,80.2275,13.1925,299626.7149710968,2.0,10.0,5.9,0.0,4.84,1.73,73.23,0.000244,1.0,2438.46,5532.28,1694.18,0.0,0.0,Cropland,2.01,0.0,14.06,83.77,0.16,0,0.0,Unknown,0,187.88,273.07,273.07,365.51,578.34
cell_02904,80.2275,13.1975,299620.73814686487,2.0,11.0,6.94,0.0,5.66,2.16,0.0,0.0,0.0,2391.82,5265.69,2223.38,0.0,0.0,Cropland,19.67,0.0,30.26,45.79,4.27,0,0.0,Unknown,0,187.88,273.07,273.07,365.51,578.34
cell_02905,80.2275,13.2025,299614.7590890893,3.0,13.0,8.18,0.0,6.89,1.97,0.0,0.0,0.0,2441.54,5032.65,2761.88,0.0,0.0,Cropland,19.29,0.0,35.59,44.45,0.67,0,0.0,Unknown,0,187.88,273.07,273.07,365.51,578.34
cell_02906,80.2275,13.2075,299608.77779724536,3.0,11.0,7.06,0.0,6.03,1.96,0.0,0.0,0.0,2503.52,4843.0,3305.17,0.0,0.0,Cropland,2.53,0.0,8.05,89.42,0.0,0,0.0,Unknown,0,187.88,273.07,273.07,365.51,578.34
cell_02907,80.2275,13.2125,299602.7942717057,4.0,11.0,7.95,0.0,6.81,2.13,0.0,0.0,0.0,2614.79,4710.98,3851.22,0.0,0.0,Cropland,0.0,0.0,4.4,95.6,0.0,0,0.0,Unknown,0,187.88,273.07,273.07,365.51,578.34
cell_02908,80.2275,13.2175,299596.80851204135,5.0,17.0,8.74,0.0,10.4,2.22,0.0,0.0,0.0,2831.64,4532.75,4399.0,0.0,0.0,Cropland,2.58,0.0,27.74,69.67,0.0,0,0.0,Unknown,0,187.88,273.07,273.07,365.51,578.34
cell_02909,80.2275,13.2225,299590.8205189425,5.0,19.0,11.28,0.0,8.95,3.2,0.0,0.0,0.0,3132.23,4131.36,4938.29,0.0,0.0,Vegetation,5.32,0.0,49.81,44.87,0.0,0,0.0,Unknown,0,187.88,273.07,273.07,365.51,578.34
cell_02910,80.2275,13.2275,299584.8302920409,4.0,21.0,12.74,0.0,9.0,3.21,0.0,0.0,0.0,2960.62,3768.57,5473.62,0.0,0.0,Vegetation,1.28,0.0,69.61,29.11,0.0,0,0.0,Unknown,0,187.88,273.07,273.07,365.51,578.34
cell_02911,80.2275,13.2325,299578.8378312375,4.0,16.0,11.24,0.0,9.62,2.75,0.0,0.0,0.0,2751.42,3456.54,5706.22,0.0,0.0,Cropland,7.72,0.1,42.06,48.02,2.1,0,0.0,Unknown,0,187.88,273.07,273.07,365.51,578.34
cell_02912,80.2275,13.2375,299572.84313708055,4.0,19.0,10.95,0.0,10.66,2.9,0.0,0.0,0.0,2602.04,3210.11,5826.74,0.0,0.0,Cropland,5.94,0.0,43.73,50.32,0.0,0,0.0,Unknown,0,187.88,273.07,273.07,365.51,578.34
cell_02913,80.2275,13.2425,299566.8462092033,5.0,20.0,9.9,0.0,9.93,2.45,0.0,0.0,0.0,2563.39,3045.25,5996.04,0.0,0.0,Cropland,5.42,0.0,32.33,61.77,0.48,0,0.0,Unknown,0,187.88,273.07,273.07,365.51,578.34
cell_02914,80.2275,13.2475,299560.8470476163,4.0,16.0,9.57,0.0,8.29,2.6,0.0,0.0,0.0,2642.47,2975.54,6210.13,0.0,0.0,Cropland,9.82,0.0,24.36,65.82,0.0,0,0.0,Unknown,0,187.88,273.07,273.07,365.51,578.34
cell_02915,80.2275,13.2525,299554.8456523634,0.0,0.0,0.0,0.0,0.0,0.0,0.0,0.0,0.0,2181.79,3007.62,6464.56,0.0,0.0,Unknown,0.0,0.0,0.0,0.0,0.0,0,0.0,Unknown,0,187.88,273.07,273.07,365.51,578.34
cell_02916,80.2325,12.8525,300027.22310121544,-3.0,8.0,1.56,0.0,5.15,2.24,228.79,0.000763,1.0,236.91,3695.84,261.18,350.14,0.001167,Vegetation,6.72,22.14,70.0,1.07,0.06,0,0.0,Unknown,0,187.88,273.07,273.07,365.51,578.34
cell_02917,80.2325,12.8575,300021.39830541104,-4.0,6.0,1.4,0.0,6.16,2.33,4850.03,0.016166,34.0,290.39,3338.33,381.91,0.0,0.0,Vegetation,14.29,15.94,49.17,20.09,0.51,0,0.0,Unknown,0,187.88,273.07,273.07,365.51,578.34
cell_02918,80.2325,12.8625,300015.5712730524,-3.0,5.0,1.86,0.0,5.66,1.93,1212.88,0.004043,8.0,379.19,3037.63,516.99,0.0,0.0,Vegetation,10.08,16.8,66.07,2.65,4.4,0,0.0,Unknown,0,187.88,273.07,273.07,365.51,578.34
cell_02919,80.2325,12.8675,300009.7420046404,-3.0,7.0,1.87,0.0,8.16,2.7,0.0,0.0,0.0,157.65,2762.85,641.24,0.0,0.0,Vegetation,1.75,0.1,92.79,4.58,0.78,0,0.0,Unknown,0,187.88,273.07,273.07,365.51,578.34
cell_02920,80.2325,12.8725,300003.9104999178,-3.0,8.0,1.6,0.0,9.1,2.99,0.0,0.0,0.0,341.99,2540.29,858.33,0.0,0.0,Vegetation,13.27,0.0,79.56,4.59,2.58,0,0.0,Unknown,0,187.88,273.07,273.07,365.51,578.34
cell_02921,80.2325,12.8775,299998.07675927406,-3.0,7.0,2.16,0.0,6.16,2.2,9099.38,0.030331,37.0,455.03,2393.27,927.82,0.0,0.0,Vegetation,33.99,0.0,58.9,7.11,0.0,0,0.0,Unknown,0,187.88,273.07,273.07,365.51,578.34
cell_02922,80.2325,12.8825,299992.24078212155,0.0,11.0,3.82,0.0,6.16,2.16,12433.8,0.041447,70.0,161.92,2276.5,880.19,0.0,0.0,Built-up,44.19,3.6,39.81,5.97,6.43,0,0.0,Unknown,0,187.88,273.07,273.07,365.51,578.34
cell_02923,80.2325,12.8875,299986.4025693403,-6.0,12.0,5.21,0.0,9.89,3.02,10174.08,0.033915,53.0,38.33,2275.44,803.4,0.0,0.0,Built-up,65.24,9.95,20.47,1.53,2.81,0,0.0,Unknown,0,187.88,273.07,273.07,365.51,578.34
cell_02924,80.2325,12.8925,299980.56212013663,1.0,15.0,8.98,0.0,6.98,2.26,10194.58,0.033984,54.0,146.04,2221.56,726.61,0.0,0.0,Built-up,58.96,2.49,36.77,1.53,0.26,0,0.0,Unknown,0,187.88,273.07,273.07,365.51,578.34
cell_02925,80.2325,12.8975,299974.71943474276,-1.0,15.0,8.88,0.0,7.53,2.38,9080.88,0.030272,44.0,462.14,2059.04,666.36,0.0,0.0,Built-up,66.33,1.53,31.75,0.0,0.39,0,0.0,Unknown,0,187.88,273.07,273.07,365.51,578.34
cell_02926,80.2325,12.9025,299968.87451400654,1.0,13.0,8.26,0.0,6.19,2.47,11596.74,0.03866,63.0,219.31,1804.58,726.37,0.0,0.0,Built-up,85.2,0.03,13.65,0.7,0.41,0,0.0,Unknown,0,187.88,273.07,273.07,365.51,578.34
cell_02927,80.2325,12.9075,299963.0273568189,-1.0,13.0,6.36,0.0,10.11,2.73,12032.24,0.040112,82.0,215.3,1331.54,830.87,0.0,0.0,Built-up,80.58,3.35,12.98,2.2,0.89,1,0.0,Unknown,1,187.88,273.07,273.07,365.51,578.34
cell_02928,80.2325,12.9125,299957.1779637915,1.0,12.0,5.97,0.0,5.25,2.07,11809.05,0.039369,77.0,106.65,891.06,935.37,0.0,0.0,Built-up,79.64,1.33,17.4,0.13,1.49,0,0.0,Unknown,0,187.88,273.07,273.07,365.51,578.34
cell_02929,80.2325,12.9175,299951.32633499865,-4.0,11.0,6.27,0.0,8.75,2.15,6846.56,0.022826,42.0,320.28,368.17,1039.87,0.0,0.0,Built-up,66.42,1.63,30.13,0.96,0.86,1,0.0,Unknown,1,187.88,273.07,273.07,365.51,578.34
cell_02930,80.2325,12.9225,299945.47247030976,-5.0,14.0,4.2,0.0,16.7,3.68,3683.92,0.012282,15.0,575.39,6.2,1144.37,729.55,0.002432,Vegetation,35.84,11.67,40.43,11.8,0.26,1,0.0,Unknown,1,187.88,273.07,273.07,365.51,578.34
cell_02931,80.2325,12.9275,299939.6163695786,-1.0,9.0,4.79,0.0,5.66,2.1,11507.19,0.038365,72.0,281.42,449.65,1246.55,0.0,0.0,Built-up,89.55,0.0,8.93,0.16,1.36,2,0.0,Unknown,1,187.88,273.07,273.07,365.51,578.34
cell_02932,80.2325,12.9325,299933.7580332424,-2.0,12.0,5.28,0.0,8.3,2.45,13616.38,0.045398,96.0,49.3,698.65,1105.48,0.0,0.0,Built-up,89.67,0.45,8.13,0.1,1.66,1,0.0,Unknown,1,187.88,273.07,273.07,365.51,578.34
cell_02933,80.2325,12.9375,299927.8974610925,-2.0,13.0,5.38,0.0,8.16,2.93,8489.91,0.028307,57.0,493.95,600.25,1114.13,0.0,0.0,Built-up,56.47,0.0,36.93,4.91,1.69,0,6.0,Unknown,1,187.88,273.07,273.07,365.51,578.34
cell_02934,80.2325,12.9425,299922.0346536449,-3.0,9.0,1.63,0.0,6.51,2.27,6753.54,0.022518,45.0,759.66,583.0,1368.23,0.0,0.0,Built-up,75.13,0.0,20.29,4.45,0.13,0,0.0,Unknown,0,187.88,273.07,273.07,365.51,578.34
cell_02935,80.2325,12.9475,299916.1696098535,-5.0,4.0,0.52,0.0,6.81,1.82,6128.16,0.020433,41.0,341.52,695.47,1648.47,0.0,0.0,Built-up,69.64,0.29,11.86,9.18,9.02,0,0.0,Unknown,0,187.88,273.07,273.07,365.51,578.34
cell_02936,80.2325,12.9525,299910.30233093,-2.0,6.0,1.56,0.0,5.15,2.07,6259.61,0.020872,45.0,83.11,1084.13,1753.51,0.0,0.0,Vegetation,32.43,0.38,50.83,7.97,8.39,0,0.0,Unknown,0,187.88,273.07,273.07,365.51,578.34
cell_02937,80.2325,12.9575,299904.43281620595,-3.0,9.0,1.97,0.0,6.41,1.96,1393.2,0.004645,15.0,27.37,1542.18,1801.72,0.0,0.0,Vegetation,38.47,1.04,41.95,3.25,15.29,0,0.0,Unknown,0,187.88,273.07,273.07,365.51,578.34
cell_02938,80.2325,12.9625,299898.5610656298,-1.0,9.0,2.48,0.0,7.7,2.16,5919.99,0.01974,41.0,232.86,1489.64,1383.47,0.0,0.0,Built-up,46.3,1.37,28.22,22.99,1.12,0,0.0,Unknown,0,187.88,273.07,273.07,365.51,578.34
cell_02939,80.2325,12.9675,299892.68708003557,-2.0,9.0,3.08,0.0,5.46,2.07,14638.57,0.048813,49.0,336.15,1601.92,1092.41,0.0,0.0,Built-up,73.79,0.0,19.07,6.35,0.8,0,0.0,Unknown,0,187.88,273.07,273.07,365.51,578.34
cell_02940,80.2325,12.9725,299886.81085875444,-1.0,10.0,2.67,0.0,5.79,1.88,18094.62,0.060338,86.0,594.94,1877.45,1021.76,0.0,0.0,Built-up,88.05,0.13,10.45,0.0,1.36,0,0.0,Unknown,0,187.88,273.07,273.07,365.51,578.34
cell_02941,80.2325,12.9775,299880.93240168743,-3.0,7.0,2.06,0.0,6.15,1.88,13388.0,0.044644,70.0,84.73,2257.23,1026.51,0.0,0.0,Built-up,81.19,5.39,10.65,2.49,0.29,0,0.0,Unknown,0,187.88,273.07,273.07,365.51,578.34
cell_02942,80.2325,12.9825,299875.0517096514,2.0,15.0,8.58,0.0,5.25,1.88,10554.4,0.035196,77.0,372.62,2697.58,731.67,0.0,0.0,Built-up,64.29,0.0,34.41,0.57,0.73,0,0.0,Unknown,0,187.88,273.07,273.07,365.51,578.34
cell_02943,80.2325,12.9875,299869.1687818207,9.0,18.0,13.15,0.0,5.46,1.97,2010.24,0.006704,13.0,768.52,3100.84,343.7,0.0,0.0,Vegetation,40.03,0.0,59.87,0.0,0.1,0,0.0,Unknown,0,187.88,273.07,273.07,365.51,578.34
cell_02944,80.2325,12.9925,299863.2836190754,9.0,18.0,14.13,0.0,6.15,2.35,0.0,0.0,0.0,516.25,2547.86,370.15,0.0,0.0,Vegetation,17.67,0.0,82.33,0.0,0.0,0,0.0,Unknown,0,187.88,273.07,273.07,365.51,578.34
cell_02945,80.2325,12.9975,299857.3962203542,12.0,21.0,16.7,0.0,4.98,1.72,0.0,0.0,0.0,664.23,1994.88,656.39,0.0,0.0,Vegetation,0.61,0.0,99.39,0.0,0.0,0,0.0,Unknown,0,187.88,273.07,273.07,365.51,578.34
cell_02946,80.2325,13.0025,299851.5065868047,14.0,21.0,17.98,0.0,4.84,1.7,0.0,0.0,0.0,341.89,1441.9,1120.07,0.0,0.0,Vegetation,0.06,0.0,99.94,0.0,0.0,0,0.0,Unknown,0,187.88,273.07,273.07,365.51,578.34
cell_02947,80.2325,13.0075,299845.6147179957,8.0,21.0,16.13,0.0,6.16,2.28,1105.82,0.003688,0.0,159.78,888.92,1582.9,0.0,0.0,Vegetation,7.49,0.0,92.51,0.0,0.0,0,0.0,Unknown,0,187.88,273.07,273.07,365.51,578.34
cell_02948,80.2325,13.0125,299839.72061381285,2.0,20.0,11.42,0.0,8.83,2.48,4665.19,0.015559,23.0,248.56,335.95,1058.07,0.0,0.0,Built-up,56.66,0.96,42.38,0.0,0.0,1,0.0,Unknown,1,187.88,273.07,273.07,365.51,578.34
cell_02949,80.2325,13.0175,299833.82427447237,0.0,15.0,6.82,0.0,6.89,2.79,2107.91,0.00703,17.0,130.56,217.03,519.99,626.98,0.002091,Vegetation,11.46,10.81,74.38,2.37,0.97,0,0.0,Unknown,0,187.88,273.07,273.07,365.51,578.34
cell_02950,80.2325,13.0225,299827.92569995497,2.0,15.0,9.28,0.0,7.66,2.87,5224.07,0.017424,31.0,134.15,520.56,37.31,635.55,0.00212,Vegetation,41.49,0.0,55.13,0.29,3.09,1,0.0,Unknown,1,187.88,273.07,273.07,365.51,578.34
cell_02951,80.2325,13.0275,299822.0248902874,6.0,18.0,11.64,0.0,8.3,2.25,10581.99,0.035294,53.0,407.05,780.97,359.72,0.0,0.0,Built-up,75.73,0.0,24.01,0.1,0.16,1,0.0,Unknown,1,187.88,273.07,273.07,365.51,578.34
cell_02952,80.2325,13.0325,299816.12184548005,5.0,16.0,10.56,0.0,5.94,2.14,12403.15,0.041369,43.0,789.61,1092.87,182.13,563.47,0.001879,Built-up,95.16,0.0,4.64,0.0,0.19,1,8.0,Unknown,1,187.88,273.07,273.07,365.51,578.34
cell_02953,80.2325,13.0375,299810.21656594094,10.0,18.0,13.18,0.0,6.03,2.18,10138.67,0.033817,40.0,840.98,1523.08,723.97,0.0,0.0,Built-up,93.34,0.0,6.54,0.0,0.13,0,9.0,Unknown,1,187.88,273.07,273.07,365.51,578.34
cell_02954,80.2325,13.0425,299804.3090509394,10.0,19.0,13.94,0.0,7.66,2.19,9331.12,0.031124,40.0,1173.72,2005.03,1266.49,0.0,0.0,Built-up,81.92,0.0,17.67,0.0,0.41,0,11.0,Unknown,1,187.88,273.07,273.07,365.51,578.34
cell_02955,80.2325,13.0475,299798.3993012753,1.0,22.0,12.96,0.0,10.43,2.75,12153.62,0.040539,72.0,1263.14,2132.06,1010.82,0.0,0.0,Built-up,77.21,0.0,20.06,1.1,1.62,1,11.0,Unknown,1,187.88,273.07,273.07,365.51,578.34
cell_02956,80.2325,13.0525,299792.48731656483,7.0,17.0,12.86,0.0,5.94,2.06,12375.56,0.04128,61.0,1170.75,1594.47,742.01,0.0,0.0,Built-up,91.1,0.0,8.71,0.0,0.19,1,8.5,Unknown,1,187.88,273.07,273.07,365.51,578.34
cell_02957,80.2325,13.0575,299786.5730967412,9.0,23.0,13.75,0.0,8.75,2.51,8832.51,0.029463,33.0,1015.32,1064.77,663.91,0.0,0.0,Built-up,77.68,0.0,21.43,0.8,0.1,0,0.0,Unknown,0,187.88,273.07,273.07,365.51,578.34
cell_02958,80.2325,13.0625,299780.6566424481,10.0,20.0,13.35,0.0,7.09,2.5,7839.45,0.026151,36.0,544.12,562.47,641.1,0.0,0.0,Built-up,66.4,0.0,33.6,0.0,0.0,0,0.0,Unknown,0,187.88,273.07,273.07,365.51,578.34
cell_02959,80.2325,13.0675,299774.7379531119,2.0,17.0,9.46,0.0,9.01,2.75,10770.93,0.03593,63.0,52.93,69.06,442.47,588.43,0.001963,Built-up,67.83,0.29,28.54,3.06,0.29,0,0.0,Unknown,0,187.88,273.07,273.07,365.51,578.34
cell_02960,80.2325,13.0725,299768.81702864973,-2.0,20.0,12.78,0.0,14.7,3.34,7006.28,0.023372,41.0,314.46,335.1,646.92,0.0,0.0,Built-up,56.35,0.0,41.87,1.79,0.0,0,0.0,Unknown,0,187.88,273.07,273.07,365.51,578.34
cell_02961,80.2325,13.0775,299762.89386992523,5.0,24.0,12.29,0.0,13.27,2.95,9673.45,0.03227,52.0,665.71,688.82,927.26,0.0,0.0,Built-up,72.05,0.0,22.53,5.23,0.19,0,0.0,Unknown,0,187.88,273.07,273.07,365.51,578.34
cell_02962,80.2325,13.0825,299756.96847630304,7.0,18.0,12.03,0.0,7.09,2.6,13103.6,0.043714,94.0,836.37,1195.09,380.24,0.0,0.0,Built-up,82.33,0.0,17.44,0.0,0.22,2,0.0,Unknown,1,187.88,273.07,273.07,365.51,578.34
cell_02963,80.2325,13.0875,299751.04084768397,7.0,16.0,11.46,0.0,7.26,2.47,10476.6,0.034951,57.0,343.34,1643.18,69.18,1193.42,0.003981,Built-up,64.12,0.0,35.16,0.62,0.1,0,0.0,Unknown,0,187.88,273.07,273.07,365.51,578.34
cell_02964,80.2325,13.0925,299745.11098472594,5.0,17.0,10.85,0.0,5.86,2.14,9036.91,0.030149,58.0,22.14,1996.53,460.57,0.0,0.0,Built-up,73.6,0.57,23.34,1.05,1.43,3,0.0,Unknown,1,187.88,273.07,273.07,365.51,578.34
cell_02965,80.2325,13.0975,299739.1788869674,8.0,15.0,11.48,0.0,5.46,1.98,14529.65,0.048474,93.0,544.83,2417.22,508.22,0.0,0.0,Built-up,95.15,0.0,4.66,0.0,0.19,2,0.0,Unknown,1,187.88,273.07,273.07,365.51,578.34
cell_02966,80.2325,13.1025,299733.2445548144,7.0,21.0,12.23,0.0,10.56,2.94,4758.8,0.015877,24.0,655.58,2869.41,35.63,549.6,0.001834,Vegetation,47.86,0.0,52.05,0.1,0.0,0,0.0,Unknown,0,187.88,273.07,273.07,365.51,578.34
cell_02967,80.2325,13.1075,299727.307987774,7.0,16.0,11.15,0.0,6.65,2.32,5504.2,0.018364,35.0,438.89,3349.54,579.48,0.0,0.0,Built-up,84.44,0.0,15.21,0.19,0.16,0,0.0,Unknown,0,187.88,273.07,273.07,365.51,578.34
cell_02968,80.2325,13.1125,299721.3691865508,7.0,17.0,12.37,0.0,6.98,2.12,13884.9,0.046326,77.0,123.56,3848.8,1125.83,0.0,0.0,Built-up,92.76,0.0,5.9,1.12,0.22,0,0.0,Unknown,0,187.88,273.07,273.07,365.51,578.34
cell_02969,80.2325,13.1175,299715.42815073,6.0,14.0,10.69,0.0,4.89,1.74,15091.34,0.050352,87.0,625.44,4360.43,624.24,0.0,0.0,Built-up,94.68,0.0,4.97,0.0,0.36,0,0.0,Unknown,0,187.88,273.07,273.07,365.51,578.34
cell_02970,80.2325,13.1225,299709.48487994546,6.0,15.0,10.57,0.0,6.41,2.16,15287.28,0.051007,99.0,1006.09,4371.03,128.81,185.4,0.000619,Built-up,92.6,0.0,6.35,0.0,1.05,1,0.0,Unknown,1,187.88,273.07,273.07,365.51,578.34
cell_02971,80.2325,13.1275,299703.53937559674,3.0,17.0,9.16,0.0,10.82,2.9,11249.48,0.037535,69.0,1287.47,4149.41,155.19,594.07,0.001982,Built-up,77.17,0.13,21.97,0.73,0.0,2,0.0,Unknown,1,187.88,273.07,273.07,365.51,578.34
cell_02972,80.2325,13.1325,299697.5916361498,2.0,13.0,7.91,0.0,6.89,2.12,7221.54,0.024096,46.0,1027.06,3974.29,357.52,0.0,0.0,Built-up,63.77,0.0,25.36,10.55,0.32,0,0.0,Unknown,0,187.88,273.07,273.07,365.51,578.34
cell_02973,80.2325,13.1375,299691.64166290814,4.0,12.0,8.44,0.0,6.19,2.24,9185.46,0.03065,44.0,635.82,3870.9,796.69,0.0,0.0,Built-up,74.2,0.0,18.56,6.76,0.48,0,0.0,Unknown,0,187.88,273.07,273.07,365.51,578.34
cell_02974,80.2325,13.1425,299685.6894550001,3.0,14.0,9.63,0.0,6.41,2.1,9132.46,0.030473,54.0,473.43,3828.3,1314.36,0.0,0.0,Built-up,68.56,0.0,22.23,8.99,0.22,0,0.0,Unknown,0,187.88,273.07,273.07,365.51,578.34
cell_02975,80.2325,13.1475,299679.7350128795,5.0,15.0,10.8,0.0,6.16,2.06,13503.42,0.04506,104.0,147.27,3859.5,1717.98,0.0,0.0,Built-up,85.45,0.0,12.63,1.53,0.39,0,0.0,Unknown,0,187.88,273.07,273.07,365.51,578.34
cell_02976,80.2325,13.1525,299673.7783363372,6.0,16.0,12.04,0.0,6.93,1.86,15527.78,0.051816,127.0,48.96,3968.27,2029.02,0.0,0.0,Built-up,76.28,0.0,22.23,0.32,1.18,0,0.0,Unknown,0,187.88,273.07,273.07,365.51,578.34
cell_02977,80.2325,13.1575,299667.81942588894,7.0,19.0,12.16,0.0,6.98,1.95,9634.09,0.032149,67.0,456.92,4148.52,1696.7,0.0,0.0,Built-up,45.34,0.0,42.19,11.32,1.15,0,0.0,Unknown,0,187.88,273.07,273.07,365.51,578.34
cell_02978,80.2325,13.1625,299661.8582810728,7.0,18.0,13.16,0.0,5.46,2.05,7808.32,0.026057,50.0,667.05,4391.46,1184.95,0.0,0.0,Vegetation,36.82,0.0,58.18,3.41,1.59,0,0.0,Unknown,0,187.88,273.07,273.07,365.51,578.34
cell_02979,80.2325,13.1675,299655.89490218373,4.0,14.0,10.29,0.0,7.5,2.36,11757.8,0.039238,80.0,451.13,4687.34,728.69,0.0,0.0,Built-up,63.68,0.0,29.75,3.76,2.81,0,0.0,Unknown,0,187.88,273.07,273.07,365.51,578.34
cell_02980,80.2325,13.1725,299649.9292892188,1.0,13.0,5.66,0.0,6.41,2.12,1952.46,0.006516,2.0,598.09,5026.82,402.99,0.0,0.0,Vegetation,18.11,0.0,48.34,30.33,3.22,0,0.0,Unknown,0,187.88,273.07,273.07,365.51,578.34
cell_02981,80.2325,13.1775,299643.96144201484,1.0,9.0,4.8,0.0,6.89,1.92,499.23,0.001666,4.0,1059.95,5401.7,50.85,648.25,0.002163,Vegetation,4.19,0.0,66.01,29.81,0.0,0,0.0,Unknown,0,187.88,273.07,273.07,365.51,578.34
cell_02982,80.2325,13.1825,299637.99136108777,3.0,11.0,6.33,0.0,5.59,1.96,7051.7,0.023534,35.0,1581.41,5657.73,492.34,0.0,0.0,Vegetation,25.89,0.67,42.95,29.94,0.54,1,0.0,Unknown,1,187.88,273.07,273.07,365.51,578.34
cell_02983,80.2325,13.1875,299632.0190457867,1.0,10.0,5.2,0.0,6.15,1.96,3148.92,0.010509,16.0,2117.96,5382.55,1045.08,0.0,0.0,Cropland,20.34,0.0,24.23,54.3,1.12,0,0.0,Unknown,0,187.88,273.07,273.07,365.51,578.34
cell_02984,80.2325,13.1925,299626.0444968176,1.0,11.0,6.23,0.0,7.09,2.15,4510.85,0.015055,9.0,1910.22,5066.78,1597.99,0.0,0.0,Cropland,7.73,0.0,28.7,63.02,0.55,0,0.0,Unknown,0,187.88,273.07,273.07,365.51,578.34
cell_02985,80.2325,13.1975,299620.06771373533,4.0,11.0,7.31,0.0,5.25,1.66,0.0,0.0,0.0,1850.32,4787.87,2138.45,0.0,0.0,Cropland,14.83,0.38,31.7,45.79,7.3,0,0.0,Unknown,0,187.88,273.07,273.07,365.51,578.34
cell_02986,80.2325,13.2025,299614.088696771,3.0,14.0,7.75,0.0,5.86,2.07,0.0,0.0,0.0,1901.09,4538.65,2662.48,0.0,0.0,Cropland,5.48,0.64,44.45,49.33,0.1,0,0.0,Unknown,0,187.88,273.07,273.07,365.51,578.34
cell_02987,80.2325,13.2075,299608.1074460771,3.0,12.0,7.13,0.0,6.65,2.22,0.0,0.0,0.0,1964.86,4327.81,3196.28,0.0,0.0,Cropland,0.91,0.0,24.19,74.9,0.0,0,0.0,Unknown,0,187.88,273.07,273.07,365.51,578.34
cell_02988,80.2325,13.2125,299602.12396154,3.0,12.0,7.38,0.0,5.71,1.86,0.0,0.0,0.0,2104.81,4179.56,3734.0,0.0,0.0,Cropland,0.0,0.0,0.0,100.0,0.0,0,0.0,Unknown,0,187.88,273.07,273.07,365.51,578.34
cell_02989,80.2325,13.2175,299596.1382429344,2.0,14.0,7.86,0.0,6.93,2.17,0.0,0.0,0.0,2368.83,4101.1,4271.76,0.0,0.0,Cropland,0.0,0.0,31.38,68.62,0.0,0,0.0,Unknown,0,187.88,273.07,273.07,365.51,578.34
cell_02990,80.2325,13.2225,299590.15029076074,3.0,16.0,9.2,0.0,9.89,2.88,0.0,0.0,0.0,2721.05,3760.25,4809.52,0.0,0.0,Vegetation,0.0,0.0,50.03,49.97,0.0,0,0.0,Unknown,0,187.88,273.07,273.07,365.51,578.34
cell_02991,80.2325,13.2275,299584.1601051253,4.0,19.0,10.16,0.0,12.23,3.27,0.0,0.0,0.0,2491.52,3357.6,5097.57,0.0,0.0,Cropland,2.77,3.0,36.54,55.33,2.36,0,0.0,Unknown,0,187.88,273.07,273.07,365.51,578.34
cell_02992,80.2325,13.2325,299578.167685345,1.0,15.0,8.42,0.0,9.93,2.67,0.0,0.0,0.0,2238.92,3003.18,5173.37,0.0,0.0,Cropland,0.86,25.64,27.61,31.03,14.86,0,0.0,Unknown,0,187.88,273.07,273.07,365.51,578.34
cell_02993,80.2325,13.2375,299572.173032299,1.0,15.0,8.13,0.0,6.93,2.72,0.0,0.0,0.0,2070.91,2715.93,5306.02,0.0,0.0,Cropland,1.2,0.0,13.99,84.81,0.0,0,0.0,Unknown,0,187.88,273.07,273.07,365.51,578.34
cell_02994,80.2325,13.2425,299566.1761454468,4.0,14.0,8.85,0.0,8.8,2.29,0.0,0.0,0.0,2022.15,2518.94,5491.41,0.0,0.0,Cropland,1.75,0.0,27.07,71.17,0.0,0,0.0,Unknown,0,187.88,273.07,273.07,365.51,578.34
cell_02995,80.2325,13.2475,299560.1770251308,4.0,14.0,8.93,0.0,6.41,2.32,0.0,0.0,0.0,2116.96,2434.23,5724.41,0.0,0.0,Cropland,16.71,0.0,19.67,63.62,0.0,0,0.0,Unknown,0,187.88,273.07,273.07,365.51,578.34
cell_02996,80.2325,13.2525,299554.17567088886,0.0,0.0,0.0,0.0,0.0,0.0,0.0,0.0,0.0,1987.31,2473.34,5999.48,0.0,0.0,Unknown,0.0,0.0,0.0,0.0,0.0,0,0.0,Unknown,0,187.88,273.07,273.07,365.51,578.34
cell_02997,80.2375,12.8525,300026.5542446375,-2.0,10.0,2.52,0.0,6.91,2.17,0.0,0.0,0.0,263.8,4105.63,280.74,212.04,0.000707,Vegetation,20.33,6.15,53.85,19.44,0.23,0,0.0,Unknown,0,187.88,273.07,273.07,365.51,578.34
cell_02998,80.2375,12.8575,300020.7294887052,-4.0,6.0,1.05,0.0,6.19,2.31,409.09,0.001364,1.0,114.63,3786.29,135.95,574.6,0.001915,Vegetation,7.66,15.78,69.9,6.49,0.16,0,0.0,Unknown,0,187.88,273.07,273.07,365.51,578.34
cell_02999,80.2375,12.8625,300014.9024960693,-3.0,8.0,1.54,0.0,6.16,1.98,577.93,0.001926,3.0,0.0,3508.07,11.69,567.49,0.001892,Vegetation,2.01,17.89,66.04,14.06,0.0,0,0.0,Unknown,0,187.88,273.07,273.07,365.51,578.34
cell_03000,80.2375,12.8675,300009.0732674835,-5.0,5.0,1.04,0.0,6.65,2.52,374.05,0.001247,3.0,0.0,3249.13,112.61,568.04,0.001893,Vegetation,1.72,21.39,72.43,4.46,0.0,0,0.0,Unknown,0,187.88,273.07,273.07,365.51,578.34
cell_03001,80.2375,12.8725,300003.24180273735,-5.0,7.0,0.54,0.0,8.53,3.01,0.0,0.0,0.0,260.38,3055.17,394.33,0.0,0.0,Vegetation,16.75,3.73,69.35,0.65,9.51,0,0.0,Unknown,0,187.88,273.07,273.07,365.51,578.34
cell_03002,80.2375,12.8775,299997.40810178,-6.0,5.0,0.47,0.0,6.91,2.37,1901.81,0.006339,12.0,211.25,2920.69,387.9,0.0,0.0,Vegetation,4.32,12.73,76.01,0.58,6.36,0,0.0,Unknown,0,187.88,273.07,273.07,365.51,578.34
cell_03003,80.2375,12.8825,299991.5721645761,-5.0,6.0,1.5,0.0,10.82,2.63,7182.29,0.023942,31.0,211.76,2815.66,339.7,0.0,0.0,Vegetation,15.34,8.17,71.14,3.47,1.88,0,0.0,Unknown,0,187.88,273.07,273.07,365.51,578.34
cell_03004,80.2375,12.8875,299985.73399156285,-3.0,6.0,1.24,0.0,7.09,2.34,5133.11,0.017111,21.0,149.1,2814.8,266.16,297.07,0.00099,Vegetation,15.29,13.9,62.99,4.03,3.8,0,0.0,Unknown,0,187.88,273.07,273.07,365.51,578.34
cell_03005,80.2375,12.8925,299979.8935823886,-3.0,9.0,1.75,0.0,8.02,2.41,1858.09,0.006194,5.0,99.81,2725.92,189.38,558.38,0.001861,Vegetation,5.29,14.48,79.58,0.62,0.03,0,0.0,Unknown,0,187.88,273.07,273.07,365.51,578.34
cell_03006,80.2375,12.8975,299974.05093687464,-4.0,7.0,0.78,0.0,7.85,2.26,2956.86,0.009857,14.0,41.17,2493.69,126.49,556.74,0.001856,Vegetation,25.42,11.04,54.84,7.64,1.06,0,0.0,Unknown,0,187.88,273.07,273.07,365.51,578.34
cell_03007,80.2375,12.9025,299968.2060560911,-7.0,7.0,0.17,0.0,12.49,2.95,4759.16,0.015866,19.0,113.68,1942.38,193.68,561.78,0.001873,Vegetation,25.1,0.26,53.08,12.4,9.16,0,0.0,Unknown,0,187.88,273.07,273.07,365.51,578.34
cell_03008,80.2375,12.9075,299962.3589386919,-5.0,8.0,0.67,0.0,11.7,2.75,2246.33,0.007489,15.0,216.79,1391.29,298.19,109.95,0.000367,Vegetation,16.01,5.75,56.95,20.97,0.32,0,0.0,Unknown,0,187.88,273.07,273.07,365.51,578.34
cell_03009,80.2375,12.9125,299956.50958577706,-5.0,7.0,0.41,0.0,8.75,2.92,1346.49,0.004489,5.0,318.9,840.22,402.7,0.0,0.0,Vegetation,14.91,0.0,69.98,12.56,2.55,0,0.0,Unknown,0,187.88,273.07,273.07,365.51,578.34
cell_03010,80.2375,12.9175,299950.65799680585,-4.0,8.0,0.9,0.0,8.53,2.26,3133.53,0.010447,5.0,375.02,293.55,507.21,10.96,3.7e-05,Vegetation,21.69,4.42,55.75,16.49,1.66,0,0.0,Unknown,0,187.88,273.07,273.07,365.51,578.34
cell_03011,80.2375,12.9225,299944.80417218537,-5.0,7.0,-0.22,0.0,7.39,2.53,1767.24,0.005892,13.0,529.47,144.27,611.72,777.9,0.002593,Vegetation,35.78,14.64,39.97,9.32,0.29,0,0.0,Unknown,0,187.88,273.07,273.07,365.51,578.34
cell_03012,80.2375,12.9275,299938.94811140484,-2.0,8.0,1.95,0.0,9.1,2.13,22361.95,0.074555,187.0,140.17,455.29,713.71,0.0,0.0,Built-up,87.4,0.0,12.2,0.17,0.23,1,0.0,Unknown,1,187.88,273.07,273.07,365.51,578.34
cell_03013,80.2375,12.9325,299933.0898151867,-4.0,10.0,1.46,0.0,10.87,2.71,13661.76,0.045549,88.0,202.26,945.31,592.0,0.0,0.0,Built-up,90.32,0.23,7.69,1.14,0.62,0,0.0,Unknown,0,187.88,273.07,273.07,365.51,578.34
cell_03014,80.2375,12.9375,299927.22928305186,-3.0,10.0,4.8,0.0,8.59,2.67,14990.15,0.049979,100.0,371.29,1138.58,608.02,0.0,0.0,Built-up,97.44,0.0,2.24,0.0,0.32,0,0.0,Unknown,0,187.88,273.07,273.07,365.51,578.34
cell_03015,80.2375,12.9425,299921.36651539226,0.0,12.0,6.04,0.0,5.25,2.01,11634.34,0.038791,71.0,275.0,1124.59,942.94,0.0,0.0,Built-up,75.87,0.07,21.62,1.62,0.83,1,0.0,Unknown,1,187.88,273.07,273.07,365.51,578.34
cell_03016,80.2375,12.9475,299915.5015117617,-3.0,11.0,4.68,0.0,7.09,2.31,10130.12,0.033777,72.0,511.33,1196.01,1115.06,0.0,0.0,Built-up,86.88,0.0,11.07,1.43,0.62,1,0.0,Unknown,1,187.88,273.07,273.07,365.51,578.34
cell_03017,80.2375,12.9525,299909.63427283324,-1.0,13.0,5.48,0.0,9.0,2.55,14780.06,0.049282,102.0,62.64,1456.73,1221.3,0.0,0.0,Built-up,97.27,0.0,2.6,0.06,0.06,0,0.0,Unknown,0,187.88,273.07,273.07,365.51,578.34
cell_03018,80.2375,12.9575,299903.7647984137,0.0,10.0,5.15,0.0,5.94,1.94,9639.58,0.032142,64.0,192.41,1850.75,1321.16,0.0,0.0,Built-up,90.21,0.0,6.45,0.96,2.38,1,0.0,Unknown,1,187.88,273.07,273.07,365.51,578.34
cell_03019,80.2375,12.9625,299897.8930877577,1.0,15.0,5.9,0.0,7.84,2.13,13965.55,0.046568,82.0,238.96,2031.85,1420.0,0.0,0.0,Built-up,89.19,0.0,10.55,0.06,0.19,1,0.0,Unknown,1,187.88,273.07,273.07,365.51,578.34
cell_03020,80.2375,12.9675,299892.0191422491,-1.0,11.0,5.19,0.0,6.03,2.35,9742.98,0.032488,62.0,1.57,2115.53,1522.65,0.0,0.0,Built-up,57.44,21.95,19.58,0.45,0.58,0,0.0,Unknown,0,187.88,273.07,273.07,365.51,578.34
cell_03021,80.2375,12.9725,299886.142961157,-2.0,11.0,4.75,0.0,5.79,2.01,20651.07,0.068863,94.0,543.49,2331.12,1551.65,0.0,0.0,Built-up,81.92,0.0,14.15,0.03,3.9,0,0.0,Unknown,0,187.88,273.07,273.07,365.51,578.34
cell_03022,80.2375,12.9775,299880.2645441784,-4.0,8.0,1.31,0.0,7.26,2.22,9719.82,0.032412,48.0,74.75,2646.57,1225.48,0.0,0.0,Built-up,48.54,8.77,25.81,14.22,2.66,0,13.75,Unknown,1,187.88,273.07,273.07,365.51,578.34
cell_03023,80.2375,12.9825,299874.3838923341,1.0,13.0,5.9,0.0,4.76,1.81,16135.62,0.053808,107.0,276.15,3030.86,687.77,0.0,0.0,Built-up,77.73,0.0,21.14,0.0,1.14,1,0.0,Unknown,1,187.88,273.07,273.07,365.51,578.34
cell_03024,80.2375,12.9875,299868.50100461004,4.0,16.0,10.6,0.0,5.86,2.16,0.0,0.0,0.0,244.92,3125.49,236.24,176.35,0.000588,Vegetation,22.91,0.1,74.74,2.25,0.0,0,0.0,Unknown,0,187.88,273.07,273.07,365.51,578.34
cell_03025,80.2375,12.9925,299862.6158819966,2.0,17.0,10.47,0.0,8.13,2.35,0.0,0.0,0.0,111.24,2577.8,98.56,460.73,0.001536,Vegetation,2.99,0.16,88.54,8.31,0.0,0,0.0,Unknown,0,187.88,273.07,273.07,365.51,578.34
cell_03026,80.2375,12.9975,299856.7285234945,10.0,17.0,13.83,0.0,4.35,1.72,0.0,0.0,0.0,282.32,2032.99,444.03,0.0,0.0,Vegetation,5.94,0.0,93.93,0.0,0.13,0,0.0,Unknown,0,187.88,273.07,273.07,365.51,578.34
cell_03027,80.2375,13.0025,299850.83893009333,11.0,20.0,15.42,0.0,4.98,1.95,0.0,0.0,0.0,647.44,1494.18,996.45,0.0,0.0,Vegetation,5.09,0.0,94.91,0.0,0.0,0,0.0,Unknown,0,187.88,273.07,273.07,365.51,578.34
cell_03028,80.2375,13.0075,299844.94710153685,9.0,19.0,14.22,0.0,8.13,2.26,1361.3,0.00454,3.0,662.78,971.43,1140.8,0.0,0.0,Vegetation,25.26,0.0,74.74,0.0,0.0,0,0.0,Unknown,0,187.88,273.07,273.07,365.51,578.34
cell_03029,80.2375,13.0125,299839.05303752114,2.0,22.0,13.26,0.0,14.89,3.09,0.0,0.0,0.0,377.48,481.01,949.53,0.0,0.0,Vegetation,35.78,0.0,63.6,0.62,0.0,0,0.0,Unknown,0,187.88,273.07,273.07,365.51,578.34
cell_03030,80.2375,13.0175,299833.1567384205,0.0,14.0,6.89,0.0,8.83,2.73,3452.74,0.011516,9.0,61.18,195.94,397.81,466.97,0.001557,Vegetation,26.12,11.6,60.53,0.99,0.76,0,0.0,Unknown,0,187.88,273.07,273.07,365.51,578.34
cell_03031,80.2375,13.0225,299827.25820419873,1.0,13.0,7.16,0.0,13.43,3.47,4373.69,0.014587,19.0,0.0,39.17,101.88,939.87,0.003135,Vegetation,23.12,19.51,53.28,3.86,0.23,1,0.0,Unknown,1,187.88,273.07,273.07,365.51,578.34
cell_03032,80.2375,13.0275,299821.3574346466,2.0,19.0,11.2,0.0,10.82,3.18,2205.76,0.007357,7.0,261.61,318.49,338.69,117.15,0.000391,Vegetation,25.29,4.03,70.58,0.03,0.06,0,0.0,Unknown,0,187.88,273.07,273.07,365.51,578.34
cell_03033,80.2375,13.0325,299815.4544303911,7.0,17.0,12.06,0.0,10.2,2.71,8880.98,0.029621,51.0,726.11,773.71,80.07,552.99,0.001844,Built-up,84.89,0.0,15.11,0.0,0.0,0,0.0,Unknown,0,187.88,273.07,273.07,365.51,578.34
cell_03034,80.2375,13.0375,299809.5491909221,8.0,21.0,12.95,0.0,8.52,2.22,9354.05,0.0312,39.0,1247.39,1298.53,620.75,0.0,0.0,Built-up,82.21,0.0,17.5,0.0,0.29,0,20.0,Unknown,1,187.88,273.07,273.07,365.51,578.34
cell_03035,80.2375,13.0425,299803.6417162362,8.0,17.0,13.09,0.0,6.93,2.14,10469.4,0.034921,53.0,1207.84,1831.66,956.06,0.0,0.0,Built-up,78.73,0.0,21.01,0.0,0.26,2,8.0,Unknown,1,187.88,273.07,273.07,365.51,578.34
cell_03036,80.2375,13.0475,299797.7320068813,4.0,18.0,12.8,0.0,10.82,2.58,11259.54,0.037557,49.0,788.97,2070.87,822.16,0.0,0.0,Built-up,85.79,0.0,14.12,0.0,0.1,6,0.0,Unknown,1,187.88,273.07,273.07,365.51,578.34
cell_03037,80.2375,13.0525,299791.8200625848,7.0,17.0,12.42,0.0,5.46,2.28,14874.14,0.049615,84.0,630.59,1517.91,617.36,0.0,0.0,Built-up,87.53,0.0,12.11,0.13,0.23,1,7.0,Unknown,1,187.88,273.07,273.07,365.51,578.34
cell_03038,80.2375,13.0575,299785.90588312113,7.0,18.0,12.29,0.0,7.09,2.7,10868.94,0.036256,54.0,506.59,964.98,835.39,0.0,0.0,Built-up,77.89,0.0,20.49,0.71,0.91,0,0.0,Unknown,0,187.88,273.07,273.07,365.51,578.34
cell_03039,80.2375,13.0625,299779.9894691481,8.0,20.0,14.22,0.0,7.39,2.44,8159.74,0.027219,47.0,396.11,412.14,641.41,0.0,0.0,Built-up,51.24,0.0,46.21,2.55,0.0,1,0.0,Unknown,1,187.88,273.07,273.07,365.51,578.34
cell_03040,80.2375,13.0675,299774.07082015794,3.0,20.0,12.81,0.0,11.35,3.18,6324.95,0.021099,48.0,123.5,140.3,799.06,581.77,0.001941,Built-up,58.12,0.36,41.3,0.0,0.23,1,0.0,Unknown,1,187.88,273.07,273.07,365.51,578.34
cell_03041,80.2375,13.0725,299768.1499360668,8.0,20.0,13.43,0.0,6.98,2.75,7057.72,0.023544,26.0,412.13,636.3,912.83,0.0,0.0,Built-up,62.6,0.0,37.34,0.0,0.06,0,0.0,Unknown,0,187.88,273.07,273.07,365.51,578.34
cell_03042,80.2375,13.0775,299762.226817785,8.0,22.0,13.79,0.0,7.5,2.64,8629.19,0.028787,54.0,384.81,1070.13,839.8,0.0,0.0,Built-up,72.56,0.0,26.91,0.1,0.43,0,0.0,Unknown,0,187.88,273.07,273.07,365.51,578.34
cell_03043,80.2375,13.0825,299756.30146451975,10.0,17.0,13.84,0.0,5.71,2.01,8275.05,0.027606,44.0,790.74,1452.96,298.31,85.66,0.000286,Built-up,80.75,0.0,19.25,0.0,0.0,0,0.0,Unknown,0,187.88,273.07,273.07,365.51,578.34
cell_03044,80.2375,13.0875,299750.37387631414,3.0,20.0,12.66,0.0,9.51,2.87,5832.22,0.019457,18.0,285.77,1918.56,41.09,1065.12,0.003553,Vegetation,25.72,0.07,74.02,0.0,0.2,1,0.0,Unknown,1,187.88,273.07,273.07,365.51,578.34
cell_03045,80.2375,13.0925,299744.4440539211,4.0,19.0,13.25,0.0,7.53,2.81,6622.22,0.022093,33.0,178.43,2404.15,579.11,0.0,0.0,Vegetation,44.22,3.34,50.29,1.62,0.52,3,0.0,Unknown,1,187.88,273.07,273.07,365.51,578.34
cell_03046,80.2375,13.0975,299738.5119965941,7.0,16.0,11.47,0.0,6.93,2.24,12880.58,0.042973,70.0,273.38,2770.84,410.24,0.0,0.0,Built-up,96.1,0.0,3.83,0.0,0.06,1,0.0,Unknown,1,187.88,273.07,273.07,365.51,578.34
cell_03047,80.2375,13.1025,299732.57770477154,6.0,20.0,13.24,0.0,7.84,2.58,8791.87,0.029332,41.0,297.57,3187.29,133.63,551.01,0.001838,Vegetation,41.45,0.0,58.55,0.0,0.0,0,0.0,Unknown,0,187.88,273.07,273.07,365.51,578.34
cell_03048,80.2375,13.1075,299726.64117830683,6.0,18.0,11.42,0.0,7.7,2.39,5815.55,0.019403,32.0,194.75,3629.61,677.51,0.0,0.0,Built-up,51.85,0.0,48.05,0.03,0.06,0,0.0,Unknown,0,187.88,273.07,273.07,365.51,578.34
cell_03049,80.2375,13.1125,299720.70241751074,6.0,14.0,10.94,0.0,6.72,2.12,12489.25,0.04167,78.0,651.16,4096.06,931.07,0.0,0.0,Built-up,93.25,0.0,6.53,0.0,0.23,0,0.0,Unknown,0,187.88,273.07,273.07,365.51,578.34
cell_03050,80.2375,13.1175,299714.76142228505,4.0,14.0,9.21,0.0,6.16,2.07,16389.52,0.054684,113.0,894.37,4580.96,623.37,0.0,0.0,Built-up,95.31,0.0,3.87,0.03,0.79,0,0.0,Unknown,0,187.88,273.07,273.07,365.51,578.34
cell_03051,80.2375,13.1225,299708.81819215167,6.0,14.0,9.74,0.0,5.71,2.15,9404.28,0.031378,52.0,1205.19,4866.79,70.64,542.24,0.001809,Built-up,74.81,0.0,23.83,1.3,0.06,0,0.0,Unknown,0,187.88,273.07,273.07,365.51,578.34
cell_03052,80.2375,13.1275,299702.8727280358,4.0,14.0,9.68,0.0,7.7,2.11,2618.39,0.008737,21.0,1303.81,4655.95,293.75,137.33,0.000458,Built-up,52.37,0.0,46.82,0.42,0.39,0,0.0,Unknown,0,187.88,273.07,273.07,365.51,578.34
cell_03053,80.2375,13.1325,299696.9250292248,2.0,13.0,8.03,0.0,7.5,2.5,7190.47,0.023992,35.0,1396.14,4500.57,135.02,595.18,0.001986,Built-up,63.21,0.0,34.74,1.92,0.13,0,0.0,Unknown,0,187.88,273.07,273.07,365.51,578.34
cell_03054,80.2375,13.1375,299690.97509658226,3.0,14.0,8.54,0.0,6.93,2.16,8357.81,0.027888,50.0,979.45,4409.53,686.91,0.0,0.0,Built-up,63.51,0.0,34.03,1.53,0.94,0,0.0,Unknown,0,187.88,273.07,273.07,365.51,578.34
cell_03055,80.2375,13.1425,299685.02292923565,6.0,16.0,9.66,0.0,8.29,2.37,10934.02,0.036485,62.0,464.95,4370.18,958.16,0.0,0.0,Built-up,67.31,0.0,29.45,1.88,1.36,0,0.0,Unknown,0,187.88,273.07,273.07,365.51,578.34
cell_03056,80.2375,13.1475,299679.0685277326,3.0,16.0,10.98,0.0,8.66,2.62,10890.05,0.036339,64.0,122.56,4397.53,1328.4,0.0,0.0,Built-up,53.75,0.0,37.19,8.79,0.26,0,0.0,Unknown,0,187.88,273.07,273.07,365.51,578.34
cell_03057,80.2375,13.1525,299673.11189176864,4.0,15.0,10.18,0.0,6.98,2.58,15685.08,0.052341,105.0,104.23,4493.29,1795.21,0.0,0.0,Built-up,80.71,0.0,14.35,3.6,1.33,0,0.0,Unknown,0,187.88,273.07,273.07,365.51,578.34
cell_03058,80.2375,13.1575,299667.15302187647,5.0,18.0,11.43,0.0,8.02,2.39,4397.65,0.014675,30.0,516.54,4653.23,1748.09,0.0,0.0,Vegetation,14.03,0.0,78.21,7.56,0.19,0,0.0,Unknown,0,187.88,273.07,273.07,365.51,578.34
cell_03059,80.2375,13.1625,299661.1919178149,4.0,17.0,10.43,0.0,5.94,2.31,3650.44,0.012182,13.0,1014.68,4871.05,1500.01,0.0,0.0,Vegetation,3.01,0.0,91.14,5.85,0.0,0,0.0,Unknown,0,187.88,273.07,273.07,365.51,578.34
cell_03060,80.2375,13.1675,299655.228579485,-3.0,16.0,9.64,0.0,11.02,2.85,9449.92,0.031536,71.0,981.31,5139.39,1083.38,0.0,0.0,Built-up,49.22,0.0,40.71,9.71,0.36,0,0.0,Unknown,0,187.88,273.07,273.07,365.51,578.34
cell_03061,80.2375,13.1725,299649.2630071977,0.0,16.0,5.37,0.0,7.7,2.8,7266.61,0.02425,46.0,1056.95,5450.78,563.79,0.0,0.0,Vegetation,26.01,0.0,39.71,32.89,1.4,0,0.0,Unknown,0,187.88,273.07,273.07,365.51,578.34
cell_03062,80.2375,13.1775,299643.2952007115,0.0,10.0,4.81,0.0,5.71,1.8,2017.12,0.006732,4.0,1372.19,5377.56,64.04,611.82,0.002042,Vegetation,7.57,0.0,76.73,13.55,2.15,0,0.0,Unknown,0,187.88,273.07,273.07,365.51,578.34
cell_03063,80.2375,13.1825,299637.32516035484,3.0,18.0,7.42,0.0,12.67,2.29,4955.34,0.016538,23.0,1708.43,5150.13,404.11,0.0,0.0,Vegetation,25.32,0.0,67.08,3.64,3.96,0,0.0,Unknown,0,187.88,273.07,273.07,365.51,578.34
cell_03064,80.2375,13.1875,299631.3528858548,1.0,13.0,5.05,0.0,7.8,1.97,4693.92,0.015666,16.0,1666.05,4962.24,918.94,0.0,0.0,Cropland,16.14,0.0,39.42,42.99,1.46,0,0.0,Unknown,0,187.88,273.07,273.07,365.51,578.34
cell_03065,80.2375,13.1925,299625.378377601,1.0,10.0,6.03,0.0,5.79,2.25,3037.06,0.010136,14.0,1392.46,4617.83,1456.69,0.0,0.0,Cropland,13.82,0.0,42.02,43.97,0.2,1,0.0,Unknown,1,187.88,273.07,273.07,365.51,578.34
cell_03066,80.2375,13.1975,299619.4016350991,3.0,10.0,6.43,0.0,5.15,1.78,0.0,0.0,0.0,1309.1,4317.0,1994.45,0.0,0.0,Cropland,22.86,0.0,28.7,47.86,0.58,0,0.0,Unknown,0,187.88,273.07,273.07,365.51,578.34
cell_03067,80.2375,13.2025,299613.4226588662,3.0,11.0,6.34,0.0,5.86,2.04,0.0,0.0,0.0,1359.67,4049.15,2532.21,0.0,0.0,Cropland,0.13,0.52,32.95,65.13,1.27,0,0.0,Unknown,0,187.88,273.07,273.07,365.51,578.34
cell_03068,80.2375,13.2075,299607.4414490406,2.0,10.0,5.76,0.0,6.15,2.08,0.0,0.0,0.0,1428.59,3819.99,3069.85,0.0,0.0,Cropland,0.0,1.39,8.89,89.69,0.03,0,0.0,Unknown,0,187.88,273.07,273.07,365.51,578.34
cell_03069,80.2375,13.2125,299601.4580051916,3.0,12.0,6.66,0.0,5.46,1.86,0.0,0.0,0.0,1615.69,3651.19,3590.81,0.0,0.0,Cropland,0.03,0.0,1.88,98.08,0.0,0,0.0,Unknown,0,187.88,273.07,273.07,365.51,578.34
cell_03070,80.2375,13.2175,299595.4723273937,1.0,11.0,7.06,0.0,8.23,2.46,0.0,0.0,0.0,1947.2,3561.12,4117.42,0.0,0.0,Cropland,0.0,0.0,25.26,74.58,0.16,0,0.0,Unknown,0,187.88,273.07,273.07,365.51,578.34
cell_03071,80.2375,13.2225,299589.4844161145,3.0,11.0,7.67,0.0,6.41,1.89,0.0,0.0,0.0,2363.13,3434.78,4539.58,0.0,0.0,Cropland,0.0,0.0,18.28,81.72,0.0,0,0.0,Unknown,0,187.88,273.07,273.07,365.51,578.34
cell_03072,80.2375,13.2275,299583.4942711772,5.0,20.0,10.59,0.0,10.93,2.89,0.0,0.0,0.0,2058.4,2988.61,4557.95,0.0,0.0,Cropland,0.55,0.0,13.25,86.2,0.0,0,0.0,Unknown,0,187.88,273.07,273.07,365.51,578.34
cell_03073,80.2375,13.2325,299577.50189219986,5.0,17.0,10.53,0.0,6.03,2.44,0.0,0.0,0.0,1744.18,2584.08,4642.58,0.0,0.0,Cropland,16.23,0.0,35.1,48.12,0.55,0,0.0,Unknown,0,187.88,273.07,273.07,365.51,578.34
cell_03074,80.2375,13.2375,299571.5072799344,4.0,15.0,8.57,0.0,5.79,2.2,0.0,0.0,0.0,1547.15,2243.82,4789.96,0.0,0.0,Cropland,8.66,0.0,13.95,77.39,0.0,0,0.0,Unknown,0,187.88,273.07,273.07,365.51,578.34
cell_03075,80.2375,13.2425,299565.510433981,4.0,15.0,8.74,0.0,7.39,2.52,0.0,0.0,0.0,1481.26,2000.89,4994.55,0.0,0.0,Cropland,8.9,0.0,9.84,81.27,0.0,0,0.0,Unknown,0,187.88,273.07,273.07,365.51,578.34
cell_03076,80.2375,13.2475,299559.5113543529,2.0,13.0,7.52,0.0,7.26,2.8,0.0,0.0,0.0,1599.81,1893.14,5249.66,0.0,0.0,Cropland,3.44,0.0,3.51,93.05,0.0,0,0.0,Unknown,0,187.88,273.07,273.07,365.51,578.34
cell_03077,80.2375,13.2525,299553.5100413291,0.0,0.0,0.0,0.0,0.0,0.0,0.0,0.0,0.0,1719.85,1943.19,5548.33,0.0,0.0,Unknown,0.0,0.0,0.0,0.0,0.0,0,0.0,Unknown,0,187.88,273.07,273.07,365.51,578.34
cell_03078,80.2425,12.8525,300025.88976084586,1.0,12.0,6.6,0.0,6.72,2.39,0.0,0.0,0.0,795.61,4543.15,820.18,0.0,0.0,Built-up,80.1,0.0,19.38,0.49,0.03,0,0.0,Unknown,0,187.88,273.07,273.07,365.51,578.34
cell_03079,80.2425,12.8575,300020.06504434126,2.0,10.0,6.15,0.0,4.98,2.01,1676.85,0.005589,2.0,634.37,4254.56,664.63,0.0,0.0,Vegetation,30.13,0.0,69.55,0.13,0.19,0,0.0,Unknown,0,187.88,273.07,273.07,365.51,578.34
cell_03080,80.2425,12.8625,300014.2380913629,2.0,11.0,6.24,0.0,6.65,2.39,4172.35,0.013907,20.0,319.38,3980.4,540.36,0.0,0.0,Vegetation,41.49,0.0,53.92,4.21,0.38,0,0.0,Unknown,0,187.88,273.07,273.07,365.51,578.34
cell_03081,80.2425,12.8675,300008.4089023486,-1.0,12.0,6.43,0.0,8.75,2.4,9387.87,0.031292,44.0,151.66,3749.75,356.23,42.98,0.000143,Built-up,63.21,0.49,27.53,7.95,0.81,0,0.0,Unknown,0,187.88,273.07,273.07,365.51,578.34
cell_03082,80.2425,12.8725,300002.57747721573,-2.0,11.0,4.57,0.0,7.09,2.4,5462.97,0.01821,22.0,71.89,3577.75,90.41,597.25,0.001991,Vegetation,36.99,11.83,48.21,2.52,0.45,0,0.0,Unknown,0,187.88,273.07,273.07,365.51,578.34
cell_03083,80.2425,12.8775,299996.74381580116,-2.0,13.0,3.85,0.0,8.59,2.6,2756.07,0.009187,10.0,129.13,3446.53,148.45,557.62,0.001859,Vegetation,23.72,10.87,61.86,2.14,1.4,0,0.0,Unknown,0,187.88,273.07,273.07,365.51,578.34
cell_03084,80.2425,12.8825,299990.9079182278,-2.0,12.0,3.35,0.0,9.52,2.27,7151.97,0.023841,39.0,179.8,3355.9,200.8,556.11,0.001854,Vegetation,17.99,6.43,74.19,1.27,0.13,0,0.0,Unknown,0,187.88,273.07,273.07,365.51,578.34
cell_03085,80.2425,12.8875,299985.0697848064,-1.0,10.0,2.68,0.0,7.59,1.91,10357.39,0.034526,53.0,175.07,3355.16,271.08,261.31,0.000871,Vegetation,18.78,3.99,76.79,0.45,0.0,0,0.0,Unknown,0,187.88,273.07,273.07,365.51,578.34
cell_03086,80.2425,12.8925,299979.2294152172,-2.0,8.0,2.63,0.0,7.09,2.27,7228.34,0.024096,38.0,332.82,3110.61,347.85,0.0,0.0,Vegetation,6.22,0.0,91.2,1.24,1.34,0,0.0,Unknown,0,187.88,273.07,273.07,365.51,578.34
cell_03087,80.2425,12.8975,299973.38680947246,-4.0,9.0,1.65,0.0,7.09,2.49,5821.31,0.019406,28.0,396.85,2570.96,413.3,0.0,0.0,Built-up,42.66,0.88,39.09,17.14,0.23,0,0.0,Unknown,0,187.88,273.07,273.07,365.51,578.34
cell_03088,80.2425,12.9025,299967.54196821444,-7.0,4.0,-0.74,0.0,7.53,2.57,3486.14,0.011622,20.0,313.54,2038.47,339.01,0.0,0.0,Vegetation,24.36,0.0,58.93,15.53,1.18,0,0.0,Unknown,0,187.88,273.07,273.07,365.51,578.34
cell_03089,80.2425,12.9075,299961.6948905702,-7.0,4.0,-0.62,0.0,10.4,3.07,1188.2,0.003961,0.0,212.3,1520.67,234.49,453.17,0.001511,Vegetation,17.79,1.82,60.04,18.08,2.26,0,0.0,Unknown,0,187.88,273.07,273.07,365.51,578.34
cell_03090,80.2425,12.9125,299955.84557746653,-8.0,3.0,-1.24,0.0,7.7,2.36,0.0,0.0,0.0,109.0,1032.21,129.96,563.12,0.001877,Vegetation,0.1,0.0,78.28,20.91,0.71,0,0.0,Unknown,0,187.88,273.07,273.07,365.51,578.34
cell_03091,80.2425,12.9175,299949.9940279529,-7.0,4.0,-0.41,0.0,6.93,1.99,4486.99,0.014959,30.0,3.67,607.81,25.44,563.12,0.001877,Vegetation,21.78,0.0,51.79,26.08,0.35,0,0.0,Unknown,0,187.88,273.07,273.07,365.51,578.34
cell_03092,80.2425,12.9225,299944.1402431299,-6.0,7.0,-0.16,0.0,9.62,2.44,2566.72,0.008557,5.0,0.0,88.83,79.08,990.77,0.003303,Vegetation,30.55,0.06,34.5,32.72,2.17,0,0.0,Unknown,0,187.88,273.07,273.07,365.51,578.34
cell_03093,80.2425,12.9275,299938.28422215587,-5.0,5.0,0.26,0.0,7.53,2.57,14920.62,0.049746,139.0,47.35,359.4,181.04,562.97,0.001877,Built-up,53.21,9.42,23.86,10.91,2.6,1,0.0,Unknown,1,187.88,273.07,273.07,365.51,578.34
cell_03094,80.2425,12.9325,299932.4259654534,-7.0,4.0,-0.17,0.0,7.79,2.55,12479.79,0.041609,68.0,190.07,899.51,252.03,548.33,0.001828,Built-up,65.11,0.41,24.94,9.06,0.48,0,0.0,Unknown,0,187.88,273.07,273.07,365.51,578.34
cell_03095,80.2425,12.9375,299926.5654733346,-4.0,5.0,-0.28,0.0,7.7,2.3,15473.03,0.051589,90.0,41.83,1446.34,210.39,139.73,0.000466,Built-up,86.22,0.0,9.63,1.66,2.49,0,0.0,Unknown,0,187.88,273.07,273.07,365.51,578.34
cell_03096,80.2425,12.9425,299920.70274528855,-5.0,6.0,1.02,0.0,10.16,2.22,9914.1,0.033056,53.0,360.36,1666.69,481.56,0.0,0.0,Built-up,67.76,0.03,18.51,13.64,0.06,0,0.0,Unknown,0,187.88,273.07,273.07,365.51,578.34
cell_03097,80.2425,12.9475,299914.8377815948,-5.0,10.0,2.45,0.0,9.89,2.82,8606.75,0.028697,55.0,565.4,1722.07,582.59,0.0,0.0,Built-up,72.67,0.0,18.53,6.06,2.74,0,0.0,Unknown,0,187.88,273.07,273.07,365.51,578.34
cell_03098,80.2425,12.9525,299908.9705823291,-1.0,12.0,5.48,0.0,7.7,2.17,12805.58,0.042698,71.0,355.67,1912.36,688.7,0.0,0.0,Built-up,92.83,0.0,5.45,0.67,1.05,0,0.0,Unknown,0,187.88,273.07,273.07,365.51,578.34
cell_03099,80.2425,12.9575,299903.1011477243,2.0,13.0,7.42,0.0,5.15,1.93,7781.4,0.025946,49.0,282.19,2227.17,787.55,0.0,0.0,Built-up,76.79,0.1,22.53,0.36,0.23,0,12.67,Unknown,1,187.88,273.07,273.07,365.51,578.34
cell_03100,80.2425,12.9625,299897.2294770489,4.0,12.0,8.22,0.0,5.59,1.97,11352.01,0.037853,55.0,272.48,2574.11,887.72,0.0,0.0,Built-up,90.85,1.12,7.33,0.0,0.7,0,0.0,Unknown,0,187.88,273.07,273.07,365.51,578.34
cell_03101,80.2425,12.9675,299891.3555711984,1.0,14.0,6.28,0.0,7.26,2.23,7012.12,0.023382,33.0,127.23,2640.66,987.17,0.0,0.0,Built-up,48.18,12.5,34.38,0.7,4.24,0,0.0,Unknown,0,187.88,273.07,273.07,365.51,578.34
cell_03102,80.2425,12.9725,299885.47942985373,-1.0,10.0,5.43,0.0,5.86,2.13,5968.32,0.019902,37.0,529.17,2816.32,1101.47,0.0,0.0,Built-up,55.26,0.0,42.27,1.82,0.65,0,6.0,Unknown,1,187.88,273.07,273.07,365.51,578.34
cell_03103,80.2425,12.9775,299879.60105294705,-3.0,9.0,2.94,0.0,8.8,2.32,11047.66,0.03684,62.0,458.35,3082.5,1199.32,0.0,0.0,Built-up,82.72,0.48,13.39,2.23,1.18,1,12.5,Unknown,1,187.88,273.07,273.07,365.51,578.34
cell_03104,80.2425,12.9825,299873.72044093075,0.0,8.0,3.99,0.0,4.86,1.68,15151.52,0.050526,107.0,310.96,3418.12,800.7,0.0,0.0,Built-up,82.11,0.0,17.09,0.61,0.19,1,0.0,Unknown,1,187.88,273.07,273.07,365.51,578.34
cell_03105,80.2425,12.9875,299867.8375931382,2.0,13.0,6.29,0.0,5.25,1.87,2870.14,0.009571,9.0,222.95,3237.57,249.61,513.61,0.001713,Vegetation,48.05,0.42,51.43,0.0,0.1,1,0.0,Unknown,1,187.88,273.07,273.07,365.51,578.34
cell_03106,80.2425,12.9925,299861.9525102132,2.0,14.0,8.08,0.0,11.44,2.24,3926.57,0.013095,23.0,110.14,2713.67,301.48,0.0,0.0,Built-up,52.61,0.54,43.94,2.9,0.0,1,0.0,Unknown,1,187.88,273.07,273.07,365.51,578.34
cell_03107,80.2425,12.9975,299856.0651918663,3.0,15.0,9.82,0.0,10.93,2.07,4102.05,0.01368,31.0,0.0,2202.71,723.61,0.0,0.0,Vegetation,26.69,0.77,72.16,0.38,0.0,1,0.0,Unknown,1,187.88,273.07,273.07,365.51,578.34
cell_03108,80.2425,13.0025,299850.17563836114,4.0,18.0,12.17,0.0,8.95,2.5,3561.36,0.011877,17.0,251.36,1709.8,607.06,0.0,0.0,Vegetation,20.68,0.0,79.32,0.0,0.0,0,0.0,Unknown,0,187.88,273.07,273.07,365.51,578.34
cell_03109,80.2425,13.0075,299844.28384975746,8.0,17.0,12.18,0.0,6.65,2.41,3427.39,0.011431,18.0,568.7,1250.16,599.0,0.0,0.0,Vegetation,33.71,0.0,66.04,0.26,0.0,0,7.0,Unknown,1,187.88,273.07,273.07,365.51,578.34
cell_03110,80.2425,13.0125,299838.3898255928,5.0,16.0,9.96,0.0,6.93,2.54,2586.84,0.008627,9.0,598.31,902.19,602.85,0.0,0.0,Vegetation,19.36,0.0,79.94,0.45,0.26,1,0.0,Unknown,1,187.88,273.07,273.07,365.51,578.34
cell_03111,80.2425,13.0175,299832.49356646277,6.0,14.0,9.68,0.0,5.79,1.98,9778.63,0.032614,50.0,600.4,695.8,646.02,0.0,0.0,Built-up,65.84,0.0,34.16,0.0,0.0,0,0.0,Unknown,0,187.88,273.07,273.07,365.51,578.34
cell_03112,80.2425,13.0225,299826.59507236304,3.0,14.0,8.67,0.0,5.79,2.21,9374.36,0.031266,41.0,318.51,384.33,228.71,154.14,0.000514,Built-up,65.72,0.99,32.94,0.35,0.0,0,0.0,Unknown,0,187.88,273.07,273.07,365.51,578.34
cell_03113,80.2425,13.0275,299820.6943427204,-4.0,16.0,8.52,0.0,14.7,3.61,8087.11,0.026973,34.0,76.75,122.92,189.98,1056.6,0.003524,Built-up,45.47,16.2,36.22,0.38,1.72,1,0.0,Unknown,1,187.88,273.07,273.07,365.51,578.34
cell_03114,80.2425,13.0325,299814.791378557,6.0,17.0,10.83,0.0,7.66,2.48,8562.2,0.028558,53.0,625.37,669.48,86.52,929.06,0.003099,Built-up,82.92,0.0,16.82,0.0,0.26,1,0.0,Unknown,1,187.88,273.07,273.07,365.51,578.34
cell_03115,80.2425,13.0375,299808.88617903274,5.0,19.0,12.45,0.0,8.75,2.45,10870.72,0.036259,49.0,732.32,1220.53,246.97,343.57,0.001146,Built-up,87.98,0.0,11.99,0.0,0.03,1,15.0,Unknown,1,187.88,273.07,273.07,365.51,578.34
cell_03116,80.2425,13.0425,299802.9787445367,7.0,19.0,12.98,0.0,7.09,2.69,7705.31,0.025701,40.0,859.2,1772.78,442.31,0.0,0.0,Built-up,83.0,0.0,17.0,0.0,0.0,0,11.0,Unknown,1,187.88,273.07,273.07,365.51,578.34
cell_03117,80.2425,13.0475,299797.0690750957,9.0,18.0,12.87,0.0,7.7,2.27,9260.07,0.030888,48.0,482.52,2130.52,459.59,0.0,0.0,Built-up,84.68,0.0,15.26,0.0,0.06,1,9.0,Unknown,1,187.88,273.07,273.07,365.51,578.34
cell_03118,80.2425,13.0525,299791.15717083274,7.0,17.0,12.58,0.0,7.85,2.17,9714.71,0.032405,57.0,102.71,1594.73,75.79,208.29,0.000695,Built-up,70.12,0.0,28.76,0.96,0.16,2,0.0,Unknown,1,187.88,273.07,273.07,365.51,578.34
cell_03119,80.2425,13.0575,299785.24303150736,9.0,19.0,12.99,0.0,7.59,2.46,12125.7,0.040448,62.0,245.94,1074.22,567.89,0.0,0.0,Built-up,78.22,0.0,21.75,0.0,0.03,3,0.0,Unknown,1,187.88,273.07,273.07,365.51,578.34
cell_03120,80.2425,13.0625,299779.3266577451,8.0,21.0,11.94,0.0,7.5,2.51,11545.73,0.038514,63.0,40.85,582.92,118.96,179.33,0.000598,Built-up,70.58,0.0,29.38,0.0,0.03,0,0.0,Unknown,0,187.88,273.07,273.07,365.51,578.34
cell_03121,80.2425,13.0675,299773.4080486428,0.0,21.0,12.32,0.0,13.17,3.27,8494.21,0.028335,63.0,47.26,71.15,491.18,590.73,0.001971,Built-up,62.72,4.21,32.62,0.16,0.29,1,0.0,Unknown,1,187.88,273.07,273.07,365.51,578.34
cell_03122,80.2425,13.0725,299767.4872047326,4.0,26.0,11.15,0.0,12.67,2.59,12539.73,0.041832,71.0,241.18,442.41,458.41,0.0,0.0,Built-up,78.32,1.15,20.06,0.26,0.22,1,0.0,Unknown,1,187.88,273.07,273.07,365.51,578.34
cell_03123,80.2425,13.0775,299761.564126688,5.0,20.0,12.17,0.0,8.75,2.63,5668.6,0.01891,37.0,197.76,930.67,369.01,0.0,0.0,Built-up,68.38,4.12,26.3,0.0,1.2,2,0.0,Unknown,1,187.88,273.07,273.07,365.51,578.34
cell_03124,80.2425,13.0825,299755.6388134484,8.0,18.0,12.52,0.0,6.16,2.17,8686.38,0.028978,46.0,718.84,1420.21,261.14,246.02,0.000821,Built-up,77.9,0.0,21.88,0.0,0.22,2,0.0,Unknown,1,187.88,273.07,273.07,365.51,578.34
cell_03125,80.2425,13.0875,299749.71126540366,5.0,17.0,10.69,0.0,6.81,2.29,9016.83,0.030081,47.0,747.26,1935.21,215.13,637.45,0.002127,Built-up,70.55,0.0,29.42,0.03,0.0,0,0.0,Unknown,0,187.88,273.07,273.07,365.51,578.34
cell_03126,80.2425,13.0925,299743.78148321196,6.0,17.0,11.47,0.0,6.93,2.22,12153.94,0.040548,71.0,518.71,2466.66,667.62,0.0,0.0,Built-up,85.84,0.0,13.97,0.0,0.19,1,0.0,Unknown,1,187.88,273.07,273.07,365.51,578.34
cell_03127,80.2425,13.0975,299737.8494661909,4.0,16.0,10.34,0.0,9.1,2.37,7197.12,0.024011,34.0,181.76,3003.54,328.39,65.79,0.000219,Built-up,71.49,0.0,27.65,0.67,0.19,2,0.0,Unknown,1,187.88,273.07,273.07,365.51,578.34
cell_03128,80.2425,13.1025,299731.9152143359,6.0,16.0,9.77,0.0,7.66,2.32,9379.4,0.031293,58.0,498.78,3544.66,219.62,492.98,0.001645,Built-up,52.44,0.0,47.05,0.52,0.0,1,0.0,Unknown,1,187.88,273.07,273.07,365.51,578.34
cell_03129,80.2425,13.1075,299725.97872824135,3.0,16.0,9.37,0.0,9.52,2.58,10389.93,0.034665,60.0,447.24,3959.02,167.63,306.71,0.001023,Built-up,66.74,0.0,30.61,2.36,0.29,2,0.0,Unknown,1,187.88,273.07,273.07,365.51,578.34
cell_03130,80.2425,13.1125,299720.0400075728,6.0,15.0,10.38,0.0,8.29,2.24,11096.57,0.037023,46.0,847.47,4394.31,636.78,0.0,0.0,Built-up,94.48,0.0,5.01,0.16,0.35,2,0.0,Unknown,1,187.88,273.07,273.07,365.51,578.34
cell_03131,80.2425,13.1175,299714.0990525942,3.0,13.0,9.28,0.0,6.83,1.96,12484.92,0.041656,80.0,836.06,4850.96,620.25,0.0,0.0,Built-up,89.9,0.0,9.58,0.32,0.19,1,0.0,Unknown,1,187.88,273.07,273.07,365.51,578.34
cell_03132,80.2425,13.1225,299708.1558626694,4.0,14.0,8.72,0.0,7.39,2.5,8362.93,0.027904,42.0,663.7,5324.86,75.77,562.22,0.001876,Built-up,54.43,0.0,39.64,5.64,0.29,1,0.0,Unknown,1,187.88,273.07,273.07,365.51,578.34
cell_03133,80.2425,13.1275,299702.210438978,5.0,12.0,8.41,0.0,6.03,1.98,9611.73,0.032071,56.0,794.34,5169.68,273.09,242.74,0.00081,Built-up,75.48,0.0,23.18,0.8,0.54,0,0.0,Unknown,0,187.88,273.07,273.07,365.51,578.34
cell_03134,80.2425,13.1325,299696.26278048917,3.0,12.0,8.35,0.0,6.89,2.11,10772.69,0.035945,61.0,1122.18,5030.18,239.57,356.49,0.001189,Built-up,81.69,0.0,18.12,0.0,0.19,0,0.0,Unknown,0,187.88,273.07,273.07,365.51,578.34
cell_03135,80.2425,13.1375,299690.31288794026,3.0,14.0,9.06,0.0,5.59,2.04,11297.48,0.037697,64.0,1089.32,4948.89,289.24,0.0,0.0,Built-up,75.7,0.0,17.63,6.38,0.29,0,0.0,Unknown,0,187.88,273.07,273.07,365.51,578.34
cell_03136,80.2425,13.1425,299684.3607609811,4.0,16.0,9.12,0.0,6.89,2.29,15337.45,0.051179,92.0,538.02,4912.08,564.49,0.0,0.0,Built-up,93.11,0.0,6.15,0.7,0.03,0,0.0,Unknown,0,187.88,273.07,273.07,365.51,578.34
cell_03137,80.2425,13.1475,299678.4063997954,3.0,14.0,9.43,0.0,6.41,2.25,8710.49,0.029066,31.0,34.9,4936.41,1079.46,0.0,0.0,Vegetation,41.36,0.0,52.21,5.55,0.88,0,0.0,Unknown,0,187.88,273.07,273.07,365.51,578.34
cell_03138,80.2425,13.1525,299672.44980417413,4.0,14.0,9.18,0.0,6.41,2.4,7002.22,0.023366,29.0,151.26,5021.9,1619.69,0.0,0.0,Vegetation,29.59,0.0,58.58,3.48,8.35,0,0.0,Unknown,0,187.88,273.07,273.07,365.51,578.34
cell_03139,80.2425,13.1575,299666.49097471207,3.0,17.0,8.26,0.0,6.93,2.65,7024.22,0.02344,29.0,483.05,5165.49,1320.26,0.0,0.0,Vegetation,3.99,0.0,75.0,19.55,1.47,0,0.0,Unknown,0,187.88,273.07,273.07,365.51,578.34
cell_03140,80.2425,13.1625,299660.52991091635,4.0,16.0,8.24,0.0,9.46,2.51,8212.96,0.027408,40.0,563.23,5362.53,1011.86,0.0,0.0,Vegetation,21.49,0.0,67.18,11.33,0.0,0,0.0,Unknown,0,187.88,273.07,273.07,365.51,578.34
cell_03141,80.2425,13.1675,299654.56661294063,4.0,17.0,10.5,0.0,13.07,2.53,16850.94,0.056235,146.0,610.38,5535.57,957.19,0.0,0.0,Built-up,71.84,0.0,27.9,0.16,0.1,1,0.0,Unknown,1,187.88,273.07,273.07,365.51,578.34
cell_03142,80.2425,13.1725,299648.60108117387,1.0,11.0,4.92,0.0,6.51,2.48,15281.53,0.050998,111.0,877.45,5198.56,516.36,0.0,0.0,Built-up,55.29,0.0,26.4,17.44,0.86,0,0.0,Unknown,0,187.88,273.07,273.07,365.51,578.34
cell_03143,80.2425,13.1775,299642.633314872,-1.0,9.0,4.02,0.0,10.4,2.46,1587.27,0.005297,8.0,1007.12,4900.94,89.21,799.22,0.002667,Vegetation,5.71,15.06,71.82,6.92,0.49,0,0.0,Unknown,0,187.88,273.07,273.07,365.51,578.34
cell_03144,80.2425,13.1825,299636.6633150547,0.0,21.0,6.77,0.0,13.7,2.52,0.0,0.0,0.0,1248.65,4650.26,254.9,340.29,0.001136,Vegetation,0.0,0.1,92.63,7.27,0.0,0,0.0,Unknown,0,187.88,273.07,273.07,365.51,578.34
cell_03145,80.2425,13.1875,299630.6910809607,1.0,15.0,5.86,0.0,7.85,2.12,0.0,0.0,0.0,1285.63,4454.46,792.66,0.0,0.0,Vegetation,1.43,0.0,94.45,3.95,0.16,0,0.0,Unknown,0,187.88,273.07,273.07,365.51,578.34
cell_03146,80.2425,13.1925,299624.7166131056,-9.0,13.0,3.51,0.0,19.62,4.34,1098.85,0.003667,0.0,903.38,4190.9,1325.3,0.0,0.0,Vegetation,0.36,35.94,53.8,9.9,0.0,0,0.0,Unknown,0,187.88,273.07,273.07,365.51,578.34
cell_03147,80.2425,13.1975,299618.73991117044,-1.0,9.0,5.43,0.0,5.59,1.83,0.0,0.0,0.0,768.71,3856.92,1846.08,0.0,0.0,Vegetation,6.09,1.47,54.82,37.47,0.16,0,0.0,Unknown,0,187.88,273.07,273.07,365.51,578.34
cell_03148,80.2425,13.2025,299612.7609754194,2.0,11.0,5.65,0.0,6.65,1.72,0.0,0.0,0.0,818.76,3572.55,2373.32,0.0,0.0,Vegetation,3.64,0.89,48.6,46.88,0.0,0,0.0,Unknown,0,187.88,273.07,273.07,365.51,578.34
cell_03149,80.2425,13.2075,299606.7798060678,2.0,11.0,5.88,0.0,7.8,1.85,0.0,0.0,0.0,898.96,3322.88,2910.11,0.0,0.0,Cropland,5.45,1.3,41.95,50.39,0.91,0,0.0,Unknown,0,187.88,273.07,273.07,365.51,578.34
cell_03150,80.2425,13.2125,299600.79640256014,1.0,12.0,6.11,0.0,6.41,2.17,0.0,0.0,0.0,1173.77,3127.41,3452.02,0.0,0.0,Cropland,5.68,0.0,14.45,79.88,0.0,0,0.0,Unknown,0,187.88,273.07,273.07,365.51,578.34
cell_03151,80.2425,13.2175,299594.81076539657,-4.0,13.0,6.46,0.0,8.13,2.98,0.0,0.0,0.0,1599.66,3021.78,3996.93,0.0,0.0,Vegetation,3.99,0.0,61.29,34.73,0.0,0,0.0,Unknown,0,187.88,273.07,273.07,365.51,578.34
cell_03152,80.2425,13.2225,299588.8228946512,3.0,12.0,7.23,0.0,6.16,2.21,0.0,0.0,0.0,2061.59,3012.45,3998.05,0.0,0.0,Cropland,1.59,0.0,34.94,63.47,0.0,0,0.0,Unknown,0,187.88,273.07,273.07,365.51,578.34
cell_03153,80.2425,13.2275,299582.8327902415,4.0,14.0,8.11,0.0,6.19,1.81,0.0,0.0,0.0,1677.28,2679.01,4018.9,0.0,0.0,Cropland,2.93,0.0,16.9,79.66,0.51,0,0.0,Unknown,0,187.88,273.07,273.07,365.51,578.34
cell_03154,80.2425,13.2325,299576.8404517683,6.0,20.0,9.48,0.0,10.66,2.47,0.0,0.0,0.0,1287.83,2218.73,4114.65,0.0,0.0,Cropland,3.09,0.0,41.71,47.74,7.46,0,0.0,Unknown,0,187.88,273.07,273.07,365.51,578.34
cell_03155,80.2425,13.2375,299570.8458800784,4.0,14.0,8.1,0.0,6.65,2.11,0.0,0.0,0.0,1035.6,1811.09,4280.26,0.0,0.0,Cropland,3.96,0.0,6.4,89.64,0.0,0,0.0,Unknown,0,187.88,273.07,273.07,365.51,578.34
cell_03156,80.2425,13.2425,299564.849074869,4.0,15.0,8.03,0.0,5.59,2.01,0.0,0.0,0.0,941.34,1499.64,4508.05,0.0,0.0,Cropland,5.04,0.0,12.63,79.56,2.77,0,0.0,Unknown,0,187.88,273.07,273.07,365.51,578.34
cell_03157,80.2425,13.2475,299558.85003570927,4.0,11.0,7.02,0.0,5.25,1.75,0.0,0.0,0.0,1106.44,1352.55,4789.16,0.0,0.0,Cropland,0.0,0.0,5.68,91.58,2.74,0,0.0,Unknown,0,187.88,273.07,273.07,365.51,578.34
cell_03158,80.2425,13.2525,299552.8487632412,0.0,0.0,0.0,0.0,0.0,0.0,0.0,0.0,0.0,1284.15,1421.77,5114.79,0.0,0.0,Unknown,0.0,0.0,0.0,0.0,0.0,0,0.0,Unknown,0,187.88,273.07,273.07,365.51,578.34
cell_03159,80.2475,12.8525,300025.2296521564,0.0,9.0,4.18,0.0,5.66,1.99,0.0,0.0,0.0,1316.51,5000.64,1336.89,0.0,0.0,Built-up,51.88,17.95,19.51,4.03,6.62,0,0.0,Unknown,0,187.88,273.07,273.07,365.51,578.34
cell_03160,80.2475,12.8575,300019.40497482393,0.0,11.0,5.74,0.0,6.98,2.12,1889.87,0.006299,2.0,1079.06,4723.89,1193.31,0.0,0.0,Vegetation,25.26,9.53,59.57,2.55,3.09,0,0.0,Unknown,0,187.88,273.07,273.07,365.51,578.34
cell_03161,80.2475,12.8625,300013.57806104346,-5.0,14.0,4.7,0.0,8.75,2.56,2433.6,0.008112,9.0,729.86,4466.11,1069.03,0.0,0.0,Built-up,47.13,1.12,45.12,4.11,2.52,0,0.0,Unknown,0,187.88,273.07,273.07,365.51,578.34
cell_03162,80.2475,12.8675,300007.7489114892,0.0,10.0,4.17,0.0,7.09,2.28,10881.68,0.036271,33.0,651.77,4259.01,820.24,0.0,0.0,Built-up,65.13,0.0,29.9,4.19,0.78,0,0.0,Unknown,0,187.88,273.07,273.07,365.51,578.34
cell_03163,80.2475,12.8725,300001.9175255561,-1.0,10.0,5.23,0.0,7.8,1.97,10215.37,0.034051,38.0,609.77,4104.29,628.78,0.0,0.0,Built-up,68.43,0.0,29.69,1.79,0.1,0,0.0,Unknown,0,187.88,273.07,273.07,365.51,578.34
cell_03164,80.2475,12.8775,299996.083903541,2.0,10.0,6.28,0.0,6.51,2.22,5996.5,0.019989,14.0,665.56,3975.09,684.78,0.0,0.0,Vegetation,35.49,0.0,64.22,0.26,0.03,1,0.0,Unknown,1,187.88,273.07,273.07,365.51,578.34
cell_03165,80.2475,12.8825,299990.24804536003,-2.0,11.0,4.21,0.0,7.7,2.64,12254.65,0.04085,34.0,416.27,3896.76,741.29,0.0,0.0,Built-up,73.73,0.0,26.01,0.13,0.13,0,0.0,Unknown,0,187.88,273.07,273.07,365.51,578.34
cell_03166,80.2475,12.8875,299984.40995135566,-3.0,11.0,4.91,0.0,6.81,2.49,13369.45,0.044567,65.0,343.86,3783.8,808.32,0.0,0.0,Built-up,84.82,0.0,14.86,0.16,0.16,0,0.0,Unknown,0,187.88,273.07,273.07,365.51,578.34
cell_03167,80.2475,12.8925,299978.56962094054,1.0,10.0,6.42,0.0,7.7,1.99,8426.51,0.02809,23.0,203.97,3261.83,885.08,0.0,0.0,Built-up,54.97,0.0,44.45,0.1,0.48,0,0.0,Unknown,0,187.88,273.07,273.07,365.51,578.34
cell_03168,80.2475,12.8975,299972.7270547728,-3.0,11.0,5.57,0.0,11.7,2.37,6306.85,0.021025,22.0,409.39,2751.99,953.08,0.0,0.0,Built-up,54.03,0.0,38.18,6.56,1.23,0,0.0,Unknown,0,187.88,273.07,273.07,365.51,578.34
cell_03169,80.2475,12.9025,299966.8822527527,-3.0,12.0,5.19,0.0,6.41,2.22,4649.42,0.0155,24.0,847.29,2261.76,871.69,0.0,0.0,Vegetation,30.33,0.0,65.98,3.51,0.19,0,0.0,Unknown,0,187.88,273.07,273.07,365.51,578.34
cell_03170,80.2475,12.9075,299961.03521457734,-1.0,12.0,6.15,0.0,8.3,2.59,3574.99,0.011918,13.0,744.46,1775.86,767.16,0.0,0.0,Vegetation,18.85,0.0,68.11,12.28,0.77,0,0.0,Unknown,0,187.88,273.07,273.07,365.51,578.34
cell_03171,80.2475,12.9125,299955.18594079535,-5.0,11.0,3.68,0.0,6.83,2.25,3009.02,0.010032,4.0,641.63,1248.88,662.63,0.0,0.0,Vegetation,11.82,0.88,82.18,3.9,1.23,0,0.0,Unknown,0,187.88,273.07,273.07,365.51,578.34
cell_03172,80.2475,12.9175,299949.3344309748,-5.0,11.0,2.21,0.0,7.5,2.65,12153.97,0.04052,72.0,348.47,759.81,558.09,0.0,0.0,Built-up,68.05,2.17,25.45,4.05,0.29,0,0.0,Unknown,0,187.88,273.07,273.07,365.51,578.34
cell_03173,80.2475,12.9225,299943.4806854583,-5.0,7.0,0.65,0.0,6.89,2.3,12118.69,0.040403,66.0,261.86,454.39,453.78,0.0,0.0,Built-up,82.08,0.96,16.45,0.48,0.03,1,0.0,Unknown,1,187.88,273.07,273.07,365.51,578.34
cell_03174,80.2475,12.9275,299937.62470405357,-5.0,4.0,0.35,0.0,6.41,2.05,10376.84,0.034597,68.0,305.47,668.72,351.64,0.0,0.0,Built-up,60.45,0.91,33.18,5.36,0.1,0,0.0,Unknown,0,187.88,273.07,273.07,365.51,578.34
cell_03175,80.2475,12.9325,299931.766486724,-4.0,4.0,0.99,0.0,6.83,2.12,18041.39,0.060152,108.0,241.25,1106.28,247.36,438.91,0.001463,Built-up,81.47,0.22,15.91,2.26,0.13,1,0.0,Unknown,1,187.88,273.07,273.07,365.51,578.34
cell_03176,80.2475,12.9375,299925.9060340021,-4.0,4.0,-0.1,0.0,5.79,2.09,18760.04,0.062549,114.0,378.18,1589.39,145.38,797.81,0.00266,Built-up,79.18,4.85,6.86,8.64,0.48,0,0.0,Unknown,0,187.88,273.07,273.07,365.51,578.34
cell_03177,80.2475,12.9425,299920.0433457099,-3.0,7.0,0.8,0.0,8.29,1.92,16574.61,0.055263,125.0,40.2,2104.65,51.85,562.04,0.001874,Built-up,71.3,2.4,18.6,7.53,0.16,0,0.0,Unknown,0,187.88,273.07,273.07,365.51,578.34
cell_03178,80.2475,12.9475,299914.17842143285,-2.0,4.0,1.28,0.0,5.59,1.68,12681.74,0.042285,84.0,37.02,2255.86,50.39,563.32,0.001878,Built-up,77.68,0.61,16.36,3.99,1.37,0,0.0,Unknown,0,187.88,273.07,273.07,365.51,578.34
cell_03179,80.2475,12.9525,299908.3112616874,-3.0,5.0,1.63,0.0,5.46,1.81,13025.09,0.04343,68.0,143.34,2404.27,155.08,562.36,0.001875,Built-up,85.46,0.1,11.83,1.66,0.96,1,0.0,Unknown,1,187.88,273.07,273.07,365.51,578.34
cell_03180,80.2475,12.9575,299902.4418665164,0.0,7.0,3.45,0.0,5.15,1.53,8995.95,0.029996,23.0,244.98,2661.51,253.94,354.11,0.001181,Built-up,95.29,0.0,4.32,0.36,0.03,1,0.0,Unknown,1,187.88,273.07,273.07,365.51,578.34
cell_03181,80.2475,12.9625,299896.57023553737,0.0,11.0,3.94,0.0,4.98,1.69,12242.68,0.040823,63.0,342.86,2999.72,360.47,0.0,0.0,Built-up,92.76,0.0,5.64,0.38,1.21,0,13.0,Unknown,1,187.88,273.07,273.07,365.51,578.34
cell_03182,80.2475,12.9675,299890.6963692815,0.0,12.0,5.27,0.0,4.1,1.93,13291.9,0.044322,78.0,442.9,3171.57,456.0,0.0,0.0,Built-up,96.78,0.0,1.91,0.67,0.64,0,0.0,Unknown,0,187.88,273.07,273.07,365.51,578.34
cell_03183,80.2475,12.9725,299884.8202673505,0.0,7.0,3.69,0.0,4.76,1.61,11116.76,0.03707,36.0,552.72,3319.25,571.02,0.0,0.0,Built-up,96.43,0.0,3.08,0.49,0.0,0,0.0,Unknown,0,187.88,273.07,273.07,365.51,578.34
cell_03184,80.2475,12.9775,299878.9419302136,-1.0,7.0,3.24,0.0,4.84,1.7,6633.71,0.022121,48.0,642.76,3547.89,662.53,0.0,0.0,Built-up,61.7,0.0,24.08,13.9,0.32,0,0.0,Unknown,0,187.88,273.07,273.07,365.51,578.34
cell_03185,80.2475,12.9825,299873.0613576148,0.0,7.0,3.15,0.0,4.03,1.52,1512.94,0.005045,10.0,594.67,3631.25,613.39,0.0,0.0,Built-up,55.96,0.1,20.98,0.16,22.8,0,0.0,Unknown,0,187.88,273.07,273.07,365.51,578.34
cell_03186,80.2475,12.9875,299867.1785496598,1.0,44.0,7.84,0.0,28.84,4.13,1098.19,0.003662,1.0,470.83,3090.18,378.1,11.07,3.7e-05,Vegetation,45.39,0.0,50.19,2.47,1.95,0,0.0,Unknown,0,187.88,273.07,273.07,365.51,578.34
cell_03187,80.2475,12.9925,299861.2935063266,2.0,14.0,7.47,0.0,23.57,2.77,1539.06,0.005133,6.0,336.61,2549.85,344.33,9.87,3.3e-05,Built-up,58.23,0.0,41.26,0.0,0.51,0,0.0,Unknown,0,187.88,273.07,273.07,365.51,578.34
cell_03188,80.2475,12.9975,299855.4062276122,3.0,15.0,7.92,0.0,7.26,2.72,2641.99,0.008811,5.0,166.24,2015.71,211.34,476.77,0.00159,Vegetation,32.27,0.22,67.16,0.0,0.35,0,6.5,Unknown,1,187.88,273.07,273.07,365.51,578.34
cell_03189,80.2475,13.0025,299849.51671379735,3.0,14.0,8.0,0.0,7.8,2.42,5718.41,0.019071,17.0,480.66,1495.29,77.39,564.31,0.001882,Built-up,51.01,0.19,43.99,4.74,0.06,0,0.0,Unknown,0,187.88,273.07,273.07,365.51,578.34
cell_03190,80.2475,13.0075,299843.6249647668,3.0,19.0,10.29,0.0,12.18,2.88,6482.82,0.021621,22.0,26.97,985.65,57.29,553.35,0.001845,Vegetation,44.61,0.06,54.94,0.29,0.1,0,0.0,Unknown,0,187.88,273.07,273.07,365.51,578.34
cell_03191,80.2475,13.0125,299837.73098046787,0.0,15.0,7.82,0.0,7.5,2.75,10277.83,0.034278,68.0,56.12,521.18,60.66,557.47,0.001859,Built-up,79.59,0.0,18.91,0.64,0.86,1,0.0,Unknown,1,187.88,273.07,273.07,365.51,578.34
cell_03192,80.2475,13.0175,299831.83476095984,-4.0,14.0,6.75,0.0,15.12,3.05,7633.15,0.025458,47.0,94.83,239.94,104.74,842.43,0.00281,Built-up,62.95,19.68,12.79,2.69,1.88,0,0.0,Unknown,0,187.88,273.07,273.07,365.51,578.34
cell_03193,80.2475,13.0225,299825.9363064598,-4.0,20.0,7.96,0.0,18.31,4.05,3677.77,0.012266,11.0,0.0,6.71,397.65,702.22,0.002342,Vegetation,29.11,28.57,41.77,0.03,0.51,1,0.0,Unknown,1,187.88,273.07,273.07,365.51,578.34
cell_03194,80.2475,13.0275,299820.0356166641,7.0,17.0,11.92,0.0,6.41,2.26,8147.13,0.027173,58.0,350.15,390.07,390.35,0.0,0.0,Built-up,60.27,0.32,39.22,0.0,0.19,1,0.0,Unknown,1,187.88,273.07,273.07,365.51,578.34
cell_03195,80.2475,13.0325,299814.1326921984,7.0,19.0,12.9,0.0,7.7,2.49,10144.35,0.033835,56.0,661.15,826.86,443.18,0.0,0.0,Built-up,72.92,0.0,27.08,0.0,0.0,1,0.0,Unknown,1,187.88,273.07,273.07,365.51,578.34
cell_03196,80.2475,13.0375,299808.22753241117,6.0,18.0,11.08,0.0,6.89,2.54,9635.14,0.032138,70.0,202.74,1324.76,261.08,271.83,0.000907,Built-up,83.99,0.0,15.98,0.0,0.03,0,0.0,Unknown,0,187.88,273.07,273.07,365.51,578.34
cell_03197,80.2475,13.0425,299802.3201377573,5.0,43.0,12.94,0.0,26.44,4.34,5740.46,0.019147,18.0,489.28,1854.15,88.81,567.2,0.001892,Built-up,75.16,0.0,23.95,0.86,0.03,0,0.0,Unknown,0,187.88,273.07,273.07,365.51,578.34
cell_03198,80.2475,13.0475,299796.4105080579,5.0,20.0,12.67,0.0,9.36,2.97,7801.87,0.026024,48.0,444.16,1825.77,63.13,584.29,0.001949,Built-up,75.39,0.0,24.38,0.0,0.23,1,0.0,Unknown,1,187.88,273.07,273.07,365.51,578.34
cell_03199,80.2475,13.0525,299790.49864367186,9.0,27.0,14.3,0.0,11.51,2.81,8597.75,0.028679,46.0,295.35,1396.46,173.82,337.19,0.001125,Built-up,83.55,0.0,16.42,0.0,0.03,1,0.0,Unknown,1,187.88,273.07,273.07,365.51,578.34
cell_03200,80.2475,13.0575,299784.58454416745,9.0,23.0,14.31,0.0,9.71,3.18,6824.16,0.022764,44.0,622.86,1063.35,614.1,0.0,0.0,Built-up,74.81,0.0,25.19,0.0,0.0,1,0.0,Unknown,1,187.88,273.07,273.07,365.51,578.34
cell_03201,80.2475,13.0625,299778.66821012605,8.0,21.0,13.81,0.0,11.47,2.67,5464.1,0.018227,30.0,452.41,788.88,98.65,582.74,0.001944,Built-up,61.98,0.0,37.82,0.0,0.19,0,0.0,Unknown,0,187.88,273.07,273.07,365.51,578.34
cell_03202,80.2475,13.0675,299772.7496409432,5.0,23.0,13.91,0.0,11.44,2.87,2118.27,0.007066,5.0,282.76,300.27,345.71,171.6,0.000572,Vegetation,48.31,0.92,50.1,0.26,0.41,0,0.0,Unknown,0,187.88,273.07,273.07,365.51,578.34
cell_03203,80.2475,13.0725,299766.8288368345,5.0,17.0,11.42,0.0,9.49,2.69,10935.62,0.03648,72.0,168.65,189.96,141.04,770.63,0.002571,Built-up,74.49,2.77,22.64,0.0,0.1,0,0.0,Unknown,0,187.88,273.07,273.07,365.51,578.34
cell_03204,80.2475,13.0775,299760.9057987436,4.0,20.0,10.84,0.0,8.8,2.63,9463.96,0.031572,60.0,411.67,727.18,41.78,654.8,0.002184,Built-up,87.31,0.0,12.66,0.0,0.03,0,0.0,Unknown,0,187.88,273.07,273.07,365.51,578.34
cell_03205,80.2475,13.0825,299754.9805253721,6.0,18.0,12.45,0.0,8.02,2.67,6633.63,0.02213,34.0,749.83,1275.09,475.45,0.0,0.0,Built-up,87.15,0.0,12.76,0.0,0.1,3,0.0,Unknown,1,187.88,273.07,273.07,365.51,578.34
cell_03206,80.2475,13.0875,299749.0530172674,1.0,19.0,9.05,0.0,10.2,3.27,3727.12,0.012434,32.0,741.53,1826.07,101.15,523.42,0.001746,Built-up,60.75,0.0,36.01,2.73,0.52,1,0.0,Unknown,1,187.88,273.07,273.07,365.51,578.34
cell_03207,80.2475,13.0925,299743.1232748358,1.0,15.0,7.43,0.0,7.79,2.83,6303.92,0.021031,39.0,605.95,2377.97,221.98,513.62,0.001714,Built-up,62.09,0.0,34.22,1.21,2.49,0,0.0,Unknown,0,187.88,273.07,273.07,365.51,578.34
cell_03208,80.2475,13.0975,299737.191297805,3.0,16.0,8.01,0.0,6.98,2.44,9339.07,0.031158,52.0,342.35,2930.28,27.44,862.66,0.002878,Built-up,74.36,0.0,24.78,0.8,0.06,2,0.0,Unknown,1,187.88,273.07,273.07,365.51,578.34
cell_03209,80.2475,13.1025,299731.25708594837,3.0,12.0,7.91,0.0,6.93,2.27,10866.13,0.036253,58.0,619.62,3359.54,94.71,603.37,0.002013,Built-up,75.75,0.0,20.97,2.14,1.14,2,0.0,Unknown,1,187.88,273.07,273.07,365.51,578.34
cell_03210,80.2475,13.1075,299725.32063978363,0.0,14.0,8.29,0.0,6.19,2.31,12358.01,0.041231,63.0,965.22,3792.61,377.35,14.57,4.9e-05,Built-up,92.57,0.0,7.24,0.0,0.19,0,0.0,Unknown,0,187.88,273.07,273.07,365.51,578.34
cell_03211,80.2475,13.1125,299719.38195919583,4.0,14.0,9.43,0.0,6.16,2.06,14236.91,0.047501,64.0,1053.78,4253.56,729.15,0.0,0.0,Built-up,95.28,0.0,4.72,0.0,0.0,0,0.0,Unknown,0,187.88,273.07,273.07,365.51,578.34
cell_03212,80.2475,13.1175,299713.4410439431,5.0,12.0,8.88,0.0,4.35,1.81,14938.32,0.049842,75.0,510.13,4734.27,520.99,0.0,0.0,Built-up,98.34,0.0,1.4,0.0,0.26,2,0.0,Unknown,1,187.88,273.07,273.07,365.51,578.34
cell_03213,80.2475,13.1225,299707.49789411685,3.0,11.0,7.46,0.0,4.35,1.62,14486.15,0.048334,62.0,126.45,5229.29,16.2,921.54,0.003075,Built-up,91.71,0.0,7.14,1.02,0.13,1,0.0,Unknown,1,187.88,273.07,273.07,365.51,578.34
cell_03214,80.2475,13.1275,299701.55251043814,4.0,13.0,8.01,0.0,5.79,2.06,12905.58,0.043061,80.0,349.44,5688.64,228.1,423.26,0.001412,Built-up,92.41,0.0,7.46,0.0,0.13,1,0.0,Unknown,1,187.88,273.07,273.07,365.51,578.34
cell_03215,80.2475,13.1325,299695.60489194054,3.0,11.0,7.61,0.0,7.7,1.97,18552.77,0.061905,135.0,851.3,5562.17,292.21,182.78,0.00061,Built-up,98.05,0.0,1.14,0.0,0.81,0,0.0,Unknown,0,187.88,273.07,273.07,365.51,578.34
cell_03216,80.2475,13.1375,299689.6550394555,4.0,14.0,9.29,0.0,6.15,2.21,16484.56,0.055005,106.0,1019.21,5487.98,23.44,557.63,0.001861,Built-up,88.36,0.0,11.13,0.0,0.51,0,0.0,Unknown,0,187.88,273.07,273.07,365.51,578.34
cell_03217,80.2475,13.1425,299683.70295244164,5.0,14.0,9.69,0.0,5.59,2.18,16393.83,0.054704,116.0,713.97,5453.98,535.45,0.0,0.0,Built-up,91.42,0.0,8.16,0.0,0.41,0,0.0,Unknown,0,187.88,273.07,273.07,365.51,578.34
cell_03218,80.2475,13.1475,299677.748631479,4.0,17.0,10.94,0.0,9.36,2.72,17121.64,0.057134,97.0,461.17,5475.9,1069.82,0.0,0.0,Built-up,77.86,0.0,21.98,0.0,0.16,0,0.0,Unknown,0,187.88,273.07,273.07,365.51,578.34
cell_03219,80.2475,13.1525,299671.7920757276,5.0,18.0,10.69,0.0,6.93,2.37,10605.54,0.035391,77.0,484.91,5553.07,1532.46,0.0,0.0,Vegetation,40.62,0.0,57.91,0.73,0.73,0,0.0,Unknown,0,187.88,273.07,273.07,365.51,578.34
cell_03220,80.2475,13.1575,299665.8332865395,2.0,14.0,8.35,0.0,10.4,2.84,7376.13,0.024615,52.0,74.55,5683.25,1008.79,0.0,0.0,Vegetation,16.77,0.0,77.23,5.33,0.67,0,0.0,Unknown,0,187.88,273.07,273.07,365.51,578.34
cell_03221,80.2475,13.1625,299659.87226274266,1.0,13.0,5.87,0.0,9.0,2.59,1055.59,0.003523,1.0,46.88,5521.99,546.3,0.0,0.0,Vegetation,2.21,0.1,79.09,18.6,0.0,0,0.0,Unknown,0,187.88,273.07,273.07,365.51,578.34
cell_03222,80.2475,13.1675,299653.90900499467,0.0,12.0,6.49,0.0,6.72,2.39,13230.19,0.044152,82.0,103.28,5131.33,436.82,0.0,0.0,Built-up,59.22,0.0,29.5,10.08,1.21,0,0.0,Unknown,0,187.88,273.07,273.07,365.51,578.34
cell_03223,80.2475,13.1725,299647.9435131822,1.0,11.0,6.08,0.0,6.19,2.4,17996.41,0.060059,109.0,530.98,4765.83,783.81,0.0,0.0,Built-up,76.98,0.0,17.57,1.79,3.67,0,0.0,Unknown,0,187.88,273.07,273.07,365.51,578.34
cell_03224,80.2475,13.1775,299641.97578707954,-2.0,11.0,4.68,0.0,5.25,2.12,8401.84,0.02804,49.0,491.83,4439.3,347.29,67.8,0.000226,Built-up,48.21,0.91,37.14,12.21,1.53,0,0.0,Unknown,0,187.88,273.07,273.07,365.51,578.34
cell_03225,80.2475,13.1825,299636.0058274073,-1.0,9.0,4.84,0.0,7.53,1.84,0.0,0.0,0.0,886.98,4160.92,101.53,956.18,0.003191,Vegetation,0.0,0.35,85.27,14.38,0.0,0,0.0,Unknown,0,187.88,273.07,273.07,365.51,578.34
cell_03226,80.2475,13.1875,299630.03363356215,2.0,10.0,5.49,0.0,4.35,1.69,0.0,0.0,0.0,1048.69,3940.89,635.07,0.0,0.0,Vegetation,0.0,0.0,100.0,0.0,0.0,0,0.0,Unknown,0,187.88,273.07,273.07,365.51,578.34
cell_03227,80.2475,13.1925,299624.0592057293,-3.0,9.0,4.61,0.0,14.65,2.25,2923.64,0.009758,1.0,529.52,3789.4,1180.73,0.0,0.0,Vegetation,15.26,7.63,45.16,30.81,1.14,0,0.0,Unknown,0,187.88,273.07,273.07,365.51,578.34
cell_03228,80.2475,13.1975,299618.08254409424,-1.0,8.0,5.07,0.0,6.91,1.76,0.0,0.0,0.0,231.73,3420.85,1727.71,0.0,0.0,Vegetation,0.0,2.2,49.01,48.79,0.0,0,0.0,Unknown,0,187.88,273.07,273.07,365.51,578.34
cell_03229,80.2475,13.2025,299612.1036485719,1.0,9.0,5.02,0.0,5.79,1.74,0.0,0.0,0.0,281.21,3102.59,2277.49,0.0,0.0,Cropland,1.59,0.0,11.0,87.4,0.0,0,0.0,Unknown,0,187.88,273.07,273.07,365.51,578.34
cell_03230,80.2475,13.2075,299606.122519317,3.0,8.0,4.99,0.0,5.15,1.61,0.0,0.0,0.0,403.09,2832.64,2828.52,0.0,0.0,Cropland,14.61,0.0,32.6,50.81,1.98,0,0.0,Unknown,0,187.88,273.07,273.07,365.51,578.34
cell_03231,80.2475,13.2125,299600.13915618317,1.0,9.0,5.33,0.0,4.29,1.6,0.0,0.0,0.0,855.63,2610.98,3380.18,0.0,0.0,Cropland,2.49,0.0,25.13,72.23,0.16,0,0.0,Unknown,0,187.88,273.07,273.07,365.51,578.34
cell_03232,80.2475,13.2175,299594.15355914953,4.0,13.0,8.98,0.0,5.66,2.17,0.0,0.0,0.0,1383.22,2483.51,3520.29,0.0,0.0,Vegetation,15.53,0.0,74.23,10.24,0.0,0,0.0,Unknown,0,187.88,273.07,273.07,365.51,578.34
cell_03233,80.2475,13.2225,299588.1657285763,3.0,14.0,8.55,0.0,6.03,2.09,0.0,0.0,0.0,1691.64,2471.02,3456.6,0.0,0.0,Vegetation,11.36,0.0,53.18,35.45,0.0,0,0.0,Unknown,0,187.88,273.07,273.07,365.51,578.34
cell_03234,80.2475,13.2275,299582.17566447344,5.0,13.0,8.15,0.0,6.16,1.82,0.0,0.0,0.0,1290.12,2451.38,3480.7,0.0,0.0,Cropland,0.0,0.0,9.63,89.09,1.28,0,0.0,Unknown,0,187.88,273.07,273.07,365.51,578.34
cell_03235,80.2475,13.2325,299576.18336647307,4.0,11.0,6.97,0.0,4.35,1.53,0.0,0.0,0.0,907.67,1937.78,3590.84,0.0,0.0,Cropland,0.0,0.0,7.33,89.57,3.09,0,0.0,Unknown,0,187.88,273.07,273.07,365.51,578.34
cell_03236,80.2475,13.2375,299570.1888349825,4.0,10.0,6.62,0.0,3.5,1.42,0.0,0.0,0.0,527.85,1453.38,3779.49,0.0,0.0,Cropland,0.0,0.0,6.4,92.66,0.94,0,0.0,Unknown,0,187.88,273.07,273.07,365.51,578.34
cell_03237,80.2475,13.2425,299564.192069997,4.0,11.0,7.37,0.0,4.98,1.6,0.0,0.0,0.0,406.23,1039.82,4035.65,0.0,0.0,Cropland,0.22,0.0,7.4,92.38,0.0,0,0.0,Unknown,0,187.88,273.07,273.07,365.51,578.34
cell_03238,80.2475,13.2475,299558.19307125965,4.0,11.0,6.9,0.0,5.66,1.69,0.0,0.0,0.0,656.1,813.45,4347.42,0.0,0.0,Cropland,0.1,0.0,2.39,97.29,0.22,0,0.0,Unknown,0,187.88,273.07,273.07,365.51,578.34
cell_03239,80.2475,13.2525,299552.1918389398,0.0,0.0,0.0,0.0,0.0,0.0,0.0,0.0,0.0,744.96,924.0,4703.75,0.0,0.0,Unknown,0.0,0.0,0.0,0.0,0.0,0,0.0,Unknown,0,187.88,273.07,273.07,365.51,578.34
cell_03240,80.2525,12.8525,300024.5739160122,0.0,0.0,0.0,0.0,0.0,0.0,0.0,0.0,0.0,1833.4,5471.51,1853.59,0.0,0.0,Water,0.0,100.0,0.0,0.0,0.0,0,0.0,Unknown,0,187.88,273.07,273.07,365.51,578.34
cell_03241,80.2525,12.8575,300018.7492778515,0.0,0.0,0.0,0.0,0.98,0.01,0.0,0.0,0.0,1478.45,5198.12,1721.99,0.0,0.0,Water,0.0,100.0,0.0,0.0,0.0,0,0.0,Unknown,0,187.88,273.07,273.07,365.51,578.34
cell_03242,80.2525,12.8625,300012.9224029354,0.0,3.0,0.06,0.0,4.89,0.21,0.0,0.0,0.0,1242.81,4962.6,1570.81,0.0,0.0,Water,0.0,98.51,0.29,0.0,1.2,0,0.0,Unknown,0,187.88,273.07,273.07,365.51,578.34
cell_03243,80.2525,12.8675,300007.09329258534,0.0,7.0,0.4,0.0,6.93,0.57,274.07,0.000914,6.0,1189.59,4773.44,1297.65,0.0,0.0,Water,3.14,87.97,4.56,0.2,4.13,0,0.0,Unknown,0,187.88,273.07,273.07,365.51,578.34
cell_03244,80.2525,12.8725,300001.26194562955,0.0,10.0,1.16,0.0,8.95,0.92,2560.73,0.008536,16.0,1151.92,4632.34,1170.11,0.0,0.0,Water,10.84,76.14,6.1,0.0,6.92,0,0.0,Unknown,0,187.88,273.07,273.07,365.51,578.34
cell_03245,80.2525,12.8775,299995.4283626164,0.0,9.0,1.87,0.0,6.98,1.08,1002.07,0.00334,4.0,1190.9,4506.97,1221.11,0.0,0.0,Water,12.69,63.28,19.12,0.23,4.68,0,0.0,Unknown,0,187.88,273.07,273.07,365.51,578.34
cell_03246,80.2525,12.8825,299989.59254360443,0.0,9.0,1.78,0.0,6.19,1.28,3977.42,0.013259,14.0,882.28,4438.03,1281.78,0.0,0.0,Water,28.1,50.02,17.82,0.93,3.14,0,0.0,Unknown,0,187.88,273.07,273.07,365.51,578.34
cell_03247,80.2525,12.8875,299983.75448865263,-1.0,8.0,2.7,0.0,6.98,1.75,9242.09,0.030809,58.0,859.29,3983.63,1345.56,0.0,0.0,Built-up,49.45,36.59,7.69,0.91,5.36,0,0.0,Unknown,0,187.88,273.07,273.07,365.51,578.34
cell_03248,80.2525,12.8925,299977.91419729876,0.0,8.0,2.93,0.0,6.03,1.77,5203.03,0.017345,13.0,721.24,3491.66,1422.31,0.0,0.0,Built-up,42.69,22.82,29.19,1.88,3.41,0,0.0,Unknown,0,187.88,273.07,273.07,365.51,578.34
cell_03249,80.2525,12.8975,299972.07167026476,0.0,11.0,4.01,0.0,4.89,1.58,3699.99,0.012334,4.0,797.58,2993.22,1492.87,0.0,0.0,Built-up,41.95,9.29,39.87,3.87,5.02,0,0.0,Unknown,0,187.88,273.07,273.07,365.51,578.34
cell_03250,80.2525,12.9025,299966.2269075934,0.0,12.0,5.76,0.0,9.2,2.41,2629.21,0.008765,5.0,1165.49,2478.36,1404.37,0.0,0.0,Vegetation,33.9,0.36,62.69,0.97,2.08,0,0.0,Unknown,0,187.88,273.07,273.07,365.51,578.34
cell_03251,80.2525,12.9075,299960.3799085067,2.0,12.0,7.09,0.0,7.85,2.4,3758.56,0.01253,7.0,1276.38,1984.12,1299.83,0.0,0.0,Vegetation,41.95,0.0,56.23,0.78,1.04,0,0.0,Unknown,0,187.88,273.07,273.07,365.51,578.34
cell_03252,80.2525,12.9125,299954.53067360097,2.0,13.0,7.19,0.0,6.93,2.16,2496.56,0.008323,6.0,887.11,1530.6,1195.29,0.0,0.0,Built-up,51.47,0.0,47.74,0.4,0.4,1,0.0,Unknown,1,187.88,273.07,273.07,365.51,578.34
cell_03253,80.2525,12.9175,299948.679203219,-1.0,13.0,5.99,0.0,8.16,2.35,9178.72,0.030601,26.0,406.08,1166.33,1090.74,0.0,0.0,Built-up,70.62,0.0,28.18,0.94,0.26,0,0.0,Unknown,0,187.88,273.07,273.07,365.51,578.34
cell_03254,80.2525,12.9225,299942.8254968511,1.0,13.0,7.15,0.0,6.89,1.84,7499.2,0.025002,38.0,343.35,994.72,987.29,0.0,0.0,Built-up,65.81,0.0,34.12,0.0,0.06,1,0.0,Unknown,1,187.88,273.07,273.07,365.51,578.34
cell_03255,80.2525,12.9275,299936.96955458744,0.0,11.0,5.98,0.0,6.16,2.18,3671.46,0.012241,19.0,168.8,1109.14,884.32,0.0,0.0,Built-up,49.88,0.89,48.3,0.89,0.03,0,0.0,Unknown,0,187.88,273.07,273.07,365.51,578.34
cell_03256,80.2525,12.9325,299931.1113765036,-1.0,12.0,6.53,0.0,9.01,2.49,7193.75,0.023985,37.0,588.53,1443.07,780.02,0.0,0.0,Built-up,61.56,0.0,36.07,0.49,1.88,0,0.0,Unknown,0,187.88,273.07,273.07,365.51,578.34
cell_03257,80.2525,12.9375,299925.2509630991,-2.0,11.0,5.36,0.0,6.41,2.07,12690.01,0.042311,80.0,445.87,1871.48,680.69,0.0,0.0,Built-up,91.75,0.0,7.73,0.0,0.52,0,0.0,Unknown,0,187.88,273.07,273.07,365.51,578.34
cell_03258,80.2525,12.9425,299919.3883140069,-2.0,12.0,4.71,0.0,7.09,1.96,10052.19,0.033516,59.0,146.27,2332.98,585.27,0.0,0.0,Built-up,73.26,0.0,21.69,4.79,0.26,0,0.0,Unknown,0,187.88,273.07,273.07,365.51,578.34
cell_03259,80.2525,12.9475,299913.5234288763,-1.0,11.0,4.39,0.0,6.19,2.06,11011.18,0.036715,84.0,90.18,2792.97,481.82,0.0,0.0,Built-up,92.82,0.36,5.94,0.42,0.45,4,0.0,Unknown,1,187.88,273.07,273.07,365.51,578.34
cell_03260,80.2525,12.9525,299907.6563084913,-4.0,10.0,4.1,0.0,5.79,2.1,8581.85,0.028615,54.0,62.63,2914.13,378.54,0.0,0.0,Built-up,63.96,0.78,33.38,1.85,0.03,1,0.0,Unknown,1,187.88,273.07,273.07,365.51,578.34
cell_03261,80.2525,12.9575,299901.7869525959,0.0,10.0,3.67,0.0,6.65,1.89,11462.57,0.038221,55.0,265.78,3129.74,279.66,207.92,0.000693,Built-up,82.02,0.0,16.63,1.19,0.17,1,0.0,Unknown,1,187.88,273.07,273.07,365.51,578.34
cell_03262,80.2525,12.9625,299895.91536093224,0.0,10.0,4.57,0.0,6.72,1.99,15500.68,0.051687,125.0,131.08,3421.97,171.05,563.18,0.001878,Built-up,91.56,0.06,8.18,0.0,0.19,1,0.0,Unknown,1,187.88,273.07,273.07,365.51,578.34
cell_03263,80.2525,12.9675,299890.04153398593,0.0,9.0,4.02,0.0,4.98,1.72,12768.38,0.042577,66.0,60.4,3705.8,74.46,564.29,0.001882,Built-up,92.21,0.94,5.06,0.03,1.75,1,0.0,Unknown,1,187.88,273.07,273.07,365.51,578.34
cell_03264,80.2525,12.9725,299884.1654715002,2.0,7.0,4.31,0.0,4.29,1.51,9172.1,0.030585,45.0,20.71,3832.94,37.57,562.86,0.001877,Built-up,89.59,0.03,9.09,0.0,1.29,1,0.0,Unknown,1,187.88,273.07,273.07,365.51,578.34
cell_03265,80.2525,12.9775,299878.287173502,2.0,10.0,5.14,0.0,6.16,1.92,8038.49,0.026806,42.0,105.85,4032.55,125.3,556.44,0.001856,Built-up,84.55,0.06,12.95,1.88,0.55,1,0.0,Unknown,1,187.88,273.07,273.07,365.51,578.34
cell_03266,80.2525,12.9825,299872.4066402709,0.0,12.0,6.01,0.0,7.39,2.46,7067.89,0.02357,31.0,68.25,3536.49,87.72,565.97,0.001887,Built-up,60.32,0.0,36.1,2.31,1.27,1,0.0,Unknown,1,187.88,273.07,273.07,365.51,578.34
cell_03267,80.2525,12.9875,299866.5238717864,0.0,14.0,6.68,0.0,12.24,2.59,11040.5,0.036818,71.0,36.48,2987.59,44.0,568.0,0.001894,Built-up,79.04,0.0,18.74,1.88,0.33,1,0.0,Unknown,1,187.88,273.07,273.07,365.51,578.34
cell_03268,80.2525,12.9925,299860.6388677302,2.0,14.0,9.17,0.0,6.98,2.56,12068.17,0.040246,54.0,162.38,2440.23,179.4,574.77,0.001917,Built-up,73.96,0.39,24.51,0.0,1.14,0,0.0,Unknown,0,187.88,273.07,273.07,365.51,578.34
cell_03269,80.2525,12.9975,299854.75162839744,5.0,15.0,10.61,0.0,6.41,2.2,12921.28,0.043092,56.0,509.27,1896.13,307.72,95.54,0.000319,Built-up,74.84,0.0,25.16,0.0,0.0,1,0.0,Unknown,1,187.88,273.07,273.07,365.51,578.34
cell_03270,80.2525,13.0025,299848.8621541772,7.0,15.0,10.7,0.0,8.3,2.07,13617.17,0.045413,67.0,676.29,1355.05,449.31,0.0,0.0,Built-up,85.39,0.0,14.58,0.0,0.03,3,0.0,Unknown,1,187.88,273.07,273.07,365.51,578.34
cell_03271,80.2525,13.0075,299842.97044440225,5.0,15.0,11.79,0.0,7.66,2.08,12878.13,0.04295,45.0,472.48,813.98,484.41,0.0,0.0,Built-up,77.86,0.0,22.08,0.0,0.06,1,0.0,Unknown,1,187.88,273.07,273.07,365.51,578.34
cell_03272,80.2525,13.0125,299837.07649957424,-8.0,15.0,7.08,0.0,14.17,3.19,2542.5,0.00848,9.0,72.74,272.91,471.62,249.74,0.000833,Vegetation,25.81,35.68,36.3,1.66,0.55,0,0.0,Unknown,0,187.88,273.07,273.07,365.51,578.34
cell_03273,80.2525,13.0175,299831.18031956314,-6.0,13.0,3.99,0.0,16.44,3.0,4944.34,0.01649,31.0,85.64,240.73,282.14,623.83,0.002081,Water,35.01,36.1,27.54,0.26,1.09,0,0.0,Unknown,0,187.88,273.07,273.07,365.51,578.34
cell_03274,80.2525,13.0225,299825.2819044581,-1.0,18.0,8.6,0.0,9.46,2.77,9146.71,0.030507,32.0,371.0,467.37,57.82,548.42,0.001829,Built-up,62.86,0.0,36.53,0.0,0.62,2,0.0,Unknown,1,187.88,273.07,273.07,365.51,578.34
cell_03275,80.2525,13.0275,299819.3812541754,7.0,15.0,11.92,0.0,5.86,2.03,6132.64,0.020454,24.0,718.86,772.06,533.06,0.0,0.0,Built-up,51.75,0.0,48.21,0.0,0.03,0,0.0,Unknown,0,187.88,273.07,273.07,365.51,578.34
cell_03276,80.2525,13.0325,299813.47836905904,7.0,16.0,11.84,0.0,6.81,2.02,9463.07,0.031563,43.0,713.5,1164.45,950.08,0.0,0.0,Built-up,77.09,0.0,22.84,0.0,0.07,0,0.0,Unknown,0,187.88,273.07,273.07,365.51,578.34
cell_03277,80.2525,13.0375,299807.5732490417,7.0,16.0,11.64,0.0,5.79,1.81,10712.01,0.03573,63.0,342.48,1591.0,752.52,0.0,0.0,Built-up,87.89,0.0,12.08,0.0,0.03,4,0.0,Unknown,1,187.88,273.07,273.07,365.51,578.34
cell_03278,80.2525,13.0425,299801.6658936134,5.0,18.0,12.2,0.0,6.83,2.41,10025.84,0.033442,61.0,562.27,2054.82,616.0,0.0,0.0,Built-up,66.49,0.0,33.51,0.0,0.0,0,0.0,Unknown,0,187.88,273.07,273.07,365.51,578.34
cell_03279,80.2525,13.0475,299795.7563035438,7.0,18.0,12.37,0.0,6.93,2.46,10940.77,0.036494,60.0,285.59,1585.13,603.46,0.0,0.0,Built-up,68.69,0.0,30.81,0.5,0.0,0,0.0,Unknown,0,187.88,273.07,273.07,365.51,578.34
cell_03280,80.2525,13.0525,299789.84447871736,8.0,24.0,14.76,0.0,12.82,3.13,6438.61,0.021477,38.0,169.02,1074.73,634.52,0.0,0.0,Built-up,55.71,0.0,43.96,0.0,0.32,0,0.0,Unknown,0,187.88,273.07,273.07,365.51,578.34
cell_03281,80.2525,13.0575,299783.93041884556,5.0,20.0,12.38,0.0,9.66,2.79,10828.15,0.03612,66.0,595.73,622.18,403.95,0.0,0.0,Built-up,84.38,0.0,15.58,0.0,0.03,1,0.0,Unknown,1,187.88,273.07,273.07,365.51,578.34
cell_03282,80.2525,13.0625,299778.0141241303,5.0,23.0,11.03,0.0,13.11,2.69,6209.62,0.020714,29.0,336.59,357.26,89.9,320.2,0.001068,Built-up,76.96,0.0,22.74,0.0,0.3,1,0.0,Unknown,1,187.88,273.07,273.07,365.51,578.34
cell_03283,80.2525,13.0675,299772.09559472435,3.0,17.0,11.47,0.0,9.2,2.92,4598.4,0.01534,27.0,109.44,132.5,533.14,545.78,0.001821,Built-up,57.27,1.79,40.65,0.13,0.16,1,0.0,Unknown,1,187.88,273.07,273.07,365.51,578.34
cell_03284,80.2525,13.0725,299766.17483026,5.0,16.0,11.63,0.0,10.4,3.02,7432.72,0.024795,48.0,256.36,293.06,31.14,714.57,0.002384,Built-up,68.73,1.85,28.51,0.32,0.58,0,0.0,Unknown,0,187.88,273.07,273.07,365.51,578.34
cell_03285,80.2525,13.0775,299760.251831617,4.0,18.0,10.43,0.0,10.77,2.94,7837.68,0.026147,48.0,749.13,785.39,74.69,580.35,0.001936,Built-up,83.04,0.0,16.36,0.0,0.6,0,0.0,Unknown,0,187.88,273.07,273.07,365.51,578.34
cell_03286,80.2525,13.0825,299754.32659782906,6.0,16.0,11.33,0.0,6.16,2.12,8539.4,0.028488,56.0,306.06,1315.31,437.17,0.0,0.0,Built-up,91.23,0.0,8.57,0.0,0.19,1,0.0,Unknown,1,187.88,273.07,273.07,365.51,578.34
cell_03287,80.2525,13.0875,299748.3991294905,1.0,14.0,8.89,0.0,7.26,2.67,13638.4,0.0455,66.0,280.84,1827.44,432.11,0.0,0.0,Built-up,95.64,0.0,3.8,0.0,0.56,2,0.0,Unknown,1,187.88,273.07,273.07,365.51,578.34
cell_03288,80.2525,13.0925,299742.46942659747,1.0,12.0,7.56,0.0,5.71,2.13,15369.24,0.051275,91.0,412.53,2175.88,240.89,211.0,0.000704,Built-up,91.72,0.0,8.15,0.0,0.13,0,0.0,Unknown,0,187.88,273.07,273.07,365.51,578.34
cell_03289,80.2525,13.0975,299736.5374891773,3.0,11.0,7.24,0.0,4.84,1.67,15618.69,0.052108,96.0,94.0,2586.71,103.13,950.14,0.00317,Built-up,92.11,0.39,6.56,0.0,0.94,3,0.0,Unknown,1,187.88,273.07,273.07,365.51,578.34
cell_03290,80.2525,13.1025,299730.6033171939,2.0,13.0,7.36,0.0,5.25,2.28,6097.35,0.020343,31.0,361.12,3029.34,374.79,22.19,7.4e-05,Built-up,83.47,0.0,13.75,0.1,2.68,0,0.0,Unknown,0,187.88,273.07,273.07,365.51,578.34
cell_03291,80.2525,13.1075,299724.6669105643,2.0,13.0,6.75,0.0,6.98,2.41,10400.49,0.0347,68.0,668.19,3503.47,681.27,0.0,0.0,Built-up,70.39,0.0,28.08,0.23,1.3,1,0.0,Unknown,1,187.88,273.07,273.07,365.51,578.34
cell_03292,80.2525,13.1125,299718.7282695838,4.0,12.0,7.78,0.0,7.09,2.2,11297.89,0.037695,53.0,1014.16,3997.91,804.6,0.0,0.0,Built-up,85.39,0.0,13.8,0.23,0.58,0,0.0,Unknown,0,187.88,273.07,273.07,365.51,578.34
cell_03293,80.2525,13.1175,299712.78739423235,4.0,13.0,7.75,0.0,6.93,1.92,19268.4,0.06429,111.0,632.36,4505.98,325.97,104.89,0.00035,Built-up,95.9,0.0,3.7,0.0,0.4,0,0.0,Unknown,0,187.88,273.07,273.07,365.51,578.34
cell_03294,80.2525,13.1225,299706.8442841738,3.0,12.0,6.71,0.0,5.66,1.97,20188.37,0.06736,109.0,309.8,5023.55,138.73,547.1,0.001825,Built-up,88.15,0.0,11.56,0.03,0.26,1,0.0,Unknown,1,187.88,273.07,273.07,365.51,578.34
cell_03295,80.2525,13.1275,299700.89894011413,1.0,13.0,7.03,0.0,6.91,2.05,18005.27,0.060077,111.0,208.37,5547.95,221.57,550.01,0.001835,Built-up,96.3,0.06,3.38,0.0,0.26,0,0.0,Unknown,0,187.88,273.07,273.07,365.51,578.34
cell_03296,80.2525,13.1325,299694.9513614018,3.0,12.0,7.57,0.0,5.59,1.95,14894.97,0.0497,86.0,752.72,6077.42,36.22,680.06,0.002269,Built-up,90.71,0.0,8.26,0.0,1.02,1,0.0,Unknown,1,187.88,273.07,273.07,365.51,578.34
cell_03297,80.2525,13.1375,299689.0015486171,2.0,12.0,7.65,0.0,7.53,2.14,15228.34,0.050814,85.0,478.92,6026.84,126.57,697.5,0.002327,Built-up,82.18,0.0,16.88,0.0,0.94,0,0.0,Unknown,0,187.88,273.07,273.07,365.51,578.34
cell_03298,80.2525,13.1425,299683.04950147157,1.0,14.0,7.04,0.0,7.7,2.65,15961.56,0.053261,123.0,661.89,5995.89,677.31,0.0,0.0,Built-up,86.3,0.0,12.89,0.19,0.62,1,11.25,Unknown,1,187.88,273.07,273.07,365.51,578.34
cell_03299,80.2525,13.1475,299677.09522027517,2.0,19.0,10.2,0.0,9.1,3.09,8826.66,0.029454,82.0,722.59,6015.82,1228.05,0.0,0.0,Vegetation,32.6,0.0,56.43,10.51,0.46,0,0.0,Unknown,0,187.88,273.07,273.07,365.51,578.34
cell_03300,80.2525,13.1525,299671.1387043931,8.0,20.0,13.0,0.0,9.51,2.46,8450.27,0.028198,60.0,843.66,5881.34,1486.71,0.0,0.0,Vegetation,33.44,0.0,61.69,4.61,0.26,0,0.0,Unknown,0,187.88,273.07,273.07,365.51,578.34
cell_03301,80.2525,13.1575,299665.1799547845,3.0,21.0,11.67,0.0,9.51,2.89,16044.9,0.053543,101.0,510.52,5543.93,937.83,0.0,0.0,Built-up,49.35,0.0,37.99,12.37,0.29,0,0.0,Unknown,0,187.88,273.07,273.07,365.51,578.34
cell_03302,80.2525,13.1625,299659.218970939,1.0,14.0,8.77,0.0,7.85,2.51,12846.67,0.042871,97.0,147.21,5152.7,400.4,0.0,0.0,Built-up,58.48,0.0,32.3,8.46,0.76,0,0.0,Unknown,0,187.88,273.07,273.07,365.51,578.34
cell_03303,80.2525,13.1675,299653.25575310475,-1.0,14.0,5.85,0.0,6.91,2.56,12629.8,0.042148,84.0,1.62,4747.77,116.53,115.05,0.000384,Built-up,54.06,0.0,30.26,15.23,0.45,2,0.0,Unknown,1,187.88,273.07,273.07,365.51,578.34
cell_03304,80.2525,13.1725,299647.29030094686,0.0,10.0,4.61,0.0,6.89,2.08,15596.39,0.052049,102.0,15.57,4357.57,640.52,0.0,0.0,Built-up,68.02,0.06,16.69,13.38,1.85,0,0.0,Unknown,0,187.88,273.07,273.07,365.51,578.34
cell_03305,80.2525,13.1775,299641.3226150124,1.0,10.0,4.56,0.0,5.94,2.18,8193.48,0.027344,46.0,230.31,3997.85,373.78,0.0,0.0,Built-up,52.2,0.0,43.83,3.77,0.2,0,0.0,Unknown,0,187.88,273.07,273.07,365.51,578.34
cell_03306,80.2525,13.1825,299635.35269501334,1.0,10.0,4.85,0.0,6.41,1.93,2052.34,0.006849,2.0,775.52,3686.28,179.06,566.44,0.00189,Vegetation,3.7,0.0,87.86,8.02,0.42,0,0.0,Unknown,0,187.88,273.07,273.07,365.51,578.34
cell_03307,80.2525,13.1875,299629.38054108707,2.0,9.0,5.09,0.0,5.15,1.92,1111.07,0.003708,0.0,879.43,3436.01,691.5,0.0,0.0,Vegetation,0.23,0.0,60.75,39.03,0.0,0,0.0,Unknown,0,187.88,273.07,273.07,365.51,578.34
cell_03308,80.2525,13.1925,299623.406153261,2.0,10.0,4.68,0.0,5.94,1.66,4472.53,0.014927,13.0,381.31,3261.16,1207.05,0.0,0.0,Cropland,12.3,0.0,34.94,51.97,0.79,0,0.0,Unknown,0,187.88,273.07,273.07,365.51,578.34
cell_03309,80.2525,13.1975,299617.4295314202,-3.0,11.0,4.37,0.0,7.85,2.74,2765.99,0.009232,7.0,0.0,3019.22,1745.66,0.0,0.0,Vegetation,19.9,0.58,46.56,31.95,1.01,0,0.0,Unknown,0,187.88,273.07,273.07,365.51,578.34
cell_03310,80.2525,13.2025,299611.4506759864,-11.0,8.0,2.63,0.0,13.07,3.19,0.0,0.0,0.0,0.0,2653.22,2291.13,0.0,0.0,Vegetation,0.0,39.06,46.14,14.74,0.06,0,0.0,Unknown,0,187.88,273.07,273.07,365.51,578.34
cell_03311,80.2525,13.2075,299605.46958654537,0.0,8.0,4.77,0.0,6.72,1.85,0.0,0.0,0.0,239.01,2357.26,2839.51,0.0,0.0,Built-up,65.59,1.26,20.36,10.05,2.74,0,0.0,Unknown,0,187.88,273.07,273.07,365.51,578.34
cell_03312,80.2525,13.2125,299599.4862634553,1.0,9.0,4.82,0.0,4.86,1.78,0.0,0.0,0.0,791.09,2107.33,3162.1,0.0,0.0,Cropland,13.31,0.0,40.49,44.42,1.79,0,0.0,Unknown,0,187.88,273.07,273.07,365.51,578.34
cell_03313,80.2525,13.2175,299593.5007063495,3.0,14.0,6.52,0.0,8.3,2.47,0.0,0.0,0.0,1337.4,1947.17,2990.48,0.0,0.0,Vegetation,9.12,0.0,57.89,32.92,0.06,0,0.0,Unknown,0,187.88,273.07,273.07,365.51,578.34
cell_03314,80.2525,13.2225,299587.51291583723,3.0,11.0,6.77,0.0,7.59,2.19,0.0,0.0,0.0,1351.05,1929.6,2915.26,0.0,0.0,Cropland,9.36,0.0,26.84,63.8,0.0,0,0.0,Unknown,0,187.88,273.07,273.07,365.51,578.34
cell_03315,80.2525,13.2275,299581.52289161587,3.0,12.0,7.44,0.0,6.19,2.1,0.0,0.0,0.0,923.91,1993.17,2943.81,0.0,0.0,Vegetation,1.14,0.81,51.3,46.75,0.0,0,0.0,Unknown,0,187.88,273.07,273.07,365.51,578.34
cell_03316,80.2525,13.2325,299575.53063379176,2.0,9.0,5.68,0.0,4.98,1.86,0.0,0.0,0.0,526.55,1763.83,3073.26,0.0,0.0,Cropland,1.27,0.0,48.12,49.38,1.23,0,0.0,Unknown,0,187.88,273.07,273.07,365.51,578.34
cell_03317,80.2525,13.2375,299569.5361421861,0.0,11.0,6.14,0.0,5.79,1.99,0.0,0.0,0.0,174.75,1234.07,3291.71,0.0,0.0,Vegetation,6.51,0.79,46.74,27.27,18.68,0,0.0,Unknown,0,187.88,273.07,273.07,365.51,578.34
cell_03318,80.2525,13.2425,299563.5394172993,1.0,10.0,5.81,0.0,6.19,2.34,0.0,0.0,0.0,0.0,707.4,3582.94,0.0,0.0,Vegetation,0.16,0.0,84.35,15.45,0.03,0,0.0,Unknown,0,187.88,273.07,273.07,365.51,578.34
cell_03319,80.2525,13.2475,299557.5404586071,2.0,12.0,6.76,0.0,6.51,2.24,0.0,0.0,0.0,230.31,284.45,3930.78,5.88,2e-05,Cropland,0.0,0.0,32.82,67.18,0.0,0,0.0,Unknown,0,187.88,273.07,273.07,365.51,578.34
cell_03320,80.2525,13.2525,299551.5392664047,0.0,0.0,0.0,0.0,0.0,0.0,0.0,0.0,0.0,205.77,522.49,4321.61,0.0,0.0,Unknown,0.0,0.0,0.0,0.0,0.0,0,0.0,Unknown,0,187.88,273.07,273.07,365.51,578.34
cell_03321,80.2575,12.8525,300023.92255249096,0.0,0.0,0.0,0.0,0.0,0.0,0.0,0.0,0.0,2244.38,5940.46,2375.35,0.0,0.0,Water,0.0,100.0,0.0,0.0,0.0,0,0.0,Unknown,0,187.88,273.07,273.07,365.51,578.34
cell_03322,80.2575,12.8575,300018.0979531518,0.0,0.0,0.0,0.0,0.0,0.0,0.0,0.0,0.0,1947.47,5683.49,2250.66,0.0,0.0,Water,0.0,100.0,0.0,0.0,0.0,0,0.0,Unknown,0,187.88,273.07,273.07,365.51,578.34
cell_03323,80.2575,12.8625,300012.2711171135,0.0,0.0,0.0,0.0,0.0,0.0,0.0,0.0,0.0,1773.47,5467.6,2034.86,0.0,0.0,Water,0.0,100.0,0.0,0.0,0.0,0,0.0,Unknown,0,187.88,273.07,273.07,365.51,578.34
cell_03324,80.2575,12.8675,300006.4420454464,0.0,0.0,0.0,0.0,0.0,0.0,0.0,0.0,0.0,1730.36,5293.47,1807.12,0.0,0.0,Water,0.0,100.0,0.0,0.0,0.0,0,0.0,Unknown,0,187.88,273.07,273.07,365.51,578.34
cell_03325,80.2575,12.8725,300000.6107373875,0.0,0.0,0.0,0.0,0.0,0.0,0.0,0.0,0.0,1694.31,5160.12,1712.14,0.0,0.0,Water,0.0,100.0,0.0,0.0,0.0,0,0.0,Unknown,0,187.88,273.07,273.07,365.51,578.34
cell_03326,80.2575,12.8775,299994.77719318494,0.0,0.0,0.0,0.0,0.0,0.0,0.0,0.0,0.0,1616.31,5041.11,1757.43,0.0,0.0,Water,0.0,100.0,0.0,0.0,0.0,0,0.0,Unknown,0,187.88,273.07,273.07,365.51,578.34
cell_03327,80.2575,12.8825,299988.9414128355,0.0,0.0,0.0,0.0,0.0,0.0,0.0,0.0,0.0,1403.22,4722.21,1822.27,0.0,0.0,Water,0.0,100.0,0.0,0.0,0.0,0,0.0,Unknown,0,187.88,273.07,273.07,365.51,578.34
cell_03328,80.2575,12.8875,299983.103396792,0.0,0.0,0.0,0.0,0.0,0.0,0.0,0.0,0.0,1389.13,4218.98,1882.81,0.0,0.0,Water,0.0,100.0,0.0,0.0,0.0,0,0.0,Unknown,0,187.88,273.07,273.07,365.51,578.34
cell_03329,80.2575,12.8925,299977.26314441866,0.0,0.0,0.0,0.0,0.0,0.0,0.0,0.0,0.0,1257.57,3709.39,1959.55,0.0,0.0,Water,0.0,100.0,0.0,0.0,0.0,0,0.0,Unknown,0,187.88,273.07,273.07,365.51,578.34
cell_03330,80.2575,12.8975,299971.42065610545,0.0,0.0,0.0,0.0,0.0,0.0,0.0,0.0,0.0,1301.24,3214.17,2032.82,0.0,0.0,Water,0.0,100.0,0.0,0.0,0.0,0,0.0,Unknown,0,187.88,273.07,273.07,365.51,578.34
cell_03331,80.2575,12.9025,299965.5759322754,0.0,0.0,0.0,0.0,0.98,0.0,0.0,0.0,0.0,1554.17,2741.13,1937.05,0.0,0.0,Water,0.0,96.84,0.67,0.0,2.49,0,0.0,Unknown,0,187.88,273.07,273.07,365.51,578.34
cell_03332,80.2575,12.9075,299959.72897210333,0.0,4.0,0.11,0.0,5.86,0.29,2.66,9e-06,1.0,1620.99,2303.96,1832.5,0.0,0.0,Water,0.64,85.49,10.33,0.1,3.44,0,0.0,Unknown,0,187.88,273.07,273.07,365.51,578.34
cell_03333,80.2575,12.9125,299953.87977618334,0.0,9.0,0.83,0.0,8.83,0.78,38.73,0.000129,1.0,1180.67,1927.24,1727.94,0.0,0.0,Water,5.94,72.5,13.18,2.89,5.49,0,0.0,Unknown,0,187.88,273.07,273.07,365.51,578.34
cell_03334,80.2575,12.9175,299948.02834462235,-1.0,10.0,1.02,0.0,8.95,1.08,3750.8,0.012505,32.0,878.57,1652.82,1623.39,0.0,0.0,Water,19.52,57.46,14.29,2.58,6.15,0,0.0,Unknown,0,187.88,273.07,273.07,365.51,578.34
cell_03335,80.2575,12.9225,299942.17467719543,0.0,9.0,1.82,0.0,8.8,1.33,3025.9,0.010088,23.0,845.81,1536.53,1520.79,0.0,0.0,Water,16.45,44.45,32.56,2.61,3.92,0,0.0,Unknown,0,187.88,273.07,273.07,365.51,578.34
cell_03336,80.2575,12.9275,299936.31877396174,0.0,7.0,2.1,0.0,4.35,1.18,885.09,0.002951,2.0,710.94,1612.95,1416.99,0.0,0.0,Vegetation,17.34,31.62,44.87,0.78,5.39,0,0.0,Unknown,0,187.88,273.07,273.07,365.51,578.34
cell_03337,80.2575,12.9325,299930.4606347894,0.0,11.0,3.05,0.0,6.89,1.74,5762.51,0.019213,28.0,907.36,1858.45,1313.12,0.0,0.0,Built-up,39.76,18.53,33.61,1.21,6.89,0,0.0,Unknown,0,187.88,273.07,273.07,365.51,578.34
cell_03338,80.2575,12.9375,299924.60026032233,0.0,13.0,5.5,0.0,6.89,2.21,8030.66,0.026776,33.0,787.3,2217.57,1216.06,0.0,0.0,Built-up,45.41,3.44,39.8,2.52,8.83,0,0.0,Unknown,0,187.88,273.07,273.07,365.51,578.34
cell_03339,80.2575,12.9425,299918.73765022506,3.0,12.0,6.9,0.0,4.35,1.71,12443.06,0.041488,74.0,601.41,2642.14,1118.68,0.0,0.0,Built-up,76.1,0.0,22.01,1.23,0.65,0,0.0,Unknown,0,187.88,273.07,273.07,365.51,578.34
cell_03340,80.2575,12.9475,299912.8728041128,4.0,10.0,7.05,0.0,4.89,1.78,10866.69,0.036233,40.0,398.0,3088.37,1014.02,0.0,0.0,Built-up,84.57,0.0,15.37,0.06,0.0,0,0.0,Unknown,0,187.88,273.07,273.07,365.51,578.34
cell_03341,80.2575,12.9525,299907.0057227723,3.0,11.0,7.3,0.0,4.89,1.64,11792.91,0.039322,55.0,481.32,3433.97,912.15,0.0,0.0,Built-up,81.31,0.0,17.86,0.73,0.1,0,0.0,Unknown,0,187.88,273.07,273.07,365.51,578.34
cell_03342,80.2575,12.9575,299901.13640592934,3.0,11.0,7.71,0.0,5.59,1.57,9227.78,0.030769,54.0,586.17,3618.73,813.26,0.0,0.0,Built-up,85.36,0.0,11.98,2.31,0.36,0,0.0,Unknown,0,187.88,273.07,273.07,365.51,578.34
cell_03343,80.2575,12.9625,299895.2648532176,5.0,12.0,7.74,0.0,4.98,1.8,11594.08,0.03866,72.0,377.11,3874.24,706.63,0.0,0.0,Built-up,92.54,0.0,6.98,0.0,0.48,0,0.0,Unknown,0,187.88,273.07,273.07,365.51,578.34
cell_03344,80.2575,12.9675,299889.3910652641,3.0,12.0,7.6,0.0,5.15,2.03,13632.82,0.045459,98.0,86.58,4187.59,604.91,0.0,0.0,Built-up,87.79,0.03,11.29,0.26,0.64,0,0.0,Unknown,0,187.88,273.07,273.07,365.51,578.34
cell_03345,80.2575,12.9725,299883.5150419379,3.0,11.0,7.6,0.0,4.1,1.69,12743.55,0.042495,64.0,449.57,4353.57,496.34,0.0,0.0,Built-up,93.96,0.0,5.23,0.06,0.75,0,0.0,Unknown,0,187.88,273.07,273.07,365.51,578.34
cell_03346,80.2575,12.9775,299877.6367829659,3.0,17.0,7.54,0.0,8.16,2.83,13163.16,0.043895,83.0,399.09,4038.13,412.81,0.0,0.0,Built-up,90.88,0.0,7.72,1.08,0.32,1,0.0,Unknown,1,187.88,273.07,273.07,365.51,578.34
cell_03347,80.2575,12.9825,299871.75628884975,1.0,13.0,8.03,0.0,7.39,2.28,8875.51,0.029598,57.0,399.95,3485.39,437.95,0.0,0.0,Built-up,77.55,0.0,22.03,0.0,0.41,0,0.0,Unknown,0,187.88,273.07,273.07,365.51,578.34
cell_03348,80.2575,12.9875,299865.8735594436,5.0,14.0,8.96,0.0,6.98,2.2,9978.93,0.033278,61.0,418.54,2932.74,572.94,0.0,0.0,Built-up,82.14,0.0,14.32,2.99,0.55,3,0.0,Unknown,1,187.88,273.07,273.07,365.51,578.34
cell_03349,80.2575,12.9925,299859.98859450483,5.0,15.0,9.7,0.0,5.79,2.29,10619.04,0.035413,54.0,686.91,2380.24,691.96,0.0,0.0,Built-up,75.38,0.0,23.79,0.7,0.13,1,0.0,Unknown,1,187.88,273.07,273.07,365.51,578.34
cell_03350,80.2575,12.9975,299854.10139432916,4.0,14.0,9.81,0.0,6.19,2.26,11350.77,0.037854,78.0,870.75,1828.02,833.64,0.0,0.0,Built-up,86.7,0.0,12.85,0.0,0.45,3,0.0,Unknown,1,187.88,273.07,273.07,365.51,578.34
cell_03351,80.2575,13.0025,299848.21195927594,5.0,15.0,10.06,0.0,7.85,2.2,10545.3,0.035169,82.0,920.24,1276.46,976.02,0.0,0.0,Built-up,86.46,0.0,13.31,0.0,0.23,2,0.0,Unknown,1,187.88,273.07,273.07,365.51,578.34
cell_03352,80.2575,13.0075,299842.32028864673,2.0,17.0,10.57,0.0,11.08,2.37,9960.7,0.03322,51.0,367.34,726.7,1026.12,0.0,0.0,Built-up,67.25,0.0,32.49,0.0,0.26,0,0.0,Unknown,0,187.88,273.07,273.07,365.51,578.34
cell_03353,80.2575,13.0125,299836.4263827846,-5.0,13.0,2.73,0.0,19.93,3.63,2206.0,0.007357,8.0,0.0,177.66,1009.84,546.64,0.001823,Water,12.37,72.8,12.66,1.12,1.05,0,0.0,Unknown,0,187.88,273.07,273.07,365.51,578.34
cell_03354,80.2575,13.0175,299830.53024214186,-1.0,12.0,6.77,0.0,6.51,2.34,3895.96,0.012994,21.0,227.11,371.37,678.04,0.0,0.0,Vegetation,35.58,5.62,58.57,0.1,0.13,0,0.0,Unknown,0,187.88,273.07,273.07,365.51,578.34
cell_03355,80.2575,13.0225,299824.63186627213,2.0,15.0,8.68,0.0,12.82,2.83,13215.05,0.044076,69.0,551.15,920.41,178.37,449.99,0.001501,Built-up,78.32,0.0,21.27,0.0,0.41,0,0.0,Unknown,0,187.88,273.07,273.07,365.51,578.34
cell_03356,80.2575,13.0275,299818.73125510925,3.0,15.0,10.96,0.0,8.87,2.41,10934.06,0.036469,39.0,429.64,1208.8,299.49,189.44,0.000632,Built-up,79.43,0.0,19.8,0.0,0.77,0,0.0,Unknown,0,187.88,273.07,273.07,365.51,578.34
cell_03357,80.2575,13.0325,299812.8284092952,8.0,17.0,11.75,0.0,5.86,1.8,11030.42,0.036791,59.0,479.19,1543.62,489.31,0.0,0.0,Built-up,84.48,0.0,15.52,0.0,0.0,0,0.0,Unknown,0,187.88,273.07,273.07,365.51,578.34
cell_03358,80.2575,13.0375,299806.9233284313,7.0,16.0,11.63,0.0,8.13,2.15,8178.32,0.027279,54.0,832.71,1938.83,838.76,0.0,0.0,Built-up,80.58,0.0,18.46,0.0,0.96,0,0.0,Unknown,0,187.88,273.07,273.07,365.51,578.34
cell_03359,80.2575,13.0425,299801.01601235504,8.0,16.0,11.69,0.0,4.81,2.0,8969.29,0.029917,46.0,828.04,2049.78,1147.25,0.0,0.0,Built-up,79.59,0.0,20.41,0.0,0.0,0,0.0,Unknown,0,187.88,273.07,273.07,365.51,578.34
cell_03360,80.2575,13.0475,299795.106461551,8.0,20.0,11.19,0.0,9.1,2.32,11890.51,0.039662,72.0,367.94,1496.84,1139.53,0.0,0.0,Built-up,92.5,0.0,7.4,0.0,0.1,0,0.0,Unknown,0,187.88,273.07,273.07,365.51,578.34
cell_03361,80.2575,13.0525,299789.1946758897,7.0,19.0,12.09,0.0,8.53,2.54,9130.74,0.030457,41.0,412.91,943.94,1124.25,0.0,0.0,Built-up,79.59,0.0,16.55,0.0,3.86,1,0.0,Unknown,1,187.88,273.07,273.07,365.51,578.34
cell_03362,80.2575,13.0575,299783.2806552721,7.0,21.0,12.18,0.0,11.29,2.88,5602.3,0.018688,32.0,377.53,391.26,717.89,0.0,0.0,Built-up,87.76,0.0,12.21,0.0,0.03,0,0.0,Unknown,0,187.88,273.07,273.07,365.51,578.34
cell_03363,80.2575,13.0625,299777.36440002394,1.0,16.0,10.03,0.0,10.82,3.29,2677.12,0.00893,21.0,134.18,151.47,615.12,867.2,0.002893,Built-up,58.08,4.51,36.43,0.26,0.71,0,0.0,Unknown,0,187.88,273.07,273.07,365.51,578.34
cell_03364,80.2575,13.0675,299771.44590969966,-1.0,19.0,11.83,0.0,13.47,2.96,4950.85,0.016515,26.0,257.32,277.84,797.1,192.11,0.000641,Built-up,70.25,0.41,28.64,0.03,0.67,1,0.0,Unknown,1,187.88,273.07,273.07,365.51,578.34
cell_03365,80.2575,13.0725,299765.5251848328,7.0,18.0,12.04,0.0,6.72,2.11,5903.49,0.019694,29.0,611.56,639.24,567.12,0.0,0.0,Built-up,66.49,0.0,32.91,0.0,0.61,0,0.0,Unknown,0,187.88,273.07,273.07,365.51,578.34
cell_03366,80.2575,13.0775,299759.6022253226,2.0,16.0,9.79,0.0,9.0,2.9,6368.21,0.021244,34.0,876.11,921.48,608.38,0.0,0.0,Built-up,71.95,0.0,27.86,0.0,0.19,2,0.0,Unknown,1,187.88,273.07,273.07,365.51,578.34
cell_03367,80.2575,13.0825,299753.67703102296,2.0,17.0,10.34,0.0,8.75,2.3,7279.18,0.024284,43.0,414.22,1086.8,771.6,0.0,0.0,Built-up,75.67,0.0,24.14,0.0,0.19,0,0.0,Unknown,0,187.88,273.07,273.07,365.51,578.34
cell_03368,80.2575,13.0875,299747.74960202497,6.0,14.0,10.38,0.0,5.66,2.07,12011.59,0.040072,59.0,388.09,1401.6,534.27,0.0,0.0,Built-up,92.4,0.0,7.27,0.0,0.32,0,0.0,Unknown,0,187.88,273.07,273.07,365.51,578.34
cell_03369,80.2575,13.0925,299741.8199385763,4.0,13.0,8.18,0.0,5.66,2.31,12798.58,0.042699,68.0,286.59,1815.16,119.13,666.36,0.002223,Built-up,88.58,0.0,11.16,0.0,0.26,0,0.0,Unknown,0,187.88,273.07,273.07,365.51,578.34
cell_03370,80.2575,13.0975,299735.88804045133,3.0,12.0,7.36,0.0,6.41,2.15,14080.5,0.046976,93.0,343.1,2273.57,391.72,0.0,0.0,Built-up,88.46,0.0,9.63,0.0,1.91,1,0.0,Unknown,1,187.88,273.07,273.07,365.51,578.34
cell_03371,80.2575,13.1025,299729.95390774176,0.0,13.0,7.01,0.0,6.91,2.38,1430.57,0.004773,2.0,39.01,2766.76,47.72,654.14,0.002182,Built-up,57.56,0.0,32.27,3.28,6.88,0,0.0,Unknown,0,187.88,273.07,273.07,365.51,578.34
cell_03372,80.2575,13.1075,299724.0175407735,-1.0,12.0,5.92,0.0,8.16,2.52,2156.94,0.007196,14.0,244.89,3279.09,257.19,233.22,0.000778,Built-up,63.81,0.19,30.36,3.41,2.23,1,0.0,Unknown,1,187.88,273.07,273.07,365.51,578.34
cell_03373,80.2575,13.1125,299718.0789390521,1.0,22.0,6.82,0.0,14.32,2.7,16424.23,0.054799,125.0,597.0,3802.82,620.91,0.0,0.0,Built-up,79.78,0.0,16.49,1.95,1.79,3,0.0,Unknown,1,187.88,273.07,273.07,365.51,578.34
cell_03374,80.2575,13.1175,299712.13810322224,3.0,11.0,6.77,0.0,5.25,1.89,15251.09,0.050886,80.0,485.48,4333.82,74.05,576.52,0.001924,Built-up,90.26,0.0,7.6,0.16,1.98,2,0.0,Unknown,1,187.88,273.07,273.07,365.51,578.34
cell_03375,80.2575,13.1225,299706.19503263227,2.0,13.0,7.36,0.0,8.95,2.09,13383.14,0.044654,72.0,385.14,4869.72,415.6,0.0,0.0,Built-up,92.25,0.0,6.95,0.19,0.61,2,0.0,Unknown,1,187.88,273.07,273.07,365.51,578.34
cell_03376,80.2575,13.1275,299700.2497279865,1.0,10.0,6.93,0.0,6.91,2.0,18556.28,0.061916,109.0,113.69,5409.06,129.31,549.61,0.001834,Built-up,89.13,3.09,7.17,0.0,0.61,0,0.0,Unknown,0,187.88,273.07,273.07,365.51,578.34
cell_03377,80.2575,13.1325,299694.3021888241,3.0,11.0,7.04,0.0,4.98,2.06,19675.22,0.065651,115.0,569.16,5950.9,430.73,0.0,0.0,Built-up,91.53,0.0,7.18,0.42,0.88,4,0.0,Unknown,1,187.88,273.07,273.07,365.51,578.34
cell_03378,80.2575,13.1375,299688.3524155034,1.0,11.0,5.35,0.0,8.3,2.45,7563.2,0.025237,46.0,37.42,6494.62,104.22,577.84,0.001928,Built-up,70.25,0.06,18.02,1.18,10.49,0,0.0,Unknown,0,187.88,273.07,273.07,365.51,578.34
cell_03379,80.2575,13.1425,299682.40040779876,0.0,8.0,4.13,0.0,5.25,1.81,10898.0,0.036365,69.0,136.13,6263.43,652.14,0.0,0.0,Built-up,72.23,0.0,10.97,1.18,15.62,2,0.0,Unknown,1,187.88,273.07,273.07,365.51,578.34
cell_03380,80.2575,13.1475,299676.4461661641,1.0,14.0,5.89,0.0,9.62,2.74,4378.12,0.014609,24.0,192.01,5858.85,1202.78,0.0,0.0,Vegetation,31.23,0.0,59.81,3.38,5.58,1,13.0,Unknown,1,187.88,273.07,273.07,365.51,578.34
cell_03381,80.2575,13.1525,299670.4896898857,2.0,17.0,8.18,0.0,10.4,2.59,9692.33,0.032343,67.0,474.56,5475.78,1461.71,0.0,0.0,Built-up,48.31,0.03,45.31,5.2,1.15,1,10.12,Unknown,1,187.88,273.07,273.07,365.51,578.34
cell_03382,80.2575,13.1575,299664.5309797781,3.0,17.0,9.44,0.0,9.01,2.66,15764.19,0.052606,116.0,874.31,5111.68,1152.7,0.0,0.0,Built-up,70.03,0.0,28.51,0.26,1.21,0,0.0,Unknown,0,187.88,273.07,273.07,365.51,578.34
cell_03383,80.2575,13.1625,299658.57003550575,4.0,13.0,8.78,0.0,6.41,1.91,14968.71,0.049953,98.0,381.11,4783.92,773.79,0.0,0.0,Built-up,86.53,0.0,13.18,0.16,0.13,1,0.0,Unknown,1,187.88,273.07,273.07,365.51,578.34
cell_03384,80.2575,13.1675,299652.60685725487,5.0,15.0,9.03,0.0,6.98,2.17,14940.74,0.04986,85.0,14.75,4380.28,629.89,0.0,0.0,Built-up,82.21,0.0,14.54,1.66,1.59,0,0.0,Unknown,0,187.88,273.07,273.07,365.51,578.34
cell_03385,80.2575,13.1725,299646.6414447361,0.0,12.0,5.99,0.0,7.53,2.62,12674.99,0.0423,84.0,331.37,3973.57,622.77,0.0,0.0,Built-up,59.12,0.0,34.09,5.93,0.86,4,0.0,Unknown,1,187.88,273.07,273.07,365.51,578.34
cell_03386,80.2575,13.1775,299640.6737984183,0.0,11.0,4.99,0.0,5.25,2.07,1980.37,0.006609,12.0,649.28,3584.04,94.87,533.37,0.00178,Vegetation,21.56,0.0,72.14,6.14,0.16,0,0.0,Unknown,0,187.88,273.07,273.07,365.51,578.34
cell_03387,80.2575,13.1825,299634.70391798206,0.0,8.0,4.17,0.0,6.16,2.03,937.45,0.003129,3.0,985.05,3232.85,315.32,136.78,0.000456,Vegetation,6.7,0.0,63.27,29.97,0.06,0,0.0,Unknown,0,187.88,273.07,273.07,365.51,578.34
cell_03388,80.2575,13.1875,299628.7318036597,1.0,8.0,4.0,0.0,4.81,1.74,0.0,0.0,0.0,741.74,2944.29,787.43,0.0,0.0,Cropland,0.0,0.0,20.57,79.43,0.0,0,0.0,Unknown,0,187.88,273.07,273.07,365.51,578.34
cell_03389,80.2575,13.1925,299622.75745560485,1.0,11.0,4.78,0.0,5.46,1.72,5473.89,0.018269,21.0,351.71,2738.24,1315.1,0.0,0.0,Cropland,28.51,0.0,19.77,50.97,0.75,1,0.0,Unknown,1,187.88,273.07,273.07,365.51,578.34
cell_03390,80.2575,13.1975,299616.78087329236,1.0,11.0,4.68,0.0,6.98,1.67,1922.45,0.006416,8.0,292.34,2626.95,1857.56,0.0,0.0,Vegetation,12.95,0.0,45.89,39.8,1.37,0,0.0,Unknown,0,187.88,273.07,273.07,365.51,578.34
cell_03391,80.2575,13.2025,299610.8020575693,0.0,10.0,3.75,0.0,6.03,1.81,2501.11,0.008348,2.0,224.77,2245.04,2404.81,0.0,0.0,Vegetation,11.1,0.0,49.23,37.53,2.14,0,0.0,Unknown,0,187.88,273.07,273.07,365.51,578.34
cell_03392,80.2575,13.2075,299604.8210077846,0.0,10.0,4.79,0.0,5.66,2.15,546.38,0.001824,3.0,294.2,1890.96,2951.66,0.0,0.0,Built-up,34.97,0.0,21.27,31.75,12.01,0,0.0,Unknown,0,187.88,273.07,273.07,365.51,578.34
cell_03393,80.2575,13.2125,299598.83772423427,1.0,8.0,4.34,0.0,4.89,1.88,0.0,0.0,0.0,801.11,1616.24,2671.4,0.0,0.0,Cropland,0.22,0.0,2.46,97.32,0.0,0,0.0,Unknown,0,187.88,273.07,273.07,365.51,578.34
cell_03394,80.2575,13.2175,299592.85220704,2.0,8.0,4.9,0.0,5.25,1.72,0.0,0.0,0.0,1166.56,1414.97,2465.89,0.0,0.0,Cropland,9.41,0.0,9.63,79.3,1.66,0,0.0,Unknown,0,187.88,273.07,273.07,365.51,578.34
cell_03395,80.2575,13.2225,299586.86445633863,3.0,10.0,5.74,0.0,4.86,1.81,0.0,0.0,0.0,859.33,1388.18,2374.11,0.0,0.0,Cropland,0.58,0.0,15.65,83.77,0.0,0,0.0,Unknown,0,187.88,273.07,273.07,365.51,578.34
cell_03396,80.2575,13.2275,299580.87447165314,3.0,10.0,6.42,0.0,5.79,2.08,0.0,0.0,0.0,699.94,1466.27,2409.1,0.0,0.0,Vegetation,7.17,0.0,61.26,31.31,0.26,0,0.0,Unknown,0,187.88,273.07,273.07,365.51,578.34
cell_03397,80.2575,13.2325,299574.88225356303,1.0,9.0,5.35,0.0,4.98,2.15,0.0,0.0,0.0,206.69,1579.6,2565.67,0.0,0.0,Vegetation,6.28,0.0,72.96,14.13,6.63,0,0.0,Unknown,0,187.88,273.07,273.07,365.51,578.34
cell_03398,80.2575,13.2375,299568.8878017332,2.0,11.0,6.09,0.0,5.79,2.0,0.0,0.0,0.0,91.94,1135.51,2823.69,0.0,0.0,Vegetation,1.36,1.92,49.74,46.07,0.91,0,0.0,Unknown,0,187.88,273.07,273.07,365.51,578.34
cell_03399,80.2575,13.2425,299562.89111674187,2.0,15.0,6.84,0.0,7.53,1.77,0.0,0.0,0.0,334.57,582.91,3158.37,0.0,0.0,Cropland,0.0,0.0,38.33,61.19,0.48,0,0.0,Unknown,0,187.88,273.07,273.07,365.51,578.34
cell_03400,80.2575,13.2475,299556.8921977798,1.0,16.0,6.43,0.0,6.41,2.16,0.0,0.0,0.0,0.0,31.55,3548.1,553.29,0.001847,Vegetation,0.0,0.0,79.72,20.28,0.0,0,0.0,Unknown,0,187.88,273.07,273.07,365.51,578.34
cell_03401,80.2575,13.2525,299550.89104538015,0.0,0.0,0.0,0.0,0.0,0.0,0.0,0.0,0.0,229.59,510.56,3976.72,0.0,0.0,Unknown,0.0,0.0,0.0,0.0,0.0,0,0.0,Unknown,0,187.88,273.07,273.07,365.51,578.34
cell_03402,80.2625,12.8525,300023.2755640649,0.0,0.0,0.0,0.0,0.0,0.0,0.0,0.0,0.0,2690.01,6415.91,2903.65,0.0,0.0,Water,0.0,100.0,0.0,0.0,0.0,0,0.0,Unknown,0,187.88,273.07,273.07,365.51,578.34
cell_03403,80.2625,12.8575,300017.45100307115,0.0,0.0,0.0,0.0,0.0,0.0,0.0,0.0,0.0,2445.81,6177.44,2779.33,0.0,0.0,Water,0.0,100.0,0.0,0.0,0.0,0,0.0,Unknown,0,187.88,273.07,273.07,365.51,578.34
cell_03404,80.2625,12.8625,300011.624205688,0.0,0.0,0.0,0.0,0.0,0.0,0.0,0.0,0.0,2309.1,5977.86,2514.59,0.0,0.0,Water,0.0,100.0,0.0,0.0,0.0,0,0.0,Unknown,0,187.88,273.07,273.07,365.51,578.34
cell_03405,80.2625,12.8675,300005.795172416,0.0,0.0,0.0,0.0,0.0,0.0,0.0,0.0,0.0,2271.97,5817.13,2329.87,0.0,0.0,Water,0.0,100.0,0.0,0.0,0.0,0,0.0,Unknown,0,187.88,273.07,273.07,365.51,578.34
cell_03406,80.2625,12.8725,299999.9639028102,0.0,0.0,0.0,0.0,0.0,0.0,0.0,0.0,0.0,2236.77,5685.94,2254.41,0.0,0.0,Water,0.0,100.0,0.0,0.0,0.0,0,0.0,Unknown,0,187.88,273.07,273.07,365.51,578.34
cell_03407,80.2625,12.8775,299994.13039738615,0.0,0.0,0.0,0.0,0.0,0.0,0.0,0.0,0.0,2096.5,5447.48,2293.76,0.0,0.0,Water,0.0,100.0,0.0,0.0,0.0,0,0.0,Unknown,0,187.88,273.07,273.07,365.51,578.34
cell_03408,80.2625,12.8825,299988.29465539695,0.0,0.0,0.0,0.0,0.0,0.0,0.0,0.0,0.0,1936.04,4940.82,2362.76,0.0,0.0,Water,0.0,100.0,0.0,0.0,0.0,0,0.0,Unknown,0,187.88,273.07,273.07,365.51,578.34
cell_03409,80.2625,12.8875,299982.4566780549,0.0,0.0,0.0,0.0,0.0,0.0,0.0,0.0,0.0,1916.85,4445.21,2420.05,0.0,0.0,Water,0.0,100.0,0.0,0.0,0.0,0,0.0,Unknown,0,187.88,273.07,273.07,365.51,578.34
cell_03410,80.2625,12.8925,299976.61646429735,0.0,0.0,0.0,0.0,0.0,0.0,0.0,0.0,0.0,1796.73,3964.8,2496.78,0.0,0.0,Water,0.0,100.0,0.0,0.0,0.0,0,0.0,Unknown,0,187.88,273.07,273.07,365.51,578.34
cell_03411,80.2625,12.8975,299970.77401449945,0.0,0.0,0.0,0.0,0.0,0.0,0.0,0.0,0.0,1827.26,3505.85,2572.8,0.0,0.0,Water,0.0,100.0,0.0,0.0,0.0,0,0.0,Unknown,0,187.88,273.07,273.07,365.51,578.34
cell_03412,80.2625,12.9025,299964.9293292092,0.0,0.0,0.0,0.0,0.0,0.0,0.0,0.0,0.0,2015.21,3077.96,2469.72,0.0,0.0,Water,0.0,100.0,0.0,0.0,0.0,0,0.0,Unknown,0,187.88,273.07,273.07,365.51,578.34
cell_03413,80.2625,12.9075,299959.0824076799,0.0,0.0,0.0,0.0,0.0,0.0,0.0,0.0,0.0,1955.27,2695.97,2365.16,0.0,0.0,Water,0.0,100.0,0.0,0.0,0.0,0,0.0,Unknown,0,187.88,273.07,273.07,365.51,578.34
cell_03414,80.2625,12.9125,299953.2332506817,0.0,0.0,0.0,0.0,0.0,0.0,0.0,0.0,0.0,1609.17,2382.06,2260.6,0.0,0.0,Water,0.0,100.0,0.0,0.0,0.0,0,0.0,Unknown,0,187.88,273.07,273.07,365.51,578.34
cell_03415,80.2625,12.9175,299947.38185759407,0.0,0.0,0.0,0.0,0.0,0.0,0.0,0.0,0.0,1402.62,2166.04,2156.03,0.0,0.0,Water,0.0,100.0,0.0,0.0,0.0,0,0.0,Unknown,0,187.88,273.07,273.07,365.51,578.34
cell_03416,80.2625,12.9225,299941.528228902,0.0,0.0,0.0,0.0,0.0,0.0,0.0,0.0,0.0,1359.55,2078.65,2053.97,0.0,0.0,Water,0.0,100.0,0.0,0.0,0.0,0,0.0,Unknown,0,187.88,273.07,273.07,365.51,578.34
cell_03417,80.2625,12.9275,299935.67236425384,0.0,0.0,0.0,0.0,0.0,0.0,0.0,0.0,0.0,1253.31,2135.75,1949.66,0.0,0.0,Water,0.0,100.0,0.0,0.0,0.0,0,0.0,Unknown,0,187.88,273.07,273.07,365.51,578.34
cell_03418,80.2625,12.9325,299929.8142638194,0.0,0.0,0.0,0.0,0.0,0.0,0.0,0.0,0.0,1374.28,2326.72,1846.33,0.0,0.0,Water,0.0,100.0,0.0,0.0,0.0,0,0.0,Unknown,0,187.88,273.07,273.07,365.51,578.34
cell_03419,80.2625,12.9375,299923.95392801985,0.0,0.0,0.0,0.0,4.84,0.05,0.0,0.0,0.0,1276.41,2622.48,1751.41,0.0,0.0,Water,0.0,98.15,0.32,0.0,1.53,0,0.0,Unknown,0,187.88,273.07,273.07,365.51,578.34
cell_03420,80.2625,12.9425,299918.09135663015,0.0,5.0,0.36,0.0,6.19,0.5,267.13,0.000891,6.0,1054.29,2992.1,1652.09,0.0,0.0,Water,5.26,83.02,4.71,0.26,6.75,0,0.0,Unknown,0,187.88,273.07,273.07,365.51,578.34
cell_03421,80.2625,12.9475,299912.2265493469,0.0,10.0,1.24,0.0,6.83,0.93,422.33,0.001408,0.0,940.26,3411.68,1546.23,0.0,0.0,Water,20.38,65.24,7.97,1.31,5.1,0,0.0,Unknown,0,187.88,273.07,273.07,365.51,578.34
cell_03422,80.2625,12.9525,299906.3595066696,0.0,9.0,2.47,0.0,7.85,1.17,4942.65,0.016481,28.0,1019.87,3850.7,1445.76,0.0,0.0,Water,40.11,47.51,3.06,0.48,8.83,0,0.0,Unknown,0,187.88,273.07,273.07,365.51,578.34
cell_03423,80.2625,12.9575,299900.4902285788,0.0,11.0,4.01,0.0,10.2,1.72,5174.94,0.017256,28.0,1020.23,4121.09,1346.86,0.0,0.0,Built-up,49.12,28.12,13.83,1.01,7.92,0,0.0,Unknown,0,187.88,273.07,273.07,365.51,578.34
cell_03424,80.2625,12.9625,299894.6187146285,-1.0,11.0,4.96,0.0,12.24,2.42,11141.57,0.037152,59.0,858.85,4347.17,1242.21,0.0,0.0,Built-up,65.21,8.07,10.27,1.95,14.51,0,0.0,Unknown,0,187.88,273.07,273.07,365.51,578.34
cell_03425,80.2625,12.9675,299888.74496553984,0.0,11.0,5.65,0.0,10.87,2.55,14739.24,0.049149,81.0,587.8,4628.6,1135.37,0.0,0.0,Built-up,88.42,0.0,9.22,1.08,1.28,0,0.0,Unknown,0,187.88,273.07,273.07,365.51,578.34
cell_03426,80.2625,12.9725,299882.8689809144,0.0,12.0,5.84,0.0,7.79,2.13,13122.01,0.043757,71.0,735.18,4590.68,1030.25,0.0,0.0,Built-up,79.87,0.0,15.32,3.8,1.01,1,0.0,Unknown,1,187.88,273.07,273.07,365.51,578.34
cell_03427,80.2625,12.9775,299876.9907609215,0.0,14.0,8.54,0.0,8.29,2.41,16158.44,0.053884,98.0,800.16,4038.31,951.58,0.0,0.0,Built-up,91.01,0.0,8.39,0.13,0.48,1,0.0,Unknown,1,187.88,273.07,273.07,365.51,578.34
cell_03428,80.2625,12.9825,299871.11030544597,5.0,12.0,8.55,0.0,6.03,1.99,10250.79,0.034184,55.0,295.52,3486.14,970.94,0.0,0.0,Built-up,89.99,0.0,9.53,0.26,0.22,2,0.0,Unknown,1,187.88,273.07,273.07,365.51,578.34
cell_03429,80.2625,12.9875,299865.22761486244,2.0,13.0,8.27,0.0,7.09,2.28,6029.58,0.020108,28.0,182.88,2934.26,1099.44,0.0,0.0,Built-up,55.45,2.08,42.21,0.03,0.23,0,0.0,Unknown,0,187.88,273.07,273.07,365.51,578.34
cell_03430,80.2625,12.9925,299859.3426890405,-2.0,12.0,8.19,0.0,11.6,2.44,10534.41,0.035131,58.0,725.88,2382.9,1216.08,0.0,0.0,Built-up,74.17,0.0,25.0,0.83,0.0,2,0.0,Unknown,1,187.88,273.07,273.07,365.51,578.34
cell_03431,80.2625,12.9975,299853.4555275969,5.0,14.0,10.0,0.0,5.86,1.97,10773.38,0.035929,64.0,1277.47,1832.51,1360.88,0.0,0.0,Built-up,84.22,0.0,15.75,0.0,0.03,1,0.0,Unknown,1,187.88,273.07,273.07,365.51,578.34
cell_03432,80.2625,13.0025,299847.5661313324,5.0,15.0,10.48,0.0,6.89,2.12,11001.29,0.03669,63.0,986.21,1284.34,1502.72,0.0,0.0,Built-up,72.99,0.0,26.85,0.16,0.0,0,0.0,Unknown,0,187.88,273.07,273.07,365.51,578.34
cell_03433,80.2625,13.0075,299841.67449967447,6.0,15.0,10.7,0.0,6.41,2.01,8307.03,0.027705,44.0,450.27,743.33,1567.82,0.0,0.0,Vegetation,48.6,0.0,51.34,0.06,0.0,0,0.0,Unknown,0,187.88,273.07,273.07,365.51,578.34
cell_03434,80.2625,13.0125,299835.7806327286,-19.0,21.0,6.7,0.0,29.04,5.26,717.7,0.002394,1.0,0.0,218.45,1405.41,425.88,0.00142,Vegetation,2.01,47.74,50.26,0.0,0.0,0,0.0,Unknown,0,187.88,273.07,273.07,365.51,578.34
cell_03435,80.2625,13.0175,299829.88453101175,-2.0,13.0,5.99,0.0,14.8,2.54,4211.04,0.014045,28.0,195.91,305.47,925.2,140.07,0.000467,Vegetation,44.12,8.18,46.2,0.0,1.49,0,0.0,Unknown,0,187.88,273.07,273.07,365.51,578.34
cell_03436,80.2625,13.0225,299823.98619406216,-1.0,13.0,8.02,0.0,6.51,2.16,12947.84,0.043185,80.0,276.08,831.97,469.52,0.0,0.0,Built-up,77.3,0.0,22.64,0.0,0.06,2,0.0,Unknown,1,187.88,273.07,273.07,365.51,578.34
cell_03437,80.2625,13.0275,299818.08562181226,4.0,13.0,9.35,0.0,6.98,2.64,11963.76,0.039903,63.0,250.24,1373.58,214.18,469.19,0.001565,Built-up,77.55,0.0,22.29,0.0,0.16,2,0.0,Unknown,1,187.88,273.07,273.07,365.51,578.34
cell_03438,80.2625,13.0325,299812.18281492067,3.0,14.0,9.68,0.0,9.1,2.44,11757.46,0.039216,65.0,58.3,1916.49,64.34,586.15,0.001955,Built-up,75.03,0.0,24.9,0.0,0.06,1,0.0,Unknown,1,187.88,273.07,273.07,365.51,578.34
cell_03439,80.2625,13.0375,299806.27777303546,7.0,16.0,11.13,0.0,6.93,2.32,6698.54,0.022343,43.0,485.77,2317.08,495.62,0.0,0.0,Built-up,71.01,0.0,28.99,0.0,0.0,0,0.0,Unknown,0,187.88,273.07,273.07,365.51,578.34
cell_03440,80.2625,13.0425,299800.3704959793,6.0,17.0,11.06,0.0,6.89,2.4,8664.71,0.028902,50.0,827.73,2111.1,838.52,0.0,0.0,Built-up,75.13,0.0,24.01,0.32,0.54,1,0.0,Unknown,1,187.88,273.07,273.07,365.51,578.34
cell_03441,80.2625,13.0475,299794.46098425234,6.0,17.0,11.1,0.0,6.91,2.31,8972.36,0.029928,53.0,860.85,1577.49,1125.58,0.0,0.0,Built-up,85.84,0.0,14.16,0.0,0.0,1,0.0,Unknown,1,187.88,273.07,273.07,365.51,578.34
cell_03442,80.2625,13.0525,299788.54923745553,5.0,16.0,10.46,0.0,6.89,2.29,10946.17,0.036513,63.0,880.36,1063.44,1484.57,0.0,0.0,Built-up,88.01,0.0,9.82,0.48,1.69,1,0.0,Unknown,1,187.88,273.07,273.07,365.51,578.34
cell_03443,80.2625,13.0575,299782.63525579055,6.0,17.0,10.78,0.0,8.23,2.65,3642.56,0.012151,15.0,572.35,594.63,1206.38,0.0,0.0,Built-up,66.26,0.0,31.86,0.0,1.88,1,0.0,Unknown,1,187.88,273.07,273.07,365.51,578.34
cell_03444,80.2625,13.0625,299776.71903971053,2.0,24.0,10.84,0.0,12.99,3.74,4629.44,0.015443,21.0,210.24,239.02,1148.19,288.11,0.000961,Built-up,71.88,2.05,24.16,1.75,0.16,0,0.0,Unknown,0,187.88,273.07,273.07,365.51,578.34
cell_03445,80.2625,13.0675,299770.80058843753,2.0,14.0,8.36,0.0,6.81,2.62,10571.43,0.035265,63.0,107.73,126.85,1247.33,497.46,0.001659,Built-up,64.64,4.37,28.48,0.19,2.33,0,0.0,Unknown,0,187.88,273.07,273.07,365.51,578.34
cell_03446,80.2625,13.0725,299764.8799025507,3.0,14.0,8.89,0.0,7.85,2.24,9456.55,0.031547,62.0,396.17,419.85,1105.04,0.0,0.0,Built-up,83.61,0.0,16.07,0.0,0.32,0,0.0,Unknown,0,187.88,273.07,273.07,365.51,578.34
cell_03447,80.2625,13.0775,299758.9569821413,3.0,25.0,8.42,0.0,16.08,3.32,4125.18,0.013762,24.0,362.93,393.72,1142.46,0.0,0.0,Built-up,73.93,1.07,24.87,0.0,0.13,1,0.0,Unknown,1,187.88,273.07,273.07,365.51,578.34
cell_03448,80.2625,13.0825,299753.03182704723,3.0,14.0,9.64,0.0,8.75,2.66,3447.23,0.0115,11.0,595.39,627.48,1258.59,0.0,0.0,Built-up,68.88,0.0,30.96,0.1,0.06,0,0.0,Unknown,0,187.88,273.07,273.07,365.51,578.34
cell_03449,80.2625,13.0875,299747.10443705757,5.0,15.0,10.04,0.0,7.7,2.5,6014.34,0.020065,42.0,627.0,1047.74,719.95,0.0,0.0,Built-up,74.45,0.0,25.1,0.03,0.42,0,0.0,Unknown,0,187.88,273.07,273.07,365.51,578.34
cell_03450,80.2625,13.0925,299741.1748126896,3.0,11.0,7.61,0.0,5.86,1.91,16826.76,0.056138,98.0,142.28,1536.39,178.24,369.85,0.001234,Built-up,95.79,0.0,3.6,0.0,0.61,2,0.0,Unknown,1,187.88,273.07,273.07,365.51,578.34
cell_03451,80.2625,13.0975,299735.242953829,1.0,11.0,6.45,0.0,7.53,2.14,14305.54,0.047727,86.0,61.44,2057.86,120.85,398.32,0.001329,Built-up,96.17,0.0,3.25,0.0,0.57,4,0.0,Unknown,1,187.88,273.07,273.07,365.51,578.34
cell_03452,80.2625,13.1025,299729.3088601081,-1.0,10.0,5.85,0.0,7.09,2.11,15661.49,0.052252,86.0,408.01,2592.43,419.56,0.0,0.0,Built-up,90.13,0.0,7.66,1.27,0.94,10,0.0,Unknown,1,187.88,273.07,273.07,365.51,578.34
cell_03453,80.2625,13.1075,299723.37253237475,1.0,13.0,6.14,0.0,8.3,2.45,17488.41,0.058348,138.0,109.11,3133.39,118.22,560.16,0.001869,Built-up,86.73,0.38,8.42,0.48,3.99,3,0.0,Unknown,1,187.88,273.07,273.07,365.51,578.34
cell_03454,80.2625,13.1125,299717.4339698676,2.0,10.0,6.44,0.0,5.15,2.04,14721.97,0.049119,105.0,354.76,3677.65,561.53,0.0,0.0,Built-up,93.75,0.0,5.2,0.0,1.05,2,0.0,Unknown,1,187.88,273.07,273.07,365.51,578.34
cell_03455,80.2625,13.1175,299711.49317310227,1.0,12.0,6.38,0.0,6.98,2.27,12937.04,0.043165,62.0,102.7,4222.32,77.04,204.71,0.000683,Built-up,88.8,0.0,7.86,3.18,0.16,1,0.0,Unknown,1,187.88,273.07,273.07,365.51,578.34
cell_03456,80.2625,13.1225,299705.55014174315,3.0,14.0,8.31,0.0,7.8,2.45,14104.99,0.047063,53.0,383.69,4767.59,502.81,0.0,0.0,Built-up,81.95,0.0,17.98,0.0,0.06,0,0.0,Unknown,0,187.88,273.07,273.07,365.51,578.34
cell_03457,80.2625,13.1275,299699.604876354,0.0,9.0,5.03,0.0,6.16,2.18,16039.35,0.053518,87.0,29.05,5314.41,43.37,548.72,0.001831,Built-up,86.03,6.95,5.01,0.0,2.01,0,0.0,Unknown,0,187.88,273.07,273.07,365.51,578.34
cell_03458,80.2625,13.1325,299693.65737634734,1.0,8.0,4.49,0.0,5.25,1.89,13252.54,0.04422,94.0,528.32,5862.39,115.27,558.88,0.001865,Built-up,70.88,0.19,17.79,6.2,4.94,0,0.0,Unknown,0,187.88,273.07,273.07,365.51,578.34
cell_03459,80.2625,13.1375,299687.70764231804,0.0,9.0,3.67,0.0,6.19,2.02,191.33,0.000638,0.0,41.8,6369.15,324.93,121.4,0.000405,Vegetation,11.54,0.22,61.22,23.21,3.79,0,0.0,Unknown,0,187.88,273.07,273.07,365.51,578.34
cell_03460,80.2625,13.1425,299681.7556738513,1.0,8.0,3.79,0.0,4.86,1.83,0.0,0.0,0.0,0.0,5920.33,800.24,0.0,0.0,Vegetation,1.88,35.78,53.92,1.34,7.08,0,0.0,Unknown,0,187.88,273.07,273.07,365.51,578.34
cell_03461,80.2625,13.1475,299675.80147155776,0.0,9.0,5.23,0.0,6.72,2.01,0.0,0.0,0.0,42.92,5490.54,892.33,0.0,0.0,Vegetation,22.5,0.29,61.27,10.19,5.75,0,0.0,Unknown,0,187.88,273.07,273.07,365.51,578.34
cell_03462,80.2625,13.1525,299669.8450344552,2.0,10.0,5.55,0.0,6.91,2.05,817.77,0.002729,2.0,492.81,5084.62,947.05,0.0,0.0,Vegetation,5.68,0.1,54.46,39.25,0.51,0,0.0,Unknown,0,187.88,273.07,273.07,365.51,578.34
cell_03463,80.2625,13.1575,299663.8863637221,3.0,16.0,7.53,0.0,8.87,2.89,3897.14,0.013005,37.0,577.05,4702.19,1268.52,0.0,0.0,Vegetation,23.21,0.0,43.97,32.72,0.1,0,7.5,Unknown,1,187.88,273.07,273.07,365.51,578.34
cell_03464,80.2625,13.1625,299657.92545863014,2.0,14.0,6.99,0.0,7.79,2.26,9639.68,0.032169,72.0,160.63,4343.65,1257.83,0.0,0.0,Built-up,67.21,0.0,20.26,9.68,2.86,4,0.0,Unknown,1,187.88,273.07,273.07,365.51,578.34
cell_03465,80.2625,13.1675,299651.96231974143,0.0,12.0,6.5,0.0,6.83,2.38,12411.85,0.041421,69.0,214.01,4029.34,1169.28,0.0,0.0,Built-up,75.38,0.0,21.01,1.34,2.26,1,0.0,Unknown,1,187.88,273.07,273.07,365.51,578.34
cell_03466,80.2625,13.1725,299645.9969464996,0.0,12.0,6.06,0.0,10.2,2.77,5274.99,0.017604,31.0,250.83,3608.65,718.29,0.0,0.0,Built-up,49.2,0.06,42.83,7.43,0.48,2,0.0,Unknown,1,187.88,273.07,273.07,365.51,578.34
cell_03467,80.2625,13.1775,299640.02933954727,-5.0,15.0,4.53,0.0,9.1,2.89,0.0,0.0,0.0,797.54,3199.37,274.28,196.89,0.000657,Vegetation,24.84,0.0,64.09,10.03,1.04,0,0.0,Unknown,0,187.88,273.07,273.07,365.51,578.34
cell_03468,80.2625,13.1825,299634.059498423,-2.0,9.0,4.34,0.0,7.09,1.99,1094.37,0.003652,0.0,1171.88,2810.89,210.57,445.95,0.001488,Vegetation,16.55,4.05,71.75,6.7,0.96,0,0.0,Unknown,0,187.88,273.07,273.07,365.51,578.34
cell_03469,80.2625,13.1875,299628.0874236112,1.0,8.0,4.46,0.0,4.84,1.68,0.0,0.0,0.0,624.2,2473.6,760.44,0.0,0.0,Vegetation,30.84,1.15,39.0,29.02,0.0,0,0.0,Unknown,0,187.88,273.07,273.07,365.51,578.34
cell_03470,80.2625,13.1925,299622.1131147913,0.0,10.0,3.99,0.0,6.93,2.05,2545.92,0.008497,7.0,129.89,2224.38,1310.32,0.0,0.0,Built-up,48.9,1.3,25.71,22.53,1.56,0,0.0,Unknown,0,187.88,273.07,273.07,365.51,578.34
cell_03471,80.2625,13.1975,299616.1365718963,0.0,7.0,3.73,0.0,4.03,1.42,1125.87,0.003758,0.0,447.83,2091.54,1860.87,0.0,0.0,Cropland,2.71,0.0,5.26,89.86,2.17,0,0.0,Unknown,0,187.88,273.07,273.07,365.51,578.34
cell_03472,80.2625,13.2025,299610.15779555327,0.0,8.0,3.78,0.0,5.94,1.79,277.55,0.000926,2.0,547.34,1904.71,2412.51,0.0,0.0,Cropland,35.36,0.0,20.98,38.17,5.48,0,0.0,Unknown,0,187.88,273.07,273.07,365.51,578.34
cell_03473,80.2625,13.2075,299604.17678523756,-1.0,8.0,3.42,0.0,6.89,2.12,0.0,0.0,0.0,745.31,1470.87,2555.06,0.0,0.0,Cropland,28.96,2.18,7.31,59.51,2.05,0,0.0,Unknown,0,187.88,273.07,273.07,365.51,578.34
cell_03474,80.2625,13.2125,299598.1935411489,1.0,8.0,4.17,0.0,4.35,1.65,0.0,0.0,0.0,1067.72,1141.98,2204.76,0.0,0.0,Cropland,0.0,0.13,6.82,93.05,0.0,0,0.0,Unknown,0,187.88,273.07,273.07,365.51,578.34
cell_03475,80.2625,13.2175,299592.2080633146,0.0,8.0,4.78,0.0,5.86,2.01,0.0,0.0,0.0,733.15,894.36,1950.7,0.0,0.0,Cropland,28.0,0.0,19.99,50.64,1.37,0,0.0,Unknown,0,187.88,273.07,273.07,365.51,578.34
cell_03476,80.2625,13.2225,299586.2203520785,0.0,10.0,5.08,0.0,6.41,1.93,0.0,0.0,0.0,437.31,846.75,1833.32,0.0,0.0,Cropland,12.34,0.0,38.9,45.42,3.34,0,0.0,Unknown,0,187.88,273.07,273.07,365.51,578.34
cell_03477,80.2625,13.2275,299580.2304070094,0.0,9.0,4.65,0.0,5.86,1.98,0.0,0.0,0.0,160.03,956.12,1878.42,0.0,0.0,Vegetation,10.97,0.03,36.19,33.07,19.74,0,0.0,Unknown,0,187.88,273.07,273.07,365.51,578.34
cell_03478,80.2625,13.2325,299574.2382281977,2.0,10.0,5.32,0.0,6.15,2.15,0.0,0.0,0.0,0.0,1056.02,2075.44,0.0,0.0,Vegetation,6.31,0.0,67.83,14.67,11.19,0,0.0,Unknown,0,187.88,273.07,273.07,365.51,578.34
cell_03479,80.2625,13.2375,299568.2438159388,2.0,10.0,5.7,0.0,5.46,1.93,0.0,0.0,0.0,411.15,826.99,2387.05,0.0,0.0,Cropland,0.39,0.0,34.12,64.61,0.88,0,0.0,Unknown,0,187.88,273.07,273.07,365.51,578.34
cell_03480,80.2625,13.2425,299562.2471704644,4.0,15.0,7.24,0.0,5.46,1.87,0.0,0.0,0.0,410.45,444.87,2774.92,0.0,0.0,Cropland,1.34,0.0,29.53,68.62,0.51,0,0.0,Unknown,0,187.88,273.07,273.07,365.51,578.34
cell_03481,80.2625,13.2475,299556.2482910143,2.0,16.0,7.4,0.0,6.93,2.16,0.0,0.0,0.0,0.97,26.12,3211.53,598.44,0.001998,Vegetation,10.27,3.86,57.72,28.16,0.0,0,0.0,Unknown,0,187.88,273.07,273.07,365.51,578.34
cell_03482,80.2625,13.2525,299550.247178151,0.0,0.0,0.0,0.0,0.0,0.0,0.0,0.0,0.0,510.79,544.13,3679.57,0.0,0.0,Unknown,0.0,0.0,0.0,0.0,0.0,0,0.0,Unknown,0,187.88,273.07,273.07,365.51,578.34
cell_03483,80.2675,12.8525,300022.6329482406,0.0,0.0,0.0,0.0,0.0,0.0,0.0,0.0,0.0,3165.31,6900.97,3432.33,0.0,0.0,Water,0.0,100.0,0.0,0.0,0.0,0,0.0,Unknown,0,187.88,273.07,273.07,365.51,578.34
cell_03484,80.2675,12.8575,300016.8084253224,0.0,0.0,0.0,0.0,0.0,0.0,0.0,0.0,0.0,2959.74,6678.93,3251.04,0.0,0.0,Water,0.0,100.0,0.0,0.0,0.0,0,0.0,Unknown,0,187.88,273.07,273.07,365.51,578.34
cell_03485,80.2675,12.8625,300010.98166624573,0.0,0.0,0.0,0.0,0.0,0.0,0.0,0.0,0.0,2845.33,6492.1,3013.69,0.0,0.0,Water,0.0,100.0,0.0,0.0,0.0,0,0.0,Unknown,0,187.88,273.07,273.07,365.51,578.34
cell_03486,80.2675,12.8675,300005.15267127426,0.0,0.0,0.0,0.0,0.0,0.0,0.0,0.0,0.0,2813.94,6343.42,2858.81,0.0,0.0,Water,0.0,100.0,0.0,0.0,0.0,0,0.0,Unknown,0,187.88,273.07,273.07,365.51,578.34
cell_03487,80.2675,12.8725,299999.3214398662,0.0,0.0,0.0,0.0,0.0,0.0,0.0,0.0,0.0,2779.25,6172.42,2796.78,0.0,0.0,Water,0.0,100.0,0.0,0.0,0.0,0,0.0,Unknown,0,187.88,273.07,273.07,365.51,578.34
cell_03488,80.2675,12.8775,299993.4879727594,0.0,0.0,0.0,0.0,0.0,0.0,0.0,0.0,0.0,2600.89,5676.6,2830.77,0.0,0.0,Water,0.0,100.0,0.0,0.0,0.0,0,0.0,Unknown,0,187.88,273.07,273.07,365.51,578.34
cell_03489,80.2675,12.8825,299987.6522691292,0.0,0.0,0.0,0.0,0.0,0.0,0.0,0.0,0.0,2473.08,5192.34,2903.25,0.0,0.0,Water,0.0,100.0,0.0,0.0,0.0,0,0.0,Unknown,0,187.88,273.07,273.07,365.51,578.34
cell_03490,80.2675,12.8875,299981.81433001306,0.0,0.0,0.0,0.0,0.0,0.0,0.0,0.0,0.0,2432.9,4723.19,2957.3,0.0,0.0,Water,0.0,100.0,0.0,0.0,0.0,0,0.0,Unknown,0,187.88,273.07,273.07,365.51,578.34
cell_03491,80.2675,12.8925,299975.97415457043,0.0,0.0,0.0,0.0,0.0,0.0,0.0,0.0,0.0,2337.2,4274.14,3034.02,0.0,0.0,Water,0.0,100.0,0.0,0.0,0.0,0,0.0,Unknown,0,187.88,273.07,273.07,365.51,578.34
cell_03492,80.2675,12.8975,299970.13174315967,0.0,0.0,0.0,0.0,0.0,0.0,0.0,0.0,0.0,2360.74,3852.21,3106.97,0.0,0.0,Water,0.0,100.0,0.0,0.0,0.0,0,0.0,Unknown,0,187.88,273.07,273.07,365.51,578.34
cell_03493,80.2675,12.9025,299964.2870964229,0.0,0.0,0.0,0.0,0.0,0.0,0.0,0.0,0.0,2509.03,3467.32,3002.4,0.0,0.0,Water,0.0,100.0,0.0,0.0,0.0,0,0.0,Unknown,0,187.88,273.07,273.07,365.51,578.34
cell_03494,80.2675,12.9075,299958.440213031,0.0,0.0,0.0,0.0,0.0,0.0,0.0,0.0,0.0,2367.92,3133.16,2897.82,0.0,0.0,Water,0.0,100.0,0.0,0.0,0.0,0,0.0,Unknown,0,187.88,273.07,273.07,365.51,578.34
cell_03495,80.2675,12.9125,299952.5910945104,0.0,0.0,0.0,0.0,0.0,0.0,0.0,0.0,0.0,2091.26,2867.51,2793.25,0.0,0.0,Water,0.0,100.0,0.0,0.0,0.0,0,0.0,Unknown,0,187.88,273.07,273.07,365.51,578.34
cell_03496,80.2675,12.9175,299946.73973972,0.0,0.0,0.0,0.0,0.0,0.0,0.0,0.0,0.0,1936.81,2690.74,2688.67,0.0,0.0,Water,0.0,100.0,0.0,0.0,0.0,0,0.0,Unknown,0,187.88,273.07,273.07,365.51,578.34
cell_03497,80.2675,12.9225,299940.88614946126,0.0,0.0,0.0,0.0,0.0,0.0,0.0,0.0,0.0,1874.14,2620.9,2586.65,0.0,0.0,Water,0.0,100.0,0.0,0.0,0.0,0,0.0,Unknown,0,187.88,273.07,273.07,365.51,578.34
cell_03498,80.2675,12.9275,299935.03032319254,0.0,0.0,0.0,0.0,0.0,0.0,0.0,0.0,0.0,1795.7,2666.4,2482.32,0.0,0.0,Water,0.0,100.0,0.0,0.0,0.0,0,0.0,Unknown,0,187.88,273.07,273.07,365.51,578.34
cell_03499,80.2675,12.9325,299929.17226122547,0.0,0.0,0.0,0.0,0.0,0.0,0.0,0.0,0.0,1882.12,2821.67,2379.54,0.0,0.0,Water,0.0,100.0,0.0,0.0,0.0,0,0.0,Unknown,0,187.88,273.07,273.07,365.51,578.34
cell_03500,80.2675,12.9375,299923.31196399697,0.0,0.0,0.0,0.0,0.0,0.0,0.0,0.0,0.0,1796.38,3070.1,2285.64,0.0,0.0,Water,0.0,100.0,0.0,0.0,0.0,0,0.0,Unknown,0,187.88,273.07,273.07,365.51,578.34
cell_03501,80.2675,12.9425,299917.4494309045,0.0,0.0,0.0,0.0,0.0,0.0,0.0,0.0,0.0,1565.15,3391.28,2184.98,0.0,0.0,Water,0.0,100.0,0.0,0.0,0.0,0,0.0,Unknown,0,187.88,273.07,273.07,365.51,578.34
cell_03502,80.2675,12.9475,299911.5846621482,0.0,0.0,0.0,0.0,0.0,0.0,0.0,0.0,0.0,1482.59,3766.64,2078.43,0.0,0.0,Water,0.0,100.0,0.0,0.0,0.0,0,0.0,Unknown,0,187.88,273.07,273.07,365.51,578.34
cell_03503,80.2675,12.9525,299905.71765792853,0.0,0.0,0.0,0.0,0.0,0.0,0.0,0.0,0.0,1561.05,4181.63,1979.36,0.0,0.0,Water,0.0,100.0,0.0,0.0,0.0,0,0.0,Unknown,0,187.88,273.07,273.07,365.51,578.34
cell_03504,80.2675,12.9575,299899.8484183366,0.0,0.0,0.0,0.0,0.0,0.0,0.0,0.0,0.0,1525.25,4617.09,1878.06,0.0,0.0,Water,0.0,100.0,0.0,0.0,0.0,0,0.0,Unknown,0,187.88,273.07,273.07,365.51,578.34
cell_03505,80.2675,12.9625,299893.97694298835,0.0,0.0,0.0,0.0,0.0,0.0,0.0,0.0,0.0,1291.42,4834.7,1777.78,0.0,0.0,Water,0.0,99.9,0.0,0.0,0.1,0,0.0,Unknown,0,187.88,273.07,273.07,365.51,578.34
cell_03506,80.2675,12.9675,299888.1032323223,0.0,5.0,0.04,0.0,8.75,0.17,1137.18,0.003792,10.0,1125.98,5089.23,1665.82,0.0,0.0,Water,2.27,87.92,1.53,0.0,8.28,0,0.0,Unknown,0,187.88,273.07,273.07,365.51,578.34
cell_03507,80.2675,12.9725,299882.22728631826,0.0,9.0,1.05,0.0,7.09,0.87,2823.41,0.009415,10.0,1209.46,4560.02,1564.16,0.0,0.0,Water,13.82,66.81,9.09,1.45,8.83,0,0.0,Unknown,0,187.88,273.07,273.07,365.51,578.34
cell_03508,80.2675,12.9775,299876.3491048443,0.0,13.0,3.39,0.0,5.94,1.55,4496.36,0.014994,22.0,1044.55,4016.93,1492.56,0.0,0.0,Water,34.77,43.93,8.7,0.23,12.37,0,0.0,Unknown,0,187.88,273.07,273.07,365.51,578.34
cell_03509,80.2675,12.9825,299870.46868792933,0.0,14.0,4.61,0.0,10.11,2.35,7444.11,0.024824,44.0,679.56,3474.23,1510.49,0.0,0.0,Built-up,56.49,19.61,14.03,0.52,9.35,0,0.0,Unknown,0,187.88,273.07,273.07,365.51,578.34
cell_03510,80.2675,12.9875,299864.5860359789,0.0,11.0,5.71,0.0,9.62,2.64,3390.53,0.011307,22.0,633.61,2932.73,1625.11,0.0,0.0,Vegetation,29.09,0.86,64.79,0.66,4.6,0,0.0,Unknown,0,187.88,273.07,273.07,365.51,578.34
cell_03511,80.2675,12.9925,299858.70114857884,3.0,12.0,8.23,0.0,6.65,1.67,11496.03,0.038338,54.0,946.0,2393.95,1740.19,0.0,0.0,Built-up,84.84,0.0,14.06,1.1,0.0,0,0.0,Unknown,0,187.88,273.07,273.07,365.51,578.34
cell_03512,80.2675,12.9975,299852.8140258976,5.0,13.0,9.33,0.0,5.46,1.78,12610.05,0.042054,75.0,1414.19,1859.12,1893.92,0.0,0.0,Built-up,70.26,0.0,29.74,0.0,0.0,0,0.0,Unknown,0,187.88,273.07,273.07,365.51,578.34
cell_03513,80.2675,13.0025,299846.9246680884,6.0,14.0,9.56,0.0,6.98,1.8,6573.92,0.021924,26.0,923.77,1331.93,2023.83,0.0,0.0,Vegetation,36.5,0.0,62.94,0.0,0.56,0,0.0,Unknown,0,187.88,273.07,273.07,365.51,578.34
cell_03514,80.2675,13.0075,299841.0330751321,5.0,14.0,10.17,0.0,4.98,2.03,1236.44,0.004124,0.0,390.99,816.1,2109.53,0.0,0.0,Vegetation,1.27,0.0,98.7,0.03,0.0,0,0.0,Unknown,0,187.88,273.07,273.07,365.51,578.34
cell_03515,80.2675,13.0125,299835.13924705493,-7.0,15.0,5.44,0.0,15.12,3.29,0.0,0.0,0.0,1.49,321.2,1680.65,121.56,0.000405,Vegetation,0.36,31.2,68.44,0.0,0.0,0,0.0,Unknown,0,187.88,273.07,273.07,365.51,578.34
cell_03516,80.2675,13.0175,299829.24318366416,-6.0,12.0,6.58,0.0,14.08,3.07,3052.33,0.01018,17.0,138.65,205.14,1241.61,455.1,0.001518,Vegetation,30.91,17.49,51.21,0.07,0.33,1,0.0,Unknown,1,187.88,273.07,273.07,365.51,578.34
cell_03517,80.2675,13.0225,299823.3448854449,-2.0,14.0,6.64,0.0,8.87,2.41,8162.49,0.027224,49.0,86.72,756.43,905.26,0.0,0.0,Built-up,49.03,7.01,43.96,0.0,0.0,1,0.0,Unknown,1,187.88,273.07,273.07,365.51,578.34
cell_03518,80.2675,13.0275,299817.4443520286,3.0,13.0,9.48,0.0,6.19,2.15,13563.13,0.045238,73.0,315.15,1309.04,710.09,0.0,0.0,Built-up,90.55,0.0,9.35,0.0,0.1,1,0.0,Unknown,1,187.88,273.07,273.07,365.51,578.34
cell_03519,80.2675,13.0325,299811.54158368026,0.0,16.0,10.3,0.0,10.4,3.02,8338.5,0.027812,42.0,48.2,1861.74,245.8,253.39,0.000845,Built-up,74.05,0.13,19.77,4.73,1.32,1,0.0,Unknown,1,187.88,273.07,273.07,365.51,578.34
cell_03520,80.2675,13.0375,299805.63658067957,6.0,16.0,10.2,0.0,6.81,2.08,10865.13,0.036241,82.0,162.64,2414.53,172.61,674.46,0.00225,Built-up,87.99,0.1,11.2,0.0,0.71,1,0.0,Unknown,1,187.88,273.07,273.07,365.51,578.34
cell_03521,80.2675,13.0425,299799.7293421219,4.0,16.0,9.48,0.0,8.3,2.47,12320.42,0.041095,65.0,345.75,2294.93,359.35,43.69,0.000146,Built-up,90.16,0.0,9.84,0.0,0.0,1,0.0,Unknown,1,187.88,273.07,273.07,365.51,578.34
cell_03522,80.2675,13.0475,299793.8198692503,5.0,15.0,10.16,0.0,4.84,1.89,10919.03,0.036422,59.0,746.88,1806.97,748.81,0.0,0.0,Built-up,91.17,0.0,8.83,0.0,0.0,2,0.0,Unknown,1,187.88,273.07,273.07,365.51,578.34
cell_03523,80.2675,13.0525,299787.90816127125,7.0,14.0,10.38,0.0,6.41,1.95,12794.96,0.04268,69.0,1085.65,1368.63,1199.88,0.0,0.0,Built-up,80.88,0.0,18.99,0.0,0.13,0,0.0,Unknown,0,187.88,273.07,273.07,365.51,578.34
cell_03524,80.2675,13.0575,299781.99421827495,6.0,16.0,10.24,0.0,6.19,2.06,7735.59,0.025804,43.0,683.22,988.69,1396.05,0.0,0.0,Built-up,77.86,0.0,21.17,0.62,0.36,0,0.0,Unknown,0,187.88,273.07,273.07,365.51,578.34
cell_03525,80.2675,13.0625,299776.0780409518,6.0,16.0,9.54,0.0,9.51,2.7,12998.42,0.04336,75.0,488.42,510.79,1394.69,0.0,0.0,Built-up,92.69,0.0,7.07,0.0,0.23,1,0.0,Unknown,1,187.88,273.07,273.07,365.51,578.34
cell_03526,80.2675,13.0675,299770.1596286023,2.0,19.0,8.15,0.0,12.82,2.64,9949.01,0.033189,59.0,3.11,32.91,1486.65,679.2,0.002266,Built-up,74.74,11.49,12.86,0.0,0.91,1,0.0,Unknown,1,187.88,273.07,273.07,365.51,578.34
cell_03527,80.2675,13.0725,299764.23898134904,2.0,12.0,7.73,0.0,5.79,2.34,13315.44,0.04442,65.0,0.0,5.11,1113.55,679.05,0.002265,Built-up,77.56,10.55,10.29,0.58,1.01,0,0.0,Unknown,0,187.88,273.07,273.07,365.51,578.34
cell_03528,80.2675,13.0775,299758.31609981944,1.0,21.0,7.01,0.0,18.53,2.93,11766.1,0.039252,75.0,98.7,120.64,848.11,821.35,0.00274,Built-up,64.89,14.74,19.04,0.0,1.32,0,0.0,Unknown,0,187.88,273.07,273.07,365.51,578.34
cell_03529,80.2675,13.0825,299752.3909835657,2.0,14.0,9.32,0.0,6.03,2.59,13289.73,0.044336,78.0,289.25,316.02,785.28,0.0,0.0,Built-up,81.23,1.04,17.47,0.0,0.26,0,0.0,Unknown,0,187.88,273.07,273.07,365.51,578.34
cell_03530,80.2675,13.0875,299746.46363228513,5.0,14.0,9.03,0.0,6.98,2.31,8469.81,0.028257,36.0,701.72,860.69,711.16,0.0,0.0,Built-up,90.51,0.0,8.53,0.0,0.96,1,0.0,Unknown,1,187.88,273.07,273.07,365.51,578.34
cell_03531,80.2675,13.0925,299740.5340468736,4.0,11.0,7.88,0.0,5.94,2.1,10291.1,0.034333,61.0,392.04,1405.83,499.11,0.0,0.0,Built-up,89.25,0.0,10.71,0.0,0.03,1,0.0,Unknown,1,187.88,273.07,273.07,365.51,578.34
cell_03532,80.2675,13.0975,299734.60222689854,0.0,15.0,5.63,0.0,9.36,2.14,15078.94,0.050308,124.0,595.89,1954.48,111.84,547.29,0.001826,Built-up,72.08,0.0,25.49,0.19,2.24,0,0.0,Unknown,0,187.88,273.07,273.07,365.51,578.34
cell_03533,80.2675,13.1025,299728.6681720569,1.0,19.0,6.97,0.0,13.67,2.91,6886.76,0.022977,42.0,334.55,2505.04,86.4,616.05,0.002055,Built-up,48.1,0.0,47.04,3.37,1.49,2,0.0,Unknown,1,187.88,273.07,273.07,365.51,578.34
cell_03534,80.2675,13.1075,299722.73188316444,-1.0,10.0,4.94,0.0,6.98,2.31,11806.15,0.03939,92.0,198.8,3056.47,212.64,592.31,0.001976,Built-up,58.21,0.0,41.79,0.0,0.0,0,0.0,Unknown,0,187.88,273.07,273.07,365.51,578.34
cell_03535,80.2675,13.1125,299716.79335961735,-1.0,8.0,3.95,0.0,6.03,2.0,9382.83,0.031306,49.0,154.46,3608.37,302.04,0.0,0.0,Built-up,48.05,0.0,42.86,7.31,1.79,0,0.0,Unknown,0,187.88,273.07,273.07,365.51,578.34
cell_03536,80.2675,13.1175,299710.85260179045,0.0,11.0,5.15,0.0,5.25,2.07,11546.64,0.038526,70.0,178.46,4160.56,430.07,0.0,0.0,Built-up,76.66,0.0,12.93,7.27,3.14,3,0.0,Unknown,1,187.88,273.07,273.07,365.51,578.34
cell_03537,80.2675,13.1225,299704.90960922145,-4.0,12.0,4.13,0.0,7.66,2.66,16019.29,0.05345,136.0,186.03,4712.94,505.1,0.0,0.0,Built-up,70.39,0.0,18.25,9.35,2.01,2,0.0,Unknown,1,187.88,273.07,273.07,365.51,578.34
cell_03538,80.2675,13.1275,299698.96438293136,-2.0,10.0,3.6,0.0,6.93,2.22,16017.61,0.053446,132.0,8.9,5265.44,27.21,750.72,0.002505,Built-up,62.89,6.07,24.84,4.09,2.11,2,0.0,Unknown,1,187.88,273.07,273.07,365.51,578.34
cell_03539,80.2675,13.1325,299693.01692184363,-2.0,8.0,4.39,0.0,8.8,2.25,1394.79,0.004654,8.0,547.67,5818.03,213.2,592.98,0.001979,Vegetation,7.83,0.0,53.88,26.35,11.93,0,0.0,Unknown,0,187.88,273.07,273.07,365.51,578.34
cell_03540,80.2675,13.1375,299687.06722671015,-2.0,7.0,2.4,0.0,6.03,2.29,0.0,0.0,0.0,351.5,6080.55,653.41,0.0,0.0,Bare Land,0.0,0.0,38.15,20.13,41.72,0,0.0,Unknown,0,187.88,273.07,273.07,365.51,578.34
cell_03541,80.2675,13.1425,299681.115297212,-5.0,6.0,1.79,0.0,9.93,2.34,0.0,0.0,0.0,14.21,5608.68,809.21,0.0,0.0,Vegetation,0.0,22.86,55.13,15.78,6.23,0,0.0,Unknown,0,187.88,273.07,273.07,365.51,578.34
cell_03542,80.2675,13.1475,299675.16113386594,-2.0,10.0,3.58,0.0,7.26,2.55,0.0,0.0,0.0,274.8,5152.98,379.35,0.0,0.0,Vegetation,13.82,1.26,82.45,2.38,0.1,0,0.0,Unknown,0,187.88,273.07,273.07,365.51,578.34
cell_03543,80.2675,13.1525,299669.2047359096,-3.0,11.0,4.27,0.0,13.12,2.76,0.0,0.0,0.0,18.61,4718.11,494.54,0.0,0.0,Vegetation,33.44,1.04,34.42,28.21,2.89,0,0.0,Unknown,0,187.88,273.07,273.07,365.51,578.34
cell_03544,80.2675,13.1575,299663.2461041429,-5.0,15.0,4.15,0.0,11.44,3.07,0.0,0.0,0.0,41.95,4310.4,864.27,0.0,0.0,Vegetation,12.5,10.45,43.47,29.81,3.77,0,0.0,Unknown,0,187.88,273.07,273.07,365.51,578.34
cell_03545,80.2675,13.1625,299657.28523808846,-1.0,15.0,4.31,0.0,11.02,2.45,1913.07,0.006384,7.0,140.28,3928.87,1238.75,0.0,0.0,Vegetation,24.0,1.45,47.21,26.41,0.93,0,0.0,Unknown,0,187.88,273.07,273.07,365.51,578.34
cell_03546,80.2675,13.1675,299651.3221381998,-8.0,20.0,4.03,0.0,25.54,3.48,0.0,0.0,0.0,0.0,3578.32,1449.84,0.0,0.0,Vegetation,9.25,0.97,73.57,15.68,0.52,0,0.0,Unknown,0,187.88,273.07,273.07,365.51,578.34
cell_03547,80.2675,13.1725,299645.3568040155,2.0,16.0,8.47,0.0,8.8,2.66,0.0,0.0,0.0,192.09,3283.95,897.12,0.0,0.0,Built-up,57.4,2.37,36.72,0.65,2.86,0,0.0,Unknown,0,187.88,273.07,273.07,365.51,578.34
cell_03548,80.2675,13.1775,299639.389236208,-4.0,18.0,5.32,0.0,16.25,3.83,175.76,0.000587,0.0,594.23,2838.44,344.41,0.0,0.0,Vegetation,8.96,2.12,61.59,27.14,0.2,0,0.0,Unknown,0,187.88,273.07,273.07,365.51,578.34
cell_03549,80.2675,13.1825,299633.4194340956,-5.0,8.0,2.27,0.0,5.79,2.06,2217.18,0.0074,8.0,1131.77,2425.18,208.3,542.2,0.00181,Vegetation,27.6,2.95,42.82,24.16,2.47,0,0.0,Unknown,0,187.88,273.07,273.07,365.51,578.34
cell_03550,80.2675,13.1875,299627.44739841536,-1.0,7.0,3.39,0.0,4.98,1.97,2883.49,0.009624,4.0,692.83,2038.55,761.01,0.0,0.0,Built-up,31.98,0.03,24.77,26.62,16.59,0,0.0,Unknown,0,187.88,273.07,273.07,365.51,578.34
cell_03551,80.2675,13.1925,299621.4731287059,0.0,7.0,3.46,0.0,5.66,1.81,5478.94,0.018286,13.0,167.43,1727.69,1313.73,0.0,0.0,Built-up,40.66,0.0,19.44,26.05,13.85,0,0.0,Unknown,0,187.88,273.07,273.07,365.51,578.34
cell_03552,80.2675,13.1975,299615.4966249309,0.0,7.0,3.06,0.0,6.83,1.79,4443.16,0.01483,18.0,395.84,1557.19,1866.44,0.0,0.0,Cropland,27.31,0.0,16.07,53.34,3.28,0,0.0,Unknown,0,187.88,273.07,273.07,365.51,578.34
cell_03553,80.2675,13.2025,299609.5178877641,1.0,8.0,4.29,0.0,5.66,1.72,1927.58,0.006434,6.0,19.73,1513.12,2419.15,0.0,0.0,Built-up,47.73,0.0,22.47,20.81,8.99,0,0.0,Unknown,0,187.88,273.07,273.07,365.51,578.34
cell_03554,80.2675,13.2075,299603.5369164757,0.0,7.0,3.68,0.0,5.15,1.89,0.0,0.0,0.0,501.55,1145.68,2199.37,0.0,0.0,Built-up,65.29,0.33,12.93,13.92,7.54,0,0.0,Unknown,0,187.88,273.07,273.07,365.51,578.34
cell_03555,80.2675,13.2125,299597.5537118185,1.0,9.0,4.49,0.0,6.98,1.96,0.0,0.0,0.0,638.7,696.72,1781.18,0.0,0.0,Vegetation,13.93,0.16,49.97,35.13,0.81,0,0.0,Unknown,0,187.88,273.07,273.07,365.51,578.34
cell_03556,80.2675,13.2175,299591.5682729364,1.0,8.0,4.8,0.0,4.86,1.82,0.0,0.0,0.0,362.66,400.29,1454.95,0.0,0.0,Cropland,24.32,0.0,30.58,45.1,0.0,0,0.0,Unknown,0,187.88,273.07,273.07,365.51,578.34
cell_03557,80.2675,13.2225,299585.58060091286,0.0,8.0,3.92,0.0,6.89,2.04,0.0,0.0,0.0,0.0,305.64,1293.35,0.0,0.0,Vegetation,2.45,0.99,57.95,32.99,5.62,0,0.0,Unknown,0,187.88,273.07,273.07,365.51,578.34
cell_03558,80.2675,13.2275,299579.5906951452,1.0,8.0,4.51,0.0,5.79,2.02,0.0,0.0,0.0,295.57,515.03,1356.54,0.0,0.0,Vegetation,1.1,0.0,57.44,15.06,26.4,0,0.0,Unknown,0,187.88,273.07,273.07,365.51,578.34
cell_03559,80.2675,13.2325,299573.5985553919,2.0,8.0,4.95,0.0,4.98,1.74,0.0,0.0,0.0,419.7,518.67,1618.4,0.0,0.0,Vegetation,3.93,0.0,65.32,24.22,6.53,0,0.0,Unknown,0,187.88,273.07,273.07,365.51,578.34
cell_03560,80.2675,13.2375,299567.60418251593,0.0,15.0,6.8,0.0,14.37,2.47,0.0,0.0,0.0,323.45,392.05,2002.45,0.0,0.0,Vegetation,3.44,0.0,80.33,11.47,4.76,0,0.0,Unknown,0,187.88,273.07,273.07,365.51,578.34
cell_03561,80.2675,13.2425,299561.6075761193,1.0,14.0,8.0,0.0,10.61,2.94,0.0,0.0,0.0,54.44,102.67,2451.94,642.24,0.002144,Vegetation,13.67,4.22,57.95,24.16,0.0,0,0.0,Unknown,0,187.88,273.07,273.07,365.51,578.34
cell_03562,80.2675,13.2475,299555.60873605555,3.0,11.0,6.4,0.0,7.66,2.41,0.0,0.0,0.0,218.86,259.21,2936.97,241.42,0.000806,Cropland,0.0,1.36,33.54,65.1,0.0,0,0.0,Unknown,0,187.88,273.07,273.07,365.51,578.34
cell_03563,80.2675,13.2525,299549.6076624303,0.0,0.0,0.0,0.0,0.0,0.0,0.0,0.0,0.0,719.08,780.43,3442.55,0.0,0.0,Unknown,0.0,0.0,0.0,0.0,0.0,0,0.0,Unknown,0,187.88,273.07,273.07,365.51,578.34
cell_03564,80.2725,12.8525,300021.9947047805,0.0,0.0,0.0,0.0,0.0,0.0,0.0,0.0,0.0,3658.69,7393.3,3961.0,0.0,0.0,Water,0.0,100.0,0.0,0.0,0.0,0,0.0,Unknown,0,187.88,273.07,273.07,365.51,578.34
cell_03565,80.2725,12.8575,300016.17021993676,0.0,0.0,0.0,0.0,0.0,0.0,0.0,0.0,0.0,3482.36,7186.01,3732.14,0.0,0.0,Water,0.0,100.0,0.0,0.0,0.0,0,0.0,Unknown,0,187.88,273.07,273.07,365.51,578.34
cell_03566,80.2725,12.8625,300010.34349878505,0.0,0.0,0.0,0.0,0.0,0.0,0.0,0.0,0.0,3382.51,7010.61,3525.65,0.0,0.0,Water,0.0,100.0,0.0,0.0,0.0,0,0.0,Unknown,0,187.88,273.07,273.07,365.51,578.34
cell_03567,80.2725,12.8675,300004.51454187377,0.0,0.0,0.0,0.0,0.0,0.0,0.0,0.0,0.0,3356.09,6871.45,3391.94,0.0,0.0,Water,0.0,100.0,0.0,0.0,0.0,0,0.0,Unknown,0,187.88,273.07,273.07,365.51,578.34
cell_03568,80.2725,12.8725,299998.6833485354,0.0,0.0,0.0,0.0,0.0,0.0,0.0,0.0,0.0,3313.3,6421.53,3339.19,0.0,0.0,Water,0.0,100.0,0.0,0.0,0.0,0,0.0,Unknown,0,187.88,273.07,273.07,365.51,578.34
cell_03569,80.2725,12.8775,299992.849919272,0.0,0.0,0.0,0.0,0.0,0.0,0.0,0.0,0.0,3117.88,5946.52,3369.44,0.0,0.0,Water,0.0,100.0,0.0,0.0,0.0,0,0.0,Unknown,0,187.88,273.07,273.07,365.51,578.34
cell_03570,80.2725,12.8825,299987.0142539206,0.0,0.0,0.0,0.0,0.0,0.0,0.0,0.0,0.0,3012.07,5486.13,3443.75,0.0,0.0,Water,0.0,100.0,0.0,0.0,0.0,0,0.0,Unknown,0,187.88,273.07,273.07,365.51,578.34
cell_03571,80.2725,12.8875,299981.1763528073,0.0,0.0,0.0,0.0,0.0,0.0,0.0,0.0,0.0,2958.42,5044.37,3494.69,0.0,0.0,Water,0.0,100.0,0.0,0.0,0.0,0,0.0,Unknown,0,187.88,273.07,273.07,365.51,578.34
cell_03572,80.2725,12.8925,299975.33621525066,0.0,0.0,0.0,0.0,0.0,0.0,0.0,0.0,0.0,2878.42,4626.59,3571.25,0.0,0.0,Water,0.0,100.0,0.0,0.0,0.0,0,0.0,Unknown,0,187.88,273.07,273.07,365.51,578.34
cell_03573,80.2725,12.8975,299969.4938421613,0.0,0.0,0.0,0.0,0.0,0.0,0.0,0.0,0.0,2897.56,4239.88,3639.65,0.0,0.0,Water,0.0,100.0,0.0,0.0,0.0,0,0.0,Unknown,0,187.88,273.07,273.07,365.51,578.34
cell_03574,80.2725,12.9025,299963.6492333302,0.0,0.0,0.0,0.0,0.0,0.0,0.0,0.0,0.0,3019.59,3893.49,3535.07,0.0,0.0,Water,0.0,100.0,0.0,0.0,0.0,0,0.0,Unknown,0,187.88,273.07,273.07,365.51,578.34
cell_03575,80.2725,12.9075,299957.80238807376,0.0,0.0,0.0,0.0,0.0,0.0,0.0,0.0,0.0,2824.8,3599.11,3430.48,0.0,0.0,Water,0.0,100.0,0.0,0.0,0.0,0,0.0,Unknown,0,187.88,273.07,273.07,365.51,578.34
cell_03576,80.2725,12.9125,299951.95330766623,0.0,0.0,0.0,0.0,0.0,0.0,0.0,0.0,0.0,2597.26,3370.38,3325.9,0.0,0.0,Water,0.0,100.0,0.0,0.0,0.0,0,0.0,Unknown,0,187.88,273.07,273.07,365.51,578.34
cell_03577,80.2725,12.9175,299946.10199101525,0.0,0.0,0.0,0.0,0.0,0.0,0.0,0.0,0.0,2474.39,3221.31,3221.31,0.0,0.0,Water,0.0,100.0,0.0,0.0,0.0,0,0.0,Unknown,0,187.88,273.07,273.07,365.51,578.34
cell_03578,80.2725,12.9225,299940.2484389826,0.0,0.0,0.0,0.0,0.0,0.0,0.0,0.0,0.0,2400.11,3163.2,3119.32,0.0,0.0,Water,0.0,100.0,0.0,0.0,0.0,0,0.0,Unknown,0,187.88,273.07,273.07,365.51,578.34
cell_03579,80.2725,12.9275,299934.39265080704,0.0,0.0,0.0,0.0,0.0,0.0,0.0,0.0,0.0,2338.1,3200.99,3014.99,0.0,0.0,Water,0.0,100.0,0.0,0.0,0.0,0,0.0,Unknown,0,187.88,273.07,273.07,365.51,578.34
cell_03580,80.2725,12.9325,299928.53462705354,0.0,0.0,0.0,0.0,0.0,0.0,0.0,0.0,0.0,2405.1,3331.43,2912.75,0.0,0.0,Water,0.0,100.0,0.0,0.0,0.0,0,0.0,Unknown,0,187.88,273.07,273.07,365.51,578.34
cell_03581,80.2725,12.9375,299922.67436798627,0.0,0.0,0.0,0.0,0.0,0.0,0.0,0.0,0.0,2271.13,3544.3,2819.05,0.0,0.0,Water,0.0,100.0,0.0,0.0,0.0,0,0.0,Unknown,0,187.88,273.07,273.07,365.51,578.34
cell_03582,80.2725,12.9425,299916.8118730793,0.0,0.0,0.0,0.0,0.0,0.0,0.0,0.0,0.0,2090.22,3825.87,2717.19,0.0,0.0,Water,0.0,100.0,0.0,0.0,0.0,0,0.0,Unknown,0,187.88,273.07,273.07,365.51,578.34
cell_03583,80.2725,12.9475,299910.9471425482,0.0,0.0,0.0,0.0,0.0,0.0,0.0,0.0,0.0,2024.94,4162.21,2611.89,0.0,0.0,Water,0.0,100.0,0.0,0.0,0.0,0,0.0,Unknown,0,187.88,273.07,273.07,365.51,578.34
cell_03584,80.2725,12.9525,299905.08017654816,0.0,0.0,0.0,0.0,0.0,0.0,0.0,0.0,0.0,2094.9,4541.18,2512.97,0.0,0.0,Water,0.0,100.0,0.0,0.0,0.0,0,0.0,Unknown,0,187.88,273.07,273.07,365.51,578.34
cell_03585,80.2725,12.9575,299899.2109752004,0.0,0.0,0.0,0.0,0.0,0.0,0.0,0.0,0.0,2045.96,4953.0,2405.51,0.0,0.0,Water,0.0,100.0,0.0,0.0,0.0,0,0.0,Unknown,0,187.88,273.07,273.07,365.51,578.34
cell_03586,80.2725,12.9625,299893.33953810605,0.0,0.0,0.0,0.0,0.0,0.0,0.0,0.0,0.0,1784.98,5332.83,2311.34,0.0,0.0,Water,0.0,100.0,0.0,0.0,0.0,0,0.0,Unknown,0,187.88,273.07,273.07,365.51,578.34
cell_03587,80.2725,12.9675,299887.46586563997,0.0,0.0,0.0,0.0,0.0,0.0,0.0,0.0,0.0,1666.85,5018.37,2196.26,0.0,0.0,Water,0.0,100.0,0.0,0.0,0.0,0,0.0,Unknown,0,187.88,273.07,273.07,365.51,578.34
cell_03588,80.2725,12.9725,299881.5899579553,0.0,0.0,0.0,0.0,0.0,0.0,0.0,0.0,0.0,1724.33,4468.98,2100.08,0.0,0.0,Water,0.0,100.0,0.0,0.0,0.0,0,0.0,Unknown,0,187.88,273.07,273.07,365.51,578.34
cell_03589,80.2725,12.9775,299875.7118147329,0.0,0.0,0.0,0.0,0.0,0.0,0.0,0.0,0.0,1431.93,3920.6,2034.24,0.0,0.0,Water,0.0,100.0,0.0,0.0,0.0,0,0.0,Unknown,0,187.88,273.07,273.07,365.51,578.34
cell_03590,80.2725,12.9825,299869.8314362361,0.0,0.0,0.0,0.0,0.0,0.0,0.0,0.0,0.0,1192.11,3373.71,2051.28,0.0,0.0,Water,0.0,100.0,0.0,0.0,0.0,0,0.0,Unknown,0,187.88,273.07,273.07,365.51,578.34
cell_03591,80.2725,12.9875,299863.9488225547,0.0,5.0,0.09,0.0,6.19,0.17,0.0,0.0,0.0,1165.17,2829.2,2150.78,0.0,0.0,Water,0.0,93.86,3.18,0.06,2.89,0,0.0,Unknown,0,187.88,273.07,273.07,365.51,578.34
cell_03592,80.2725,12.9925,299858.06397335324,0.0,8.0,1.25,0.0,8.23,0.87,1451.72,0.004841,8.0,1360.53,2286.2,2268.49,0.0,0.0,Water,15.31,71.46,4.24,0.48,8.51,0,0.0,Unknown,0,187.88,273.07,273.07,365.51,578.34
cell_03593,80.2725,12.9975,299852.1768891328,0.0,10.0,2.09,0.0,7.53,1.31,4824.21,0.016089,20.0,1460.1,1742.66,2409.05,0.0,0.0,Water,28.32,45.73,1.15,0.0,24.81,0,0.0,Unknown,0,187.88,273.07,273.07,365.51,578.34
cell_03594,80.2725,13.0025,299846.2875696214,0.0,14.0,4.8,0.0,11.51,1.94,7624.21,0.025427,35.0,909.45,1199.39,2546.09,0.0,0.0,Built-up,45.13,17.82,13.08,0.0,23.96,0,0.0,Unknown,0,187.88,273.07,273.07,365.51,578.34
cell_03595,80.2725,13.0075,299840.3960150816,0.0,16.0,9.67,0.0,11.51,2.33,662.79,0.00221,2.0,357.78,656.69,2445.96,0.0,0.0,Vegetation,1.47,0.0,97.16,0.32,1.05,0,0.0,Unknown,0,187.88,273.07,273.07,365.51,578.34
cell_03596,80.2725,13.0125,299834.5022252579,0.0,13.0,2.47,0.0,14.89,2.26,0.0,0.0,0.0,18.89,116.56,2015.47,566.45,0.001889,Water,0.64,61.7,34.73,2.93,0.0,0,0.0,Unknown,0,187.88,273.07,273.07,365.51,578.34
cell_03597,80.2725,13.0175,299828.6062003195,-3.0,13.0,4.22,0.0,11.94,2.85,4139.39,0.013806,15.0,180.63,411.63,1651.97,0.0,0.0,Built-up,55.84,12.05,29.32,1.49,1.3,1,0.0,Unknown,1,187.88,273.07,273.07,365.51,578.34
cell_03598,80.2725,13.0225,299822.7079405289,0.0,10.0,4.31,0.0,6.91,2.49,4853.34,0.016187,25.0,4.72,905.14,1404.79,0.0,0.0,Vegetation,36.07,14.76,45.85,2.97,0.35,0,0.0,Unknown,0,187.88,273.07,273.07,365.51,578.34
cell_03599,80.2725,13.0275,299816.80744558363,3.0,13.0,9.48,0.0,7.7,1.81,14350.8,0.047865,72.0,356.36,1410.19,1014.04,0.0,0.0,Built-up,90.85,0.0,7.43,0.1,1.63,0,0.0,Unknown,0,187.88,273.07,273.07,365.51,578.34
cell_03600,80.2725,13.0325,299810.90471573063,5.0,16.0,11.32,0.0,6.19,2.04,11901.9,0.039698,76.0,146.68,1938.61,597.14,0.0,0.0,Built-up,91.49,0.0,8.44,0.06,0.0,2,0.0,Unknown,1,187.88,273.07,273.07,365.51,578.34
cell_03601,80.2725,13.0375,299804.9997509338,7.0,15.0,11.18,0.0,6.15,1.96,12910.17,0.043062,87.0,89.34,2477.22,342.06,0.0,0.0,Built-up,93.43,0.0,6.51,0.0,0.06,1,0.0,Unknown,1,187.88,273.07,273.07,365.51,578.34
cell_03602,80.2725,13.0425,299799.09255098517,4.0,15.0,8.8,0.0,6.98,2.29,11702.54,0.039035,63.0,32.97,2568.47,40.88,638.38,0.002129,Built-up,92.19,0.06,7.3,0.0,0.45,1,0.0,Unknown,1,187.88,273.07,273.07,365.51,578.34
cell_03603,80.2725,13.0475,299793.18311658973,6.0,14.0,9.7,0.0,5.25,1.95,12438.5,0.04149,75.0,585.92,2142.65,507.41,0.0,0.0,Built-up,79.29,0.0,20.71,0.0,0.0,1,0.0,Unknown,1,187.88,273.07,273.07,365.51,578.34
cell_03604,80.2725,13.0525,299787.27144708065,6.0,15.0,9.66,0.0,6.03,1.96,16870.6,0.056275,98.0,548.6,1710.95,700.2,0.0,0.0,Built-up,86.48,0.0,13.17,0.0,0.35,2,0.0,Unknown,1,187.88,273.07,273.07,365.51,578.34
cell_03605,80.2725,13.0575,299781.35754259495,6.0,14.0,10.42,0.0,4.89,1.8,16799.24,0.056038,97.0,441.85,1196.49,854.54,0.0,0.0,Built-up,99.78,0.0,0.0,0.0,0.22,4,0.0,Unknown,1,187.88,273.07,273.07,365.51,578.34
cell_03606,80.2725,13.0625,299775.4414037595,2.0,13.0,9.79,0.0,7.5,2.18,15514.43,0.051754,88.0,71.0,713.05,856.95,0.0,0.0,Built-up,96.4,0.0,3.08,0.0,0.52,0,0.0,Unknown,0,187.88,273.07,273.07,365.51,578.34
cell_03607,80.2725,13.0675,299769.5230298927,6.0,19.0,11.4,0.0,8.87,2.66,9436.51,0.031479,71.0,360.97,382.32,965.22,0.0,0.0,Built-up,94.64,0.0,3.83,0.0,1.53,0,0.0,Unknown,0,187.88,273.07,273.07,365.51,578.34
cell_03608,80.2725,13.0725,299763.60242125764,0.0,14.0,8.44,0.0,7.8,2.56,8149.14,0.027185,50.0,200.67,250.22,799.25,288.62,0.000963,Built-up,75.32,5.84,16.36,0.0,2.49,1,0.0,Unknown,1,187.88,273.07,273.07,365.51,578.34
cell_03609,80.2725,13.0775,299757.6795782597,1.0,13.0,5.91,0.0,6.15,2.43,6924.78,0.023101,29.0,47.46,93.44,343.68,1052.8,0.003512,Built-up,61.23,15.32,21.92,0.78,0.75,1,0.0,Unknown,1,187.88,273.07,273.07,365.51,578.34
cell_03610,80.2725,13.0825,299751.75450051704,2.0,15.0,7.72,0.0,7.79,2.83,4851.93,0.016187,30.0,245.4,379.92,249.98,401.02,0.001338,Built-up,84.95,0.0,14.89,0.03,0.13,0,0.0,Unknown,0,187.88,273.07,273.07,365.51,578.34
cell_03611,80.2725,13.0875,299745.8271878671,1.0,21.0,8.17,0.0,13.7,3.42,885.12,0.002953,7.0,160.68,898.06,169.8,556.22,0.001856,Built-up,52.6,0.0,44.03,0.58,2.79,0,0.0,Unknown,0,187.88,273.07,273.07,365.51,578.34
cell_03612,80.2725,13.0925,299739.8976409351,-1.0,11.0,5.19,0.0,6.41,2.54,3580.55,0.011946,16.0,173.19,1430.34,192.33,573.17,0.001912,Built-up,59.95,0.26,36.96,0.92,1.91,1,0.0,Unknown,1,187.88,273.07,273.07,365.51,578.34
cell_03613,80.2725,13.0975,299733.9658595138,1.0,16.0,5.39,0.0,10.43,2.32,2945.41,0.009827,9.0,153.5,1972.18,161.41,553.56,0.001847,Built-up,65.47,4.11,28.54,0.0,1.88,0,0.0,Unknown,0,187.88,273.07,273.07,365.51,578.34
cell_03614,80.2725,13.1025,299728.0318435033,1.0,11.0,5.88,0.0,7.09,2.45,4796.52,0.016003,23.0,65.77,2518.87,79.25,567.67,0.001894,Built-up,53.93,1.98,43.67,0.26,0.16,0,0.0,Unknown,0,187.88,273.07,273.07,365.51,578.34
cell_03615,80.2725,13.1075,299722.0955930412,-1.0,10.0,4.07,0.0,6.16,2.19,9049.81,0.030194,60.0,58.6,3067.81,69.91,962.1,0.00321,Built-up,47.51,6.54,39.32,4.97,1.66,1,0.0,Unknown,1,187.88,273.07,273.07,365.51,578.34
cell_03616,80.2725,13.1125,299716.15710825037,-1.0,11.0,4.56,0.0,7.85,2.34,8346.69,0.027849,52.0,176.7,3617.99,231.05,566.02,0.001889,Built-up,64.86,0.64,28.25,5.93,0.32,0,0.0,Unknown,0,187.88,273.07,273.07,365.51,578.34
cell_03617,80.2725,13.1175,299710.21638901456,-3.0,10.0,4.65,0.0,11.7,2.5,17471.07,0.058293,112.0,82.53,4168.9,95.26,570.0,0.001902,Built-up,61.17,1.36,26.17,9.25,2.05,1,0.0,Unknown,1,187.88,273.07,273.07,365.51,578.34
cell_03618,80.2725,13.1225,299704.2734350934,-7.0,9.0,4.2,0.0,10.3,2.54,9353.05,0.031208,56.0,15.56,4720.3,35.16,663.21,0.002213,Built-up,41.71,3.09,34.92,13.33,6.95,0,0.0,Unknown,0,187.88,273.07,273.07,365.51,578.34
cell_03619,80.2725,13.1275,299698.3282474143,-6.0,10.0,4.22,0.0,10.87,2.61,20262.71,0.06761,115.0,149.86,5272.03,167.72,1134.56,0.003786,Built-up,74.14,0.19,19.04,3.16,3.48,1,0.0,Unknown,1,187.88,273.07,273.07,365.51,578.34
cell_03620,80.2725,13.1325,299692.3808251514,-1.0,7.0,3.52,0.0,5.59,1.95,3606.58,0.012034,19.0,487.04,5824.0,181.06,761.33,0.00254,Vegetation,10.45,4.61,46.23,25.78,12.92,1,0.0,Unknown,1,187.88,273.07,273.07,365.51,578.34
cell_03621,80.2725,13.1375,299686.431168758,-2.0,6.0,1.6,0.0,6.51,2.22,0.0,0.0,0.0,61.64,5828.15,466.64,0.0,0.0,Bare Land,0.0,0.26,41.39,14.86,43.49,0,0.0,Unknown,0,187.88,273.07,273.07,365.51,578.34
cell_03622,80.2725,13.1425,299680.4792779461,-42.0,12.0,1.79,0.0,40.33,5.06,0.0,0.0,0.0,42.83,5334.01,640.15,0.0,0.0,Vegetation,0.22,3.95,61.96,33.67,0.19,0,0.0,Unknown,0,187.88,273.07,273.07,365.51,578.34
cell_03623,80.2725,13.1475,299674.5251532945,-25.0,12.0,2.46,0.0,25.62,3.54,0.0,0.0,0.0,469.27,4852.59,234.48,350.53,0.00117,Vegetation,10.55,4.9,78.99,5.29,0.26,0,0.0,Unknown,0,187.88,273.07,273.07,365.51,578.34
cell_03624,80.2725,13.1525,299668.568794121,0.0,13.0,5.05,0.0,14.54,2.66,214.25,0.000715,0.0,377.31,4388.06,192.1,502.41,0.001677,Built-up,77.42,0.0,19.26,0.8,2.52,0,0.0,Unknown,0,187.88,273.07,273.07,365.51,578.34
cell_03625,80.2725,13.1575,299662.610201021,-7.0,14.0,4.91,0.0,9.89,3.24,1435.56,0.004791,0.0,168.1,3946.4,478.06,0.0,0.0,Built-up,73.31,9.25,10.11,6.41,0.92,0,0.0,Unknown,0,187.88,273.07,273.07,365.51,578.34
cell_03626,80.2725,13.1625,299656.6493737849,0.0,16.0,5.87,0.0,10.43,2.68,427.02,0.001425,0.0,243.21,3536.2,1002.59,0.0,0.0,Built-up,90.13,1.72,4.77,0.29,3.08,0,0.0,Unknown,0,187.88,273.07,273.07,365.51,578.34
cell_03627,80.2725,13.1675,299650.6863126759,-15.0,12.0,3.59,0.0,17.79,3.32,1278.03,0.004265,0.0,61.97,3156.0,1444.09,0.0,0.0,Vegetation,30.2,0.0,62.31,6.44,1.05,0,0.0,Unknown,0,187.88,273.07,273.07,365.51,578.34
cell_03628,80.2725,13.1725,299644.7210173112,-3.0,12.0,4.71,0.0,9.01,2.84,1136.99,0.003794,0.0,239.73,2817.86,891.85,0.0,0.0,Vegetation,34.38,0.86,58.83,1.85,4.08,0,0.0,Unknown,0,187.88,273.07,273.07,365.51,578.34
cell_03629,80.2725,13.1775,299638.75348827126,-2.0,12.0,4.7,0.0,9.01,2.96,2157.43,0.0072,8.0,613.83,2523.57,342.04,0.0,0.0,Vegetation,30.1,7.63,50.16,8.05,4.06,0,0.0,Unknown,0,187.88,273.07,273.07,365.51,578.34
cell_03630,80.2725,13.1825,299632.7837250462,-2.0,6.0,2.67,0.0,6.93,2.3,1746.23,0.005828,3.0,1019.54,2071.22,181.46,555.47,0.001854,Built-up,53.44,0.0,33.55,9.76,3.25,0,0.0,Unknown,0,187.88,273.07,273.07,365.51,578.34
cell_03631,80.2725,13.1875,299626.81172804144,-1.0,8.0,3.95,0.0,4.86,1.89,1283.34,0.004283,3.0,798.82,1651.0,733.51,0.0,0.0,Built-up,73.76,0.0,12.79,9.98,3.48,0,0.0,Unknown,0,187.88,273.07,273.07,365.51,578.34
cell_03632,80.2725,13.1925,299620.8374972062,-1.0,9.0,4.4,0.0,7.39,2.18,12438.46,0.041514,73.0,428.56,1268.5,1286.37,0.0,0.0,Built-up,67.95,0.0,10.52,20.0,1.53,0,0.0,Unknown,0,187.88,273.07,273.07,365.51,578.34
cell_03633,80.2725,13.1975,299614.8610323775,0.0,6.0,3.3,0.0,4.76,1.82,12850.41,0.04289,74.0,564.23,1024.64,1839.29,0.0,0.0,Cropland,26.15,0.0,26.21,42.03,5.61,0,0.0,Unknown,0,187.88,273.07,273.07,365.51,578.34
cell_03634,80.2725,13.2025,299608.8823340871,0.0,8.0,4.02,0.0,4.98,1.91,5100.29,0.017023,21.0,485.12,984.42,2392.25,0.0,0.0,Built-up,33.32,0.0,22.58,27.14,16.96,0,0.0,Unknown,0,187.88,273.07,273.07,365.51,578.34
cell_03635,80.2725,13.2075,299602.9014016378,2.0,11.0,6.44,0.0,6.89,2.06,11496.07,0.038371,45.0,701.19,741.46,1922.17,0.0,0.0,Built-up,75.65,0.0,17.66,1.46,5.23,1,0.0,Unknown,1,187.88,273.07,273.07,365.51,578.34
cell_03636,80.2725,13.2125,299596.9182357975,2.0,12.0,7.1,0.0,7.85,2.15,10344.68,0.034529,45.0,333.53,373.03,1435.96,28.17,9.4e-05,Built-up,72.8,0.61,17.79,8.35,0.45,0,0.0,Unknown,0,187.88,273.07,273.07,365.51,578.34
cell_03637,80.2725,13.2175,299590.932835931,-1.0,13.0,5.14,0.0,10.43,2.82,3003.72,0.010026,9.0,43.65,73.28,1007.75,753.72,0.002516,Vegetation,36.32,17.03,38.62,5.13,2.9,0,0.0,Unknown,0,187.88,273.07,273.07,365.51,578.34
cell_03638,80.2725,13.2225,299584.94520285423,-1.0,11.0,6.02,0.0,8.66,2.56,5191.56,0.017329,20.0,218.51,232.02,755.94,622.25,0.002077,Vegetation,31.49,6.36,57.24,3.77,1.14,1,0.0,Unknown,1,187.88,273.07,273.07,365.51,578.34
cell_03639,80.2725,13.2275,299578.955335869,0.0,10.0,5.27,0.0,5.59,2.22,1231.37,0.00411,9.0,15.63,41.89,859.6,611.96,0.002043,Vegetation,16.87,8.2,69.45,4.18,1.31,0,0.0,Unknown,0,187.88,273.07,273.07,365.51,578.34
cell_03640,80.2725,13.2325,299572.96323534875,0.0,14.0,7.08,0.0,10.11,2.76,0.0,0.0,0.0,0.0,18.68,1232.05,559.67,0.001868,Vegetation,20.6,7.68,50.29,19.9,1.53,0,0.0,Unknown,0,187.88,273.07,273.07,365.51,578.34
cell_03641,80.2725,13.2375,299566.96890132077,-3.0,13.0,6.01,0.0,15.39,2.58,0.0,0.0,0.0,0.0,16.53,1705.46,677.03,0.00226,Vegetation,19.71,2.4,64.09,10.03,3.77,0,0.0,Unknown,0,187.88,273.07,273.07,365.51,578.34
cell_03642,80.2725,13.2425,299560.97233376536,2.0,12.0,6.63,0.0,6.89,2.13,0.0,0.0,0.0,316.92,381.86,2216.03,10.21,3.4e-05,Built-up,43.11,0.0,39.06,13.36,4.46,0,0.0,Unknown,0,187.88,273.07,273.07,365.51,578.34
cell_03643,80.2725,13.2475,299554.9735327258,1.0,11.0,5.73,0.0,6.89,2.6,0.0,0.0,0.0,602.41,648.29,2743.1,0.0,0.0,Vegetation,16.17,0.0,42.06,31.73,10.04,0,0.0,Unknown,0,187.88,273.07,273.07,365.51,578.34
cell_03644,80.2725,13.2525,299548.9724981184,0.0,0.0,0.0,0.0,0.0,0.0,0.0,0.0,0.0,986.16,1011.56,3278.71,0.0,0.0,Unknown,0.0,0.0,0.0,0.0,0.0,0,0.0,Unknown,0,187.88,273.07,273.07,365.51,578.34
cell_03645,80.2775,12.8525,300021.3608361423,0.0,0.0,0.0,0.0,0.0,0.0,0.0,0.0,0.0,4164.32,7892.13,4468.16,0.0,0.0,Water,0.0,100.0,0.0,0.0,0.0,0,0.0,Unknown,0,187.88,273.07,273.07,365.51,578.34
cell_03646,80.2775,12.8575,300015.53638913267,0.0,0.0,0.0,0.0,0.0,0.0,0.0,0.0,0.0,4010.28,7696.8,4226.76,0.0,0.0,Water,0.0,100.0,0.0,0.0,0.0,0,0.0,Unknown,0,187.88,273.07,273.07,365.51,578.34
cell_03647,80.2775,12.8625,300009.70970563544,0.0,0.0,0.0,0.0,0.0,0.0,0.0,0.0,0.0,3921.13,7532.5,4045.58,0.0,0.0,Water,0.0,100.0,0.0,0.0,0.0,0,0.0,Unknown,0,187.88,273.07,273.07,365.51,578.34
cell_03648,80.2775,12.8675,300003.8807864989,0.0,0.0,0.0,0.0,0.0,0.0,0.0,0.0,0.0,3898.35,7172.77,3927.37,0.0,0.0,Water,0.0,100.0,0.0,0.0,0.0,0,0.0,Unknown,0,187.88,273.07,273.07,365.51,578.34
cell_03649,80.2775,12.8725,299998.0496308817,0.0,0.0,0.0,0.0,0.0,0.0,0.0,0.0,0.0,3811.36,6705.37,3881.64,0.0,0.0,Water,0.0,100.0,0.0,0.0,0.0,0,0.0,Unknown,0,187.88,273.07,273.07,365.51,578.34
cell_03650,80.2775,12.8775,299992.2162393482,0.0,0.0,0.0,0.0,0.0,0.0,0.0,0.0,0.0,3642.29,6251.95,3908.44,0.0,0.0,Water,0.0,100.0,0.0,0.0,0.0,0,0.0,Unknown,0,187.88,273.07,273.07,365.51,578.34
cell_03651,80.2775,12.8825,299986.38061173615,0.0,0.0,0.0,0.0,0.0,0.0,0.0,0.0,0.0,3552.13,5815.78,3984.24,0.0,0.0,Water,0.0,100.0,0.0,0.0,0.0,0,0.0,Unknown,0,187.88,273.07,273.07,365.51,578.34
cell_03652,80.2775,12.8875,299980.54274857824,0.0,0.0,0.0,0.0,0.0,0.0,0.0,0.0,0.0,3489.14,5401.05,4033.21,0.0,0.0,Water,0.0,100.0,0.0,0.0,0.0,0,0.0,Unknown,0,187.88,273.07,273.07,365.51,578.34
cell_03653,80.2775,12.8925,299974.7026487012,0.0,0.0,0.0,0.0,0.0,0.0,0.0,0.0,0.0,3420.04,5013.08,4108.49,0.0,0.0,Water,0.0,100.0,0.0,0.0,0.0,0,0.0,Unknown,0,187.88,273.07,273.07,365.51,578.34
cell_03654,80.2775,12.8975,299968.8603135375,0.0,0.0,0.0,0.0,0.0,0.0,0.0,0.0,0.0,3436.15,4658.55,4172.33,0.0,0.0,Water,0.0,100.0,0.0,0.0,0.0,0,0.0,Unknown,0,187.88,273.07,273.07,365.51,578.34
cell_03655,80.2775,12.9025,299963.01574238855,0.0,0.0,0.0,0.0,0.0,0.0,0.0,0.0,0.0,3539.66,4345.66,4067.73,0.0,0.0,Water,0.0,100.0,0.0,0.0,0.0,0,0.0,Unknown,0,187.88,273.07,273.07,365.51,578.34
cell_03656,80.2775,12.9075,299957.16893517115,0.0,0.0,0.0,0.0,0.0,0.0,0.0,0.0,0.0,3307.62,4083.99,3963.14,0.0,0.0,Water,0.0,100.0,0.0,0.0,0.0,0,0.0,Unknown,0,187.88,273.07,273.07,365.51,578.34
cell_03657,80.2775,12.9125,299951.3198925123,0.0,0.0,0.0,0.0,0.0,0.0,0.0,0.0,0.0,3115.54,3883.91,3858.54,0.0,0.0,Water,0.0,100.0,0.0,0.0,0.0,0,0.0,Unknown,0,187.88,273.07,273.07,365.51,578.34
cell_03658,80.2775,12.9175,299945.4686135867,0.0,0.0,0.0,0.0,0.0,0.0,0.0,0.0,0.0,3012.52,3755.28,3754.67,0.0,0.0,Water,0.0,100.0,0.0,0.0,0.0,0,0.0,Unknown,0,187.88,273.07,273.07,365.51,578.34
cell_03659,80.2775,12.9225,299939.6150997166,0.0,0.0,0.0,0.0,0.0,0.0,0.0,0.0,0.0,2931.07,3705.53,3652.0,0.0,0.0,Water,0.0,100.0,0.0,0.0,0.0,0,0.0,Unknown,0,187.88,273.07,273.07,365.51,578.34
cell_03660,80.2775,12.9275,299933.75934928714,0.0,0.0,0.0,0.0,0.0,0.0,0.0,0.0,0.0,2880.5,3737.84,3547.65,0.0,0.0,Water,0.0,100.0,0.0,0.0,0.0,0,0.0,Unknown,0,187.88,273.07,273.07,365.51,578.34
cell_03661,80.2775,12.9325,299927.9013635254,0.0,0.0,0.0,0.0,0.0,0.0,0.0,0.0,0.0,2935.13,3850.12,3446.34,0.0,0.0,Water,0.0,100.0,0.0,0.0,0.0,0,0.0,Unknown,0,187.88,273.07,273.07,365.51,578.34
cell_03662,80.2775,12.9375,299922.0411422528,0.0,0.0,0.0,0.0,0.0,0.0,0.0,0.0,0.0,2770.0,4035.72,3352.47,0.0,0.0,Water,0.0,100.0,0.0,0.0,0.0,0,0.0,Unknown,0,187.88,273.07,273.07,365.51,578.34
cell_03663,80.2775,12.9425,299916.178685355,0.0,0.0,0.0,0.0,0.0,0.0,0.0,0.0,0.0,2621.86,4285.1,3249.4,0.0,0.0,Water,0.0,100.0,0.0,0.0,0.0,0,0.0,Unknown,0,187.88,273.07,273.07,365.51,578.34
cell_03664,80.2775,12.9475,299910.31399274914,0.0,0.0,0.0,0.0,0.0,0.0,0.0,0.0,0.0,2567.29,4587.9,3145.5,0.0,0.0,Water,0.0,100.0,0.0,0.0,0.0,0,0.0,Unknown,0,187.88,273.07,273.07,365.51,578.34
cell_03665,80.2775,12.9525,299904.4470647152,0.0,0.0,0.0,0.0,0.0,0.0,0.0,0.0,0.0,2622.94,4934.27,3046.57,0.0,0.0,Water,0.0,100.0,0.0,0.0,0.0,0,0.0,Unknown,0,187.88,273.07,273.07,365.51,578.34
cell_03666,80.2775,12.9575,299898.57790135854,0.0,0.0,0.0,0.0,0.0,0.0,0.0,0.0,0.0,2508.51,5315.72,2936.84,0.0,0.0,Water,0.0,100.0,0.0,0.0,0.0,0,0.0,Unknown,0,187.88,273.07,273.07,365.51,578.34
cell_03667,80.2775,12.9625,299892.706502218,0.0,0.0,0.0,0.0,0.0,0.0,0.0,0.0,0.0,2300.6,5542.39,2841.8,0.0,0.0,Water,0.0,100.0,0.0,0.0,0.0,0,0.0,Unknown,0,187.88,273.07,273.07,365.51,578.34
cell_03668,80.2775,12.9675,299886.8328679352,0.0,0.0,0.0,0.0,0.0,0.0,0.0,0.0,0.0,2208.43,4989.42,2728.95,0.0,0.0,Water,0.0,100.0,0.0,0.0,0.0,0,0.0,Unknown,0,187.88,273.07,273.07,365.51,578.34
cell_03669,80.2775,12.9725,299880.95699817466,0.0,0.0,0.0,0.0,0.0,0.0,0.0,0.0,0.0,2199.73,4436.45,2636.86,0.0,0.0,Water,0.0,100.0,0.0,0.0,0.0,0,0.0,Unknown,0,187.88,273.07,273.07,365.51,578.34
cell_03670,80.2775,12.9775,299875.07889280666,0.0,0.0,0.0,0.0,0.0,0.0,0.0,0.0,0.0,1896.82,3883.48,2576.18,0.0,0.0,Water,0.0,100.0,0.0,0.0,0.0,0,0.0,Unknown,0,187.88,273.07,273.07,365.51,578.34
cell_03671,80.2775,12.9825,299869.19855242665,0.0,0.0,0.0,0.0,0.0,0.0,0.0,0.0,0.0,1722.97,3330.5,2592.11,0.0,0.0,Water,0.0,100.0,0.0,0.0,0.0,0,0.0,Unknown,0,187.88,273.07,273.07,365.51,578.34
cell_03672,80.2775,12.9875,299863.3159768083,0.0,0.0,0.0,0.0,0.0,0.0,0.0,0.0,0.0,1703.49,2777.53,2676.45,0.0,0.0,Water,0.0,100.0,0.0,0.0,0.0,0,0.0,Unknown,0,187.88,273.07,273.07,365.51,578.34
cell_03673,80.2775,12.9925,299857.4311658217,0.0,0.0,0.0,0.0,0.0,0.0,0.0,0.0,0.0,1842.63,2224.56,2802.13,0.0,0.0,Water,0.0,100.0,0.0,0.0,0.0,0,0.0,Unknown,0,187.88,273.07,273.07,365.51,578.34
cell_03674,80.2775,12.9975,299851.54411944706,0.0,0.0,0.0,0.0,0.0,0.0,0.0,0.0,0.0,1507.61,1671.59,2930.27,0.0,0.0,Water,0.0,100.0,0.0,0.0,0.0,0,0.0,Unknown,0,187.88,273.07,273.07,365.51,578.34
cell_03675,80.2775,13.0025,299845.65483820025,0.0,0.0,0.0,0.0,0.0,0.0,0.0,0.0,0.0,967.07,1118.62,3072.0,0.0,0.0,Water,0.0,100.0,0.0,0.0,0.0,0,0.0,Unknown,0,187.88,273.07,273.07,365.51,578.34
cell_03676,80.2775,13.0075,299839.76332176174,0.0,5.0,0.35,0.0,6.98,0.38,0.0,0.0,0.0,451.47,565.65,2789.67,0.0,0.0,Water,0.32,81.92,11.67,0.57,5.52,0,0.0,Unknown,0,187.88,273.07,273.07,365.51,578.34
cell_03677,80.2775,13.0125,299833.8695698431,-1.0,5.0,0.39,0.0,6.19,0.56,0.0,0.0,0.0,6.22,13.29,2416.1,271.82,0.000907,Water,0.13,84.12,8.42,0.06,7.27,0,0.0,Unknown,0,187.88,273.07,273.07,365.51,578.34
cell_03678,80.2775,13.0175,299827.97358330764,-3.0,8.0,1.59,0.0,8.16,1.83,2431.11,0.008108,15.0,128.37,531.32,2122.35,0.0,0.0,Water,24.64,55.0,9.35,0.36,10.65,0,0.0,Unknown,0,187.88,273.07,273.07,365.51,578.34
cell_03679,80.2775,13.0225,299822.0753616142,0.0,11.0,3.61,0.0,6.51,2.08,3251.68,0.010845,17.0,131.95,1074.68,1786.72,0.0,0.0,Built-up,36.64,33.55,14.92,0.86,14.03,0,0.0,Unknown,0,187.88,273.07,273.07,365.51,578.34
cell_03680,80.2775,13.0275,299816.1749046644,0.0,11.0,6.87,0.0,6.98,2.12,10366.08,0.034575,61.0,543.88,1618.14,1371.55,0.0,0.0,Built-up,71.65,7.05,9.28,0.0,12.02,3,0.0,Unknown,1,187.88,273.07,273.07,365.51,578.34
cell_03681,80.2775,13.0325,299810.272213101,0.0,16.0,10.17,0.0,9.71,2.59,8566.15,0.028572,50.0,654.79,2135.61,1027.23,0.0,0.0,Built-up,85.32,0.0,7.82,0.0,6.85,0,0.0,Unknown,0,187.88,273.07,273.07,365.51,578.34
cell_03682,80.2775,13.0375,299804.36728646216,3.0,17.0,9.78,0.0,11.7,2.81,9455.18,0.031538,71.0,333.33,2637.48,502.55,0.0,0.0,Built-up,82.05,0.0,17.22,0.0,0.73,1,0.0,Unknown,1,187.88,273.07,273.07,365.51,578.34
cell_03683,80.2775,13.0425,299798.46012480586,1.0,17.0,7.44,0.0,11.67,2.9,6717.43,0.022407,25.0,140.56,2916.66,153.77,457.29,0.001525,Built-up,55.71,0.0,41.74,0.96,1.59,1,0.0,Unknown,1,187.88,273.07,273.07,365.51,578.34
cell_03684,80.2775,13.0475,299792.55072836543,3.0,17.0,8.73,0.0,8.95,2.77,11089.6,0.036991,77.0,489.9,2385.25,5.34,589.46,0.001966,Built-up,65.94,0.0,31.95,1.72,0.39,0,0.0,Unknown,0,187.88,273.07,273.07,365.51,578.34
cell_03685,80.2775,13.0525,299786.639097136,6.0,14.0,9.75,0.0,5.15,1.79,13947.85,0.046526,82.0,102.05,1842.32,222.13,341.4,0.001139,Built-up,89.16,0.83,9.6,0.0,0.41,1,0.0,Unknown,1,187.88,273.07,273.07,365.51,578.34
cell_03686,80.2775,13.0575,299780.7252309873,6.0,16.0,10.04,0.0,6.15,2.13,15126.99,0.05046,83.0,304.72,1307.83,312.42,0.0,0.0,Built-up,90.37,0.0,9.53,0.03,0.06,2,0.0,Unknown,1,187.88,273.07,273.07,365.51,578.34
cell_03687,80.2775,13.0625,299774.8091303723,5.0,14.0,10.32,0.0,8.59,2.3,11571.76,0.038602,71.0,308.47,780.97,319.64,0.0,0.0,Built-up,86.82,0.0,13.18,0.0,0.0,0,0.0,Unknown,0,187.88,273.07,273.07,365.51,578.34
cell_03688,80.2775,13.0675,299768.890794734,1.0,28.0,9.79,0.0,13.96,3.85,3027.4,0.010099,13.0,241.66,265.67,469.82,227.05,0.000757,Built-up,64.03,5.93,28.44,0.41,1.18,0,0.0,Unknown,0,187.88,273.07,273.07,365.51,578.34
cell_03689,80.2775,13.0725,299762.97022436943,-3.0,11.0,4.86,0.0,10.21,2.86,2186.25,0.007293,9.0,73.14,185.56,694.41,440.37,0.001469,Vegetation,29.62,9.25,59.6,0.45,1.08,0,0.0,Unknown,0,187.88,273.07,273.07,365.51,578.34
cell_03690,80.2775,13.0775,299757.0474197619,-2.0,12.0,5.09,0.0,9.01,2.76,5928.64,0.019778,32.0,172.48,203.27,323.47,625.29,0.002086,Built-up,55.32,4.09,38.28,1.33,0.97,0,0.0,Unknown,0,187.88,273.07,273.07,365.51,578.34
cell_03691,80.2775,13.0825,299751.1223800081,5.0,18.0,10.28,0.0,9.2,2.83,5824.76,0.019432,33.0,282.34,348.58,285.73,157.7,0.000526,Built-up,91.36,0.22,7.46,0.0,0.96,0,0.0,Unknown,0,187.88,273.07,273.07,365.51,578.34
cell_03692,80.2775,13.0875,299745.19510598725,6.0,22.0,12.28,0.0,10.87,2.9,12089.8,0.040334,69.0,68.33,900.47,371.06,0.0,0.0,Built-up,98.96,0.03,0.68,0.0,0.32,0,0.0,Unknown,0,187.88,273.07,273.07,365.51,578.34
cell_03693,80.2775,13.0925,299739.2655973006,5.0,18.0,12.67,0.0,6.16,2.52,13956.03,0.046561,76.0,145.46,1452.58,331.93,0.0,0.0,Built-up,93.24,0.0,5.96,0.0,0.8,0,0.0,Unknown,0,187.88,273.07,273.07,365.51,578.34
cell_03694,80.2775,13.0975,299733.3338542442,5.0,18.0,10.67,0.0,7.85,2.42,16782.09,0.05599,99.0,258.8,2004.69,380.58,0.0,0.0,Built-up,98.05,0.0,1.88,0.0,0.06,3,0.0,Unknown,1,187.88,273.07,273.07,365.51,578.34
cell_03695,80.2775,13.1025,299727.39987656055,3.0,15.0,9.2,0.0,7.5,2.21,12486.43,0.041659,58.0,218.72,2556.8,444.05,0.0,0.0,Built-up,90.71,0.0,8.57,0.0,0.71,2,0.0,Unknown,1,187.88,273.07,273.07,365.51,578.34
cell_03696,80.2775,13.1075,299721.4636645137,0.0,13.0,6.49,0.0,9.52,2.65,8484.56,0.028308,58.0,222.77,3108.91,567.69,0.0,0.0,Built-up,60.91,0.0,36.32,2.07,0.7,0,0.0,Unknown,0,187.88,273.07,273.07,365.51,578.34
cell_03697,80.2775,13.1125,299715.5252178783,2.0,11.0,6.42,0.0,5.59,1.98,15546.43,0.051871,103.0,415.34,3661.02,756.67,0.0,0.0,Built-up,90.4,0.0,9.06,0.0,0.54,2,0.0,Unknown,1,187.88,273.07,273.07,365.51,578.34
cell_03698,80.2775,13.1175,299709.58453720284,1.0,10.0,5.65,0.0,6.19,1.86,13941.29,0.046516,78.0,607.7,4213.13,621.02,0.0,0.0,Built-up,89.97,0.0,9.81,0.03,0.19,1,0.0,Unknown,1,187.88,273.07,273.07,365.51,578.34
cell_03699,80.2775,13.1225,299703.6416217096,2.0,11.0,5.25,0.0,6.98,2.23,11259.98,0.03757,77.0,469.9,4765.26,491.82,0.0,0.0,Built-up,89.48,0.48,8.1,1.18,0.77,1,0.0,Unknown,1,187.88,273.07,273.07,365.51,578.34
cell_03700,80.2775,13.1275,299697.6964722461,2.0,11.0,5.66,0.0,6.72,2.06,16586.8,0.055345,111.0,353.49,5317.53,358.43,0.0,0.0,Built-up,76.91,0.0,20.6,2.33,0.16,3,0.0,Unknown,1,187.88,273.07,273.07,365.51,578.34
cell_03701,80.2775,13.1325,299691.7490885555,-1.0,12.0,6.46,0.0,8.66,2.42,14462.56,0.048258,31.0,569.21,5869.86,212.49,457.5,0.001527,Built-up,81.49,3.83,9.32,0.52,4.84,0,0.0,Unknown,0,187.88,273.07,273.07,365.51,578.34
cell_03702,80.2775,13.1375,299685.7994705073,-1.0,11.0,5.4,0.0,7.39,2.32,14737.96,0.049178,81.0,428.42,5616.85,51.98,580.58,0.001937,Built-up,51.98,3.54,17.63,23.41,3.44,1,0.0,Unknown,1,187.88,273.07,273.07,365.51,578.34
cell_03703,80.2775,13.1425,299679.84761823906,-3.0,13.0,5.11,0.0,11.63,3.0,939.92,0.003136,4.0,441.26,5102.29,148.65,554.33,0.00185,Vegetation,33.0,2.61,51.88,10.46,2.04,0,0.0,Unknown,0,187.88,273.07,273.07,365.51,578.34
cell_03704,80.2775,13.1475,299673.8935320464,-19.0,18.0,6.86,0.0,21.67,5.25,0.0,0.0,0.0,538.16,4596.66,384.32,0.0,0.0,Built-up,65.26,0.32,31.92,0.03,2.47,0,0.0,Unknown,0,187.88,273.07,273.07,365.51,578.34
cell_03705,80.2775,13.1525,299667.93721118366,2.0,17.0,9.34,0.0,10.93,4.13,1111.15,0.003708,2.0,384.61,4103.27,130.7,542.44,0.00181,Built-up,59.53,0.0,38.07,1.37,1.02,0,0.0,Unknown,0,187.88,273.07,273.07,365.51,578.34
cell_03706,80.2775,13.1575,299661.97865671915,2.0,15.0,8.4,0.0,12.49,3.26,0.0,0.0,0.0,443.79,3627.11,421.43,0.0,0.0,Built-up,97.67,0.0,1.95,0.0,0.38,0,0.0,Unknown,0,187.88,273.07,273.07,365.51,578.34
cell_03707,80.2775,13.1625,299656.01786792197,1.0,14.0,5.83,0.0,7.8,2.5,0.0,0.0,0.0,140.41,3175.94,973.73,0.0,0.0,Built-up,96.36,0.0,3.31,0.0,0.32,0,0.0,Unknown,0,187.88,273.07,273.07,365.51,578.34
cell_03708,80.2775,13.1675,299650.05484541995,-2.0,8.0,2.83,0.0,6.98,2.26,0.0,0.0,0.0,501.63,2762.03,1282.15,0.0,0.0,Built-up,81.03,1.66,13.07,0.13,4.11,0,0.0,Unknown,0,187.88,273.07,273.07,365.51,578.34
cell_03709,80.2775,13.1725,299644.08958859305,-3.0,13.0,4.91,0.0,8.3,2.46,0.0,0.0,0.0,75.98,2384.03,824.78,0.0,0.0,Built-up,73.31,1.69,12.28,0.1,12.63,0,0.0,Unknown,0,187.88,273.07,273.07,365.51,578.34
cell_03710,80.2775,13.1775,299638.1220979263,0.0,11.0,5.08,0.0,7.84,2.25,1099.27,0.003669,0.0,306.96,2067.66,329.36,0.0,0.0,Built-up,56.95,0.29,38.38,3.02,1.36,0,0.0,Unknown,0,187.88,273.07,273.07,365.51,578.34
cell_03711,80.2775,13.1825,299632.1523732891,-2.0,8.0,2.11,0.0,6.89,2.51,1091.68,0.003643,0.0,639.7,1758.82,161.85,714.91,0.002386,Vegetation,28.48,0.0,39.06,16.77,15.69,0,0.0,Unknown,0,187.88,273.07,273.07,365.51,578.34
cell_03712,80.2775,13.1875,299626.18041497644,-3.0,9.0,3.04,0.0,8.87,2.96,0.0,0.0,0.0,1098.01,1309.6,711.25,0.0,0.0,Cropland,14.51,0.0,16.61,58.48,10.4,1,0.0,Unknown,1,187.88,273.07,273.07,365.51,578.34
cell_03713,80.2775,13.1925,299620.2062226211,-1.0,7.0,3.0,0.0,5.25,1.95,3659.66,0.012214,19.0,762.78,876.83,1263.78,0.0,0.0,Cropland,12.5,0.0,29.16,51.56,6.79,0,0.0,Unknown,0,187.88,273.07,273.07,365.51,578.34
cell_03714,80.2775,13.1975,299614.2297964558,1.0,9.0,4.22,0.0,4.35,1.86,17710.22,0.05911,114.0,465.8,511.11,1816.58,0.0,0.0,Cropland,32.75,0.0,31.38,33.61,2.26,0,0.0,Unknown,0,187.88,273.07,273.07,365.51,578.34
cell_03715,80.2775,13.2025,299608.2511367128,1.0,11.0,5.96,0.0,8.75,2.3,18317.97,0.06114,122.0,426.57,448.01,2140.88,0.0,0.0,Built-up,88.17,0.0,6.12,5.71,0.0,0,0.0,Unknown,0,187.88,273.07,273.07,365.51,578.34
cell_03716,80.2775,13.2075,299602.27024297696,2.0,11.0,5.91,0.0,5.66,1.89,13607.28,0.045418,67.0,274.47,313.68,1695.74,141.48,0.000472,Built-up,58.12,2.79,34.42,1.59,3.08,0,0.0,Unknown,0,187.88,273.07,273.07,365.51,578.34
cell_03717,80.2775,13.2125,299596.2871156388,-2.0,12.0,5.09,0.0,7.85,2.59,5153.57,0.017202,16.0,0.0,30.18,1214.71,974.07,0.003251,Vegetation,20.79,20.12,49.71,8.86,0.51,0,0.0,Unknown,0,187.88,273.07,273.07,365.51,578.34
cell_03718,80.2775,13.2175,299590.30175445764,-1.0,9.0,3.6,0.0,6.19,2.01,394.04,0.001315,1.0,278.7,400.29,691.89,0.0,0.0,Vegetation,13.42,0.48,48.79,29.62,7.68,0,0.0,Unknown,0,187.88,273.07,273.07,365.51,578.34
cell_03719,80.2775,13.2225,299584.31416002783,0.0,10.0,5.4,0.0,7.26,1.8,4383.16,0.014631,26.0,623.23,648.41,239.08,78.98,0.000264,Vegetation,29.64,0.0,63.25,2.6,4.51,0,0.0,Unknown,0,187.88,273.07,273.07,365.51,578.34
cell_03720,80.2775,13.2275,299578.3243316044,1.0,11.0,6.04,0.0,5.59,2.17,1916.01,0.006396,7.0,454.03,499.86,473.96,0.0,0.0,Vegetation,16.58,0.0,58.0,25.16,0.26,1,0.0,Unknown,1,187.88,273.07,273.07,365.51,578.34
cell_03721,80.2775,13.2325,299572.33226992446,2.0,10.0,5.16,0.0,6.03,1.85,0.0,0.0,0.0,471.37,551.11,1001.84,0.0,0.0,Vegetation,34.18,0.0,58.64,7.11,0.06,0,0.0,Unknown,0,187.88,273.07,273.07,365.51,578.34
cell_03722,80.2775,13.2375,299566.33797454135,2.0,11.0,5.26,0.0,5.46,1.9,0.0,0.0,0.0,477.78,522.48,1547.36,0.0,0.0,Built-up,39.55,0.0,36.88,12.69,10.88,0,0.0,Unknown,0,187.88,273.07,273.07,365.51,578.34
cell_03723,80.2775,13.2425,299560.34144568705,1.0,14.0,5.55,0.0,9.2,2.59,0.0,0.0,0.0,731.06,745.77,2096.79,0.0,0.0,Vegetation,24.43,0.0,39.03,25.03,11.51,0,0.0,Unknown,0,187.88,273.07,273.07,365.51,578.34
cell_03724,80.2775,13.2475,299554.34268335765,1.0,15.0,5.68,0.0,9.93,2.41,0.0,0.0,0.0,1049.2,1108.62,2647.7,0.0,0.0,Vegetation,39.73,0.0,40.4,13.17,6.7,0,0.0,Unknown,0,187.88,273.07,273.07,365.51,578.34
cell_03725,80.2775,13.2525,299548.34168753313,0.0,0.0,0.0,0.0,0.0,0.0,0.0,0.0,0.0,1369.26,1409.2,3199.33,0.0,0.0,Unknown,0.0,0.0,0.0,0.0,0.0,0,0.0,Unknown,0,187.88,273.07,273.07,365.51,578.34
cell_03726,80.2825,12.8525,300020.7313400368,0.0,0.0,0.0,0.0,0.0,0.0,0.0,0.0,0.0,4678.24,8396.35,4949.87,0.0,0.0,Water,0.0,100.0,0.0,0.0,0.0,0,0.0,Unknown,0,187.88,273.07,273.07,365.51,578.34
cell_03727,80.2825,12.8575,300014.906930482,0.0,0.0,0.0,0.0,0.0,0.0,0.0,0.0,0.0,4541.64,8210.94,4731.9,0.0,0.0,Water,0.0,100.0,0.0,0.0,0.0,0,0.0,Unknown,0,187.88,273.07,273.07,365.51,578.34
cell_03728,80.2825,12.8625,300009.08028449584,0.0,0.0,0.0,0.0,0.0,0.0,0.0,0.0,0.0,4460.69,7928.51,4569.38,0.0,0.0,Water,0.0,100.0,0.0,0.0,0.0,0,0.0,Unknown,0,187.88,273.07,273.07,365.51,578.34
cell_03729,80.2825,12.8675,300003.2514027531,0.0,0.0,0.0,0.0,0.0,0.0,0.0,0.0,0.0,4440.68,7467.47,4464.52,0.0,0.0,Water,0.0,100.0,0.0,0.0,0.0,0,0.0,Unknown,0,187.88,273.07,273.07,365.51,578.34
cell_03730,80.2825,12.8725,299997.4202846658,0.0,0.0,0.0,0.0,0.0,0.0,0.0,0.0,0.0,4319.76,7019.71,4424.11,0.0,0.0,Water,0.0,100.0,0.0,0.0,0.0,0,0.0,Unknown,0,187.88,273.07,273.07,365.51,578.34
cell_03731,80.2825,12.8775,299991.58693075,0.0,0.0,0.0,0.0,0.0,0.0,0.0,0.0,0.0,4171.33,6587.96,4447.91,0.0,0.0,Water,0.0,100.0,0.0,0.0,0.0,0,0.0,Unknown,0,187.88,273.07,273.07,365.51,578.34
cell_03732,80.2825,12.8825,299985.75134057505,0.0,0.0,0.0,0.0,0.0,0.0,0.0,0.0,0.0,4092.83,6175.56,4522.31,0.0,0.0,Water,0.0,100.0,0.0,0.0,0.0,0,0.0,Unknown,0,187.88,273.07,273.07,365.51,578.34
cell_03733,80.2825,12.8875,299979.91351470695,0.0,0.0,0.0,0.0,0.0,0.0,0.0,0.0,0.0,4022.64,5786.67,4572.67,0.0,0.0,Water,0.0,100.0,0.0,0.0,0.0,0,0.0,Unknown,0,187.88,273.07,273.07,365.51,578.34
cell_03734,80.2825,12.8925,299974.07345274463,0.0,0.0,0.0,0.0,0.0,0.0,0.0,0.0,0.0,3961.9,5426.33,4645.73,0.0,0.0,Water,0.0,100.0,0.0,0.0,0.0,0,0.0,Unknown,0,187.88,273.07,273.07,365.51,578.34
cell_03735,80.2825,12.8975,299968.2311549204,0.0,0.0,0.0,0.0,0.0,0.0,0.0,0.0,0.0,3975.8,5100.6,4705.01,0.0,0.0,Water,0.0,100.0,0.0,0.0,0.0,0,0.0,Unknown,0,187.88,273.07,273.07,365.51,578.34
cell_03736,80.2825,12.9025,299962.38662145304,0.0,0.0,0.0,0.0,0.0,0.0,0.0,0.0,0.0,4041.68,4816.5,4600.4,0.0,0.0,Water,0.0,100.0,0.0,0.0,0.0,0,0.0,Unknown,0,187.88,273.07,273.07,365.51,578.34
cell_03737,80.2825,12.9075,299956.53985183133,0.0,0.0,0.0,0.0,0.0,0.0,0.0,0.0,0.0,3806.54,4581.79,4495.79,0.0,0.0,Water,0.0,100.0,0.0,0.0,0.0,0,0.0,Unknown,0,187.88,273.07,273.07,365.51,578.34
cell_03738,80.2825,12.9125,299950.69084665115,0.0,0.0,0.0,0.0,0.0,0.0,0.0,0.0,0.0,3640.86,4404.37,4391.19,0.0,0.0,Water,0.0,100.0,0.0,0.0,0.0,0,0.0,Unknown,0,187.88,273.07,273.07,365.51,578.34
cell_03739,80.2825,12.9175,299944.83960552915,0.0,0.0,0.0,0.0,0.0,0.0,0.0,0.0,0.0,3551.76,4291.36,4288.17,0.0,0.0,Water,0.0,100.0,0.0,0.0,0.0,0,0.0,Unknown,0,187.88,273.07,273.07,365.51,578.34
cell_03740,80.2825,12.9225,299938.9861290142,0.0,0.0,0.0,0.0,0.0,0.0,0.0,0.0,0.0,3465.57,4247.89,4184.67,0.0,0.0,Water,0.0,100.0,0.0,0.0,0.0,0,0.0,Unknown,0,187.88,273.07,273.07,365.51,578.34
cell_03741,80.2825,12.9275,299933.13041637593,0.0,0.0,0.0,0.0,0.0,0.0,0.0,0.0,0.0,3422.91,4276.09,4080.54,0.0,0.0,Water,0.0,100.0,0.0,0.0,0.0,0,0.0,Unknown,0,187.88,273.07,273.07,365.51,578.34
cell_03742,80.2825,12.9325,299927.27246816177,0.0,0.0,0.0,0.0,0.0,0.0,0.0,0.0,0.0,3468.99,4374.57,3981.59,0.0,0.0,Water,0.0,100.0,0.0,0.0,0.0,0,0.0,Unknown,0,187.88,273.07,273.07,365.51,578.34
cell_03743,80.2825,12.9375,299921.4122846211,0.0,0.0,0.0,0.0,0.0,0.0,0.0,0.0,0.0,3282.7,4538.76,3885.88,0.0,0.0,Water,0.0,100.0,0.0,0.0,0.0,0,0.0,Unknown,0,187.88,273.07,273.07,365.51,578.34
cell_03744,80.2825,12.9425,299915.5498654327,0.0,0.0,0.0,0.0,0.0,0.0,0.0,0.0,0.0,3157.15,4761.86,3781.6,0.0,0.0,Water,0.0,100.0,0.0,0.0,0.0,0,0.0,Unknown,0,187.88,273.07,273.07,365.51,578.34
cell_03745,80.2825,12.9475,299909.6852104503,0.0,0.0,0.0,0.0,0.0,0.0,0.0,0.0,0.0,3109.65,5036.06,3679.11,0.0,0.0,Water,0.0,100.0,0.0,0.0,0.0,0,0.0,Unknown,0,187.88,273.07,273.07,365.51,578.34
cell_03746,80.2825,12.9525,299903.81832017505,0.0,0.0,0.0,0.0,0.0,0.0,0.0,0.0,0.0,3155.84,5353.51,3580.17,0.0,0.0,Water,0.0,100.0,0.0,0.0,0.0,0,0.0,Unknown,0,187.88,273.07,273.07,365.51,578.34
cell_03747,80.2825,12.9575,299897.949194461,0.0,0.0,0.0,0.0,0.0,0.0,0.0,0.0,0.0,2997.92,5707.0,3471.54,0.0,0.0,Water,0.0,100.0,0.0,0.0,0.0,0,0.0,Unknown,0,187.88,273.07,273.07,365.51,578.34
cell_03748,80.2825,12.9625,299892.07783308264,0.0,0.0,0.0,0.0,0.0,0.0,0.0,0.0,0.0,2825.04,5569.24,3372.25,0.0,0.0,Water,0.0,100.0,0.0,0.0,0.0,0,0.0,Unknown,0,187.88,273.07,273.07,365.51,578.34
cell_03749,80.2825,12.9675,299886.20423650875,0.0,0.0,0.0,0.0,0.0,0.0,0.0,0.0,0.0,2750.29,5019.23,3262.86,0.0,0.0,Water,0.0,100.0,0.0,0.0,0.0,0,0.0,Unknown,0,187.88,273.07,273.07,365.51,578.34
cell_03750,80.2825,12.9725,299880.32840454637,0.0,0.0,0.0,0.0,0.0,0.0,0.0,0.0,0.0,2640.93,4469.95,3173.65,0.0,0.0,Water,0.0,100.0,0.0,0.0,0.0,0,0.0,Unknown,0,187.88,273.07,273.07,365.51,578.34
cell_03751,80.2825,12.9775,299874.45033695304,0.0,0.0,0.0,0.0,0.0,0.0,0.0,0.0,0.0,2394.49,3921.71,3118.25,0.0,0.0,Water,0.0,100.0,0.0,0.0,0.0,0,0.0,Unknown,0,187.88,273.07,273.07,365.51,578.34
cell_03752,80.2825,12.9825,299868.5700342937,0.0,0.0,0.0,0.0,0.0,0.0,0.0,0.0,0.0,2259.25,3375.0,3132.95,0.0,0.0,Water,0.0,100.0,0.0,0.0,0.0,0,0.0,Unknown,0,187.88,273.07,273.07,365.51,578.34
cell_03753,80.2825,12.9875,299862.6874965482,0.0,0.0,0.0,0.0,0.0,0.0,0.0,0.0,0.0,2243.72,2830.74,3204.21,0.0,0.0,Water,0.0,100.0,0.0,0.0,0.0,0,0.0,Unknown,0,187.88,273.07,273.07,365.51,578.34
cell_03754,80.2825,12.9925,299856.8027232393,0.0,0.0,0.0,0.0,0.0,0.0,0.0,0.0,0.0,2187.65,2290.64,3337.9,0.0,0.0,Water,0.0,100.0,0.0,0.0,0.0,0,0.0,Unknown,0,187.88,273.07,273.07,365.51,578.34
cell_03755,80.2825,12.9975,299850.9157147718,0.0,0.0,0.0,0.0,0.0,0.0,0.0,0.0,0.0,1681.98,1758.58,3454.38,0.0,0.0,Water,0.0,100.0,0.0,0.0,0.0,0,0.0,Unknown,0,187.88,273.07,273.07,365.51,578.34
cell_03756,80.2825,13.0025,299845.02647139435,0.0,0.0,0.0,0.0,0.0,0.0,0.0,0.0,0.0,1200.55,1244.86,3563.98,0.0,0.0,Water,0.0,100.0,0.0,0.0,0.0,0,0.0,Unknown,0,187.88,273.07,273.07,365.51,578.34
cell_03757,80.2825,13.0075,299839.1349926295,0.0,0.0,0.0,0.0,0.0,0.0,0.0,0.0,0.0,755.26,786.34,3185.22,0.0,0.0,Water,0.0,100.0,0.0,0.0,0.0,0,0.0,Unknown,0,187.88,273.07,273.07,365.51,578.34
cell_03758,80.2825,13.0125,299833.24127870955,0.0,0.0,0.0,0.0,0.0,0.0,0.0,0.0,0.0,541.79,546.39,2863.72,0.0,0.0,Water,0.0,100.0,0.0,0.0,0.0,0,0.0,Unknown,0,187.88,273.07,273.07,365.51,578.34
cell_03759,80.2825,13.0175,299827.34533004,0.0,0.0,0.0,0.0,0.0,0.0,0.0,0.0,0.0,604.29,768.32,2560.47,0.0,0.0,Water,0.0,100.0,0.0,0.0,0.0,0,0.0,Unknown,0,187.88,273.07,273.07,365.51,578.34
cell_03760,80.2825,13.0225,299821.44714615954,0.0,0.0,0.0,0.0,0.0,0.0,0.0,0.0,0.0,645.22,1222.15,2145.98,0.0,0.0,Water,0.0,100.0,0.0,0.0,0.0,0,0.0,Unknown,0,187.88,273.07,273.07,365.51,578.34
cell_03761,80.2825,13.0275,299815.5467270481,0.0,0.0,0.0,0.0,0.98,0.01,0.0,0.0,0.0,900.46,1734.51,1734.23,0.0,0.0,Water,0.0,99.77,0.0,0.0,0.23,0,0.0,Unknown,0,187.88,273.07,273.07,365.51,578.34
cell_03762,80.2825,13.0325,299809.6440734896,0.0,2.0,0.01,0.0,4.89,0.14,0.0,0.0,0.0,1088.87,2266.05,1261.82,0.0,0.0,Water,0.0,90.55,0.0,0.0,9.45,0,0.0,Unknown,0,187.88,273.07,273.07,365.51,578.34
cell_03763,80.2825,13.0375,299803.73918466014,0.0,8.0,0.53,0.0,10.11,0.69,933.5,0.003114,10.0,859.73,2805.89,881.79,0.0,0.0,Water,4.74,72.34,0.0,0.0,22.92,0,0.0,Unknown,0,187.88,273.07,273.07,365.51,578.34
cell_03764,80.2825,13.0425,299797.83206098137,0.0,9.0,0.48,0.0,11.51,0.67,43.71,0.000146,0.0,675.25,2844.4,686.4,0.0,0.0,Water,4.42,51.01,0.91,0.0,43.67,1,0.0,Unknown,1,187.88,273.07,273.07,365.51,578.34
cell_03765,80.2825,13.0475,299791.92270254286,0.0,13.0,1.21,0.0,11.02,1.19,1324.15,0.004417,5.0,803.46,2305.17,516.93,0.0,0.0,Bare Land,15.7,27.27,4.6,0.0,52.43,0,0.0,Unknown,0,187.88,273.07,273.07,365.51,578.34
cell_03766,80.2825,13.0525,299786.0111092926,0.0,14.0,2.94,0.0,10.82,1.47,4147.5,0.013835,26.0,487.24,1771.89,254.87,266.09,0.000888,Bare Land,27.6,4.32,6.46,0.0,61.62,0,0.0,Unknown,0,187.88,273.07,273.07,365.51,578.34
cell_03767,80.2825,13.0575,299780.09728102235,0.0,15.0,4.93,0.0,8.87,2.07,3986.96,0.0133,19.0,232.26,1229.37,229.7,553.64,0.001847,Bare Land,36.82,0.0,17.44,0.13,45.62,2,0.0,Unknown,1,187.88,273.07,273.07,365.51,578.34
cell_03768,80.2825,13.0625,299774.18121842144,0.0,19.0,8.73,0.0,11.47,3.3,3778.75,0.012605,7.0,204.43,676.6,217.66,563.74,0.001881,Built-up,53.12,0.0,27.47,0.0,19.4,0,0.0,Unknown,0,187.88,273.07,273.07,365.51,578.34
cell_03769,80.2825,13.0675,299768.26292093407,-9.0,29.0,6.37,0.0,23.33,5.26,3217.66,0.010734,10.0,0.0,123.84,5.88,1398.55,0.004665,Built-up,36.95,23.05,35.45,2.63,1.92,1,0.0,Unknown,1,187.88,273.07,273.07,365.51,578.34
cell_03770,80.2825,13.0725,299762.34238827095,-2.0,12.0,3.59,0.0,11.51,2.95,223.1,0.000744,0.0,44.92,155.69,353.39,558.35,0.001863,Vegetation,3.9,6.14,81.43,6.98,1.56,0,0.0,Unknown,0,187.88,273.07,273.07,365.51,578.34
cell_03771,80.2825,13.0775,299756.4196218163,0.0,14.0,6.15,0.0,10.56,3.06,2830.75,0.009444,7.0,0.0,12.34,134.83,1337.82,0.004463,Vegetation,19.31,2.08,74.02,4.46,0.13,0,0.0,Unknown,0,187.88,273.07,273.07,365.51,578.34
cell_03772,80.2825,13.0825,299750.49462013046,-1.0,17.0,7.7,0.0,14.27,3.6,1801.32,0.006009,5.0,130.5,380.58,159.2,647.07,0.002159,Vegetation,42.63,0.0,57.18,0.0,0.19,0,0.0,Unknown,0,187.88,273.07,273.07,365.51,578.34
cell_03773,80.2825,13.0875,299744.5673841082,4.0,19.0,9.81,0.0,11.21,3.29,7437.33,0.024812,36.0,234.35,907.5,573.73,0.0,0.0,Built-up,77.65,0.0,21.98,0.03,0.33,0,0.0,Unknown,0,187.88,273.07,273.07,365.51,578.34
cell_03774,80.2825,13.0925,299738.63791355677,7.0,19.0,12.4,0.0,7.53,2.63,11581.12,0.038637,47.0,466.35,1453.08,872.18,0.0,0.0,Built-up,99.9,0.0,0.03,0.0,0.06,0,0.0,Unknown,0,187.88,273.07,273.07,365.51,578.34
cell_03775,80.2825,13.0975,299732.7062085492,7.0,17.0,12.02,0.0,5.94,2.41,14722.93,0.04912,65.0,528.55,2002.72,922.56,0.0,0.0,Built-up,99.42,0.0,0.42,0.0,0.16,0,0.0,Unknown,0,187.88,273.07,273.07,365.51,578.34
cell_03776,80.2825,13.1025,299726.77226881357,5.0,16.0,11.28,0.0,6.16,2.13,13582.02,0.045315,61.0,511.32,2553.8,968.75,0.0,0.0,Built-up,85.45,0.0,14.55,0.0,0.0,0,0.0,Unknown,0,187.88,273.07,273.07,365.51,578.34
cell_03777,80.2825,13.1075,299720.8360950244,4.0,15.0,9.32,0.0,8.75,2.44,10135.89,0.033818,61.0,723.17,3105.48,1093.75,0.0,0.0,Built-up,73.08,0.0,25.71,0.16,1.04,1,0.0,Unknown,1,187.88,273.07,273.07,365.51,578.34
cell_03778,80.2825,13.1125,299714.8976864667,4.0,13.0,8.92,0.0,6.41,2.16,16273.97,0.054298,97.0,807.6,3657.34,1282.0,0.0,0.0,Built-up,90.58,0.0,8.73,0.32,0.36,0,0.0,Unknown,0,187.88,273.07,273.07,365.51,578.34
cell_03779,80.2825,13.1175,299708.9570438779,6.0,13.0,9.28,0.0,4.84,1.82,13967.73,0.046604,67.0,1044.83,4209.49,1148.01,0.0,0.0,Built-up,99.37,0.0,0.17,0.0,0.46,0,0.0,Unknown,0,187.88,273.07,273.07,365.51,578.34
cell_03780,80.2825,13.1225,299703.01416652836,2.0,14.0,7.27,0.0,6.93,2.01,8766.75,0.029251,42.0,835.21,4761.83,1018.8,0.0,0.0,Built-up,85.88,0.03,13.93,0.06,0.1,0,0.0,Unknown,0,187.88,273.07,273.07,365.51,578.34
cell_03781,80.2825,13.1275,299697.06905526464,1.0,10.0,5.46,0.0,6.41,2.03,6843.44,0.022835,37.0,438.83,5314.3,884.58,0.0,0.0,Built-up,91.4,0.0,8.12,0.13,0.36,1,0.0,Unknown,1,187.88,273.07,273.07,365.51,578.34
cell_03782,80.2825,13.1325,299691.12170957885,-1.0,10.0,4.64,0.0,6.81,2.26,2423.59,0.008087,15.0,530.94,5866.87,731.11,0.0,0.0,Built-up,54.05,0.33,32.23,12.79,0.6,0,0.0,Unknown,0,187.88,273.07,273.07,365.51,578.34
cell_03783,80.2825,13.1375,299685.17212978186,-6.0,12.0,3.25,0.0,10.93,2.89,6869.66,0.022923,29.0,969.67,5451.41,568.7,0.0,0.0,Built-up,37.76,0.0,36.36,24.74,1.14,0,0.0,Unknown,0,187.88,273.07,273.07,365.51,578.34
cell_03784,80.2825,13.1425,299679.2203158055,-1.0,11.0,4.76,0.0,8.3,2.66,1177.54,0.003929,0.0,939.84,4919.58,341.61,55.39,0.000185,Built-up,70.23,0.26,26.4,1.23,1.88,0,0.0,Unknown,0,187.88,273.07,273.07,365.51,578.34
cell_03785,80.2825,13.1475,299673.26626769314,-4.0,11.0,4.51,0.0,8.95,3.07,431.04,0.001438,0.0,397.22,4392.98,106.32,610.71,0.002038,Vegetation,17.42,1.19,73.19,3.01,5.19,0,0.0,Unknown,0,187.88,273.07,273.07,365.51,578.34
cell_03786,80.2825,13.1525,299667.309984999,-2.0,16.0,5.96,0.0,11.6,3.35,1120.37,0.003739,0.0,112.64,3873.74,124.56,1121.31,0.003742,Vegetation,41.04,5.32,49.03,2.5,2.11,0,0.0,Unknown,0,187.88,273.07,273.07,365.51,578.34
cell_03787,80.2825,13.1575,299661.3514689017,2.0,14.0,6.78,0.0,10.61,3.02,0.0,0.0,0.0,98.26,3365.26,361.37,1.74,6e-06,Built-up,79.71,0.81,17.14,0.42,1.92,0,0.0,Unknown,0,187.88,273.07,273.07,365.51,578.34
cell_03788,80.2825,13.1625,299655.3907182301,1.0,13.0,6.39,0.0,8.8,3.04,0.0,0.0,0.0,260.03,2873.27,589.35,0.0,0.0,Built-up,70.91,0.43,24.79,0.46,3.4,0,0.0,Unknown,0,187.88,273.07,273.07,365.51,578.34
cell_03789,80.2825,13.1675,299649.4277340203,-1.0,14.0,5.55,0.0,8.3,2.8,0.0,0.0,0.0,252.53,2407.89,744.78,0.0,0.0,Built-up,80.78,0.52,12.34,0.0,6.36,0,0.0,Unknown,0,187.88,273.07,273.07,365.51,578.34
cell_03790,80.2825,13.1725,299643.4625154478,1.0,14.0,5.24,0.0,9.8,2.51,0.0,0.0,0.0,228.58,1987.91,517.56,0.0,0.0,Built-up,81.1,1.59,14.42,1.23,1.66,0,0.0,Unknown,0,187.88,273.07,273.07,365.51,578.34
cell_03791,80.2825,13.1775,299637.49506304454,-2.0,20.0,5.27,0.0,12.23,2.92,1098.91,0.003667,0.0,55.38,1614.23,69.86,602.63,0.002011,Built-up,47.6,1.82,25.98,22.68,1.92,0,0.0,Unknown,0,187.88,273.07,273.07,365.51,578.34
cell_03792,80.2825,13.1825,299631.5253767111,-1.0,7.0,2.83,0.0,6.19,2.0,4156.64,0.013873,36.0,431.92,1342.36,266.84,188.26,0.000628,Vegetation,29.68,0.0,35.52,31.36,3.44,0,0.0,Unknown,0,187.88,273.07,273.07,365.51,578.34
cell_03793,80.2825,13.1875,299625.5534566967,-5.0,6.0,2.03,0.0,8.52,2.38,0.0,0.0,0.0,765.2,1005.49,741.13,0.0,0.0,Cropland,0.03,0.0,21.95,77.6,0.42,0,0.0,Unknown,0,187.88,273.07,273.07,365.51,578.34
cell_03794,80.2825,13.1925,299619.5793027282,-1.0,6.0,2.94,0.0,4.98,1.87,62.14,0.000207,0.0,456.12,546.89,1280.04,0.0,0.0,Cropland,0.93,0.13,27.67,70.45,0.83,0,0.0,Unknown,0,187.88,273.07,273.07,365.51,578.34
cell_03795,80.2825,13.1975,299613.6029148163,-3.0,8.0,2.26,0.0,7.66,2.02,2251.93,0.007516,9.0,0.0,102.66,1827.37,517.52,0.001727,Vegetation,6.17,6.27,57.47,29.87,0.23,0,0.0,Unknown,0,187.88,273.07,273.07,365.51,578.34
cell_03796,80.2825,13.2025,299607.6242932264,-3.0,8.0,2.73,0.0,6.03,2.25,2897.41,0.009671,23.0,9.68,90.51,1846.76,557.57,0.001861,Vegetation,8.54,4.81,59.61,26.56,0.49,0,0.0,Unknown,0,187.88,273.07,273.07,365.51,578.34
cell_03797,80.2825,13.2075,299601.64343811135,-3.0,7.0,2.34,0.0,6.93,2.46,616.74,0.002059,0.0,0.0,125.49,1371.71,971.27,0.003242,Vegetation,1.22,9.45,77.39,11.27,0.66,0,0.0,Unknown,0,187.88,273.07,273.07,365.51,578.34
cell_03798,80.2825,13.2125,299595.6603490403,-2.0,9.0,3.93,0.0,6.15,1.99,957.16,0.003195,1.0,279.96,319.18,952.34,134.09,0.000448,Vegetation,5.36,0.32,55.97,37.53,0.81,0,0.0,Unknown,0,187.88,273.07,273.07,365.51,578.34
cell_03799,80.2825,13.2175,299589.6750262775,-1.0,5.0,2.9,0.0,4.35,1.72,0.0,0.0,0.0,600.06,795.57,473.08,0.0,0.0,Vegetation,0.0,0.0,62.31,37.69,0.0,0,0.0,Unknown,0,187.88,273.07,273.07,365.51,578.34
cell_03800,80.2825,13.2225,299583.68747021223,0.0,8.0,3.56,0.0,4.84,1.76,944.67,0.003153,3.0,989.33,1121.03,15.26,624.57,0.002085,Vegetation,2.08,0.0,70.25,23.01,4.66,0,0.0,Unknown,0,187.88,273.07,273.07,365.51,578.34
cell_03801,80.2825,13.2275,299577.6976802414,-1.0,8.0,3.55,0.0,5.59,1.98,528.54,0.001764,3.0,995.55,1041.61,524.44,0.0,0.0,Cropland,0.88,0.0,37.92,61.14,0.06,0,0.0,Unknown,0,187.88,273.07,273.07,365.51,578.34
cell_03802,80.2825,13.2325,299571.7056568182,0.0,7.0,4.08,0.0,4.35,1.66,0.0,0.0,0.0,996.07,1080.66,1037.5,0.0,0.0,Vegetation,32.86,0.16,54.03,8.9,4.06,0,0.0,Unknown,0,187.88,273.07,273.07,365.51,578.34
cell_03803,80.2825,13.2375,299565.71139985963,0.0,7.0,3.69,0.0,4.35,1.86,0.0,0.0,0.0,1008.32,1061.48,1570.68,0.0,0.0,Cropland,24.6,0.0,24.13,36.03,15.24,0,0.0,Unknown,0,187.88,273.07,273.07,365.51,578.34
cell_03804,80.2825,13.2425,299559.71490956564,1.0,7.0,3.76,0.0,4.81,1.61,0.0,0.0,0.0,1169.94,1192.23,2114.06,0.0,0.0,Cropland,11.69,0.0,16.79,68.18,3.34,0,0.0,Unknown,0,187.88,273.07,273.07,365.51,578.34
cell_03805,80.2825,13.2475,299553.716185806,1.0,8.0,4.25,0.0,8.8,1.8,0.0,0.0,0.0,1505.07,1519.86,2661.4,0.0,0.0,Vegetation,13.7,0.0,44.12,36.92,5.26,0,0.0,Unknown,0,187.88,273.07,273.07,365.51,578.34
cell_03806,80.2825,13.2525,299547.71522822994,0.0,0.0,0.0,0.0,0.0,0.0,0.0,0.0,0.0,1806.35,1853.58,3210.67,0.0,0.0,Unknown,0.0,0.0,0.0,0.0,0.0,0,0.0,Unknown,0,187.88,273.07,273.07,365.51,578.34
cell_03807,80.2875,12.8525,300020.106216434,0.0,0.0,0.0,0.0,0.0,0.0,0.0,0.0,0.0,5197.97,8904.68,5442.0,0.0,0.0,Water,0.0,100.0,0.0,0.0,0.0,0,0.0,Unknown,0,187.88,273.07,273.07,365.51,578.34
cell_03808,80.2875,12.8575,300014.2818439513,0.0,0.0,0.0,0.0,0.0,0.0,0.0,0.0,0.0,5075.38,8687.6,5244.51,0.0,0.0,Water,0.0,100.0,0.0,0.0,0.0,0,0.0,Unknown,0,187.88,273.07,273.07,365.51,578.34
cell_03809,80.2875,12.8625,300008.4552351736,0.0,0.0,0.0,0.0,0.0,0.0,0.0,0.0,0.0,5000.9,8231.92,5096.91,0.0,0.0,Water,0.0,100.0,0.0,0.0,0.0,0,0.0,Unknown,0,187.88,273.07,273.07,365.51,578.34
cell_03810,80.2875,12.8675,300002.62639072834,0.0,0.0,0.0,0.0,0.0,0.0,0.0,0.0,0.0,4983.05,7788.85,5002.83,0.0,0.0,Water,0.0,100.0,0.0,0.0,0.0,0,0.0,Unknown,0,187.88,273.07,273.07,365.51,578.34
cell_03811,80.2875,12.8725,299996.7953097742,0.0,0.0,0.0,0.0,0.0,0.0,0.0,0.0,0.0,4835.58,7360.66,4966.58,0.0,0.0,Water,0.0,100.0,0.0,0.0,0.0,0,0.0,Unknown,0,187.88,273.07,273.07,365.51,578.34
cell_03812,80.2875,12.8775,299990.9619932072,0.0,0.0,0.0,0.0,0.0,0.0,0.0,0.0,0.0,4703.45,6950.11,4988.04,0.0,0.0,Water,0.0,100.0,0.0,0.0,0.0,0,0.0,Unknown,0,187.88,273.07,273.07,365.51,578.34
cell_03813,80.2875,12.8825,299985.12644040596,0.0,0.0,0.0,0.0,0.0,0.0,0.0,0.0,0.0,4633.96,6560.52,5058.63,0.0,0.0,Water,0.0,100.0,0.0,0.0,0.0,0,0.0,Unknown,0,187.88,273.07,273.07,365.51,578.34
cell_03814,80.2875,12.8875,299979.28865155607,0.0,0.0,0.0,0.0,0.0,0.0,0.0,0.0,0.0,4558.02,6195.82,5112.77,0.0,0.0,Water,0.0,100.0,0.0,0.0,0.0,0,0.0,Unknown,0,187.88,273.07,273.07,365.51,578.34
cell_03815,80.2875,12.8925,299973.44862711185,0.0,0.0,0.0,0.0,0.0,0.0,0.0,0.0,0.0,4503.9,5860.68,5182.96,0.0,0.0,Water,0.0,100.0,0.0,0.0,0.0,0,0.0,Unknown,0,187.88,273.07,273.07,365.51,578.34
cell_03816,80.2875,12.8975,299967.6063664535,0.0,0.0,0.0,0.0,0.0,0.0,0.0,0.0,0.0,4516.13,5560.45,5237.68,0.0,0.0,Water,0.0,100.0,0.0,0.0,0.0,0,0.0,Unknown,0,187.88,273.07,273.07,365.51,578.34
cell_03817,80.2875,12.9025,299961.76187026984,0.0,0.0,0.0,0.0,0.0,0.0,0.0,0.0,0.0,4524.72,5301.04,5133.06,0.0,0.0,Water,0.0,100.0,0.0,0.0,0.0,0,0.0,Unknown,0,187.88,273.07,273.07,365.51,578.34
cell_03818,80.2875,12.9075,299955.91513802076,0.0,0.0,0.0,0.0,0.0,0.0,0.0,0.0,0.0,4315.97,5088.72,5028.44,0.0,0.0,Water,0.0,100.0,0.0,0.0,0.0,0,0.0,Unknown,0,187.88,273.07,273.07,365.51,578.34
cell_03819,80.2875,12.9125,299950.0661701446,0.0,0.0,0.0,0.0,0.0,0.0,0.0,0.0,0.0,4170.57,4929.57,4923.83,0.0,0.0,Water,0.0,100.0,0.0,0.0,0.0,0,0.0,Unknown,0,187.88,273.07,273.07,365.51,578.34
cell_03820,80.2875,12.9175,299944.2149664942,0.0,0.0,0.0,0.0,0.0,0.0,0.0,0.0,0.0,4091.84,4828.86,4821.67,0.0,0.0,Water,0.0,100.0,0.0,0.0,0.0,0,0.0,Unknown,0,187.88,273.07,273.07,365.51,578.34
cell_03821,80.2875,12.9225,299938.3615271283,0.0,0.0,0.0,0.0,0.0,0.0,0.0,0.0,0.0,4002.21,4790.26,4717.33,0.0,0.0,Water,0.0,100.0,0.0,0.0,0.0,0,0.0,Unknown,0,187.88,273.07,273.07,365.51,578.34
cell_03822,80.2875,12.9275,299932.5058521691,0.0,0.0,0.0,0.0,0.0,0.0,0.0,0.0,0.0,3965.31,4815.27,4613.74,0.0,0.0,Water,0.0,100.0,0.0,0.0,0.0,0,0.0,Unknown,0,187.88,273.07,273.07,365.51,578.34
cell_03823,80.2875,12.9325,299926.64794116985,0.0,0.0,0.0,0.0,0.0,0.0,0.0,0.0,0.0,3982.62,4902.92,4516.95,0.0,0.0,Water,0.0,100.0,0.0,0.0,0.0,0,0.0,Unknown,0,187.88,273.07,273.07,365.51,578.34
cell_03824,80.2875,12.9375,299920.7877948688,0.0,0.0,0.0,0.0,0.0,0.0,0.0,0.0,0.0,3803.6,5049.95,4419.28,0.0,0.0,Water,0.0,100.0,0.0,0.0,0.0,0,0.0,Unknown,0,187.88,273.07,273.07,365.51,578.34
cell_03825,80.2875,12.9425,299914.92541315145,0.0,0.0,0.0,0.0,0.0,0.0,0.0,0.0,0.0,3693.67,5251.38,4313.8,0.0,0.0,Water,0.0,100.0,0.0,0.0,0.0,0,0.0,Unknown,0,187.88,273.07,273.07,365.51,578.34
cell_03826,80.2875,12.9475,299909.0607958076,0.0,0.0,0.0,0.0,0.0,0.0,0.0,0.0,0.0,3652.01,5501.22,4212.72,0.0,0.0,Water,0.0,100.0,0.0,0.0,0.0,0,0.0,Unknown,0,187.88,273.07,273.07,365.51,578.34
cell_03827,80.2875,12.9525,299903.193942849,0.0,0.0,0.0,0.0,0.0,0.0,0.0,0.0,0.0,3691.5,5793.23,4113.77,0.0,0.0,Water,0.0,100.0,0.0,0.0,0.0,0,0.0,Unknown,0,187.88,273.07,273.07,365.51,578.34
cell_03828,80.2875,12.9575,299897.3248546182,0.0,0.0,0.0,0.0,0.0,0.0,0.0,0.0,0.0,3502.94,6121.36,4007.12,0.0,0.0,Water,0.0,100.0,0.0,0.0,0.0,0,0.0,Unknown,0,187.88,273.07,273.07,365.51,578.34
cell_03829,80.2875,12.9625,299891.45353060646,0.0,0.0,0.0,0.0,0.0,0.0,0.0,0.0,0.0,3355.01,5648.27,3902.7,0.0,0.0,Water,0.0,100.0,0.0,0.0,0.0,0,0.0,Unknown,0,187.88,273.07,273.07,365.51,578.34
cell_03830,80.2875,12.9675,299885.5799714721,0.0,0.0,0.0,0.0,0.0,0.0,0.0,0.0,0.0,3292.31,5106.78,3796.77,0.0,0.0,Water,0.0,100.0,0.0,0.0,0.0,0,0.0,Unknown,0,187.88,273.07,273.07,365.51,578.34
cell_03831,80.2875,12.9725,299879.70417711535,0.0,0.0,0.0,0.0,0.0,0.0,0.0,0.0,0.0,3114.22,4568.04,3710.47,0.0,0.0,Water,0.0,100.0,0.0,0.0,0.0,0,0.0,Unknown,0,187.88,273.07,273.07,365.51,578.34
cell_03832,80.2875,12.9775,299873.8261470438,0.0,0.0,0.0,0.0,0.0,0.0,0.0,0.0,0.0,2908.16,4033.14,3660.38,0.0,0.0,Water,0.0,100.0,0.0,0.0,0.0,0,0.0,Unknown,0,187.88,273.07,273.07,365.51,578.34
cell_03833,80.2875,12.9825,299867.94588189985,0.0,0.0,0.0,0.0,0.0,0.0,0.0,0.0,0.0,2797.85,3503.87,3673.78,0.0,0.0,Water,0.0,100.0,0.0,0.0,0.0,0,0.0,Unknown,0,187.88,273.07,273.07,365.51,578.34
cell_03834,80.2875,12.9875,299862.0633816003,0.0,0.0,0.0,0.0,0.0,0.0,0.0,0.0,0.0,2784.75,2983.21,3736.09,0.0,0.0,Water,0.0,100.0,0.0,0.0,0.0,0,0.0,Unknown,0,187.88,273.07,273.07,365.51,578.34
cell_03835,80.2875,12.9925,299856.17864579323,0.0,0.0,0.0,0.0,0.0,0.0,0.0,0.0,0.0,2429.65,2476.59,3863.56,0.0,0.0,Water,0.0,100.0,0.0,0.0,0.0,0,0.0,Unknown,0,187.88,273.07,273.07,365.51,578.34
cell_03836,80.2875,12.9975,299850.29167491675,0.0,0.0,0.0,0.0,0.0,0.0,0.0,0.0,0.0,1954.73,1994.74,3978.55,0.0,0.0,Water,0.0,100.0,0.0,0.0,0.0,0,0.0,Unknown,0,187.88,273.07,273.07,365.51,578.34
cell_03837,80.2875,13.0025,299844.4024689985,0.0,0.0,0.0,0.0,0.0,0.0,0.0,0.0,0.0,1529.21,1560.8,3956.44,0.0,0.0,Water,0.0,100.0,0.0,0.0,0.0,0,0.0,Unknown,0,187.88,273.07,273.07,365.51,578.34
cell_03838,80.2875,13.0075,299838.5110280011,0.0,0.0,0.0,0.0,0.0,0.0,0.0,0.0,0.0,1211.42,1226.67,3618.98,0.0,0.0,Water,0.0,100.0,0.0,0.0,0.0,0,0.0,Unknown,0,187.88,273.07,273.07,365.51,578.34
cell_03839,80.2875,13.0125,299832.61735166836,0.0,0.0,0.0,0.0,0.0,0.0,0.0,0.0,0.0,1081.97,1088.54,3334.55,0.0,0.0,Water,0.0,100.0,0.0,0.0,0.0,0,0.0,Unknown,0,187.88,273.07,273.07,365.51,578.34
cell_03840,80.2875,13.0175,299826.72144040704,0.0,0.0,0.0,0.0,0.0,0.0,0.0,0.0,0.0,1133.91,1215.18,2920.42,0.0,0.0,Water,0.0,100.0,0.0,0.0,0.0,0,0.0,Unknown,0,187.88,273.07,273.07,365.51,578.34
cell_03841,80.2875,13.0225,299820.8232942129,0.0,0.0,0.0,0.0,0.0,0.0,0.0,0.0,0.0,1180.47,1542.72,2481.78,0.0,0.0,Water,0.0,100.0,0.0,0.0,0.0,0,0.0,Unknown,0,187.88,273.07,273.07,365.51,578.34
cell_03842,80.2875,13.0275,299814.92291278066,0.0,0.0,0.0,0.0,0.0,0.0,0.0,0.0,0.0,1348.42,1973.54,2031.76,0.0,0.0,Water,0.0,100.0,0.0,0.0,0.0,0,0.0,Unknown,0,187.88,273.07,273.07,365.51,578.34
cell_03843,80.2875,13.0325,299809.0202969742,0.0,0.0,0.0,0.0,0.0,0.0,0.0,0.0,0.0,1549.7,2453.83,1643.72,0.0,0.0,Water,0.0,100.0,0.0,0.0,0.0,0,0.0,Unknown,0,187.88,273.07,273.07,365.51,578.34
cell_03844,80.2875,13.0375,299803.11544557475,0.0,0.0,0.0,0.0,0.0,0.0,0.0,0.0,0.0,1350.66,2959.61,1359.67,0.0,0.0,Water,0.0,100.0,0.0,0.0,0.0,0,0.0,Unknown,0,187.88,273.07,273.07,365.51,578.34
cell_03845,80.2875,13.0425,299797.208359682,0.0,0.0,0.0,0.0,0.0,0.0,0.0,0.0,0.0,1215.27,2718.89,1210.33,0.0,0.0,Water,0.0,100.0,0.0,0.0,0.0,0,0.0,Unknown,0,187.88,273.07,273.07,365.51,578.34
cell_03846,80.2875,13.0475,299791.2990388977,0.0,0.0,0.0,0.0,0.0,0.0,0.0,0.0,0.0,1208.53,2173.77,992.27,0.0,0.0,Water,0.0,100.0,0.0,0.0,0.0,0,0.0,Unknown,0,187.88,273.07,273.07,365.51,578.34
cell_03847,80.2875,13.0525,299785.38748340664,0.0,0.0,0.0,0.0,0.0,0.0,0.0,0.0,0.0,974.28,1633.92,777.91,0.0,0.0,Water,0.0,97.26,0.0,0.0,2.74,0,0.0,Unknown,0,187.88,273.07,273.07,365.51,578.34
cell_03848,80.2875,13.0575,299779.4736927308,0.0,0.0,0.0,0.0,0.0,0.0,0.0,0.0,0.0,771.48,1106.49,771.83,0.0,0.0,Water,0.0,71.24,0.0,0.0,28.76,0,0.0,Unknown,0,187.88,273.07,273.07,365.51,578.34
cell_03849,80.2875,13.0625,299773.5576679076,0.0,9.0,0.53,0.0,6.41,0.5,0.0,0.0,0.0,331.08,571.34,720.32,0.0,0.0,Bare Land,8.05,35.29,5.23,0.58,50.84,0,0.0,Unknown,0,187.88,273.07,273.07,365.51,578.34
cell_03850,80.2875,13.0675,299767.6394080809,-1.0,12.0,2.65,0.0,11.21,2.11,2692.18,0.008981,12.0,0.0,27.89,445.99,561.05,0.001872,Vegetation,17.16,29.5,35.17,2.17,16.01,0,0.0,Unknown,0,187.88,273.07,273.07,365.51,578.34
cell_03851,80.2875,13.0725,299761.7189132455,1.0,13.0,6.18,0.0,7.85,2.46,3965.44,0.013229,18.0,370.55,384.9,466.56,0.0,0.0,Built-up,73.41,0.0,25.22,0.32,1.05,0,0.0,Unknown,0,187.88,273.07,273.07,365.51,578.34
cell_03852,80.2875,13.0775,299755.79618447076,2.0,16.0,7.3,0.0,9.2,2.35,1391.5,0.004642,2.0,240.33,503.41,25.51,700.29,0.002336,Built-up,62.27,0.0,35.62,1.1,1.01,0,0.0,Unknown,0,187.88,273.07,273.07,365.51,578.34
cell_03853,80.2875,13.0825,299749.87122067955,1.0,17.0,7.74,0.0,9.89,3.17,3421.27,0.011414,10.0,110.4,751.69,37.59,887.55,0.002961,Built-up,48.53,0.0,48.44,0.0,3.03,0,0.0,Unknown,0,187.88,273.07,273.07,365.51,578.34
cell_03854,80.2875,13.0875,299743.9440223248,3.0,20.0,10.55,0.0,13.13,3.23,6197.8,0.020677,18.0,424.83,1138.32,432.18,0.0,0.0,Built-up,80.42,0.0,19.45,0.0,0.13,0,0.0,Unknown,0,187.88,273.07,273.07,365.51,578.34
cell_03855,80.2875,13.0925,299738.0145895909,6.0,16.0,11.13,0.0,7.39,2.13,14072.22,0.046948,57.0,72.59,1612.15,983.71,0.0,0.0,Built-up,97.32,0.0,2.2,0.0,0.48,0,0.0,Unknown,0,187.88,273.07,273.07,365.51,578.34
cell_03856,80.2875,13.0975,299732.0829223481,4.0,16.0,10.78,0.0,9.93,2.59,15756.38,0.052568,74.0,258.72,2122.94,1464.55,0.0,0.0,Built-up,98.95,0.0,0.38,0.0,0.67,0,0.0,Unknown,0,187.88,273.07,273.07,365.51,578.34
cell_03857,80.2875,13.1025,299726.1490205449,4.0,15.0,9.8,0.0,7.7,2.62,13167.76,0.043933,83.0,157.72,2649.24,1501.29,0.0,0.0,Built-up,86.56,0.0,12.6,0.0,0.84,0,0.0,Unknown,0,187.88,273.07,273.07,365.51,578.34
cell_03858,80.2875,13.1075,299720.21288436593,4.0,18.0,9.66,0.0,9.0,2.85,7561.31,0.025228,33.0,669.19,3184.5,1622.58,0.0,0.0,Built-up,67.79,0.0,29.88,0.64,1.69,0,0.0,Unknown,0,187.88,273.07,273.07,365.51,578.34
cell_03859,80.2875,13.1125,299714.2745138705,6.0,14.0,10.34,0.0,5.94,2.01,17930.88,0.059827,99.0,504.21,3724.94,1775.26,0.0,0.0,Built-up,99.14,0.0,0.77,0.0,0.1,0,0.0,Unknown,0,187.88,273.07,273.07,365.51,578.34
cell_03860,80.2875,13.1175,299708.33390906884,7.0,14.0,10.45,0.0,4.86,1.73,11816.32,0.039426,52.0,554.34,4268.59,1674.99,0.0,0.0,Built-up,97.31,0.0,2.44,0.0,0.26,0,0.0,Unknown,0,187.88,273.07,273.07,365.51,578.34
cell_03861,80.2875,13.1225,299702.3910695789,5.0,15.0,9.82,0.0,5.46,2.03,12914.54,0.043091,74.0,733.4,4814.37,1543.37,0.0,0.0,Built-up,97.16,0.0,2.55,0.0,0.29,0,0.0,Unknown,0,187.88,273.07,273.07,365.51,578.34
cell_03862,80.2875,13.1275,299696.44599628,5.0,14.0,8.74,0.0,7.09,2.03,7105.66,0.02371,29.0,203.57,5361.63,1410.27,0.0,0.0,Built-up,90.11,0.61,8.2,0.41,0.67,0,0.0,Unknown,0,187.88,273.07,273.07,365.51,578.34
cell_03863,80.2875,13.1325,299690.4986883468,1.0,13.0,7.74,0.0,8.52,2.42,12253.26,0.040886,69.0,351.41,5882.27,1249.73,0.0,0.0,Built-up,94.19,0.0,5.68,0.1,0.03,3,0.0,Unknown,1,187.88,273.07,273.07,365.51,578.34
cell_03864,80.2875,13.1375,299684.5491465955,1.0,13.0,6.69,0.0,8.29,2.44,5295.19,0.017669,24.0,668.05,5336.11,1067.54,0.0,0.0,Built-up,74.04,0.0,23.34,1.72,0.89,0,0.0,Unknown,0,187.88,273.07,273.07,365.51,578.34
cell_03865,80.2875,13.1425,299678.5973704383,2.0,12.0,5.7,0.0,7.09,2.11,1104.65,0.003686,3.0,1138.98,4791.5,831.86,0.0,0.0,Built-up,59.63,0.0,36.99,2.58,0.8,0,0.0,Unknown,0,187.88,273.07,273.07,365.51,578.34
cell_03866,80.2875,13.1475,299672.6433602809,-1.0,9.0,4.35,0.0,7.5,2.16,852.76,0.002846,0.0,760.63,4249.06,597.29,0.0,0.0,Built-up,65.62,0.0,32.56,1.23,0.58,0,0.0,Unknown,0,187.88,273.07,273.07,365.51,578.34
cell_03867,80.2875,13.1525,299666.6871156933,-6.0,7.0,1.49,0.0,8.83,2.44,2623.43,0.008754,7.0,651.11,3709.73,363.19,0.0,0.0,Vegetation,21.56,8.61,63.27,5.04,1.53,0,0.0,Unknown,0,187.88,273.07,273.07,365.51,578.34
cell_03868,80.2875,13.1575,299660.7286373021,-3.0,8.0,2.38,0.0,6.51,2.44,1223.3,0.004082,0.0,369.38,3175.11,132.33,605.77,0.002022,Built-up,44.32,3.06,42.86,6.44,3.32,0,0.0,Unknown,0,187.88,273.07,273.07,365.51,578.34
cell_03869,80.2875,13.1625,299654.7679247548,-4.0,11.0,4.58,0.0,7.09,2.55,3262.28,0.010887,18.0,559.25,2648.02,103.09,593.51,0.001981,Vegetation,24.71,0.88,65.78,5.68,2.95,0,0.0,Unknown,0,187.88,273.07,273.07,365.51,578.34
cell_03870,80.2875,13.1675,299648.80497844244,-2.0,15.0,5.26,0.0,8.23,2.85,2083.29,0.006952,11.0,498.05,2134.09,206.53,556.71,0.001858,Vegetation,41.68,0.96,54.11,1.66,1.59,0,0.0,Unknown,0,187.88,273.07,273.07,365.51,578.34
cell_03871,80.2875,13.1725,299642.8397978247,-1.0,12.0,5.1,0.0,10.21,2.63,168.79,0.000563,3.0,406.94,1645.66,276.41,221.27,0.000738,Vegetation,42.44,1.12,44.16,1.79,10.49,0,0.0,Unknown,0,187.88,273.07,273.07,365.51,578.34
cell_03872,80.2875,13.1775,299636.87238359114,-5.0,11.0,1.75,0.0,11.7,2.84,2124.45,0.00709,1.0,33.98,1213.94,50.7,634.34,0.002117,Vegetation,9.38,2.4,43.12,38.25,6.85,0,0.0,Unknown,0,187.88,273.07,273.07,365.51,578.34
cell_03873,80.2875,13.1825,299630.90273526387,-2.0,6.0,3.17,0.0,5.86,1.9,4933.46,0.016465,20.0,393.96,852.47,538.05,0.0,0.0,Vegetation,35.84,0.0,43.21,12.63,8.32,0,0.0,Unknown,0,187.88,273.07,273.07,365.51,578.34
cell_03874,80.2875,13.1875,299624.9308531535,-2.0,7.0,2.69,0.0,7.26,2.37,0.0,0.0,0.0,223.37,650.25,926.76,0.0,0.0,Cropland,1.53,0.0,30.23,68.21,0.03,0,0.0,Unknown,0,187.88,273.07,273.07,365.51,578.34
cell_03875,80.2875,13.1925,299618.9567372096,-1.0,6.0,2.61,0.0,4.98,1.76,1502.91,0.005016,0.0,214.69,255.88,1276.49,266.16,0.000888,Cropland,3.31,3.6,40.71,51.43,0.94,0,0.0,Unknown,0,187.88,273.07,273.07,365.51,578.34
cell_03876,80.2875,13.1975,299612.98038755346,-1.0,6.0,2.33,0.0,4.86,1.83,0.0,0.0,0.0,0.0,1.99,1706.59,984.87,0.003287,Vegetation,0.0,14.8,56.15,29.02,0.03,0,0.0,Unknown,0,187.88,273.07,273.07,365.51,578.34
cell_03877,80.2875,13.2025,299607.00180388056,-1.0,7.0,2.45,0.0,6.19,2.01,0.0,0.0,0.0,56.17,296.13,1680.71,163.19,0.000545,Vegetation,0.0,3.16,82.43,14.16,0.26,0,0.0,Unknown,0,187.88,273.07,273.07,365.51,578.34
cell_03878,80.2875,13.2075,299601.0209868813,-1.0,8.0,3.26,0.0,6.41,1.95,1671.61,0.005579,0.0,0.0,5.35,1138.35,637.04,0.002126,Vegetation,0.0,3.54,61.17,35.19,0.1,0,0.0,Unknown,0,187.88,273.07,273.07,365.51,578.34
cell_03879,80.2875,13.2125,299595.03793580964,-2.0,7.0,2.74,0.0,5.79,1.98,0.0,0.0,0.0,383.25,458.96,615.22,0.0,0.0,Vegetation,0.38,0.0,63.58,36.03,0.0,0,0.0,Unknown,0,187.88,273.07,273.07,365.51,578.34
cell_03880,80.2875,13.2175,299589.0526513231,0.0,6.0,3.5,0.0,5.46,1.75,0.0,0.0,0.0,726.39,995.89,227.98,470.71,0.001571,Vegetation,0.0,1.66,75.77,22.58,0.0,0,0.0,Unknown,0,187.88,273.07,273.07,365.51,578.34
cell_03881,80.2875,13.2225,299583.065133151,0.0,7.0,2.65,0.0,6.72,1.78,0.0,0.0,0.0,959.34,1533.36,267.37,266.22,0.000889,Vegetation,0.0,0.0,65.06,33.38,1.56,0,0.0,Unknown,0,187.88,273.07,273.07,365.51,578.34
cell_03882,80.2875,13.2275,299577.0753815562,-2.0,8.0,3.94,0.0,8.02,1.91,0.0,0.0,0.0,1374.05,1583.36,694.65,0.0,0.0,Cropland,0.0,0.0,34.38,52.2,13.42,0,0.0,Unknown,0,187.88,273.07,273.07,365.51,578.34
cell_03883,80.2875,13.2325,299571.0833962018,0.0,6.0,3.27,0.0,4.81,1.6,0.0,0.0,0.0,1529.35,1615.54,1191.14,0.0,0.0,Built-up,45.34,0.16,27.84,12.91,13.74,0,0.0,Unknown,0,187.88,273.07,273.07,365.51,578.34
cell_03884,80.2875,13.2375,299565.0891773524,0.0,5.0,3.21,0.0,5.66,1.49,0.0,0.0,0.0,1545.16,1601.2,1719.59,0.0,0.0,Vegetation,25.84,0.0,40.58,32.47,1.1,0,0.0,Unknown,0,187.88,273.07,273.07,365.51,578.34
cell_03885,80.2875,13.2425,299559.09272539854,0.0,7.0,3.16,0.0,4.84,1.59,0.0,0.0,0.0,1670.33,1695.16,2259.81,0.0,0.0,Cropland,21.88,0.0,28.32,41.87,7.94,0,0.0,Unknown,0,187.88,273.07,273.07,365.51,578.34
cell_03886,80.2875,13.2475,299553.09403959516,1.0,8.0,4.78,0.0,4.03,1.53,0.0,0.0,0.0,1920.01,1939.61,2782.57,0.0,0.0,Vegetation,22.48,0.0,40.43,36.48,0.61,0,0.0,Unknown,0,187.88,273.07,273.07,365.51,578.34
cell_03887,80.2875,13.2525,299547.093120237,0.0,0.0,0.0,0.0,0.0,0.0,0.0,0.0,0.0,2264.63,2293.95,3311.81,0.0,0.0,Unknown,0.0,0.0,0.0,0.0,0.0,0,0.0,Unknown,0,187.88,273.07,273.07,365.51,578.34
cell_03888,80.2925,12.8525,300019.48546750465,0.0,0.0,0.0,0.0,0.0,0.0,0.0,0.0,0.0,5721.94,9415.79,5942.91,0.0,0.0,Water,0.0,100.0,0.0,0.0,0.0,0,0.0,Unknown,0,187.88,273.07,273.07,365.51,578.34
cell_03889,80.2925,12.8575,300013.6611318099,0.0,0.0,0.0,0.0,0.0,0.0,0.0,0.0,0.0,5610.79,8998.12,5762.6,0.0,0.0,Water,0.0,100.0,0.0,0.0,0.0,0,0.0,Unknown,0,187.88,273.07,273.07,365.51,578.34
cell_03890,80.2925,12.8625,300007.8345601918,0.0,0.0,0.0,0.0,0.0,0.0,0.0,0.0,0.0,5541.57,8558.98,5627.29,0.0,0.0,Water,0.0,100.0,0.0,0.0,0.0,0,0.0,Unknown,0,187.88,273.07,273.07,365.51,578.34
cell_03891,80.2925,12.8675,300002.0057525839,0.0,0.0,0.0,0.0,0.0,0.0,0.0,0.0,0.0,5522.71,8133.74,5541.96,0.0,0.0,Water,0.0,100.0,0.0,0.0,0.0,0,0.0,Unknown,0,187.88,273.07,273.07,365.51,578.34
cell_03892,80.2925,12.8725,299996.17470863456,0.0,0.0,0.0,0.0,0.0,0.0,0.0,0.0,0.0,5356.67,7724.69,5509.07,0.0,0.0,Water,0.0,100.0,0.0,0.0,0.0,0,0.0,Unknown,0,187.88,273.07,273.07,365.51,578.34
cell_03893,80.2925,12.8775,299990.3414290018,0.0,0.0,0.0,0.0,0.0,0.0,0.0,0.0,0.0,5237.69,7334.54,5528.63,0.0,0.0,Water,0.0,100.0,0.0,0.0,0.0,0,0.0,Unknown,0,187.88,273.07,273.07,365.51,578.34
cell_03894,80.2925,12.8825,299984.5059130511,0.0,0.0,0.0,0.0,0.0,0.0,0.0,0.0,0.0,5175.37,6966.47,5594.95,0.0,0.0,Water,0.0,100.0,0.0,0.0,0.0,0,0.0,Unknown,0,187.88,273.07,273.07,365.51,578.34
cell_03895,80.2925,12.8875,299978.6681615828,0.0,0.0,0.0,0.0,0.0,0.0,0.0,0.0,0.0,5094.74,6624.15,5653.23,0.0,0.0,Water,0.0,100.0,0.0,0.0,0.0,0,0.0,Unknown,0,187.88,273.07,273.07,365.51,578.34
cell_03896,80.2925,12.8925,299972.8281738338,0.0,0.0,0.0,0.0,0.0,0.0,0.0,0.0,0.0,5046.01,6311.79,5720.2,0.0,0.0,Water,0.0,100.0,0.0,0.0,0.0,0,0.0,Unknown,0,187.88,273.07,273.07,365.51,578.34
cell_03897,80.2925,12.8975,299966.985950322,0.0,0.0,0.0,0.0,0.0,0.0,0.0,0.0,0.0,5056.91,6034.03,5770.35,0.0,0.0,Water,0.0,100.0,0.0,0.0,0.0,0,0.0,Unknown,0,187.88,273.07,273.07,365.51,578.34
cell_03898,80.2925,12.9025,299961.14149123244,0.0,0.0,0.0,0.0,0.0,0.0,0.0,0.0,0.0,5019.91,5795.85,5665.72,0.0,0.0,Water,0.0,100.0,0.0,0.0,0.0,0,0.0,Unknown,0,187.88,273.07,273.07,365.51,578.34
cell_03899,80.2925,12.9075,299955.29479599226,0.0,0.0,0.0,0.0,0.0,0.0,0.0,0.0,0.0,4832.58,5602.31,5561.09,0.0,0.0,Water,0.0,100.0,0.0,0.0,0.0,0,0.0,Unknown,0,187.88,273.07,273.07,365.51,578.34
cell_03900,80.2925,12.9125,299949.4458651967,0.0,0.0,0.0,0.0,0.0,0.0,0.0,0.0,0.0,4703.17,5458.15,5456.47,0.0,0.0,Water,0.0,100.0,0.0,0.0,0.0,0,0.0,Unknown,0,187.88,273.07,273.07,365.51,578.34
cell_03901,80.2925,12.9175,299943.5946985888,0.0,0.0,0.0,0.0,0.0,0.0,0.0,0.0,0.0,4632.47,5367.35,5354.38,0.0,0.0,Water,0.0,100.0,0.0,0.0,0.0,0,0.0,Unknown,0,187.88,273.07,273.07,365.51,578.34
cell_03902,80.2925,12.9225,299937.74129635445,0.0,0.0,0.0,0.0,0.0,0.0,0.0,0.0,0.0,4540.21,5332.63,5250.0,0.0,0.0,Water,0.0,100.0,0.0,0.0,0.0,0,0.0,Unknown,0,187.88,273.07,273.07,365.51,578.34
cell_03903,80.2925,12.9275,299931.8856584581,0.0,0.0,0.0,0.0,0.0,0.0,0.0,0.0,0.0,4507.71,5355.11,5146.95,0.0,0.0,Water,0.0,100.0,0.0,0.0,0.0,0,0.0,Unknown,0,187.88,273.07,273.07,365.51,578.34
cell_03904,80.2925,12.9325,299926.0277847366,0.0,0.0,0.0,0.0,0.0,0.0,0.0,0.0,0.0,4487.89,5434.05,5052.31,0.0,0.0,Water,0.0,100.0,0.0,0.0,0.0,0,0.0,Unknown,0,187.88,273.07,273.07,365.51,578.34
cell_03905,80.2925,12.9375,299920.16767548525,0.0,0.0,0.0,0.0,0.0,0.0,0.0,0.0,0.0,4328.73,5567.06,4952.6,0.0,0.0,Water,0.0,100.0,0.0,0.0,0.0,0,0.0,Unknown,0,187.88,273.07,273.07,365.51,578.34
cell_03906,80.2925,12.9425,299914.30533104745,0.0,0.0,0.0,0.0,0.0,0.0,0.0,0.0,0.0,4230.85,5750.39,4845.99,0.0,0.0,Water,0.0,100.0,0.0,0.0,0.0,0,0.0,Unknown,0,187.88,273.07,273.07,365.51,578.34
cell_03907,80.2925,12.9475,299908.4407506304,0.0,0.0,0.0,0.0,0.0,0.0,0.0,0.0,0.0,4194.36,5979.41,4746.32,0.0,0.0,Water,0.0,100.0,0.0,0.0,0.0,0,0.0,Unknown,0,187.88,273.07,273.07,365.51,578.34
cell_03908,80.2925,12.9525,299902.57393494004,0.0,0.0,0.0,0.0,0.0,0.0,0.0,0.0,0.0,4213.5,6249.1,4643.86,0.0,0.0,Water,0.0,100.0,0.0,0.0,0.0,0,0.0,Unknown,0,187.88,273.07,273.07,365.51,578.34
cell_03909,80.2925,12.9575,299896.7048840655,0.0,0.0,0.0,0.0,0.0,0.0,0.0,0.0,0.0,4017.71,6309.76,4542.69,0.0,0.0,Water,0.0,100.0,0.0,0.0,0.0,0,0.0,Unknown,0,187.88,273.07,273.07,365.51,578.34
cell_03910,80.2925,12.9625,299890.83359699254,0.0,0.0,0.0,0.0,0.0,0.0,0.0,0.0,0.0,3888.39,5777.34,4433.14,0.0,0.0,Water,0.0,100.0,0.0,0.0,0.0,0,0.0,Unknown,0,187.88,273.07,273.07,365.51,578.34
cell_03911,80.2925,12.9675,299884.9600752644,0.0,0.0,0.0,0.0,0.0,0.0,0.0,0.0,0.0,3834.41,5249.17,4330.68,0.0,0.0,Water,0.0,100.0,0.0,0.0,0.0,0,0.0,Unknown,0,187.88,273.07,273.07,365.51,578.34
cell_03912,80.2925,12.9725,299879.08431804075,0.0,0.0,0.0,0.0,0.0,0.0,0.0,0.0,0.0,3606.99,4726.68,4248.21,0.0,0.0,Water,0.0,100.0,0.0,0.0,0.0,0,0.0,Unknown,0,187.88,273.07,273.07,365.51,578.34
cell_03913,80.2925,12.9775,299873.2063252692,0.0,0.0,0.0,0.0,0.0,0.0,0.0,0.0,0.0,3430.65,4211.99,4202.55,0.0,0.0,Water,0.0,100.0,0.0,0.0,0.0,0,0.0,Unknown,0,187.88,273.07,273.07,365.51,578.34
cell_03914,80.2925,12.9825,299867.3260973714,0.0,0.0,0.0,0.0,0.0,0.0,0.0,0.0,0.0,3337.64,3708.32,4214.62,0.0,0.0,Water,0.0,100.0,0.0,0.0,0.0,0,0.0,Unknown,0,187.88,273.07,273.07,365.51,578.34
cell_03915,80.2925,12.9875,299861.44363416935,0.0,0.0,0.0,0.0,0.0,0.0,0.0,0.0,0.0,3178.97,3220.87,4270.58,0.0,0.0,Water,0.0,100.0,0.0,0.0,0.0,0,0.0,Unknown,0,187.88,273.07,273.07,365.51,578.34
cell_03916,80.2925,12.9925,299855.5589359904,0.0,0.0,0.0,0.0,0.0,0.0,0.0,0.0,0.0,2720.34,2758.26,4389.23,0.0,0.0,Water,0.0,100.0,0.0,0.0,0.0,0,0.0,Unknown,0,187.88,273.07,273.07,365.51,578.34
cell_03917,80.2925,12.9975,299849.672002104,0.0,0.0,0.0,0.0,0.0,0.0,0.0,0.0,0.0,2303.51,2335.27,4505.44,0.0,0.0,Water,0.0,100.0,0.0,0.0,0.0,0,0.0,Unknown,0,187.88,273.07,273.07,365.51,578.34
cell_03918,80.2925,13.0025,299843.7828335636,0.0,0.0,0.0,0.0,0.0,0.0,0.0,0.0,0.0,1955.41,1977.5,4380.97,0.0,0.0,Water,0.0,100.0,0.0,0.0,0.0,0,0.0,Unknown,0,187.88,273.07,273.07,365.51,578.34
cell_03919,80.2925,13.0075,299837.89142990776,0.0,0.0,0.0,0.0,0.0,0.0,0.0,0.0,0.0,1718.34,1726.01,4078.78,0.0,0.0,Water,0.0,100.0,0.0,0.0,0.0,0,0.0,Unknown,0,187.88,273.07,273.07,365.51,578.34
cell_03920,80.2925,13.0125,299831.997790895,0.0,0.0,0.0,0.0,0.0,0.0,0.0,0.0,0.0,1623.5,1630.73,3694.87,0.0,0.0,Water,0.0,100.0,0.0,0.0,0.0,0,0.0,Unknown,0,187.88,273.07,273.07,365.51,578.34
cell_03921,80.2925,13.0175,299826.1019170251,0.0,0.0,0.0,0.0,0.0,0.0,0.0,0.0,0.0,1667.58,1717.85,3241.98,0.0,0.0,Water,0.0,100.0,0.0,0.0,0.0,0,0.0,Unknown,0,187.88,273.07,273.07,365.51,578.34
cell_03922,80.2925,13.0225,299820.20380818314,0.0,0.0,0.0,0.0,0.0,0.0,0.0,0.0,0.0,1720.07,1963.23,2804.17,0.0,0.0,Water,0.0,100.0,0.0,0.0,0.0,0,0.0,Unknown,0,187.88,273.07,273.07,365.51,578.34
cell_03923,80.2925,13.0275,299814.3034640665,0.0,0.0,0.0,0.0,0.0,0.0,0.0,0.0,0.0,1845.9,2317.14,2413.62,0.0,0.0,Water,0.0,100.0,0.0,0.0,0.0,0,0.0,Unknown,0,187.88,273.07,273.07,365.51,578.34
cell_03924,80.2925,13.0325,299808.40088555525,0.0,0.0,0.0,0.0,0.0,0.0,0.0,0.0,0.0,2050.71,2737.8,2096.76,0.0,0.0,Water,0.0,100.0,0.0,0.0,0.0,0,0.0,Unknown,0,187.88,273.07,273.07,365.51,578.34
cell_03925,80.2925,13.0375,299802.4960717432,0.0,0.0,0.0,0.0,0.0,0.0,0.0,0.0,0.0,1858.03,3198.98,1868.67,0.0,0.0,Water,0.0,100.0,0.0,0.0,0.0,0,0.0,Unknown,0,187.88,273.07,273.07,365.51,578.34
cell_03926,80.2925,13.0425,299796.5890231156,0.0,0.0,0.0,0.0,0.0,0.0,0.0,0.0,0.0,1756.61,2691.43,1723.21,0.0,0.0,Water,0.0,100.0,0.0,0.0,0.0,0,0.0,Unknown,0,187.88,273.07,273.07,365.51,578.34
cell_03927,80.2925,13.0475,299790.6797396223,0.0,0.0,0.0,0.0,0.0,0.0,0.0,0.0,0.0,1692.15,2139.32,1468.55,0.0,0.0,Water,0.0,100.0,0.0,0.0,0.0,0,0.0,Unknown,0,187.88,273.07,273.07,365.51,578.34
cell_03928,80.2925,13.0525,299784.7682217315,0.0,0.0,0.0,0.0,0.0,0.0,0.0,0.0,0.0,1441.62,1587.82,1314.82,0.0,0.0,Water,0.0,100.0,0.0,0.0,0.0,0,0.0,Unknown,0,187.88,273.07,273.07,365.51,578.34
cell_03929,80.2925,13.0575,299778.85446850734,0.0,0.0,0.0,0.0,0.0,0.0,0.0,0.0,0.0,948.02,1037.87,1313.95,0.0,0.0,Water,0.0,100.0,0.0,0.0,0.0,0,0.0,Unknown,0,187.88,273.07,273.07,365.51,578.34
cell_03930,80.2925,13.0625,299772.938481035,0.0,0.0,0.0,0.0,0.0,0.0,0.0,0.0,0.0,424.57,494.71,1190.24,0.0,0.0,Water,0.0,100.0,0.0,0.0,0.0,0,0.0,Unknown,0,187.88,273.07,273.07,365.51,578.34
cell_03931,80.2925,13.0675,299767.02025866363,0.0,1.0,0.0,0.0,2.94,0.03,0.0,0.0,0.0,128.38,154.48,948.24,145.26,0.000485,Water,0.0,92.63,1.82,0.0,5.55,0,0.0,Unknown,0,187.88,273.07,273.07,365.51,578.34
cell_03932,80.2925,13.0725,299761.099801451,0.0,13.0,1.97,0.0,15.39,1.62,130.66,0.000436,1.0,511.94,638.08,764.02,0.0,0.0,Water,10.81,58.83,16.2,5.8,8.35,0,0.0,Unknown,0,187.88,273.07,273.07,365.51,578.34
cell_03933,80.2925,13.0775,299755.17711000855,-1.0,10.0,3.96,0.0,11.6,2.42,0.0,0.0,0.0,778.91,1012.21,538.33,0.0,0.0,Built-up,52.86,15.88,7.76,1.2,22.31,0,0.0,Unknown,0,187.88,273.07,273.07,365.51,578.34
cell_03934,80.2925,13.0825,299749.2521838588,-2.0,11.0,4.63,0.0,7.26,2.46,0.0,0.0,0.0,587.86,1227.24,430.54,0.0,0.0,Built-up,71.33,0.0,11.67,0.48,16.52,0,0.0,Unknown,0,187.88,273.07,273.07,365.51,578.34
cell_03935,80.2925,13.0875,299743.3250229342,0.0,17.0,5.2,0.0,9.71,3.14,853.33,0.002847,8.0,722.08,1517.65,667.67,0.0,0.0,Built-up,71.56,14.51,7.21,0.0,6.72,0,0.0,Unknown,0,187.88,273.07,273.07,365.51,578.34
cell_03936,80.2925,13.0925,299737.3956277826,-7.0,27.0,6.34,0.0,17.33,3.75,5016.41,0.016736,16.0,545.08,1908.62,1139.19,0.0,0.0,Built-up,83.1,13.68,1.59,0.0,1.63,0,0.0,Unknown,0,187.88,273.07,273.07,365.51,578.34
cell_03937,80.2925,13.0975,299731.4639980055,0.0,28.0,9.52,0.0,20.84,3.46,11184.7,0.037316,52.0,252.54,2358.92,1640.7,0.0,0.0,Built-up,96.4,0.0,3.41,0.13,0.06,0,0.0,Unknown,0,187.88,273.07,273.07,365.51,578.34
cell_03938,80.2925,13.1025,299725.5301338819,-1.0,17.0,7.79,0.0,6.81,2.69,7766.59,0.025912,38.0,413.35,2843.78,2035.41,0.0,0.0,Built-up,89.06,0.0,9.12,1.69,0.13,0,0.0,Unknown,0,187.88,273.07,273.07,365.51,578.34
cell_03939,80.2925,13.1075,299719.5940351558,4.0,13.0,8.11,0.0,5.15,1.89,10766.88,0.035923,65.0,775.84,3349.66,2157.66,0.0,0.0,Built-up,90.34,0.0,8.29,0.1,1.28,0,0.0,Unknown,0,187.88,273.07,273.07,365.51,578.34
cell_03940,80.2925,13.1125,299713.65570223244,6.0,14.0,10.33,0.0,4.35,1.78,12690.86,0.042343,59.0,234.3,3867.73,2283.94,0.0,0.0,Built-up,98.18,0.0,1.56,0.0,0.26,0,0.0,Unknown,0,187.88,273.07,273.07,365.51,578.34
cell_03941,80.2925,13.1175,299707.7151350292,6.0,14.0,9.87,0.0,5.94,2.06,10280.65,0.034302,64.0,328.55,4393.75,2201.98,0.0,0.0,Built-up,95.16,0.0,4.48,0.0,0.36,0,0.0,Unknown,0,187.88,273.07,273.07,365.51,578.34
cell_03942,80.2925,13.1225,299701.7723331316,7.0,15.0,10.27,0.0,6.89,2.02,13795.25,0.04603,104.0,876.12,4925.67,2069.53,0.0,0.0,Built-up,95.57,0.0,3.86,0.0,0.57,1,0.0,Unknown,1,187.88,273.07,273.07,365.51,578.34
cell_03943,80.2925,13.1275,299695.82729752804,5.0,14.0,9.36,0.0,4.89,1.9,10223.64,0.034113,75.0,592.39,5461.79,1928.89,0.0,0.0,Built-up,85.49,0.0,6.66,7.78,0.06,0,0.0,Unknown,0,187.88,273.07,273.07,365.51,578.34
cell_03944,80.2925,13.1325,299689.8800271896,6.0,13.0,8.26,0.0,5.15,1.65,10581.68,0.035309,55.0,81.87,5825.46,1768.35,0.0,0.0,Built-up,97.76,0.0,1.01,0.0,1.23,0,0.0,Unknown,0,187.88,273.07,273.07,365.51,578.34
cell_03945,80.2925,13.1375,299683.9305230431,3.0,12.0,8.58,0.0,8.13,1.97,13860.93,0.046252,76.0,501.33,5273.98,1557.8,0.0,0.0,Built-up,80.64,0.0,17.57,1.08,0.7,1,0.0,Unknown,1,187.88,273.07,273.07,365.51,578.34
cell_03946,80.2925,13.1425,299677.9787845005,5.0,17.0,9.61,0.0,8.59,2.68,7788.98,0.025991,31.0,1049.92,4722.49,1322.36,0.0,0.0,Built-up,53.64,0.0,36.77,8.86,0.73,1,0.0,Unknown,1,187.88,273.07,273.07,365.51,578.34
cell_03947,80.2925,13.1475,299672.02481209335,1.0,13.0,7.94,0.0,6.98,2.61,10483.68,0.034984,65.0,799.9,4171.1,1088.25,0.0,0.0,Built-up,95.65,0.0,3.6,0.68,0.06,1,0.0,Unknown,1,187.88,273.07,273.07,365.51,578.34
cell_03948,80.2925,13.1525,299666.06860515487,-2.0,14.0,4.99,0.0,9.75,2.39,4732.18,0.015791,35.0,446.06,3620.18,854.15,0.0,0.0,Built-up,62.79,0.0,24.08,12.53,0.61,1,0.0,Unknown,1,187.88,273.07,273.07,365.51,578.34
cell_03949,80.2925,13.1575,299660.1101644213,-2.0,9.0,3.91,0.0,6.72,2.34,1803.25,0.006018,4.0,591.41,3069.99,626.03,0.0,0.0,Vegetation,28.6,0.06,63.9,7.27,0.16,0,0.0,Unknown,0,187.88,273.07,273.07,365.51,578.34
cell_03950,80.2925,13.1625,299654.14948963735,-5.0,15.0,4.22,0.0,10.11,2.83,6420.16,0.021425,20.0,740.41,2521.03,401.84,0.0,0.0,Built-up,54.58,1.07,34.74,9.03,0.58,1,0.0,Unknown,1,187.88,273.07,273.07,365.51,578.34
cell_03951,80.2925,13.1675,299648.18658101925,-4.0,12.0,3.0,0.0,7.09,2.48,18523.17,0.061816,93.0,746.46,1974.32,331.72,0.0,0.0,Built-up,95.06,0.0,2.39,1.75,0.8,0,0.0,Unknown,0,187.88,273.07,273.07,365.51,578.34
cell_03952,80.2925,13.1725,299642.2214381676,-4.0,7.0,1.67,0.0,6.41,2.17,15915.69,0.053116,71.0,626.96,1432.42,259.68,348.79,0.001164,Built-up,81.06,1.34,9.22,3.99,4.4,2,0.0,Unknown,1,187.88,273.07,273.07,365.51,578.34
cell_03953,80.2925,13.1775,299636.25406167784,-3.0,7.0,2.7,0.0,8.8,2.17,9823.19,0.032784,57.0,165.95,904.03,14.39,983.79,0.003283,Built-up,43.02,8.57,31.59,14.74,2.08,1,0.0,Unknown,1,187.88,273.07,273.07,365.51,578.34
cell_03954,80.2925,13.1825,299630.28445102536,-3.0,8.0,2.76,0.0,6.93,2.77,3812.73,0.012725,11.0,82.32,440.25,188.8,721.49,0.002408,Vegetation,16.33,13.62,46.17,17.09,6.79,0,0.0,Unknown,0,187.88,273.07,273.07,365.51,578.34
cell_03955,80.2925,13.1875,299624.31260677363,-4.0,9.0,2.47,0.0,8.66,2.48,3638.71,0.012144,14.0,89.58,128.99,504.15,526.4,0.001757,Vegetation,17.57,3.16,59.66,17.0,2.61,0,0.0,Unknown,0,187.88,273.07,273.07,365.51,578.34
cell_03956,80.2925,13.1925,299618.338528492,-3.0,5.0,1.74,0.0,5.15,2.06,134.64,0.000449,0.0,0.0,12.76,947.69,628.2,0.002097,Vegetation,0.45,4.97,68.25,25.52,0.81,0,0.0,Unknown,0,187.88,273.07,273.07,365.51,578.34
cell_03957,80.2925,13.1975,299612.3622166654,-1.0,6.0,2.86,0.0,5.66,1.91,0.0,0.0,0.0,318.02,348.58,1304.61,75.83,0.000253,Vegetation,0.0,0.77,89.41,9.79,0.03,0,0.0,Unknown,0,187.88,273.07,273.07,365.51,578.34
cell_03958,80.2925,13.2025,299606.3836709584,-2.0,5.0,2.54,0.0,6.65,1.72,0.0,0.0,0.0,0.0,36.14,1282.54,921.08,0.003074,Vegetation,0.0,11.99,52.26,33.51,2.23,0,0.0,Unknown,0,187.88,273.07,273.07,365.51,578.34
cell_03959,80.2925,13.2075,299600.4028916496,-2.0,7.0,2.56,0.0,6.89,2.26,1564.83,0.005223,2.0,213.78,248.65,910.93,340.89,0.001138,Vegetation,17.5,2.76,47.21,23.57,8.96,0,0.0,Unknown,0,187.88,273.07,273.07,365.51,578.34
cell_03960,80.2925,13.2125,299594.4198784041,-3.0,7.0,2.92,0.0,6.83,2.11,0.0,0.0,0.0,275.26,778.65,616.29,0.0,0.0,Vegetation,8.29,3.16,37.44,18.49,32.62,0,0.0,Unknown,0,187.88,273.07,273.07,365.51,578.34
cell_03961,80.2925,13.2175,299588.43463167635,0.0,6.0,3.2,0.0,4.98,1.64,0.0,0.0,0.0,196.73,1191.18,272.1,0.0,0.0,Vegetation,0.0,0.7,53.99,35.55,9.76,0,0.0,Unknown,0,187.88,273.07,273.07,365.51,578.34
cell_03962,80.2925,13.2225,299582.4471514132,-1.0,7.0,3.32,0.0,4.98,1.77,0.0,0.0,0.0,605.6,1682.29,498.65,0.0,0.0,Vegetation,0.0,0.06,79.74,18.34,1.85,0,0.0,Unknown,0,187.88,273.07,273.07,365.51,578.34
cell_03963,80.2925,13.2275,299576.4574377513,0.0,7.0,3.7,0.0,5.59,1.47,0.0,0.0,0.0,1108.13,2125.11,849.11,0.0,0.0,Vegetation,4.4,0.0,65.78,26.95,2.87,0,0.0,Unknown,0,187.88,273.07,273.07,365.51,578.34
cell_03964,80.2925,13.2325,299570.4654901991,0.0,6.0,3.66,0.0,5.15,1.66,0.0,0.0,0.0,1643.39,2153.85,1218.62,0.0,0.0,Vegetation,10.71,0.0,67.44,21.05,0.8,0,0.0,Unknown,0,187.88,273.07,273.07,365.51,578.34
cell_03965,80.2925,13.2375,299564.471309367,1.0,6.0,3.62,0.0,4.1,1.48,0.0,0.0,0.0,2082.04,2141.93,1683.19,0.0,0.0,Vegetation,0.55,0.0,86.56,12.89,0.0,0,0.0,Unknown,0,187.88,273.07,273.07,365.51,578.34
cell_03966,80.2925,13.2425,299558.47489517234,0.0,8.0,3.63,0.0,6.98,1.76,0.0,0.0,0.0,2190.31,2216.45,2189.12,0.0,0.0,Vegetation,23.76,0.0,58.58,17.67,0.0,0,0.0,Unknown,0,187.88,273.07,273.07,365.51,578.34
cell_03967,80.2925,13.2475,299552.4762473101,1.0,7.0,3.51,0.0,4.35,1.48,0.0,0.0,0.0,2302.33,2408.55,2713.47,0.0,0.0,Cropland,2.71,0.0,43.4,53.0,0.89,0,0.0,Unknown,0,187.88,273.07,273.07,365.51,578.34
cell_03968,80.2925,13.2525,299546.4753659798,0.0,0.0,0.0,0.0,0.0,0.0,0.0,0.0,0.0,2404.99,2702.07,2823.71,0.0,0.0,Unknown,0.0,0.0,0.0,0.0,0.0,0,0.0,Unknown,0,187.88,273.07,273.07,365.51,578.34
cell_03969,80.2975,12.8525,300018.8690909482,0.0,0.0,0.0,0.0,0.0,0.0,0.0,0.0,0.0,6249.09,9765.66,6450.56,0.0,0.0,Water,0.0,100.0,0.0,0.0,0.0,0,0.0,Unknown,0,187.88,273.07,273.07,365.51,578.34
cell_03970,80.2975,12.8575,300013.04479178484,0.0,0.0,0.0,0.0,0.0,0.0,0.0,0.0,0.0,6146.78,9329.87,6284.57,0.0,0.0,Water,0.0,100.0,0.0,0.0,0.0,0,0.0,Unknown,0,187.88,273.07,273.07,365.51,578.34
cell_03971,80.2975,12.8625,300007.2182570728,0.0,0.0,0.0,0.0,0.0,0.0,0.0,0.0,0.0,6082.57,8907.1,6159.79,0.0,0.0,Water,0.0,100.0,0.0,0.0,0.0,0,0.0,Unknown,0,187.88,273.07,273.07,365.51,578.34
cell_03972,80.2975,12.8675,300001.38948595355,0.0,0.0,0.0,0.0,0.0,0.0,0.0,0.0,0.0,6038.69,8499.28,6081.7,0.0,0.0,Water,0.0,100.0,0.0,0.0,0.0,0,0.0,Unknown,0,187.88,273.07,273.07,365.51,578.34
cell_03973,80.2975,12.8725,299995.558478818,0.0,0.0,0.0,0.0,0.0,0.0,0.0,0.0,0.0,5881.63,8108.69,6051.56,0.0,0.0,Water,0.0,100.0,0.0,0.0,0.0,0,0.0,Unknown,0,187.88,273.07,273.07,365.51,578.34
cell_03974,80.2975,12.8775,299989.72523596196,0.0,0.0,0.0,0.0,0.0,0.0,0.0,0.0,0.0,5773.47,7737.92,6069.38,0.0,0.0,Water,0.0,100.0,0.0,0.0,0.0,0,0.0,Unknown,0,187.88,273.07,273.07,365.51,578.34
cell_03975,80.2975,12.8825,299983.88975674816,0.0,0.0,0.0,0.0,0.0,0.0,0.0,0.0,0.0,5716.98,7389.95,6131.28,0.0,0.0,Water,0.0,100.0,0.0,0.0,0.0,0,0.0,Unknown,0,187.88,273.07,273.07,365.51,578.34
cell_03976,80.2975,12.8875,299978.05204188474,0.0,0.0,0.0,0.0,0.0,0.0,0.0,0.0,0.0,5632.52,7068.17,6193.72,0.0,0.0,Water,0.0,100.0,0.0,0.0,0.0,0,0.0,Unknown,0,187.88,273.07,273.07,365.51,578.34
cell_03977,80.2975,12.8925,299972.2120910044,0.0,0.0,0.0,0.0,0.0,0.0,0.0,0.0,0.0,5588.19,6776.3,6257.44,0.0,0.0,Water,0.0,100.0,0.0,0.0,0.0,0,0.0,Unknown,0,187.88,273.07,273.07,365.51,578.34
cell_03978,80.2975,12.8975,299966.3699043383,0.0,0.0,0.0,0.0,0.0,0.0,0.0,0.0,0.0,5598.03,6518.36,6303.02,0.0,0.0,Water,0.0,100.0,0.0,0.0,0.0,0,0.0,Unknown,0,187.88,273.07,273.07,365.51,578.34
cell_03979,80.2975,12.9025,299960.5254818511,0.0,0.0,0.0,0.0,0.0,0.0,0.0,0.0,0.0,5523.98,6298.51,6198.38,0.0,0.0,Water,0.0,100.0,0.0,0.0,0.0,0,0.0,Unknown,0,187.88,273.07,273.07,365.51,578.34
cell_03980,80.2975,12.9075,299954.6788235702,0.0,0.0,0.0,0.0,0.0,0.0,0.0,0.0,0.0,5354.31,6120.87,6093.74,0.0,0.0,Water,0.0,100.0,0.0,0.0,0.0,0,0.0,Unknown,0,187.88,273.07,273.07,365.51,578.34
cell_03981,80.2975,12.9125,299948.82992950646,0.0,0.0,0.0,0.0,0.0,0.0,0.0,0.0,0.0,5237.79,5989.19,5989.1,0.0,0.0,Water,0.0,100.0,0.0,0.0,0.0,0,0.0,Unknown,0,187.88,273.07,273.07,365.51,578.34
cell_03982,80.2975,12.9175,299942.9787997044,0.0,0.0,0.0,0.0,0.0,0.0,0.0,0.0,0.0,5167.55,5906.55,5887.05,0.0,0.0,Water,0.0,100.0,0.0,0.0,0.0,0,0.0,Unknown,0,187.88,273.07,273.07,365.51,578.34
cell_03983,80.2975,12.9225,299937.12543437973,0.0,0.0,0.0,0.0,0.0,0.0,0.0,0.0,0.0,5079.15,5875.02,5782.66,0.0,0.0,Water,0.0,100.0,0.0,0.0,0.0,0,0.0,Unknown,0,187.88,273.07,273.07,365.51,578.34
cell_03984,80.2975,12.9275,299931.269833196,0.0,0.0,0.0,0.0,0.0,0.0,0.0,0.0,0.0,5050.11,5895.41,5680.15,0.0,0.0,Water,0.0,100.0,0.0,0.0,0.0,0,0.0,Unknown,0,187.88,273.07,273.07,365.51,578.34
cell_03985,80.2975,12.9325,299925.41199644987,0.0,0.0,0.0,0.0,0.0,0.0,0.0,0.0,0.0,5000.95,5967.2,5586.3,0.0,0.0,Water,0.0,100.0,0.0,0.0,0.0,0,0.0,Unknown,0,187.88,273.07,273.07,365.51,578.34
cell_03986,80.2975,12.9375,299919.55192423123,0.0,0.0,0.0,0.0,0.0,0.0,0.0,0.0,0.0,4857.61,6088.56,5484.81,0.0,0.0,Water,0.0,100.0,0.0,0.0,0.0,0,0.0,Unknown,0,187.88,273.07,273.07,365.51,578.34
cell_03987,80.2975,12.9425,299913.6896165361,0.0,0.0,0.0,0.0,0.0,0.0,0.0,0.0,0.0,4769.21,6256.62,5378.9,0.0,0.0,Water,0.0,100.0,0.0,0.0,0.0,0,0.0,Unknown,0,187.88,273.07,273.07,365.51,578.34
cell_03988,80.2975,12.9475,299907.8250728866,0.0,0.0,0.0,0.0,0.0,0.0,0.0,0.0,0.0,4736.72,6467.73,5279.93,0.0,0.0,Water,0.0,100.0,0.0,0.0,0.0,0,0.0,Unknown,0,187.88,273.07,273.07,365.51,578.34
cell_03989,80.2975,12.9525,299901.9582942406,0.0,0.0,0.0,0.0,0.0,0.0,0.0,0.0,0.0,4713.09,6717.84,5172.72,0.0,0.0,Water,0.0,100.0,0.0,0.0,0.0,0,0.0,Unknown,0,187.88,273.07,273.07,365.51,578.34
cell_03990,80.2975,12.9575,299896.08928021585,0.0,0.0,0.0,0.0,0.0,0.0,0.0,0.0,0.0,4538.7,6471.15,5078.26,0.0,0.0,Water,0.0,100.0,0.0,0.0,0.0,0,0.0,Unknown,0,187.88,273.07,273.07,365.51,578.34
cell_03991,80.2975,12.9625,299890.21803012973,0.0,0.0,0.0,0.0,0.0,0.0,0.0,0.0,0.0,4423.94,5953.18,4963.64,0.0,0.0,Water,0.0,100.0,0.0,0.0,0.0,0,0.0,Unknown,0,187.88,273.07,273.07,365.51,578.34
cell_03992,80.2975,12.9675,299884.3445454292,0.0,0.0,0.0,0.0,0.0,0.0,0.0,0.0,0.0,4331.66,5442.11,4864.65,0.0,0.0,Water,0.0,100.0,0.0,0.0,0.0,0,0.0,Unknown,0,187.88,273.07,273.07,365.51,578.34
cell_03993,80.2975,12.9725,299878.4688250517,0.0,0.0,0.0,0.0,0.0,0.0,0.0,0.0,0.0,4112.25,4940.06,4786.32,0.0,0.0,Water,0.0,100.0,0.0,0.0,0.0,0,0.0,Unknown,0,187.88,273.07,273.07,365.51,578.34
cell_03994,80.2975,12.9775,299872.5908692622,0.0,0.0,0.0,0.0,0.0,0.0,0.0,0.0,0.0,3958.47,4450.11,4744.75,0.0,0.0,Water,0.0,100.0,0.0,0.0,0.0,0,0.0,Unknown,0,187.88,273.07,273.07,365.51,578.34
cell_03995,80.2975,12.9825,299866.71067830926,0.0,0.0,0.0,0.0,0.0,0.0,0.0,0.0,0.0,3878.13,3976.71,4755.69,0.0,0.0,Water,0.0,100.0,0.0,0.0,0.0,0,0.0,Unknown,0,187.88,273.07,273.07,365.51,578.34
cell_03996,80.2975,12.9875,299860.82825215656,0.0,0.0,0.0,0.0,0.0,0.0,0.0,0.0,0.0,3489.87,3526.56,4806.82,0.0,0.0,Water,0.0,100.0,0.0,0.0,0.0,0,0.0,Unknown,0,187.88,273.07,273.07,365.51,578.34
cell_03997,80.2975,12.9925,299854.94359100505,0.0,0.0,0.0,0.0,0.0,0.0,0.0,0.0,0.0,3077.91,3109.74,4914.9,0.0,0.0,Water,0.0,100.0,0.0,0.0,0.0,0,0.0,Unknown,0,187.88,273.07,273.07,365.51,578.34
cell_03998,80.2975,12.9975,299849.0566942192,0.0,0.0,0.0,0.0,0.0,0.0,0.0,0.0,0.0,2716.51,2741.53,5035.59,0.0,0.0,Water,0.0,100.0,0.0,0.0,0.0,0,0.0,Unknown,0,187.88,273.07,273.07,365.51,578.34
cell_03999,80.2975,13.0025,299843.1675626466,0.0,0.0,0.0,0.0,0.0,0.0,0.0,0.0,0.0,2428.34,2443.97,4829.11,0.0,0.0,Water,0.0,100.0,0.0,0.0,0.0,0,0.0,Unknown,0,187.88,273.07,273.07,365.51,578.34
cell_04000,80.2975,13.0075,299837.2761960147,0.0,0.0,0.0,0.0,0.0,0.0,0.0,0.0,0.0,2241.84,2245.34,4463.4,0.0,0.0,Water,0.0,100.0,0.0,0.0,0.0,0,0.0,Unknown,0,187.88,273.07,273.07,365.51,578.34
cell_04001,80.2975,13.0125,299831.38259398774,0.0,0.0,0.0,0.0,0.0,0.0,0.0,0.0,0.0,2165.38,2172.94,4007.4,0.0,0.0,Water,0.0,100.0,0.0,0.0,0.0,0,0.0,Unknown,0,187.88,273.07,273.07,365.51,578.34
cell_04002,80.2975,13.0175,299825.4867573512,0.0,0.0,0.0,0.0,0.0,0.0,0.0,0.0,0.0,2199.65,2239.05,3577.47,0.0,0.0,Water,0.0,100.0,0.0,0.0,0.0,0,0.0,Unknown,0,187.88,273.07,273.07,365.51,578.34
cell_04003,80.2975,13.0225,299819.5886855324,0.0,0.0,0.0,0.0,0.0,0.0,0.0,0.0,0.0,2260.92,2432.4,3185.73,0.0,0.0,Water,0.0,100.0,0.0,0.0,0.0,0,0.0,Unknown,0,187.88,273.07,273.07,365.51,578.34
cell_04004,80.2975,13.0275,299813.68837860523,0.0,0.0,0.0,0.0,0.0,0.0,0.0,0.0,0.0,2360.36,2726.06,2847.98,0.0,0.0,Water,0.0,100.0,0.0,0.0,0.0,0,0.0,Unknown,0,187.88,273.07,273.07,365.51,578.34
cell_04005,80.2975,13.0325,299807.78583697526,0.0,0.0,0.0,0.0,0.0,0.0,0.0,0.0,0.0,2565.6,3091.56,2575.83,0.0,0.0,Water,0.0,100.0,0.0,0.0,0.0,0,0.0,Unknown,0,187.88,273.07,273.07,365.51,578.34
cell_04006,80.2975,13.0375,299801.88106052903,0.0,0.0,0.0,0.0,0.0,0.0,0.0,0.0,0.0,2378.59,3310.85,2391.79,0.0,0.0,Water,0.0,100.0,0.0,0.0,0.0,0,0.0,Unknown,0,187.88,273.07,273.07,365.51,578.34
cell_04007,80.2975,13.0425,299795.9740488839,0.0,0.0,0.0,0.0,0.0,0.0,0.0,0.0,0.0,2298.33,2771.83,2206.69,0.0,0.0,Water,0.0,100.0,0.0,0.0,0.0,0,0.0,Unknown,0,187.88,273.07,273.07,365.51,578.34
cell_04008,80.2975,13.0475,299790.06480279134,0.0,0.0,0.0,0.0,0.0,0.0,0.0,0.0,0.0,2164.66,2239.63,1972.61,0.0,0.0,Water,0.0,100.0,0.0,0.0,0.0,0,0.0,Unknown,0,187.88,273.07,273.07,365.51,578.34
cell_04009,80.2975,13.0525,299784.1533217579,0.0,0.0,0.0,0.0,0.0,0.0,0.0,0.0,0.0,1656.1,1720.58,1853.5,0.0,0.0,Water,0.0,100.0,0.0,0.0,0.0,0,0.0,Unknown,0,187.88,273.07,273.07,365.51,578.34
cell_04010,80.2975,13.0575,299778.2396059385,0.0,0.0,0.0,0.0,0.0,0.0,0.0,0.0,0.0,1187.42,1231.42,1856.07,0.0,0.0,Water,0.0,100.0,0.0,0.0,0.0,0,0.0,Unknown,0,187.88,273.07,273.07,365.51,578.34
cell_04011,80.2975,13.0625,299772.3236555653,0.0,0.0,0.0,0.0,0.0,0.0,0.0,0.0,0.0,808.5,827.01,1661.41,0.0,0.0,Water,0.0,100.0,0.0,0.0,0.0,0,0.0,Unknown,0,187.88,273.07,273.07,365.51,578.34
cell_04012,80.2975,13.0675,299766.4054704434,0.0,0.0,0.0,0.0,0.0,0.0,0.0,0.0,0.0,665.81,680.5,1478.9,0.0,0.0,Water,0.0,100.0,0.0,0.0,0.0,0,0.0,Unknown,0,187.88,273.07,273.07,365.51,578.34
cell_04013,80.2975,13.0725,299760.4850504427,0.0,0.0,0.0,0.0,0.0,0.0,0.0,0.0,0.0,858.17,923.99,1232.29,0.0,0.0,Water,0.0,100.0,0.0,0.0,0.0,0,0.0,Unknown,0,187.88,273.07,273.07,365.51,578.34
cell_04014,80.2975,13.0775,299754.5623961278,0.0,2.0,0.02,0.0,4.03,0.05,0.0,0.0,0.0,1264.03,1362.35,1058.47,0.0,0.0,Water,0.23,98.91,0.0,0.0,0.86,0,0.0,Unknown,0,187.88,273.07,273.07,365.51,578.34
cell_04015,80.2975,13.0825,299748.6375073674,0.0,24.0,1.99,0.0,28.35,1.74,0.0,0.0,0.0,1124.6,1717.05,971.94,0.0,0.0,Water,28.38,58.47,2.27,3.25,7.63,0,0.0,Unknown,0,187.88,273.07,273.07,365.51,578.34
cell_04016,80.2975,13.0875,299742.7103835727,-6.0,22.0,5.88,0.0,16.61,4.07,0.0,0.0,0.0,1202.04,1961.45,1099.72,0.0,0.0,Built-up,59.74,22.41,0.43,0.0,17.42,0,0.0,Unknown,0,187.88,273.07,273.07,365.51,578.34
cell_04017,80.2975,13.0925,299736.7810256401,-11.0,13.0,2.93,0.0,13.11,3.06,0.0,0.0,0.0,981.79,2288.31,1441.15,0.0,0.0,Water,18.96,74.58,0.49,0.0,5.97,0,0.0,Unknown,0,187.88,273.07,273.07,365.51,578.34
cell_04018,80.2975,13.0975,299730.8494332175,-13.0,25.0,3.87,0.0,29.4,5.57,0.0,0.0,0.0,793.42,2680.74,1885.74,0.0,0.0,Water,18.77,74.32,0.0,0.0,6.92,0,0.0,Unknown,0,187.88,273.07,273.07,365.51,578.34
cell_04019,80.2975,13.1025,299724.9156063482,0.0,23.0,5.16,0.0,24.11,3.68,167.01,0.000557,0.0,934.33,3118.54,2369.28,0.0,0.0,Built-up,60.96,35.24,0.66,0.4,2.74,0,0.0,Unknown,0,187.88,273.07,273.07,365.51,578.34
cell_04020,80.2975,13.1075,299718.97954499605,-4.0,13.0,5.73,0.0,11.02,2.38,2603.36,0.008686,7.0,990.41,3586.53,2681.32,0.0,0.0,Built-up,81.66,8.34,4.71,0.62,4.68,0,0.0,Unknown,0,187.88,273.07,273.07,365.51,578.34
cell_04021,80.2975,13.1125,299713.0412493614,4.0,12.0,7.45,0.0,5.66,2.0,6197.84,0.020679,49.0,588.51,4075.4,2805.13,0.0,0.0,Built-up,74.35,0.0,12.69,1.36,11.59,0,0.0,Unknown,0,187.88,273.07,273.07,365.51,578.34
cell_04022,80.2975,13.1175,299707.10071933013,3.0,14.0,8.02,0.0,7.09,2.33,5978.88,0.019949,32.0,423.6,4578.88,2728.96,0.0,0.0,Built-up,89.19,0.0,7.93,2.58,0.3,0,0.0,Unknown,0,187.88,273.07,273.07,365.51,578.34
cell_04023,80.2975,13.1225,299701.15795494535,-1.0,13.0,4.48,0.0,7.8,2.23,7899.5,0.026358,66.0,786.6,5092.16,2595.68,0.0,0.0,Built-up,73.73,18.08,2.92,1.01,4.25,1,0.0,Unknown,1,187.88,273.07,273.07,365.51,578.34
cell_04024,80.2975,13.1275,299695.21295665955,-4.0,11.0,2.79,0.0,9.75,2.2,1848.98,0.00617,14.0,851.47,5612.73,2447.51,0.0,0.0,Built-up,52.27,32.44,7.86,1.92,5.52,0,0.0,Unknown,0,187.88,273.07,273.07,365.51,578.34
cell_04025,80.2975,13.1325,299689.265723775,0.0,16.0,5.25,0.0,14.11,2.83,3792.97,0.012656,22.0,612.68,5807.91,2283.75,0.0,0.0,Built-up,60.03,32.69,1.16,0.0,6.12,0,0.0,Unknown,0,187.88,273.07,273.07,365.51,578.34
cell_04026,80.2975,13.1375,299683.3162568233,0.0,13.0,6.83,0.0,11.35,2.67,13119.45,0.043778,67.0,789.0,5254.99,2048.05,0.0,0.0,Built-up,67.63,23.73,0.94,0.0,7.69,0,0.0,Unknown,0,187.88,273.07,273.07,365.51,578.34
cell_04027,80.2975,13.1425,299677.3645557844,0.0,13.0,7.89,0.0,11.48,2.31,5630.36,0.018788,21.0,1217.06,4702.09,1813.33,0.0,0.0,Built-up,89.48,2.11,5.58,0.55,2.27,0,0.0,Unknown,0,187.88,273.07,273.07,365.51,578.34
cell_04028,80.2975,13.1475,299671.41062070127,3.0,13.0,8.5,0.0,6.81,2.19,14355.32,0.047904,87.0,675.19,4149.21,1579.22,0.0,0.0,Built-up,99.17,0.0,0.69,0.13,0.0,0,0.0,Unknown,0,187.88,273.07,273.07,365.51,578.34
cell_04029,80.2975,13.1525,299665.45445115975,5.0,13.0,9.17,0.0,6.15,1.93,12914.79,0.043097,71.0,141.84,3596.35,1347.73,0.0,0.0,Built-up,99.55,0.0,0.39,0.0,0.06,1,0.0,Unknown,1,187.88,273.07,273.07,365.51,578.34
cell_04030,80.2975,13.1575,299659.4960479596,3.0,12.0,7.78,0.0,6.51,2.01,12821.5,0.042787,80.0,413.02,3043.54,1113.55,0.0,0.0,Built-up,94.51,0.0,5.16,0.0,0.32,0,0.0,Unknown,0,187.88,273.07,273.07,365.51,578.34
cell_04031,80.2975,13.1625,299653.5354105132,2.0,15.0,8.22,0.0,9.89,2.82,6790.8,0.022662,42.0,222.38,2490.81,934.49,0.0,0.0,Built-up,82.41,0.0,15.24,0.07,2.28,2,0.0,Unknown,1,187.88,273.07,273.07,365.51,578.34
cell_04032,80.2975,13.1675,299647.57253938407,2.0,11.0,6.27,0.0,6.19,2.2,15233.51,0.050838,97.0,214.98,1938.21,869.96,0.0,0.0,Built-up,90.78,0.0,6.4,2.14,0.68,1,0.0,Unknown,1,187.88,273.07,273.07,365.51,578.34
cell_04033,80.2975,13.1725,299641.6074340789,0.0,9.0,4.73,0.0,5.25,2.11,18187.37,0.060697,124.0,391.76,1385.92,767.01,0.0,0.0,Built-up,99.45,0.0,0.29,0.0,0.26,2,0.0,Unknown,1,187.88,273.07,273.07,365.51,578.34
cell_04034,80.2975,13.1775,299635.640094877,0.0,10.0,4.55,0.0,6.91,2.2,15926.97,0.053154,93.0,522.22,834.53,473.82,0.0,0.0,Built-up,95.4,0.0,3.64,0.0,0.96,3,0.0,Unknown,1,187.88,273.07,273.07,365.51,578.34
cell_04035,80.2975,13.1825,299629.67052194686,-2.0,6.0,2.68,0.0,4.98,1.81,4411.0,0.014722,15.0,210.73,289.29,172.67,778.88,0.002599,Built-up,57.11,7.66,27.27,1.33,6.62,1,0.0,Unknown,1,187.88,273.07,273.07,365.51,578.34
cell_04036,80.2975,13.1875,299623.6987150327,-4.0,9.0,2.01,0.0,8.23,2.68,447.5,0.001494,0.0,114.22,177.08,268.09,1046.03,0.003491,Vegetation,1.56,11.88,72.79,13.34,0.42,0,0.0,Unknown,0,187.88,273.07,273.07,365.51,578.34
cell_04037,80.2975,13.1925,299617.7246744301,-4.0,9.0,2.98,0.0,10.2,2.59,0.0,0.0,0.0,358.04,446.08,571.88,0.0,0.0,Vegetation,0.0,0.03,77.26,22.71,0.0,0,0.0,Unknown,0,187.88,273.07,273.07,365.51,578.34
cell_04038,80.2975,13.1975,299611.7483998342,-1.0,9.0,3.07,0.0,6.15,2.2,0.0,0.0,0.0,526.62,638.34,813.0,0.0,0.0,Vegetation,0.0,0.0,72.82,27.18,0.0,0,0.0,Unknown,0,187.88,273.07,273.07,365.51,578.34
cell_04039,80.2975,13.2025,299605.76989180973,-2.0,7.0,2.67,0.0,6.16,2.16,0.0,0.0,0.0,194.8,262.73,987.98,506.68,0.001691,Vegetation,0.0,15.26,66.23,17.66,0.84,0,0.0,Unknown,0,187.88,273.07,273.07,365.51,578.34
cell_04040,80.2975,13.2075,299599.7891500671,-6.0,10.0,2.32,0.0,12.23,3.82,1094.58,0.003653,0.0,0.0,289.79,508.54,36.51,0.000122,Water,12.79,34.51,26.48,5.36,20.86,0,0.0,Unknown,0,187.88,273.07,273.07,365.51,578.34
cell_04041,80.2975,13.2125,299593.8061744927,-5.0,9.0,2.32,0.0,10.39,2.93,0.0,0.0,0.0,0.0,842.32,137.78,741.35,0.002475,Water,4.51,55.78,12.05,0.06,27.6,0,0.0,Unknown,0,187.88,273.07,273.07,365.51,578.34
cell_04042,80.2975,13.2175,299587.82096514426,-3.0,7.0,2.76,0.0,6.72,2.22,0.0,0.0,0.0,86.53,1394.84,10.87,1366.96,0.004563,Water,0.58,43.6,34.61,0.26,20.94,0,0.0,Unknown,0,187.88,273.07,273.07,365.51,578.34
cell_04043,80.2975,13.2225,299581.83352267975,-1.0,7.0,3.27,0.0,5.15,1.86,0.0,0.0,0.0,541.79,1909.14,108.84,1094.82,0.003654,Vegetation,2.28,14.18,60.63,4.03,18.88,0,0.0,Unknown,0,187.88,273.07,273.07,365.51,578.34
cell_04044,80.2975,13.2275,299575.8438464338,1.0,8.0,4.46,0.0,5.94,1.83,0.0,0.0,0.0,1074.58,2146.55,452.79,0.0,0.0,Vegetation,16.49,0.1,56.1,19.74,7.56,0,0.0,Unknown,0,187.88,273.07,273.07,365.51,578.34
cell_04045,80.2975,13.2325,299569.8519366066,1.0,7.0,3.57,0.0,4.1,1.76,0.0,0.0,0.0,1620.96,2361.58,970.04,0.0,0.0,Vegetation,0.23,0.71,71.04,25.26,2.76,0,0.0,Unknown,0,187.88,273.07,273.07,365.51,578.34
cell_04046,80.2975,13.2375,299563.8577934296,0.0,6.0,3.44,0.0,4.29,1.7,0.0,0.0,0.0,1758.45,2581.76,1489.07,0.0,0.0,Vegetation,4.4,0.3,85.69,6.48,3.14,0,0.0,Unknown,0,187.88,273.07,273.07,365.51,578.34
cell_04047,80.2975,13.2425,299557.8614166621,-1.0,7.0,2.79,0.0,4.98,1.69,0.0,0.0,0.0,1760.59,2745.66,1972.3,0.0,0.0,Vegetation,11.14,0.0,57.95,30.81,0.1,0,0.0,Unknown,0,187.88,273.07,273.07,365.51,578.34
cell_04048,80.2975,13.2475,299551.8628066151,-2.0,7.0,2.55,0.0,6.15,2.09,0.0,0.0,0.0,1762.35,2902.94,2175.44,0.0,0.0,Built-up,50.75,0.0,17.47,31.79,0.0,0,0.0,Unknown,0,187.88,273.07,273.07,365.51,578.34
cell_04049,80.2975,13.2525,299545.8619630328,0.0,0.0,0.0,0.0,0.0,0.0,0.0,0.0,0.0,1894.5,3150.73,2311.26,0.0,0.0,Unknown,0.0,0.0,0.0,0.0,0.0,0,0.0,Unknown,0,187.88,273.07,273.07,365.51,578.34
cell_04050,80.3025,12.8525,300018.2570865576,0.0,0.0,0.0,0.0,0.0,0.0,0.0,0.0,0.0,6778.66,10101.35,6963.47,0.0,0.0,Water,0.0,100.0,0.0,0.0,0.0,0,0.0,Unknown,0,187.88,273.07,273.07,365.51,578.34
cell_04051,80.3025,12.8575,300012.4328241148,0.0,0.0,0.0,0.0,0.0,0.0,0.0,0.0,0.0,6683.16,9680.67,6808.91,0.0,0.0,Water,0.0,100.0,0.0,0.0,0.0,0,0.0,Unknown,0,187.88,273.07,273.07,365.51,578.34
cell_04052,80.3025,12.8625,300006.60632549954,0.0,0.0,0.0,0.0,0.0,0.0,0.0,0.0,0.0,6623.82,9273.9,6693.77,0.0,0.0,Water,0.0,100.0,0.0,0.0,0.0,0,0.0,Unknown,0,187.88,273.07,273.07,365.51,578.34
cell_04053,80.3025,12.8675,300000.77759099315,0.0,0.0,0.0,0.0,0.0,0.0,0.0,0.0,0.0,6553.94,8882.93,6621.89,0.0,0.0,Water,0.0,100.0,0.0,0.0,0.0,0,0.0,Unknown,0,187.88,273.07,273.07,365.51,578.34
cell_04054,80.3025,12.8725,299994.9466202422,0.0,0.0,0.0,0.0,0.0,0.0,0.0,0.0,0.0,6409.52,8509.96,6594.05,0.0,0.0,Water,0.0,100.0,0.0,0.0,0.0,0,0.0,Unknown,0,187.88,273.07,273.07,365.51,578.34
cell_04055,80.3025,12.8775,299989.11341376463,0.0,0.0,0.0,0.0,0.0,0.0,0.0,0.0,0.0,6310.4,8157.44,6610.41,0.0,0.0,Water,0.0,100.0,0.0,0.0,0.0,0,0.0,Unknown,0,187.88,273.07,273.07,365.51,578.34
cell_04056,80.3025,12.8825,299983.27797121,0.0,0.0,0.0,0.0,0.0,0.0,0.0,0.0,0.0,6257.34,7828.14,6668.17,0.0,0.0,Water,0.0,100.0,0.0,0.0,0.0,0,0.0,Unknown,0,187.88,273.07,273.07,365.51,578.34
cell_04057,80.3025,12.8875,299977.4402927298,0.0,0.0,0.0,0.0,0.0,0.0,0.0,0.0,0.0,6171.13,7525.11,6734.2,0.0,0.0,Water,0.0,100.0,0.0,0.0,0.0,0,0.0,Unknown,0,187.88,273.07,273.07,365.51,578.34
cell_04058,80.3025,12.8925,299971.60037849325,0.0,0.0,0.0,0.0,0.0,0.0,0.0,0.0,0.0,6130.42,7251.64,6794.69,0.0,0.0,Water,0.0,100.0,0.0,0.0,0.0,0,0.0,Unknown,0,187.88,273.07,273.07,365.51,578.34
cell_04059,80.3025,12.8975,299965.75822811865,0.0,0.0,0.0,0.0,0.0,0.0,0.0,0.0,0.0,6139.38,7011.2,6835.68,0.0,0.0,Water,0.0,100.0,0.0,0.0,0.0,0,0.0,Unknown,0,187.88,273.07,273.07,365.51,578.34
cell_04060,80.3025,12.9025,299959.91384228,0.0,0.0,0.0,0.0,0.0,0.0,0.0,0.0,0.0,6034.7,6807.28,6731.03,0.0,0.0,Water,0.0,100.0,0.0,0.0,0.0,0,0.0,Unknown,0,187.88,273.07,273.07,365.51,578.34
cell_04061,80.3025,12.9075,299954.06722062535,0.0,0.0,0.0,0.0,0.0,0.0,0.0,0.0,0.0,5879.78,6643.25,6626.39,0.0,0.0,Water,0.0,100.0,0.0,0.0,0.0,0,0.0,Unknown,0,187.88,273.07,273.07,365.51,578.34
cell_04062,80.3025,12.9125,299948.21836299286,0.0,0.0,0.0,0.0,0.0,0.0,0.0,0.0,0.0,5773.87,6522.11,6522.1,0.0,0.0,Water,0.0,100.0,0.0,0.0,0.0,0,0.0,Unknown,0,187.88,273.07,273.07,365.51,578.34
cell_04063,80.3025,12.9175,299942.36726969393,0.0,0.0,0.0,0.0,0.0,0.0,0.0,0.0,0.0,5698.8,6446.3,6419.72,0.0,0.0,Water,0.0,100.0,0.0,0.0,0.0,0,0.0,Unknown,0,187.88,273.07,273.07,365.51,578.34
cell_04064,80.3025,12.9225,299936.5139410713,0.0,0.0,0.0,0.0,0.0,0.0,0.0,0.0,0.0,5618.76,6417.41,6315.32,0.0,0.0,Water,0.0,100.0,0.0,0.0,0.0,0,0.0,Unknown,0,187.88,273.07,273.07,365.51,578.34
cell_04065,80.3025,12.9275,299930.6583764579,0.0,0.0,0.0,0.0,0.0,0.0,0.0,0.0,0.0,5592.51,6436.07,6213.36,0.0,0.0,Water,0.0,100.0,0.0,0.0,0.0,0,0.0,Unknown,0,187.88,273.07,273.07,365.51,578.34
cell_04066,80.3025,12.9325,299924.80057629116,0.0,0.0,0.0,0.0,0.0,0.0,0.0,0.0,0.0,5519.61,6501.88,6119.71,0.0,0.0,Water,0.0,100.0,0.0,0.0,0.0,0,0.0,Unknown,0,187.88,273.07,273.07,365.51,578.34
cell_04067,80.3025,12.9375,299918.94054066215,0.0,0.0,0.0,0.0,0.0,0.0,0.0,0.0,0.0,5389.18,6613.43,6017.01,0.0,0.0,Water,0.0,100.0,0.0,0.0,0.0,0,0.0,Unknown,0,187.88,273.07,273.07,365.51,578.34
cell_04068,80.3025,12.9425,299913.0782695345,0.0,0.0,0.0,0.0,0.0,0.0,0.0,0.0,0.0,5308.38,6768.46,5912.51,0.0,0.0,Water,0.0,100.0,0.0,0.0,0.0,0,0.0,Unknown,0,187.88,273.07,273.07,365.51,578.34
cell_04069,80.3025,12.9475,299907.2137626675,0.0,0.0,0.0,0.0,0.0,0.0,0.0,0.0,0.0,5279.08,6964.06,5813.53,0.0,0.0,Water,0.0,100.0,0.0,0.0,0.0,0,0.0,Unknown,0,187.88,273.07,273.07,365.51,578.34
cell_04070,80.3025,12.9525,299901.34702070314,0.0,0.0,0.0,0.0,0.0,0.0,0.0,0.0,0.0,5221.22,7181.49,5704.12,0.0,0.0,Water,0.0,100.0,0.0,0.0,0.0,0,0.0,Unknown,0,187.88,273.07,273.07,365.51,578.34
cell_04071,80.3025,12.9575,299895.47804310115,0.0,0.0,0.0,0.0,0.0,0.0,0.0,0.0,0.0,5063.57,6672.84,5609.17,0.0,0.0,Water,0.0,100.0,0.0,0.0,0.0,0,0.0,Unknown,0,187.88,273.07,273.07,365.51,578.34
cell_04072,80.3025,12.9625,299889.6068299672,0.0,0.0,0.0,0.0,0.0,0.0,0.0,0.0,0.0,4960.97,6171.81,5495.72,0.0,0.0,Water,0.0,100.0,0.0,0.0,0.0,0,0.0,Unknown,0,187.88,273.07,273.07,365.51,578.34
cell_04073,80.3025,12.9675,299883.7333817233,0.0,0.0,0.0,0.0,0.0,0.0,0.0,0.0,0.0,4822.0,5680.44,5399.85,0.0,0.0,Water,0.0,100.0,0.0,0.0,0.0,0,0.0,Unknown,0,187.88,273.07,273.07,365.51,578.34
cell_04074,80.3025,12.9725,299877.8576981299,0.0,0.0,0.0,0.0,0.0,0.0,0.0,0.0,0.0,4625.9,5201.44,5324.49,0.0,0.0,Water,0.0,100.0,0.0,0.0,0.0,0,0.0,Unknown,0,187.88,273.07,273.07,365.51,578.34
cell_04075,80.3025,12.9775,299871.979779118,0.0,0.0,0.0,0.0,0.0,0.0,0.0,0.0,0.0,4489.73,4738.59,5286.97,0.0,0.0,Water,0.0,100.0,0.0,0.0,0.0,0,0.0,Unknown,0,187.88,273.07,273.07,365.51,578.34
cell_04076,80.3025,12.9825,299866.0996248877,0.0,0.0,0.0,0.0,0.0,0.0,0.0,0.0,0.0,4261.2,4297.09,5297.01,0.0,0.0,Water,0.0,100.0,0.0,0.0,0.0,0,0.0,Unknown,0,187.88,273.07,273.07,365.51,578.34
cell_04077,80.3025,12.9875,299860.2172355938,0.0,0.0,0.0,0.0,0.0,0.0,0.0,0.0,0.0,3852.34,3884.23,5344.28,0.0,0.0,Water,0.0,100.0,0.0,0.0,0.0,0,0.0,Unknown,0,187.88,273.07,273.07,365.51,578.34
cell_04078,80.3025,12.9925,299854.332610885,0.0,0.0,0.0,0.0,0.0,0.0,0.0,0.0,0.0,3483.51,3510.14,5441.72,0.0,0.0,Water,0.0,100.0,0.0,0.0,0.0,0,0.0,Unknown,0,187.88,273.07,273.07,365.51,578.34
cell_04079,80.3025,12.9975,299848.4457510877,0.0,0.0,0.0,0.0,0.0,0.0,0.0,0.0,0.0,3168.7,3188.49,5568.07,0.0,0.0,Water,0.0,100.0,0.0,0.0,0.0,0,0.0,Unknown,0,187.88,273.07,273.07,365.51,578.34
cell_04080,80.3025,13.0025,299842.5566561504,0.0,0.0,0.0,0.0,0.0,0.0,0.0,0.0,0.0,2925.42,2936.57,5223.4,0.0,0.0,Water,0.0,100.0,0.0,0.0,0.0,0,0.0,Unknown,0,187.88,273.07,273.07,365.51,578.34
cell_04081,80.3025,13.0075,299836.66532652645,0.0,0.0,0.0,0.0,0.0,0.0,0.0,0.0,0.0,2772.55,2773.44,4775.5,0.0,0.0,Water,0.0,100.0,0.0,0.0,0.0,0,0.0,Unknown,0,187.88,273.07,273.07,365.51,578.34
cell_04082,80.3025,13.0125,299830.7717611387,0.0,0.0,0.0,0.0,0.0,0.0,0.0,0.0,0.0,2707.4,2715.15,4351.18,0.0,0.0,Water,0.0,100.0,0.0,0.0,0.0,0,0.0,Unknown,0,187.88,273.07,273.07,365.51,578.34
cell_04083,80.3025,13.0175,299824.87596127676,0.0,0.0,0.0,0.0,0.0,0.0,0.0,0.0,0.0,2735.64,2768.33,3958.75,0.0,0.0,Water,0.0,100.0,0.0,0.0,0.0,0,0.0,Unknown,0,187.88,273.07,273.07,365.51,578.34
cell_04084,80.3025,13.0225,299818.9779262731,0.0,0.0,0.0,0.0,0.0,0.0,0.0,0.0,0.0,2802.29,2926.92,3608.64,0.0,0.0,Water,0.0,100.0,0.0,0.0,0.0,0,0.0,Unknown,0,187.88,273.07,273.07,365.51,578.34
cell_04085,80.3025,13.0275,299813.0776563132,0.0,0.0,0.0,0.0,0.0,0.0,0.0,0.0,0.0,2883.11,3175.15,3312.97,0.0,0.0,Water,0.0,100.0,0.0,0.0,0.0,0,0.0,Unknown,0,187.88,273.07,273.07,365.51,578.34
cell_04086,80.3025,13.0325,299807.1751514875,0.0,0.0,0.0,0.0,0.0,0.0,0.0,0.0,0.0,3057.33,3493.98,3074.73,0.0,0.0,Water,0.0,100.0,0.0,0.0,0.0,0,0.0,Unknown,0,187.88,273.07,273.07,365.51,578.34
cell_04087,80.3025,13.0375,299801.2704118552,0.0,0.0,0.0,0.0,0.0,0.0,0.0,0.0,0.0,2907.05,3462.49,2918.81,0.0,0.0,Water,0.0,100.0,0.0,0.0,0.0,0,0.0,Unknown,0,187.88,273.07,273.07,365.51,578.34
cell_04088,80.3025,13.0425,299795.3634371582,0.0,0.0,0.0,0.0,0.0,0.0,0.0,0.0,0.0,2840.22,2951.29,2685.38,0.0,0.0,Water,0.0,100.0,0.0,0.0,0.0,0,0.0,Unknown,0,187.88,273.07,273.07,365.51,578.34
cell_04089,80.3025,13.0475,299789.45422786596,0.0,0.0,0.0,0.0,0.0,0.0,0.0,0.0,0.0,2404.86,2458.25,2489.75,0.0,0.0,Water,0.0,100.0,0.0,0.0,0.0,0,0.0,Unknown,0,187.88,273.07,273.07,365.51,578.34
cell_04090,80.3025,13.0525,299783.54278378614,0.0,0.0,0.0,0.0,0.0,0.0,0.0,0.0,0.0,1959.35,1996.85,2393.64,0.0,0.0,Water,0.0,100.0,0.0,0.0,0.0,0,0.0,Unknown,0,187.88,273.07,273.07,365.51,578.34
cell_04091,80.3025,13.0575,299777.6291048501,0.0,0.0,0.0,0.0,0.0,0.0,0.0,0.0,0.0,1569.75,1594.8,2398.19,0.0,0.0,Water,0.0,100.0,0.0,0.0,0.0,0,0.0,Unknown,0,187.88,273.07,273.07,365.51,578.34
cell_04092,80.3025,13.0625,299771.71319135296,0.0,0.0,0.0,0.0,0.0,0.0,0.0,0.0,0.0,1304.06,1308.02,2153.15,0.0,0.0,Water,0.0,100.0,0.0,0.0,0.0,0,0.0,Unknown,0,187.88,273.07,273.07,365.51,578.34
cell_04093,80.3025,13.0675,299765.7950431491,0.0,0.0,0.0,0.0,0.0,0.0,0.0,0.0,0.0,1207.42,1220.67,1972.57,0.0,0.0,Water,0.0,100.0,0.0,0.0,0.0,0,0.0,Unknown,0,187.88,273.07,273.07,365.51,578.34
cell_04094,80.3025,13.0725,299759.8746602189,0.0,0.0,0.0,0.0,0.0,0.0,0.0,0.0,0.0,1330.69,1371.38,1737.85,0.0,0.0,Water,0.0,100.0,0.0,0.0,0.0,0,0.0,Unknown,0,187.88,273.07,273.07,365.51,578.34
cell_04095,80.3025,13.0775,299753.95204276213,0.0,0.0,0.0,0.0,0.0,0.0,0.0,0.0,0.0,1627.51,1697.91,1592.72,0.0,0.0,Water,0.0,100.0,0.0,0.0,0.0,0,0.0,Unknown,0,187.88,273.07,273.07,365.51,578.34
cell_04096,80.3025,13.0825,299748.0271909645,0.0,0.0,0.0,0.0,24.76,0.08,0.0,0.0,0.0,1664.8,2120.54,1513.82,0.0,0.0,Water,0.0,100.0,0.0,0.0,0.0,0,0.0,Unknown,0,187.88,273.07,273.07,365.51,578.34
cell_04097,80.3025,13.0875,299742.10010428523,0.0,19.0,1.49,0.0,24.59,1.69,0.0,0.0,0.0,1718.05,2442.32,1600.2,0.0,0.0,Water,15.84,81.36,0.0,0.0,2.79,0,0.0,Unknown,0,187.88,273.07,273.07,365.51,578.34
cell_04098,80.3025,13.0925,299736.17078319314,-6.0,11.0,2.29,0.0,11.35,2.33,0.0,0.0,0.0,1455.24,2717.73,1851.53,0.0,0.0,Water,43.81,46.52,0.03,0.0,9.63,0,0.0,Unknown,0,187.88,273.07,273.07,365.51,578.34
cell_04099,80.3025,13.0975,299730.2392279835,-6.0,15.0,1.25,0.0,16.13,2.41,0.0,0.0,0.0,1334.7,3060.6,2215.23,0.0,0.0,Water,17.47,65.47,3.76,2.84,10.46,0,0.0,Unknown,0,187.88,273.07,273.07,365.51,578.34
cell_04100,80.3025,13.1025,299724.3054380521,-2.0,22.0,0.87,0.0,24.59,1.6,0.0,0.0,0.0,1422.94,3453.83,2645.35,0.0,0.0,Water,0.78,96.95,0.42,0.0,1.85,0,0.0,Unknown,0,187.88,273.07,273.07,365.51,578.34
cell_04101,80.3025,13.1075,299718.36941369483,-5.0,25.0,2.18,0.0,29.87,3.5,0.0,0.0,0.0,985.61,3883.59,3114.49,0.0,0.0,Water,3.6,92.57,0.0,0.0,3.83,0,0.0,Unknown,0,187.88,273.07,273.07,365.51,578.34
cell_04102,80.3025,13.1125,299712.43115515995,-5.0,11.0,1.52,0.0,9.89,2.09,0.0,0.0,0.0,443.16,4340.33,3331.13,0.0,0.0,Water,7.17,71.81,5.26,0.03,15.72,0,0.0,Unknown,0,187.88,273.07,273.07,365.51,578.34
cell_04103,80.3025,13.1175,299706.49066223786,0.0,8.0,1.5,0.0,6.16,1.07,0.0,0.0,0.0,170.06,4816.19,3255.93,0.0,0.0,Water,18.34,69.12,7.89,3.02,1.62,0,0.0,Unknown,0,187.88,273.07,273.07,365.51,578.34
cell_04104,80.3025,13.1225,299700.5479348141,0.0,5.0,0.14,0.0,5.46,0.23,0.0,0.0,0.0,681.22,5307.02,3121.82,0.0,0.0,Water,0.96,93.49,1.95,0.13,3.48,0,0.0,Unknown,0,187.88,273.07,273.07,365.51,578.34
cell_04105,80.3025,13.1275,299694.60297364165,0.0,0.0,0.0,0.0,0.0,0.0,0.0,0.0,0.0,1229.13,5809.03,2966.13,0.0,0.0,Water,0.1,99.01,0.06,0.0,0.83,0,0.0,Unknown,0,187.88,273.07,273.07,365.51,578.34
cell_04106,80.3025,13.1325,299688.6557779268,0.0,8.0,0.03,0.0,10.7,0.11,0.0,0.0,0.0,1153.56,5840.7,2774.01,0.0,0.0,Water,0.71,90.84,0.32,0.0,8.12,0,0.0,Unknown,0,187.88,273.07,273.07,365.51,578.34
cell_04107,80.3025,13.1375,299682.7063480122,0.0,0.0,0.0,0.0,0.0,0.0,0.0,0.0,0.0,1256.11,5291.22,2538.42,0.0,0.0,Water,0.0,100.0,0.0,0.0,0.0,0,0.0,Unknown,0,187.88,273.07,273.07,365.51,578.34
cell_04108,80.3025,13.1425,299676.75468420936,0.0,9.0,0.17,0.0,11.51,0.33,380.38,0.001269,0.0,1372.21,4742.54,2304.3,0.0,0.0,Water,3.09,93.37,1.91,0.03,1.59,0,0.0,Unknown,0,187.88,273.07,273.07,365.51,578.34
cell_04109,80.3025,13.1475,299670.8007860572,0.0,11.0,2.99,0.0,8.8,1.55,7268.6,0.024255,38.0,914.13,4194.99,2070.17,0.0,0.0,Water,43.47,49.42,1.49,0.06,5.55,0,0.0,Unknown,0,187.88,273.07,273.07,365.51,578.34
cell_04110,80.3025,13.1525,299664.84465383465,0.0,16.0,6.76,0.0,7.66,2.3,9064.11,0.030247,49.0,632.34,3649.08,1841.44,0.0,0.0,Built-up,83.74,9.57,2.42,0.92,3.35,0,0.0,Unknown,0,187.88,273.07,273.07,365.51,578.34
cell_04111,80.3025,13.1575,299658.8862877572,4.0,14.0,9.37,0.0,7.39,2.07,11845.56,0.03953,65.0,443.25,3105.66,1602.83,0.0,0.0,Built-up,97.86,0.0,1.72,0.0,0.41,0,0.0,Unknown,0,187.88,273.07,273.07,365.51,578.34
cell_04112,80.3025,13.1625,299652.9256875068,5.0,15.0,9.65,0.0,8.95,2.04,12115.86,0.040433,76.0,204.47,2566.34,1472.16,0.0,0.0,Built-up,96.23,0.0,2.99,0.55,0.23,0,0.0,Unknown,0,187.88,273.07,273.07,365.51,578.34
cell_04113,80.3025,13.1675,299646.9628534885,0.0,13.0,8.73,0.0,6.98,2.38,13503.91,0.045066,93.0,258.68,2034.37,1408.21,0.0,0.0,Built-up,93.59,0.0,3.57,2.52,0.32,2,0.0,Unknown,1,187.88,273.07,273.07,365.51,578.34
cell_04114,80.3025,13.1725,299640.99778541346,2.0,10.0,6.06,0.0,4.35,1.95,10334.37,0.034489,60.0,32.47,1517.48,1226.45,0.0,0.0,Built-up,79.21,0.13,16.68,3.73,0.26,2,0.0,Unknown,1,187.88,273.07,273.07,365.51,578.34
cell_04115,80.3025,13.1775,299635.03048323124,-2.0,12.0,6.37,0.0,11.02,2.53,9996.21,0.033361,46.0,125.28,1026.39,932.13,0.0,0.0,Built-up,64.32,0.0,15.26,17.99,2.44,0,0.0,Unknown,0,187.88,273.07,273.07,365.51,578.34
cell_04116,80.3025,13.1825,299629.060947789,1.0,14.0,6.13,0.0,8.02,1.95,11337.41,0.037838,47.0,407.08,579.39,497.16,0.0,0.0,Built-up,90.37,0.0,8.13,0.0,1.5,0,0.0,Unknown,0,187.88,273.07,273.07,365.51,578.34
cell_04117,80.3025,13.1875,299623.0891780716,-3.0,8.0,2.71,0.0,6.72,2.2,6232.56,0.020801,33.0,208.69,288.39,184.66,612.18,0.002043,Built-up,61.61,0.67,28.09,7.88,1.75,0,0.0,Unknown,0,187.88,273.07,273.07,365.51,578.34
cell_04118,80.3025,13.1925,299617.11517465947,-3.0,8.0,1.39,0.0,7.8,2.44,3260.82,0.010883,10.0,0.0,39.02,88.91,1212.02,0.004045,Vegetation,14.19,16.66,54.58,11.79,2.79,0,0.0,Unknown,0,187.88,273.07,273.07,365.51,578.34
cell_04119,80.3025,13.1975,299611.1389373591,-14.0,22.0,2.08,0.0,25.98,4.0,101.4,0.000338,0.0,3.21,117.79,314.0,703.85,0.002349,Vegetation,0.03,26.98,56.6,15.98,0.41,0,0.0,Unknown,0,187.88,273.07,273.07,365.51,578.34
cell_04120,80.3025,13.2025,299605.16046655993,-10.0,11.0,3.22,0.0,11.6,3.08,1418.43,0.004734,0.0,63.22,105.65,517.63,568.17,0.001896,Vegetation,1.53,12.56,80.33,3.44,2.14,0,0.0,Unknown,0,187.88,273.07,273.07,365.51,578.34
cell_04121,80.3025,13.2075,299599.17976211593,-6.0,8.0,2.37,0.0,11.51,2.97,377.5,0.00126,0.0,0.0,308.93,391.3,139.54,0.000466,Water,0.55,63.54,31.01,2.66,2.24,0,0.0,Unknown,0,187.88,273.07,273.07,365.51,578.34
cell_04122,80.3025,13.2125,299593.1968238652,-2.0,12.0,2.44,0.0,10.82,2.64,0.0,0.0,0.0,204.15,826.42,143.57,1350.4,0.004507,Water,1.12,68.18,18.75,0.0,11.96,0,0.0,Unknown,0,187.88,273.07,273.07,365.51,578.34
cell_04123,80.3025,13.2175,299587.21165188216,-3.0,7.0,2.15,0.0,6.89,2.26,0.0,0.0,0.0,489.15,1188.79,334.37,0.0,0.0,Water,0.0,94.42,0.0,0.0,5.58,0,0.0,Unknown,0,187.88,273.07,273.07,365.51,578.34
cell_04124,80.3025,13.2225,299581.2242466829,-4.0,9.0,3.12,0.0,8.83,2.38,0.0,0.0,0.0,831.46,1414.61,295.99,18.6,6.2e-05,Water,3.6,81.53,6.2,0.1,8.57,0,0.0,Unknown,0,187.88,273.07,273.07,365.51,578.34
cell_04125,80.3025,13.2275,299575.23460771044,-2.0,10.0,3.12,0.0,8.75,2.75,0.0,0.0,0.0,1123.34,1699.48,316.71,0.0,0.0,Vegetation,16.71,23.92,28.41,7.72,23.25,0,0.0,Unknown,0,187.88,273.07,273.07,365.51,578.34
cell_04126,80.3025,13.2325,299569.2427352292,-3.0,9.0,2.3,0.0,9.52,2.68,0.0,0.0,0.0,1127.63,1853.21,741.5,0.0,0.0,Built-up,51.85,0.73,20.31,1.82,25.29,0,0.0,Unknown,0,187.88,273.07,273.07,365.51,578.34
cell_04127,80.3025,13.2375,299563.2486294714,-1.0,7.0,3.01,0.0,6.15,2.09,0.0,0.0,0.0,1242.89,2114.68,1269.22,0.0,0.0,Built-up,81.3,0.0,5.39,0.0,13.31,0,0.0,Unknown,0,187.88,273.07,273.07,365.51,578.34
cell_04128,80.3025,13.2425,299557.25229003874,-1.0,12.0,3.47,0.0,10.2,2.77,0.0,0.0,0.0,1223.4,2459.16,1622.46,0.0,0.0,Vegetation,33.16,2.3,42.06,15.31,7.17,0,0.0,Unknown,0,187.88,273.07,273.07,365.51,578.34
cell_04129,80.3025,13.2475,299551.25371738354,-2.0,16.0,3.3,0.0,16.08,2.44,0.0,0.0,0.0,1223.89,2820.19,1639.49,0.0,0.0,Vegetation,32.21,0.86,41.84,20.22,4.88,0,0.0,Unknown,0,187.88,273.07,273.07,365.51,578.34
cell_04130,80.3025,13.2525,299545.2529111868,0.0,0.0,0.0,0.0,0.0,0.0,0.0,0.0,0.0,1407.55,3224.44,1808.16,0.0,0.0,Unknown,0.0,0.0,0.0,0.0,0.0,0,0.0,Unknown,0,187.88,273.07,273.07,365.51,578.34
cell_04131,80.3075,12.8525,300017.6494568379,0.0,0.0,0.0,0.0,0.0,0.0,0.0,0.0,0.0,7310.14,10454.42,7480.57,0.0,0.0,Water,0.0,100.0,0.0,0.0,0.0,0,0.0,Unknown,0,187.88,273.07,273.07,365.51,578.34
cell_04132,80.3075,12.8575,300011.82523059164,0.0,0.0,0.0,0.0,0.0,0.0,0.0,0.0,0.0,7220.19,10048.53,7335.9,0.0,0.0,Water,0.0,100.0,0.0,0.0,0.0,0,0.0,Unknown,0,187.88,273.07,273.07,365.51,578.34
cell_04133,80.3075,12.8625,300005.9987680574,0.0,0.0,0.0,0.0,0.0,0.0,0.0,0.0,0.0,7165.26,9657.25,7228.95,0.0,0.0,Water,0.0,100.0,0.0,0.0,0.0,0,0.0,Unknown,0,187.88,273.07,273.07,365.51,578.34
cell_04134,80.3075,12.8675,300000.1700699087,0.0,0.0,0.0,0.0,0.0,0.0,0.0,0.0,0.0,7073.28,9282.44,7162.43,0.0,0.0,Water,0.0,100.0,0.0,0.0,0.0,0,0.0,Unknown,0,187.88,273.07,273.07,365.51,578.34
cell_04135,80.3075,12.8725,299994.3391353209,0.0,0.0,0.0,0.0,0.0,0.0,0.0,0.0,0.0,6939.66,8926.17,7136.55,0.0,0.0,Water,0.0,100.0,0.0,0.0,0.0,0,0.0,Unknown,0,187.88,273.07,273.07,365.51,578.34
cell_04136,80.3075,12.8775,299988.50596495334,0.0,0.0,0.0,0.0,0.0,0.0,0.0,0.0,0.0,6848.21,8590.73,7151.66,0.0,0.0,Water,0.0,100.0,0.0,0.0,0.0,0,0.0,Unknown,0,187.88,273.07,273.07,365.51,578.34
cell_04137,80.3075,12.8825,299982.67055856384,0.0,0.0,0.0,0.0,0.0,0.0,0.0,0.0,0.0,6790.24,8278.68,7205.9,0.0,0.0,Water,0.0,100.0,0.0,0.0,0.0,0,0.0,Unknown,0,187.88,273.07,273.07,365.51,578.34
cell_04138,80.3075,12.8875,299976.8329164643,0.0,0.0,0.0,0.0,0.0,0.0,0.0,0.0,0.0,6710.18,7992.74,7274.68,0.0,0.0,Water,0.0,100.0,0.0,0.0,0.0,0,0.0,Unknown,0,187.88,273.07,273.07,365.51,578.34
cell_04139,80.3075,12.8925,299970.9930383824,0.0,0.0,0.0,0.0,0.0,0.0,0.0,0.0,0.0,6672.68,7735.81,7331.94,0.0,0.0,Water,0.0,100.0,0.0,0.0,0.0,0,0.0,Unknown,0,187.88,273.07,273.07,365.51,578.34
cell_04140,80.3075,12.8975,299965.1509242345,0.0,0.0,0.0,0.0,0.0,0.0,0.0,0.0,0.0,6680.91,7510.88,7368.35,0.0,0.0,Water,0.0,100.0,0.0,0.0,0.0,0,0.0,Unknown,0,187.88,273.07,273.07,365.51,578.34
cell_04141,80.3075,12.9025,299959.3065747897,0.0,0.0,0.0,0.0,0.0,0.0,0.0,0.0,0.0,6550.53,7320.88,7263.69,0.0,0.0,Water,0.0,100.0,0.0,0.0,0.0,0,0.0,Unknown,0,187.88,273.07,273.07,365.51,578.34
cell_04142,80.3075,12.9075,299953.4599891443,0.0,0.0,0.0,0.0,0.0,0.0,0.0,0.0,0.0,6408.08,7168.6,7159.03,0.0,0.0,Water,0.0,100.0,0.0,0.0,0.0,0,0.0,Unknown,0,187.88,273.07,273.07,365.51,578.34
cell_04143,80.3075,12.9125,299947.6111681303,0.0,0.0,0.0,0.0,0.0,0.0,0.0,0.0,0.0,6311.03,7056.48,7055.6,0.0,0.0,Water,0.0,100.0,0.0,0.0,0.0,0,0.0,Unknown,0,187.88,273.07,273.07,365.51,578.34
cell_04144,80.3075,12.9175,299941.76011093863,0.0,0.0,0.0,0.0,0.0,0.0,0.0,0.0,0.0,6231.98,6986.46,6952.39,0.0,0.0,Water,0.0,100.0,0.0,0.0,0.0,0,0.0,Unknown,0,187.88,273.07,273.07,365.51,578.34
cell_04145,80.3075,12.9225,299935.9068186232,0.0,0.0,0.0,0.0,0.0,0.0,0.0,0.0,0.0,6158.86,6959.8,6848.01,0.0,0.0,Water,0.0,100.0,0.0,0.0,0.0,0,0.0,Unknown,0,187.88,273.07,273.07,365.51,578.34
cell_04146,80.3075,12.9275,299930.0512904363,0.0,0.0,0.0,0.0,0.0,0.0,0.0,0.0,0.0,6134.91,6977.0,6747.38,0.0,0.0,Water,0.0,100.0,0.0,0.0,0.0,0,0.0,Unknown,0,187.88,273.07,273.07,365.51,578.34
cell_04147,80.3075,12.9325,299924.1935265639,0.0,0.0,0.0,0.0,0.0,0.0,0.0,0.0,0.0,6042.24,7037.74,6653.12,0.0,0.0,Water,0.0,100.0,0.0,0.0,0.0,0,0.0,Unknown,0,187.88,273.07,273.07,365.51,578.34
cell_04148,80.3075,12.9375,299918.33352725446,0.0,0.0,0.0,0.0,0.0,0.0,0.0,0.0,0.0,5922.7,7140.92,6549.21,0.0,0.0,Water,0.0,100.0,0.0,0.0,0.0,0,0.0,Unknown,0,187.88,273.07,273.07,365.51,578.34
cell_04149,80.3075,12.9425,299912.47129251907,0.0,0.0,0.0,0.0,0.0,0.0,0.0,0.0,0.0,5848.14,7284.72,6446.12,0.0,0.0,Water,0.0,100.0,0.0,0.0,0.0,0,0.0,Unknown,0,187.88,273.07,273.07,365.51,578.34
cell_04150,80.3075,12.9475,299906.60682200623,0.0,0.0,0.0,0.0,0.0,0.0,0.0,0.0,0.0,5821.44,7466.8,6347.13,0.0,0.0,Water,0.0,100.0,0.0,0.0,0.0,0,0.0,Unknown,0,187.88,273.07,273.07,365.51,578.34
cell_04151,80.3075,12.9525,299900.74011646956,0.0,0.0,0.0,0.0,0.0,0.0,0.0,0.0,0.0,5735.62,7403.57,6237.39,0.0,0.0,Water,0.0,100.0,0.0,0.0,0.0,0,0.0,Unknown,0,187.88,273.07,273.07,365.51,578.34
cell_04152,80.3075,12.9575,299894.8711752572,0.0,0.0,0.0,0.0,0.0,0.0,0.0,0.0,0.0,5591.78,6911.28,6139.62,0.0,0.0,Water,0.0,100.0,0.0,0.0,0.0,0,0.0,Unknown,0,187.88,273.07,273.07,365.51,578.34
cell_04153,80.3075,12.9625,299888.9999985862,0.0,0.0,0.0,0.0,0.0,0.0,0.0,0.0,0.0,5499.03,6428.86,6029.43,0.0,0.0,Water,0.0,100.0,0.0,0.0,0.0,0,0.0,Unknown,0,187.88,273.07,273.07,365.51,578.34
cell_04154,80.3075,12.9675,299883.12658668926,0.0,0.0,0.0,0.0,0.0,0.0,0.0,0.0,0.0,5322.43,5958.72,5936.32,0.0,0.0,Water,0.0,100.0,0.0,0.0,0.0,0,0.0,Unknown,0,187.88,273.07,273.07,365.51,578.34
cell_04155,80.3075,12.9725,299877.25093952956,0.0,0.0,0.0,0.0,0.0,0.0,0.0,0.0,0.0,5145.43,5503.99,5863.26,0.0,0.0,Water,0.0,100.0,0.0,0.0,0.0,0,0.0,Unknown,0,187.88,273.07,273.07,365.51,578.34
cell_04156,80.3075,12.9775,299871.3730569612,0.0,0.0,0.0,0.0,0.0,0.0,0.0,0.0,0.0,5023.36,5068.83,5829.21,0.0,0.0,Water,0.0,100.0,0.0,0.0,0.0,0,0.0,Unknown,0,187.88,273.07,273.07,365.51,578.34
cell_04157,80.3075,12.9825,299865.49293928,0.0,0.0,0.0,0.0,0.0,0.0,0.0,0.0,0.0,4626.8,4658.72,5838.51,0.0,0.0,Water,0.0,100.0,0.0,0.0,0.0,0,0.0,Unknown,0,187.88,273.07,273.07,365.51,578.34
cell_04158,80.3075,12.9875,299859.6105864029,0.0,0.0,0.0,0.0,0.0,0.0,0.0,0.0,0.0,4253.23,4280.88,5882.62,0.0,0.0,Water,0.0,100.0,0.0,0.0,0.0,0,0.0,Unknown,0,187.88,273.07,273.07,365.51,578.34
cell_04159,80.3075,12.9925,299853.7259981672,0.0,0.0,0.0,0.0,0.0,0.0,0.0,0.0,0.0,3922.27,3944.58,5971.28,0.0,0.0,Water,0.0,100.0,0.0,0.0,0.0,0,0.0,Unknown,0,187.88,273.07,273.07,365.51,578.34
cell_04160,80.3075,12.9975,299847.83917497867,0.0,0.0,0.0,0.0,0.0,0.0,0.0,0.0,0.0,3645.54,3661.29,5987.11,0.0,0.0,Water,0.0,100.0,0.0,0.0,0.0,0,0.0,Unknown,0,187.88,273.07,273.07,365.51,578.34
cell_04161,80.3075,13.0025,299841.950116455,0.0,0.0,0.0,0.0,0.0,0.0,0.0,0.0,0.0,3436.18,3444.12,5545.36,0.0,0.0,Water,0.0,100.0,0.0,0.0,0.0,0,0.0,Unknown,0,187.88,273.07,273.07,365.51,578.34
cell_04162,80.3075,13.0075,299836.0588233967,0.0,0.0,0.0,0.0,0.0,0.0,0.0,0.0,0.0,3306.12,3306.12,5125.12,0.0,0.0,Water,0.0,100.0,0.0,0.0,0.0,0,0.0,Unknown,0,187.88,273.07,273.07,365.51,578.34
cell_04163,80.3075,13.0125,299830.1652945524,0.0,0.0,0.0,0.0,0.0,0.0,0.0,0.0,0.0,3249.48,3257.36,4732.25,0.0,0.0,Water,0.0,100.0,0.0,0.0,0.0,0,0.0,Unknown,0,187.88,273.07,273.07,365.51,578.34
cell_04164,80.3075,13.0175,299824.2695311803,0.0,0.0,0.0,0.0,0.0,0.0,0.0,0.0,0.0,3273.63,3301.81,4374.14,0.0,0.0,Water,0.0,100.0,0.0,0.0,0.0,0,0.0,Unknown,0,187.88,273.07,273.07,365.51,578.34
cell_04165,80.3075,13.0225,299818.3715327867,0.0,0.0,0.0,0.0,0.0,0.0,0.0,0.0,0.0,3343.93,3435.85,4059.99,0.0,0.0,Water,0.0,100.0,0.0,0.0,0.0,0,0.0,Unknown,0,187.88,273.07,273.07,365.51,578.34
cell_04166,80.3075,13.0275,299812.4712994466,0.0,0.0,0.0,0.0,0.0,0.0,0.0,0.0,0.0,3411.93,3649.62,3792.68,0.0,0.0,Water,0.0,100.0,0.0,0.0,0.0,0,0.0,Unknown,0,187.88,273.07,273.07,365.51,578.34
cell_04167,80.3075,13.0325,299806.5688310772,0.0,0.0,0.0,0.0,0.0,0.0,0.0,0.0,0.0,3563.33,3930.14,3586.2,0.0,0.0,Water,0.0,100.0,0.0,0.0,0.0,0,0.0,Unknown,0,187.88,273.07,273.07,365.51,578.34
cell_04168,80.3075,13.0375,299800.66412816185,0.0,0.0,0.0,0.0,0.0,0.0,0.0,0.0,0.0,3439.77,3688.32,3421.97,0.0,0.0,Water,0.0,100.0,0.0,0.0,0.0,0,0.0,Unknown,0,187.88,273.07,273.07,365.51,578.34
cell_04169,80.3075,13.0425,299794.7571899716,0.0,0.0,0.0,0.0,0.0,0.0,0.0,0.0,0.0,3165.97,3213.25,3181.43,0.0,0.0,Water,0.0,100.0,0.0,0.0,0.0,0,0.0,Unknown,0,187.88,273.07,273.07,365.51,578.34
cell_04170,80.3075,13.0475,299788.8480173699,0.0,0.0,0.0,0.0,0.0,0.0,0.0,0.0,0.0,2731.42,2767.27,3014.36,0.0,0.0,Water,0.0,100.0,0.0,0.0,0.0,0,0.0,Unknown,0,187.88,273.07,273.07,365.51,578.34
cell_04171,80.3075,13.0525,299782.9366099103,0.0,0.0,0.0,0.0,0.0,0.0,0.0,0.0,0.0,2339.65,2366.9,2934.51,0.0,0.0,Water,0.0,100.0,0.0,0.0,0.0,0,0.0,Unknown,0,187.88,273.07,273.07,365.51,578.34
cell_04172,80.3075,13.0575,299777.0229676046,0.0,0.0,0.0,0.0,0.0,0.0,0.0,0.0,0.0,2024.55,2039.15,2878.25,0.0,0.0,Water,0.0,100.0,0.0,0.0,0.0,0,0.0,Unknown,0,187.88,273.07,273.07,365.51,578.34
cell_04173,80.3075,13.0625,299771.1070908115,0.0,0.0,0.0,0.0,0.0,0.0,0.0,0.0,0.0,1823.17,1823.64,2664.5,0.0,0.0,Water,0.0,100.0,0.0,0.0,0.0,0,0.0,Unknown,0,187.88,273.07,273.07,365.51,578.34
cell_04174,80.3075,13.0675,299765.18897933635,0.0,0.0,0.0,0.0,0.0,0.0,0.0,0.0,0.0,1749.33,1762.02,2449.08,0.0,0.0,Water,0.0,100.0,0.0,0.0,0.0,0,0.0,Unknown,0,187.88,273.07,273.07,365.51,578.34
cell_04175,80.3075,13.0725,299759.2686329395,0.0,0.0,0.0,0.0,0.0,0.0,0.0,0.0,0.0,1840.31,1869.58,2255.02,0.0,0.0,Water,0.0,100.0,0.0,0.0,0.0,0,0.0,Unknown,0,187.88,273.07,273.07,365.51,578.34
cell_04176,80.3075,13.0775,299753.3460524677,0.0,0.0,0.0,0.0,0.0,0.0,0.0,0.0,0.0,2067.57,2120.74,2119.07,0.0,0.0,Water,0.0,100.0,0.0,0.0,0.0,0,0.0,Unknown,0,187.88,273.07,273.07,365.51,578.34
cell_04177,80.3075,13.0825,299747.4212371118,0.0,0.0,0.0,0.0,0.0,0.0,0.0,0.0,0.0,2205.91,2472.1,2055.79,0.0,0.0,Water,0.0,100.0,0.0,0.0,0.0,0,0.0,Unknown,0,187.88,273.07,273.07,365.51,578.34
cell_04178,80.3075,13.0875,299741.49418726243,0.0,0.0,0.0,0.0,0.0,0.0,0.0,0.0,0.0,2191.96,2887.32,2120.53,0.0,0.0,Water,0.0,100.0,0.0,0.0,0.0,0,0.0,Unknown,0,187.88,273.07,273.07,365.51,578.34
cell_04179,80.3075,13.0925,299735.5649028204,0.0,0.0,0.0,0.0,0.0,0.0,0.0,0.0,0.0,1964.46,3176.68,2316.68,0.0,0.0,Water,0.0,100.0,0.0,0.0,0.0,0,0.0,Unknown,0,187.88,273.07,273.07,365.51,578.34
cell_04180,80.3075,13.0975,299729.6333843967,0.0,3.0,0.01,0.0,7.39,0.07,0.0,0.0,0.0,1876.39,3480.91,2616.5,0.0,0.0,Water,0.51,92.95,4.5,0.1,1.95,0,0.0,Unknown,0,187.88,273.07,273.07,365.51,578.34
cell_04181,80.3075,13.1025,299723.6996311515,0.0,23.0,0.38,0.0,27.72,0.78,0.0,0.0,0.0,1669.54,3833.71,2989.42,0.0,0.0,Water,0.16,92.34,3.12,1.88,2.5,0,0.0,Unknown,0,187.88,273.07,273.07,365.51,578.34
cell_04182,80.3075,13.1075,299717.7636435695,0.0,1.0,0.0,0.0,5.86,0.09,0.0,0.0,0.0,1182.56,4227.36,3411.57,0.0,0.0,Water,0.0,99.9,0.0,0.0,0.1,0,0.0,Unknown,0,187.88,273.07,273.07,365.51,578.34
cell_04183,80.3075,13.1125,299711.8254219296,0.0,0.0,0.0,0.0,0.98,0.01,0.0,0.0,0.0,788.1,4651.7,3858.03,0.0,0.0,Water,0.0,100.0,0.0,0.0,0.0,0,0.0,Unknown,0,187.88,273.07,273.07,365.51,578.34
cell_04184,80.3075,13.1175,299705.8849658013,0.0,0.0,0.0,0.0,0.0,0.0,0.0,0.0,0.0,674.78,5099.89,3780.66,0.0,0.0,Water,0.0,100.0,0.0,0.0,0.0,0,0.0,Unknown,0,187.88,273.07,273.07,365.51,578.34
cell_04185,80.3075,13.1225,299699.9422751335,0.0,0.0,0.0,0.0,0.0,0.0,0.0,0.0,0.0,944.26,5566.1,3645.32,0.0,0.0,Water,0.0,100.0,0.0,0.0,0.0,0,0.0,Unknown,0,187.88,273.07,273.07,365.51,578.34
cell_04186,80.3075,13.1275,299693.9973507266,0.0,0.0,0.0,0.0,0.0,0.0,0.0,0.0,0.0,1392.24,6046.63,3484.75,0.0,0.0,Water,0.0,100.0,0.0,0.0,0.0,0,0.0,Unknown,0,187.88,273.07,273.07,365.51,578.34
cell_04187,80.3075,13.1325,299688.05019183486,0.0,0.0,0.0,0.0,0.0,0.0,0.0,0.0,0.0,1695.12,5923.1,3264.26,0.0,0.0,Water,0.0,99.84,0.0,0.0,0.16,0,0.0,Unknown,0,187.88,273.07,273.07,365.51,578.34
cell_04188,80.3075,13.1375,299682.1007988792,0.0,0.0,0.0,0.0,0.0,0.0,0.0,0.0,0.0,1766.5,5382.03,3029.39,0.0,0.0,Water,0.0,100.0,0.0,0.0,0.0,0,0.0,Unknown,0,187.88,273.07,273.07,365.51,578.34
cell_04189,80.3075,13.1425,299676.14917185606,0.0,0.0,0.0,0.0,0.0,0.0,0.0,0.0,0.0,1688.22,4843.65,2795.26,0.0,0.0,Water,0.0,100.0,0.0,0.0,0.0,0,0.0,Unknown,0,187.88,273.07,273.07,365.51,578.34
cell_04190,80.3075,13.1475,299670.1953106657,0.0,0.0,0.0,0.0,0.0,0.0,0.0,0.0,0.0,1342.65,4308.97,2563.16,0.0,0.0,Water,0.0,100.0,0.0,0.0,0.0,0,0.0,Unknown,0,187.88,273.07,273.07,365.51,578.34
cell_04191,80.3075,13.1525,299664.2392152094,0.0,7.0,0.14,0.0,8.16,0.24,0.0,0.0,0.0,1167.17,3779.55,2330.21,0.0,0.0,Water,1.28,96.14,0.7,0.0,1.88,0,0.0,Unknown,0,187.88,273.07,273.07,365.51,578.34
cell_04192,80.3075,13.1575,299658.28088611463,0.0,10.0,2.14,0.0,7.53,1.36,4461.77,0.01489,22.0,838.97,3257.97,2113.97,0.0,0.0,Water,26.53,65.98,2.26,0.0,5.23,0,0.0,Unknown,0,187.88,273.07,273.07,365.51,578.34
cell_04193,80.3075,13.1625,299652.3203228397,-1.0,12.0,5.18,0.0,12.13,2.09,7357.18,0.024552,44.0,737.3,2748.7,2010.41,0.0,0.0,Built-up,67.05,20.45,3.05,0.0,9.45,2,0.0,Unknown,1,187.88,273.07,273.07,365.51,578.34
cell_04194,80.3075,13.1675,299646.3575255542,1.0,11.0,6.59,0.0,7.7,2.26,7373.55,0.024607,41.0,752.71,2257.18,1946.45,0.0,0.0,Built-up,71.36,0.26,20.31,0.92,7.14,0,0.0,Unknown,0,187.88,273.07,273.07,365.51,578.34
cell_04195,80.3075,13.1725,299640.39249460073,0.0,12.0,7.56,0.0,10.11,2.43,1998.5,0.00667,9.0,521.8,1777.65,1685.76,0.0,0.0,Built-up,68.43,0.0,29.05,1.02,1.5,1,0.0,Unknown,1,187.88,273.07,273.07,365.51,578.34
cell_04196,80.3075,13.1775,299634.42522924906,2.0,12.0,7.99,0.0,6.16,2.26,5706.82,0.019046,24.0,439.62,1352.17,1271.25,0.0,0.0,Built-up,67.73,0.0,19.35,11.98,0.94,0,0.0,Unknown,0,187.88,273.07,273.07,365.51,578.34
cell_04197,80.3075,13.1825,299628.45573070965,3.0,14.0,7.98,0.0,8.13,2.41,7535.44,0.025149,54.0,605.12,1036.92,941.2,0.0,0.0,Built-up,91.29,0.0,7.78,0.0,0.92,2,0.0,Unknown,1,187.88,273.07,273.07,365.51,578.34
cell_04198,80.3075,13.1875,299622.48399797035,3.0,13.0,7.31,0.0,7.09,2.36,14959.2,0.049927,79.0,661.24,770.45,638.21,0.0,0.0,Built-up,79.34,0.0,12.72,7.72,0.22,1,0.0,Unknown,1,187.88,273.07,273.07,365.51,578.34
cell_04199,80.3075,13.1925,299616.51003163983,-1.0,13.0,6.43,0.0,7.53,2.36,7437.2,0.024822,47.0,425.77,556.18,402.7,0.0,0.0,Built-up,82.4,0.0,16.43,0.1,1.07,1,0.0,Unknown,1,187.88,273.07,273.07,365.51,578.34
cell_04200,80.3075,13.1975,299610.5338313822,-26.0,16.0,3.68,0.0,21.28,3.24,1086.25,0.003626,0.0,211.12,392.47,185.8,475.57,0.001587,Vegetation,35.71,5.58,54.56,3.57,0.57,0,0.0,Unknown,0,187.88,273.07,273.07,365.51,578.34
cell_04201,80.3075,13.2025,299604.55539751,-11.0,17.0,3.16,0.0,13.9,4.15,1733.7,0.005787,1.0,0.0,64.2,79.29,1578.06,0.005267,Vegetation,2.1,33.93,63.2,0.61,0.16,0,0.0,Unknown,0,187.88,273.07,273.07,365.51,578.34
cell_04202,80.3075,13.2075,299598.5747300027,-7.0,13.0,1.93,0.0,16.7,3.52,0.0,0.0,0.0,169.42,292.49,384.29,200.74,0.00067,Vegetation,0.65,23.99,66.92,5.1,3.34,0,0.0,Unknown,0,187.88,273.07,273.07,365.51,578.34
cell_04203,80.3075,13.2125,299592.59182890324,-3.0,7.0,2.24,0.0,7.7,2.0,0.0,0.0,0.0,0.0,489.12,56.9,790.57,0.002639,Vegetation,0.06,33.16,52.55,5.2,9.02,0,0.0,Unknown,0,187.88,273.07,273.07,365.51,578.34
cell_04204,80.3075,13.2175,299586.6066938913,-5.0,7.0,2.0,0.0,8.13,2.42,0.0,0.0,0.0,66.47,694.26,207.17,571.52,0.001908,Vegetation,3.41,22.23,46.27,3.95,24.14,0,0.0,Unknown,0,187.88,273.07,273.07,365.51,578.34
cell_04205,80.3075,13.2225,299580.61932568875,-2.0,8.0,2.37,0.0,7.85,2.78,0.0,0.0,0.0,431.57,933.99,195.82,553.14,0.001846,Bare Land,0.23,26.72,22.31,1.07,49.68,0,0.0,Unknown,0,187.88,273.07,273.07,365.51,578.34
cell_04206,80.3075,13.2275,299574.6297238342,-3.0,6.0,2.09,0.0,6.83,2.04,0.0,0.0,0.0,645.37,1177.19,278.52,166.48,0.000556,Bare Land,6.89,17.89,15.24,0.03,59.95,0,0.0,Unknown,0,187.88,273.07,273.07,365.51,578.34
cell_04207,80.3075,13.2325,299568.63788844866,-2.0,6.0,2.06,0.0,5.59,2.13,0.0,0.0,0.0,585.9,1365.35,728.27,0.0,0.0,Bare Land,38.36,0.22,0.73,0.0,60.68,0,0.0,Unknown,0,187.88,273.07,273.07,365.51,578.34
cell_04208,80.3075,13.2375,299562.6438197803,-3.0,7.0,2.86,0.0,6.81,2.08,0.0,0.0,0.0,726.95,1688.45,1092.12,0.0,0.0,Built-up,54.84,0.62,22.76,0.13,21.66,0,0.0,Unknown,0,187.88,273.07,273.07,365.51,578.34
cell_04209,80.3075,13.2425,299556.64751749375,-2.0,7.0,2.47,0.0,6.72,2.31,0.0,0.0,0.0,693.29,2046.96,1080.89,0.0,0.0,Built-up,47.83,0.0,24.23,6.31,21.62,0,0.0,Unknown,0,187.88,273.07,273.07,365.51,578.34
cell_04210,80.3075,13.2475,299550.6489818215,-6.0,8.0,2.33,0.0,9.52,2.54,0.0,0.0,0.0,690.53,2453.99,1109.16,0.0,0.0,Vegetation,0.03,1.21,49.01,37.37,12.37,0,0.0,Unknown,0,187.88,273.07,273.07,365.51,578.34
cell_04211,80.3075,13.2525,299544.64821286965,0.0,0.0,0.0,0.0,0.0,0.0,0.0,0.0,0.0,979.87,2909.57,1305.32,0.0,0.0,Unknown,0.0,0.0,0.0,0.0,0.0,0,0.0,Unknown,0,187.88,273.07,273.07,365.51,578.34
cell_04212,80.3125,12.8525,300017.0461995191,0.0,0.0,0.0,0.0,0.0,0.0,0.0,0.0,0.0,7843.13,10823.17,8001.03,0.0,0.0,Water,0.0,100.0,0.0,0.0,0.0,0,0.0,Unknown,0,187.88,273.07,273.07,365.51,578.34
cell_04213,80.3125,12.8575,300011.2220089783,0.0,0.0,0.0,0.0,0.0,0.0,0.0,0.0,0.0,7757.97,10431.63,7865.0,0.0,0.0,Water,0.0,100.0,0.0,0.0,0.0,0,0.0,Unknown,0,187.88,273.07,273.07,365.51,578.34
cell_04214,80.3125,12.8625,300005.3955824433,0.0,0.0,0.0,0.0,0.0,0.0,0.0,0.0,0.0,7706.86,10055.27,7765.15,0.0,0.0,Water,0.0,100.0,0.0,0.0,0.0,0,0.0,Unknown,0,187.88,273.07,273.07,365.51,578.34
cell_04215,80.3125,12.8675,299999.56692020886,0.0,0.0,0.0,0.0,0.0,0.0,0.0,0.0,0.0,7595.85,9695.85,7703.25,0.0,0.0,Water,0.0,100.0,0.0,0.0,0.0,0,0.0,Unknown,0,187.88,273.07,273.07,365.51,578.34
cell_04216,80.3125,12.8725,299993.7360215296,0.0,0.0,0.0,0.0,0.0,0.0,0.0,0.0,0.0,7471.57,9355.32,7679.05,0.0,0.0,Water,0.0,100.0,0.0,0.0,0.0,0,0.0,Unknown,0,187.88,273.07,273.07,365.51,578.34
cell_04217,80.3125,12.8775,299987.90288701665,0.0,0.0,0.0,0.0,0.0,0.0,0.0,0.0,0.0,7386.7,9035.83,7693.09,0.0,0.0,Water,0.0,100.0,0.0,0.0,0.0,0,0.0,Unknown,0,187.88,273.07,273.07,365.51,578.34
cell_04218,80.3125,12.8825,299982.067516744,0.0,0.0,0.0,0.0,0.0,0.0,0.0,0.0,0.0,7324.22,8739.67,7744.3,0.0,0.0,Water,0.0,100.0,0.0,0.0,0.0,0,0.0,Unknown,0,187.88,273.07,273.07,365.51,578.34
cell_04219,80.3125,12.8875,299976.22991053475,0.0,0.0,0.0,0.0,0.0,0.0,0.0,0.0,0.0,7249.68,8469.3,7815.17,0.0,0.0,Water,0.0,100.0,0.0,0.0,0.0,0,0.0,Unknown,0,187.88,273.07,273.07,365.51,578.34
cell_04220,80.3125,12.8925,299970.3900683998,0.0,0.0,0.0,0.0,0.0,0.0,0.0,0.0,0.0,7214.98,8227.26,7869.64,0.0,0.0,Water,0.0,100.0,0.0,0.0,0.0,0,0.0,Unknown,0,187.88,273.07,273.07,365.51,578.34
cell_04221,80.3125,12.8975,299964.54799036606,0.0,0.0,0.0,0.0,0.0,0.0,0.0,0.0,0.0,7222.58,8016.12,7901.01,0.0,0.0,Water,0.0,100.0,0.0,0.0,0.0,0,0.0,Unknown,0,187.88,273.07,273.07,365.51,578.34
cell_04222,80.3125,12.9025,299958.7036768089,0.0,0.0,0.0,0.0,0.0,0.0,0.0,0.0,0.0,7070.34,7838.37,7796.34,0.0,0.0,Water,0.0,100.0,0.0,0.0,0.0,0,0.0,Unknown,0,187.88,273.07,273.07,365.51,578.34
cell_04223,80.3125,12.9075,299952.85712712386,0.0,0.0,0.0,0.0,0.0,0.0,0.0,0.0,0.0,6938.56,7696.32,7691.67,0.0,0.0,Water,0.0,100.0,0.0,0.0,0.0,0,0.0,Unknown,0,187.88,273.07,273.07,365.51,578.34
cell_04224,80.3125,12.9125,299947.0083424435,0.0,0.0,0.0,0.0,0.0,0.0,0.0,0.0,0.0,6848.91,7591.99,7589.09,0.0,0.0,Water,0.0,100.0,0.0,0.0,0.0,0,0.0,Unknown,0,187.88,273.07,273.07,365.51,578.34
cell_04225,80.3125,12.9175,299941.15732107364,0.0,0.0,0.0,0.0,0.0,0.0,0.0,0.0,0.0,6766.62,7526.94,7485.05,0.0,0.0,Water,0.0,100.0,0.0,0.0,0.0,0,0.0,Unknown,0,187.88,273.07,273.07,365.51,578.34
cell_04226,80.3125,12.9225,299935.3040648095,0.0,0.0,0.0,0.0,0.0,0.0,0.0,0.0,0.0,6699.33,7502.19,7381.2,0.0,0.0,Water,0.0,100.0,0.0,0.0,0.0,0,0.0,Unknown,0,187.88,273.07,273.07,365.51,578.34
cell_04227,80.3125,12.9275,299929.4485727164,0.0,0.0,0.0,0.0,0.0,0.0,0.0,0.0,0.0,6677.31,7518.14,7282.54,0.0,0.0,Water,0.0,100.0,0.0,0.0,0.0,0,0.0,Unknown,0,187.88,273.07,273.07,365.51,578.34
cell_04228,80.3125,12.9325,299923.5908448847,0.0,0.0,0.0,0.0,0.0,0.0,0.0,0.0,0.0,6567.52,7574.54,7186.52,0.0,0.0,Water,0.0,100.0,0.0,0.0,0.0,0,0.0,Unknown,0,187.88,273.07,273.07,365.51,578.34
cell_04229,80.3125,12.9375,299917.73088178283,0.0,0.0,0.0,0.0,0.0,0.0,0.0,0.0,0.0,6457.7,7670.48,7081.41,0.0,0.0,Water,0.0,100.0,0.0,0.0,0.0,0,0.0,Unknown,0,187.88,273.07,273.07,365.51,578.34
cell_04230,80.3125,12.9425,299911.8686830756,0.0,0.0,0.0,0.0,0.0,0.0,0.0,0.0,0.0,6388.34,7804.52,6979.72,0.0,0.0,Water,0.0,100.0,0.0,0.0,0.0,0,0.0,Unknown,0,187.88,273.07,273.07,365.51,578.34
cell_04231,80.3125,12.9475,299906.00424867956,0.0,0.0,0.0,0.0,0.0,0.0,0.0,0.0,0.0,6363.79,7974.73,6880.72,0.0,0.0,Water,0.0,100.0,0.0,0.0,0.0,0,0.0,Unknown,0,187.88,273.07,273.07,365.51,578.34
cell_04232,80.3125,12.9525,299900.1375791904,0.0,0.0,0.0,0.0,0.0,0.0,0.0,0.0,0.0,6254.74,7657.68,6772.11,0.0,0.0,Water,0.0,100.0,0.0,0.0,0.0,0,0.0,Unknown,0,187.88,273.07,273.07,365.51,578.34
cell_04233,80.3125,12.9575,299894.2686742723,0.0,0.0,0.0,0.0,0.0,0.0,0.0,0.0,0.0,6122.46,7182.82,6670.06,0.0,0.0,Water,0.0,100.0,0.0,0.0,0.0,0,0.0,Unknown,0,187.88,273.07,273.07,365.51,578.34
cell_04234,80.3125,12.9625,299888.3975335733,0.0,0.0,0.0,0.0,0.0,0.0,0.0,0.0,0.0,6037.85,6719.92,6563.34,0.0,0.0,Water,0.0,100.0,0.0,0.0,0.0,0,0.0,Unknown,0,187.88,273.07,273.07,365.51,578.34
cell_04235,80.3125,12.9675,299882.5241579104,0.0,0.0,0.0,0.0,0.0,0.0,0.0,0.0,0.0,5830.35,6271.63,6473.1,0.0,0.0,Water,0.0,100.0,0.0,0.0,0.0,0,0.0,Unknown,0,187.88,273.07,273.07,365.51,578.34
cell_04236,80.3125,12.9725,299876.6485469319,0.0,0.0,0.0,0.0,0.0,0.0,0.0,0.0,0.0,5669.22,5841.3,6402.63,0.0,0.0,Water,0.0,100.0,0.0,0.0,0.0,0,0.0,Unknown,0,187.88,273.07,273.07,365.51,578.34
cell_04237,80.3125,12.9775,299870.77070060145,0.0,0.0,0.0,0.0,0.0,0.0,0.0,0.0,0.0,5401.28,5433.22,6371.45,0.0,0.0,Water,0.0,100.0,0.0,0.0,0.0,0,0.0,Unknown,0,187.88,273.07,273.07,365.51,578.34
cell_04238,80.3125,12.9825,299864.8906191207,0.0,0.0,0.0,0.0,0.0,0.0,0.0,0.0,0.0,5024.43,5052.77,6380.14,0.0,0.0,Water,0.0,100.0,0.0,0.0,0.0,0,0.0,Unknown,0,187.88,273.07,273.07,365.51,578.34
cell_04239,80.3125,12.9875,299859.0083023116,0.0,0.0,0.0,0.0,0.0,0.0,0.0,0.0,0.0,4682.68,4706.66,6421.62,0.0,0.0,Water,0.0,100.0,0.0,0.0,0.0,0,0.0,Unknown,0,187.88,273.07,273.07,365.51,578.34
cell_04240,80.3125,12.9925,299853.1237504534,0.0,0.0,0.0,0.0,0.0,0.0,0.0,0.0,0.0,4384.25,4403.0,6502.92,0.0,0.0,Water,0.0,100.0,0.0,0.0,0.0,0,0.0,Unknown,0,187.88,273.07,273.07,365.51,578.34
cell_04241,80.3125,12.9975,299847.2369635259,0.0,0.0,0.0,0.0,0.0,0.0,0.0,0.0,0.0,4138.52,4151.1,6316.36,0.0,0.0,Water,0.0,100.0,0.0,0.0,0.0,0,0.0,Unknown,0,187.88,273.07,273.07,365.51,578.34
cell_04242,80.3125,13.0025,299841.347941068,0.0,0.0,0.0,0.0,0.0,0.0,0.0,0.0,0.0,3955.32,3960.87,5899.2,0.0,0.0,Water,0.0,100.0,0.0,0.0,0.0,0,0.0,Unknown,0,187.88,273.07,273.07,365.51,578.34
cell_04243,80.3125,13.0075,299835.4566843376,0.0,0.0,0.0,0.0,0.0,0.0,0.0,0.0,0.0,3841.28,3841.46,5506.02,0.0,0.0,Water,0.0,100.0,0.0,0.0,0.0,0,0.0,Unknown,0,187.88,273.07,273.07,365.51,578.34
cell_04244,80.3125,13.0125,299829.5631917677,0.0,0.0,0.0,0.0,0.0,0.0,0.0,0.0,0.0,3791.6,3799.58,5142.33,0.0,0.0,Water,0.0,100.0,0.0,0.0,0.0,0,0.0,Unknown,0,187.88,273.07,273.07,365.51,578.34
cell_04245,80.3125,13.0175,299823.667464664,0.0,0.0,0.0,0.0,0.0,0.0,0.0,0.0,0.0,3812.82,3837.74,4814.81,0.0,0.0,Water,0.0,100.0,0.0,0.0,0.0,0,0.0,Unknown,0,187.88,273.07,273.07,365.51,578.34
cell_04246,80.3125,13.0225,299817.76950272237,0.0,0.0,0.0,0.0,0.0,0.0,0.0,0.0,0.0,3885.72,3953.64,4529.29,0.0,0.0,Water,0.0,100.0,0.0,0.0,0.0,0,0.0,Unknown,0,187.88,273.07,273.07,365.51,578.34
cell_04247,80.3125,13.0275,299811.86930554395,0.0,0.0,0.0,0.0,0.0,0.0,0.0,0.0,0.0,3944.38,4140.76,4287.11,0.0,0.0,Water,0.0,100.0,0.0,0.0,0.0,0,0.0,Unknown,0,187.88,273.07,273.07,365.51,578.34
cell_04248,80.3125,13.0325,299805.96687356627,0.0,0.0,0.0,0.0,0.0,0.0,0.0,0.0,0.0,4077.47,4389.99,4105.56,0.0,0.0,Water,0.0,100.0,0.0,0.0,0.0,0,0.0,Unknown,0,187.88,273.07,273.07,365.51,578.34
cell_04249,80.3125,13.0375,299800.0622071004,0.0,0.0,0.0,0.0,0.0,0.0,0.0,0.0,0.0,3932.29,3975.72,3902.42,0.0,0.0,Water,0.0,100.0,0.0,0.0,0.0,0,0.0,Unknown,0,187.88,273.07,273.07,365.51,578.34
cell_04250,80.3125,13.0425,299794.1553050692,0.0,0.0,0.0,0.0,0.0,0.0,0.0,0.0,0.0,3504.5,3539.44,3690.47,0.0,0.0,Water,0.0,100.0,0.0,0.0,0.0,0,0.0,Unknown,0,187.88,273.07,273.07,365.51,578.34
cell_04251,80.3125,13.0475,299788.24616895226,0.0,0.0,0.0,0.0,0.0,0.0,0.0,0.0,0.0,3111.78,3140.13,3544.25,0.0,0.0,Water,0.0,100.0,0.0,0.0,0.0,0,0.0,Unknown,0,187.88,273.07,273.07,365.51,578.34
cell_04252,80.3125,13.0525,299782.33479781344,0.0,0.0,0.0,0.0,0.0,0.0,0.0,0.0,0.0,2774.25,2793.7,3475.77,0.0,0.0,Water,0.0,100.0,0.0,0.0,0.0,0,0.0,Unknown,0,187.88,273.07,273.07,365.51,578.34
cell_04253,80.3125,13.0575,299776.42119185324,0.0,0.0,0.0,0.0,0.0,0.0,0.0,0.0,0.0,2514.21,2522.04,3366.84,0.0,0.0,Water,0.0,100.0,0.0,0.0,0.0,0,0.0,Unknown,0,187.88,273.07,273.07,365.51,578.34
cell_04254,80.3125,13.0625,299770.5053514788,0.0,0.0,0.0,0.0,0.0,0.0,0.0,0.0,0.0,2348.2,2351.2,3186.03,0.0,0.0,Water,0.0,100.0,0.0,0.0,0.0,0,0.0,Unknown,0,187.88,273.07,273.07,365.51,578.34
cell_04255,80.3125,13.0675,299764.58727644815,0.0,0.0,0.0,0.0,0.0,0.0,0.0,0.0,0.0,2291.33,2303.73,2945.34,0.0,0.0,Water,0.0,100.0,0.0,0.0,0.0,0,0.0,Unknown,0,187.88,273.07,273.07,365.51,578.34
cell_04256,80.3125,13.0725,299758.666966347,0.0,0.0,0.0,0.0,0.0,0.0,0.0,0.0,0.0,2364.03,2386.99,2771.31,0.0,0.0,Water,0.0,100.0,0.0,0.0,0.0,0,0.0,Unknown,0,187.88,273.07,273.07,365.51,578.34
cell_04257,80.3125,13.0775,299752.74442243314,0.0,0.0,0.0,0.0,0.0,0.0,0.0,0.0,0.0,2546.36,2588.41,2649.01,0.0,0.0,Water,0.0,100.0,0.0,0.0,0.0,0,0.0,Unknown,0,187.88,273.07,273.07,365.51,578.34
cell_04258,80.3125,13.0825,299746.81964342494,0.0,0.0,0.0,0.0,0.0,0.0,0.0,0.0,0.0,2747.4,2883.33,2597.81,0.0,0.0,Water,0.0,100.0,0.0,0.0,0.0,0,0.0,Unknown,0,187.88,273.07,273.07,365.51,578.34
cell_04259,80.3125,13.0875,299740.8926301064,0.0,0.0,0.0,0.0,0.0,0.0,0.0,0.0,0.0,2670.91,3246.36,2649.32,0.0,0.0,Water,0.0,100.0,0.0,0.0,0.0,0,0.0,Unknown,0,187.88,273.07,273.07,365.51,578.34
cell_04260,80.3125,13.0925,299734.9633822053,0.0,0.0,0.0,0.0,0.0,0.0,0.0,0.0,0.0,2487.6,3657.28,2809.54,0.0,0.0,Water,0.0,100.0,0.0,0.0,0.0,0,0.0,Unknown,0,187.88,273.07,273.07,365.51,578.34
cell_04261,80.3125,13.0975,299729.0319001902,0.0,0.0,0.0,0.0,0.0,0.0,0.0,0.0,0.0,2408.34,3926.42,3061.45,0.0,0.0,Water,0.0,100.0,0.0,0.0,0.0,0,0.0,Unknown,0,187.88,273.07,273.07,365.51,578.34
cell_04262,80.3125,13.1025,299723.09818341024,0.0,0.0,0.0,0.0,0.0,0.0,0.0,0.0,0.0,1949.26,4247.15,3385.71,0.0,0.0,Water,0.0,100.0,0.0,0.0,0.0,0,0.0,Unknown,0,187.88,273.07,273.07,365.51,578.34
cell_04263,80.3125,13.1075,299717.1622324757,0.0,0.0,0.0,0.0,0.0,0.0,0.0,0.0,0.0,1552.64,4607.21,3763.66,0.0,0.0,Water,0.0,100.0,0.0,0.0,0.0,0,0.0,Unknown,0,187.88,273.07,273.07,365.51,578.34
cell_04264,80.3125,13.1125,299711.224047162,0.0,0.0,0.0,0.0,0.0,0.0,0.0,0.0,0.0,1278.02,5001.12,4180.77,0.0,0.0,Water,0.0,100.0,0.0,0.0,0.0,0,0.0,Unknown,0,187.88,273.07,273.07,365.51,578.34
cell_04265,80.3125,13.1175,299705.28362765454,0.0,0.0,0.0,0.0,0.0,0.0,0.0,0.0,0.0,1211.42,5421.57,4306.81,0.0,0.0,Water,0.0,100.0,0.0,0.0,0.0,0,0.0,Unknown,0,187.88,273.07,273.07,365.51,578.34
cell_04266,80.3125,13.1225,299699.34097360156,0.0,0.0,0.0,0.0,0.0,0.0,0.0,0.0,0.0,1380.83,5863.06,4163.95,0.0,0.0,Water,0.0,100.0,0.0,0.0,0.0,0,0.0,Unknown,0,187.88,273.07,273.07,365.51,578.34
cell_04267,80.3125,13.1275,299693.39608564466,0.0,0.0,0.0,0.0,0.0,0.0,0.0,0.0,0.0,1718.53,6321.89,3990.24,0.0,0.0,Water,0.0,100.0,0.0,0.0,0.0,0,0.0,Unknown,0,187.88,273.07,273.07,365.51,578.34
cell_04268,80.3125,13.1325,299687.44896324456,0.0,0.0,0.0,0.0,0.0,0.0,0.0,0.0,0.0,2147.46,6053.08,3754.51,0.0,0.0,Water,0.0,100.0,0.0,0.0,0.0,0,0.0,Unknown,0,187.88,273.07,273.07,365.51,578.34
cell_04269,80.3125,13.1375,299681.49960712186,0.0,0.0,0.0,0.0,0.0,0.0,0.0,0.0,0.0,2291.43,5524.75,3520.36,0.0,0.0,Water,0.0,100.0,0.0,0.0,0.0,0,0.0,Unknown,0,187.88,273.07,273.07,365.51,578.34
cell_04270,80.3125,13.1425,299675.5480164517,0.0,0.0,0.0,0.0,0.0,0.0,0.0,0.0,0.0,2098.7,5001.75,3286.22,0.0,0.0,Water,0.0,100.0,0.0,0.0,0.0,0,0.0,Unknown,0,187.88,273.07,273.07,365.51,578.34
cell_04271,80.3125,13.1475,299669.59419205034,0.0,0.0,0.0,0.0,0.0,0.0,0.0,0.0,0.0,1832.25,4485.95,3056.86,0.0,0.0,Water,0.0,100.0,0.0,0.0,0.0,0,0.0,Unknown,0,187.88,273.07,273.07,365.51,578.34
cell_04272,80.3125,13.1525,299663.63813303056,0.0,0.0,0.0,0.0,0.0,0.0,0.0,0.0,0.0,1594.81,3980.14,2817.3,0.0,0.0,Water,0.0,100.0,0.0,0.0,0.0,0,0.0,Unknown,0,187.88,273.07,273.07,365.51,578.34
cell_04273,80.3125,13.1575,299657.6798406335,0.0,0.0,0.0,0.0,0.0,0.0,0.0,0.0,0.0,1341.11,3487.97,2637.42,0.0,0.0,Water,0.0,100.0,0.0,0.0,0.0,0,0.0,Unknown,0,187.88,273.07,273.07,365.51,578.34
cell_04274,80.3125,13.1625,299651.71931406704,0.0,5.0,0.02,0.0,6.15,0.09,0.0,0.0,0.0,1277.77,3002.99,2548.67,0.0,0.0,Water,0.0,95.83,0.0,0.0,4.17,0,0.0,Unknown,0,187.88,273.07,273.07,365.51,578.34
cell_04275,80.3125,13.1675,299645.7565533414,-2.0,9.0,0.91,0.0,8.83,0.94,1027.83,0.00343,0.0,1247.51,2542.26,2438.51,0.0,0.0,Water,6.92,80.16,4.35,1.92,6.66,0,0.0,Unknown,0,187.88,273.07,273.07,365.51,578.34
cell_04276,80.3125,13.1725,299639.7915590833,-2.0,15.0,2.07,0.0,12.82,2.64,2318.88,0.007739,0.0,1028.62,2125.99,2045.43,0.0,0.0,Water,23.31,50.78,16.46,4.81,4.64,0,0.0,Unknown,0,187.88,273.07,273.07,365.51,578.34
cell_04277,80.3125,13.1775,299633.82433046954,0.0,11.0,5.26,0.0,11.6,2.04,9247.89,0.030864,48.0,972.19,1785.54,1697.76,0.0,0.0,Built-up,74.18,17.45,5.06,0.53,2.78,2,0.0,Unknown,1,187.88,273.07,273.07,365.51,578.34
cell_04278,80.3125,13.1825,299627.85486858286,2.0,13.0,8.1,0.0,6.15,2.23,6100.41,0.02036,27.0,1057.38,1503.23,1393.94,0.0,0.0,Built-up,60.71,0.0,38.28,0.0,1.01,0,0.0,Unknown,0,187.88,273.07,273.07,365.51,578.34
cell_04279,80.3125,13.1875,299621.8831724569,-3.0,16.0,6.65,0.0,13.62,3.39,21391.52,0.071395,136.0,1149.72,1255.55,1126.81,0.0,0.0,Built-up,88.77,0.0,5.68,4.55,1.01,1,0.0,Unknown,1,187.88,273.07,273.07,365.51,578.34
cell_04280,80.3125,13.1925,299615.909242971,2.0,12.0,6.55,0.0,7.09,2.28,6757.8,0.022555,24.0,920.73,1076.73,899.42,0.0,0.0,Built-up,48.86,0.0,44.6,6.51,0.03,0,0.0,Unknown,0,187.88,273.07,273.07,365.51,578.34
cell_04281,80.3125,13.1975,299609.9330793327,1.0,12.0,6.76,0.0,6.65,2.38,4100.16,0.013685,8.0,719.35,834.59,687.3,0.0,0.0,Vegetation,38.18,0.26,40.23,7.01,14.32,0,0.0,Unknown,0,187.88,273.07,273.07,365.51,578.34
cell_04282,80.3125,13.2025,299603.954682309,4.0,32.0,9.5,0.0,21.69,3.84,4336.8,0.014475,4.0,382.78,465.58,351.8,40.33,0.000135,Vegetation,31.4,0.0,55.75,0.0,12.86,0,0.0,Unknown,0,187.88,273.07,273.07,365.51,578.34
cell_04283,80.3125,13.2075,299597.97405140795,-15.0,12.0,3.6,0.0,15.05,2.62,1723.11,0.005751,3.0,128.38,204.31,96.59,1034.02,0.003451,Vegetation,24.23,22.28,53.29,0.1,0.1,0,0.0,Unknown,0,187.88,273.07,273.07,365.51,578.34
cell_04284,80.3125,13.2125,299591.9911871612,-2.0,7.0,2.05,0.0,8.87,2.1,0.0,0.0,0.0,0.0,25.5,135.25,1133.09,0.003782,Water,7.63,44.22,44.09,1.36,2.69,0,0.0,Unknown,0,187.88,273.07,273.07,365.51,578.34
cell_04285,80.3125,13.2175,299586.00608898053,-3.0,7.0,0.86,0.0,7.09,1.35,0.0,0.0,0.0,0.0,199.73,412.75,395.75,0.001321,Water,0.0,70.84,26.56,1.56,1.04,0,0.0,Unknown,0,187.88,273.07,273.07,365.51,578.34
cell_04286,80.3125,13.2225,299580.018757524,-6.0,10.0,0.86,0.0,14.07,1.77,0.0,0.0,0.0,0.0,515.33,662.63,0.0,0.0,Water,0.0,58.78,35.11,1.59,4.53,0,0.0,Unknown,0,187.88,273.07,273.07,365.51,578.34
cell_04287,80.3125,13.2275,299574.0291924564,-1.0,9.0,3.0,0.0,6.15,2.32,0.0,0.0,0.0,262.34,645.78,540.38,0.0,0.0,Vegetation,12.21,4.29,61.17,5.58,16.75,0,0.0,Unknown,0,187.88,273.07,273.07,365.51,578.34
cell_04288,80.3125,13.2325,299568.0373939623,-2.0,8.0,2.82,0.0,7.7,2.02,0.0,0.0,0.0,44.16,917.74,390.83,0.0,0.0,Vegetation,28.54,25.1,32.79,2.92,10.65,0,0.0,Unknown,0,187.88,273.07,273.07,365.51,578.34
cell_04289,80.3125,13.2375,299562.0433619906,-8.0,7.0,2.86,0.0,11.6,2.55,0.0,0.0,0.0,215.01,1274.79,550.5,0.0,0.0,Vegetation,29.88,13.06,40.43,8.56,8.07,0,0.0,Unknown,0,187.88,273.07,273.07,365.51,578.34
cell_04290,80.3125,13.2425,299556.04709664686,-3.0,7.0,2.4,0.0,6.98,2.38,0.0,0.0,0.0,226.89,1686.87,539.33,0.0,0.0,Vegetation,38.54,8.93,38.73,7.21,6.59,0,0.0,Unknown,0,187.88,273.07,273.07,365.51,578.34
cell_04291,80.3125,13.2475,299550.0485977846,-1.0,9.0,2.38,0.0,8.02,2.15,0.0,0.0,0.0,206.51,2159.67,596.82,0.0,0.0,Vegetation,13.51,25.94,38.99,8.8,12.76,0,0.0,Unknown,0,187.88,273.07,273.07,365.51,578.34
cell_04292,80.3125,13.2525,299544.04786568345,0.0,0.0,0.0,0.0,0.0,0.0,0.0,0.0,0.0,725.24,2639.93,803.15,0.0,0.0,Unknown,0.0,0.0,0.0,0.0,0.0,0,0.0,Unknown,0,187.88,273.07,273.07,365.51,578.34
cell_04293,80.3175,12.8525,300016.44731426885,0.0,0.0,0.0,0.0,0.0,0.0,0.0,0.0,0.0,8377.35,11206.06,8523.77,0.0,0.0,Water,0.0,100.0,0.0,0.0,0.0,0,0.0,Unknown,0,187.88,273.07,273.07,365.51,578.34
cell_04294,80.3175,12.8575,300010.62315951084,0.0,0.0,0.0,0.0,0.0,0.0,0.0,0.0,0.0,8296.37,10828.37,8395.81,0.0,0.0,Water,0.0,100.0,0.0,0.0,0.0,0,0.0,Unknown,0,187.88,273.07,273.07,365.51,578.34
cell_04295,80.3175,12.8625,300004.79676857794,0.0,0.0,0.0,0.0,0.0,0.0,0.0,0.0,0.0,8248.58,10466.28,8302.17,0.0,0.0,Water,0.0,100.0,0.0,0.0,0.0,0,0.0,Unknown,0,187.88,273.07,273.07,365.51,578.34
cell_04296,80.3175,12.8675,299998.9681418774,0.0,0.0,0.0,0.0,0.0,0.0,0.0,0.0,0.0,8121.04,10121.45,8244.27,0.0,0.0,Water,0.0,100.0,0.0,0.0,0.0,0,0.0,Unknown,0,187.88,273.07,273.07,365.51,578.34
cell_04297,80.3175,12.8725,299993.1372789782,0.0,0.0,0.0,0.0,0.0,0.0,0.0,0.0,0.0,8004.91,9795.72,8221.56,0.0,0.0,Water,0.0,100.0,0.0,0.0,0.0,0,0.0,Unknown,0,187.88,273.07,273.07,365.51,578.34
cell_04298,80.3175,12.8775,299987.30418015947,0.0,0.0,0.0,0.0,0.0,0.0,0.0,0.0,0.0,7925.74,9491.06,8234.66,0.0,0.0,Water,0.0,100.0,0.0,0.0,0.0,0,0.0,Unknown,0,187.88,273.07,273.07,365.51,578.34
cell_04299,80.3175,12.8825,299981.46884548134,0.0,0.0,0.0,0.0,0.0,0.0,0.0,0.0,0.0,7859.38,9209.54,8283.2,0.0,0.0,Water,0.0,100.0,0.0,0.0,0.0,0,0.0,Unknown,0,187.88,273.07,273.07,365.51,578.34
cell_04300,80.3175,12.8875,299975.63127497106,0.0,0.0,0.0,0.0,0.0,0.0,0.0,0.0,0.0,7789.6,8953.36,8355.65,0.0,0.0,Water,0.0,100.0,0.0,0.0,0.0,0,0.0,Unknown,0,187.88,273.07,273.07,365.51,578.34
cell_04301,80.3175,12.8925,299969.7914686075,0.0,0.0,0.0,0.0,0.0,0.0,0.0,0.0,0.0,7757.31,8724.75,8407.95,0.0,0.0,Water,0.0,100.0,0.0,0.0,0.0,0,0.0,Unknown,0,187.88,273.07,273.07,365.51,578.34
cell_04302,80.3175,12.8975,299963.9494263711,0.0,0.0,0.0,0.0,0.0,0.0,0.0,0.0,0.0,7753.47,8525.93,8433.66,0.0,0.0,Water,0.0,100.0,0.0,0.0,0.0,0,0.0,Unknown,0,187.88,273.07,273.07,365.51,578.34
cell_04303,80.3175,12.9025,299958.10514847835,0.0,0.0,0.0,0.0,0.0,0.0,0.0,0.0,0.0,7593.32,8359.02,8328.98,0.0,0.0,Water,0.0,100.0,0.0,0.0,0.0,0,0.0,Unknown,0,187.88,273.07,273.07,365.51,578.34
cell_04304,80.3175,12.9075,299952.2586345309,0.0,0.0,0.0,0.0,0.0,0.0,0.0,0.0,0.0,7470.76,8225.96,8224.3,0.0,0.0,Water,0.0,100.0,0.0,0.0,0.0,0,0.0,Unknown,0,187.88,273.07,273.07,365.51,578.34
cell_04305,80.3175,12.9125,299946.40988550294,0.0,0.0,0.0,0.0,0.0,0.0,0.0,0.0,0.0,7386.97,8128.42,8122.15,0.0,0.0,Water,0.0,100.0,0.0,0.0,0.0,0,0.0,Unknown,0,187.88,273.07,273.07,365.51,578.34
cell_04306,80.3175,12.9175,299940.5589001741,0.0,0.0,0.0,0.0,0.0,0.0,0.0,0.0,0.0,7302.41,8067.68,8017.71,0.0,0.0,Water,0.0,100.0,0.0,0.0,0.0,0,0.0,Unknown,0,187.88,273.07,273.07,365.51,578.34
cell_04307,80.3175,12.9225,299934.70567961416,0.0,0.0,0.0,0.0,0.0,0.0,0.0,0.0,0.0,7240.1,8044.59,7914.4,0.0,0.0,Water,0.0,100.0,0.0,0.0,0.0,0,0.0,Unknown,0,187.88,273.07,273.07,365.51,578.34
cell_04308,80.3175,12.9275,299928.8502232192,0.0,0.0,0.0,0.0,0.0,0.0,0.0,0.0,0.0,7219.71,8059.45,7817.9,0.0,0.0,Water,0.0,100.0,0.0,0.0,0.0,0,0.0,Unknown,0,187.88,273.07,273.07,365.51,578.34
cell_04309,80.3175,12.9325,299922.9925313156,0.0,0.0,0.0,0.0,0.0,0.0,0.0,0.0,0.0,7095.37,8112.08,7719.93,0.0,0.0,Water,0.0,100.0,0.0,0.0,0.0,0,0.0,Unknown,0,187.88,273.07,273.07,365.51,578.34
cell_04310,80.3175,12.9375,299917.1326039786,0.0,0.0,0.0,0.0,0.0,0.0,0.0,0.0,0.0,6993.83,8201.73,7613.6,0.0,0.0,Water,0.0,100.0,0.0,0.0,0.0,0,0.0,Unknown,0,187.88,273.07,273.07,365.51,578.34
cell_04311,80.3175,12.9425,299911.2704411563,0.0,0.0,0.0,0.0,0.0,0.0,0.0,0.0,0.0,6928.88,8327.21,7513.33,0.0,0.0,Water,0.0,100.0,0.0,0.0,0.0,0,0.0,Unknown,0,187.88,273.07,273.07,365.51,578.34
cell_04312,80.3175,12.9475,299905.4060426229,0.0,0.0,0.0,0.0,0.0,0.0,0.0,0.0,0.0,6906.15,8409.17,7410.37,0.0,0.0,Water,0.0,100.0,0.0,0.0,0.0,0,0.0,Unknown,0,187.88,273.07,273.07,365.51,578.34
cell_04313,80.3175,12.9525,299899.5394089588,0.0,0.0,0.0,0.0,0.0,0.0,0.0,0.0,0.0,6777.15,7940.75,7307.65,0.0,0.0,Water,0.0,100.0,0.0,0.0,0.0,0,0.0,Unknown,0,187.88,273.07,273.07,365.51,578.34
cell_04314,80.3175,12.9575,299893.67053981265,0.0,0.0,0.0,0.0,0.0,0.0,0.0,0.0,0.0,6655.01,7483.87,7200.51,0.0,0.0,Water,0.0,100.0,0.0,0.0,0.0,0,0.0,Unknown,0,187.88,273.07,273.07,365.51,578.34
cell_04315,80.3175,12.9625,299887.7994351642,0.0,0.0,0.0,0.0,0.0,0.0,0.0,0.0,0.0,6535.33,7040.78,7097.24,0.0,0.0,Water,0.0,100.0,0.0,0.0,0.0,0,0.0,Unknown,0,187.88,273.07,273.07,365.51,578.34
cell_04316,80.3175,12.9675,299881.92609540315,0.0,0.0,0.0,0.0,0.0,0.0,0.0,0.0,0.0,6343.97,6614.26,7009.88,0.0,0.0,Water,0.0,100.0,0.0,0.0,0.0,0,0.0,Unknown,0,187.88,273.07,273.07,365.51,578.34
cell_04317,80.3175,12.9725,299876.0505203198,0.0,0.0,0.0,0.0,0.0,0.0,0.0,0.0,0.0,6175.77,6207.73,6942.45,0.0,0.0,Water,0.0,100.0,0.0,0.0,0.0,0,0.0,Unknown,0,187.88,273.07,273.07,365.51,578.34
cell_04318,80.3175,12.9775,299870.17270992714,0.0,0.0,0.0,0.0,0.0,0.0,0.0,0.0,0.0,5796.51,5825.36,6913.7,0.0,0.0,Water,0.0,100.0,0.0,0.0,0.0,0,0.0,Unknown,0,187.88,273.07,273.07,365.51,578.34
cell_04319,80.3175,12.9825,299864.29266428325,0.0,0.0,0.0,0.0,0.0,0.0,0.0,0.0,0.0,5447.06,5472.24,6921.87,0.0,0.0,Water,0.0,100.0,0.0,0.0,0.0,0,0.0,Unknown,0,187.88,273.07,273.07,365.51,578.34
cell_04320,80.3175,12.9875,299858.4103834775,0.0,0.0,0.0,0.0,0.0,0.0,0.0,0.0,0.0,5133.52,5154.36,6961.13,0.0,0.0,Water,0.0,100.0,0.0,0.0,0.0,0,0.0,Unknown,0,187.88,273.07,273.07,365.51,578.34
cell_04321,80.3175,12.9925,299852.52586766426,0.0,0.0,0.0,0.0,0.0,0.0,0.0,0.0,0.0,4862.83,4878.64,7036.19,0.0,0.0,Water,0.0,100.0,0.0,0.0,0.0,0,0.0,Unknown,0,187.88,273.07,273.07,365.51,578.34
cell_04322,80.3175,12.9975,299846.63911650894,0.0,0.0,0.0,0.0,0.0,0.0,0.0,0.0,0.0,4642.49,4652.56,6673.38,0.0,0.0,Water,0.0,100.0,0.0,0.0,0.0,0,0.0,Unknown,0,187.88,273.07,273.07,365.51,578.34
cell_04323,80.3175,13.0025,299840.7501303843,0.0,0.0,0.0,0.0,0.0,0.0,0.0,0.0,0.0,4479.94,4483.64,6279.97,0.0,0.0,Water,0.0,100.0,0.0,0.0,0.0,0,0.0,Unknown,0,187.88,273.07,273.07,365.51,578.34
cell_04324,80.3175,13.0075,299834.8589093014,0.0,0.0,0.0,0.0,0.0,0.0,0.0,0.0,0.0,4377.31,4378.5,5912.16,0.0,0.0,Water,0.0,100.0,0.0,0.0,0.0,0,0.0,Unknown,0,187.88,273.07,273.07,365.51,578.34
cell_04325,80.3175,13.0125,299828.9654529896,0.0,0.0,0.0,0.0,0.0,0.0,0.0,0.0,0.0,4333.74,4341.79,5575.02,0.0,0.0,Water,0.0,100.0,0.0,0.0,0.0,0,0.0,Unknown,0,187.88,273.07,273.07,365.51,578.34
cell_04326,80.3175,13.0175,299823.0697618377,0.0,0.0,0.0,0.0,0.0,0.0,0.0,0.0,0.0,4352.76,4375.22,5274.42,0.0,0.0,Water,0.0,100.0,0.0,0.0,0.0,0,0.0,Unknown,0,187.88,273.07,273.07,365.51,578.34
cell_04327,80.3175,13.0225,299817.17183593696,0.0,0.0,0.0,0.0,0.0,0.0,0.0,0.0,0.0,4427.61,4477.22,5009.72,0.0,0.0,Water,0.0,100.0,0.0,0.0,0.0,0,0.0,Unknown,0,187.88,273.07,273.07,365.51,578.34
cell_04328,80.3175,13.0275,299811.2716746516,0.0,0.0,0.0,0.0,0.0,0.0,0.0,0.0,0.0,4479.17,4643.27,4791.87,0.0,0.0,Water,0.0,100.0,0.0,0.0,0.0,0,0.0,Unknown,0,187.88,273.07,273.07,365.51,578.34
cell_04329,80.3175,13.0325,299805.36927898624,0.0,0.0,0.0,0.0,0.0,0.0,0.0,0.0,0.0,4597.15,4742.07,4629.85,0.0,0.0,Water,0.0,100.0,0.0,0.0,0.0,0,0.0,Unknown,0,187.88,273.07,273.07,365.51,578.34
cell_04330,80.3175,13.0375,299799.46464832214,0.0,0.0,0.0,0.0,0.0,0.0,0.0,0.0,0.0,4278.06,4312.41,4394.88,0.0,0.0,Water,0.0,100.0,0.0,0.0,0.0,0,0.0,Unknown,0,187.88,273.07,273.07,365.51,578.34
cell_04331,80.3175,13.0425,299793.55778265523,0.0,0.0,0.0,0.0,0.0,0.0,0.0,0.0,0.0,3884.83,3913.83,4206.52,0.0,0.0,Water,0.0,100.0,0.0,0.0,0.0,0,0.0,Unknown,0,187.88,273.07,273.07,365.51,578.34
cell_04332,80.3175,13.0475,299787.64868235885,0.0,0.0,0.0,0.0,0.0,0.0,0.0,0.0,0.0,3534.62,3556.8,4077.36,0.0,0.0,Water,0.0,100.0,0.0,0.0,0.0,0,0.0,Unknown,0,187.88,273.07,273.07,365.51,578.34
cell_04333,80.3175,13.0525,299781.73734753975,0.0,0.0,0.0,0.0,0.0,0.0,0.0,0.0,0.0,3241.4,3255.01,4017.27,0.0,0.0,Water,0.0,100.0,0.0,0.0,0.0,0,0.0,Unknown,0,187.88,273.07,273.07,365.51,578.34
cell_04334,80.3175,13.0575,299775.8237775788,0.0,0.0,0.0,0.0,0.0,0.0,0.0,0.0,0.0,3021.83,3025.05,3869.71,0.0,0.0,Water,0.0,100.0,0.0,0.0,0.0,0,0.0,Unknown,0,187.88,273.07,273.07,365.51,578.34
cell_04335,80.3175,13.0625,299769.9079734174,0.0,0.0,0.0,0.0,0.0,0.0,0.0,0.0,0.0,2879.56,2884.16,3666.07,0.0,0.0,Water,0.0,100.0,0.0,0.0,0.0,0,0.0,Unknown,0,187.88,273.07,273.07,365.51,578.34
cell_04336,80.3175,13.0675,299763.9899344836,0.0,0.0,0.0,0.0,0.0,0.0,0.0,0.0,0.0,2833.37,2845.58,3455.4,0.0,0.0,Water,0.0,100.0,0.0,0.0,0.0,0,0.0,Unknown,0,187.88,273.07,273.07,365.51,578.34
cell_04337,80.3175,13.0725,299758.0696605685,0.0,0.0,0.0,0.0,0.0,0.0,0.0,0.0,0.0,2894.07,2913.39,3295.51,0.0,0.0,Water,0.0,100.0,0.0,0.0,0.0,0,0.0,Unknown,0,187.88,273.07,273.07,365.51,578.34
cell_04338,80.3175,13.0775,299752.14715289767,0.0,0.0,0.0,0.0,0.0,0.0,0.0,0.0,0.0,3045.92,3080.57,3183.04,0.0,0.0,Water,0.0,100.0,0.0,0.0,0.0,0,0.0,Unknown,0,187.88,273.07,273.07,365.51,578.34
cell_04339,80.3175,13.0825,299746.2224099998,0.0,0.0,0.0,0.0,0.0,0.0,0.0,0.0,0.0,3282.61,3332.2,3139.84,0.0,0.0,Water,0.0,100.0,0.0,0.0,0.0,0,0.0,Unknown,0,187.88,273.07,273.07,365.51,578.34
cell_04340,80.3175,13.0875,299740.2954327857,0.0,0.0,0.0,0.0,0.0,0.0,0.0,0.0,0.0,3170.24,3650.86,3182.58,0.0,0.0,Water,0.0,100.0,0.0,0.0,0.0,0,0.0,Unknown,0,187.88,273.07,273.07,365.51,578.34
cell_04341,80.3175,13.0925,299734.3662211721,0.0,0.0,0.0,0.0,0.0,0.0,0.0,0.0,0.0,3017.41,4020.64,3317.78,0.0,0.0,Water,0.0,100.0,0.0,0.0,0.0,0,0.0,Unknown,0,187.88,273.07,273.07,365.51,578.34
cell_04342,80.3175,13.0975,299728.43477540684,0.0,0.0,0.0,0.0,0.0,0.0,0.0,0.0,0.0,2720.28,4392.86,3533.64,0.0,0.0,Water,0.0,100.0,0.0,0.0,0.0,0,0.0,Unknown,0,187.88,273.07,273.07,365.51,578.34
cell_04343,80.3175,13.1025,299722.50109482347,0.0,0.0,0.0,0.0,0.0,0.0,0.0,0.0,0.0,2323.67,4684.15,3817.99,0.0,0.0,Water,0.0,100.0,0.0,0.0,0.0,0,0.0,Unknown,0,187.88,273.07,273.07,365.51,578.34
cell_04344,80.3175,13.1075,299716.5651801903,0.0,0.0,0.0,0.0,0.0,0.0,0.0,0.0,0.0,2002.62,5015.86,4156.82,0.0,0.0,Water,0.0,100.0,0.0,0.0,0.0,0,0.0,Unknown,0,187.88,273.07,273.07,365.51,578.34
cell_04345,80.3175,13.1125,299710.62703095155,0.0,0.0,0.0,0.0,0.0,0.0,0.0,0.0,0.0,1798.08,5380.94,4537.92,0.0,0.0,Water,0.0,100.0,0.0,0.0,0.0,0,0.0,Unknown,0,187.88,273.07,273.07,365.51,578.34
cell_04346,80.3175,13.1175,299704.6866478279,0.0,0.0,0.0,0.0,0.0,0.0,0.0,0.0,0.0,1751.36,5775.03,4832.96,0.0,0.0,Water,0.0,100.0,0.0,0.0,0.0,0,0.0,Unknown,0,187.88,273.07,273.07,365.51,578.34
cell_04347,80.3175,13.1225,299698.74403008906,0.0,0.0,0.0,0.0,0.0,0.0,0.0,0.0,0.0,1873.3,6192.54,4682.56,0.0,0.0,Water,0.0,100.0,0.0,0.0,0.0,0,0.0,Unknown,0,187.88,273.07,273.07,365.51,578.34
cell_04348,80.3175,13.1275,299692.79917842546,0.0,0.0,0.0,0.0,0.0,0.0,0.0,0.0,0.0,2134.45,6628.8,4480.49,0.0,0.0,Water,0.0,100.0,0.0,0.0,0.0,0,0.0,Unknown,0,187.88,273.07,273.07,365.51,578.34
cell_04349,80.3175,13.1325,299686.8520922175,0.0,0.0,0.0,0.0,0.0,0.0,0.0,0.0,0.0,2492.81,6227.65,4245.47,0.0,0.0,Water,0.0,100.0,0.0,0.0,0.0,0,0.0,Unknown,0,187.88,273.07,273.07,365.51,578.34
cell_04350,80.3175,13.1375,299680.9027725333,0.0,0.0,0.0,0.0,0.0,0.0,0.0,0.0,0.0,2822.8,5715.48,4011.32,0.0,0.0,Water,0.0,100.0,0.0,0.0,0.0,0,0.0,Unknown,0,187.88,273.07,273.07,365.51,578.34
cell_04351,80.3175,13.1425,299674.9512180912,0.0,0.0,0.0,0.0,0.0,0.0,0.0,0.0,0.0,2558.59,5211.65,3778.6,0.0,0.0,Water,0.0,100.0,0.0,0.0,0.0,0,0.0,Unknown,0,187.88,273.07,273.07,365.51,578.34
cell_04352,80.3175,13.1475,299668.9974300068,0.0,0.0,0.0,0.0,0.0,0.0,0.0,0.0,0.0,2344.98,4718.77,3546.89,0.0,0.0,Water,0.0,100.0,0.0,0.0,0.0,0,0.0,Unknown,0,187.88,273.07,273.07,365.51,578.34
cell_04353,80.3175,13.1525,299663.0414075337,0.0,0.0,0.0,0.0,0.0,0.0,0.0,0.0,0.0,2055.59,4231.95,3318.38,0.0,0.0,Water,0.0,100.0,0.0,0.0,0.0,0,0.0,Unknown,0,187.88,273.07,273.07,365.51,578.34
cell_04354,80.3175,13.1575,299657.0831513462,0.0,0.0,0.0,0.0,0.0,0.0,0.0,0.0,0.0,1865.64,3759.18,3167.07,0.0,0.0,Water,0.0,100.0,0.0,0.0,0.0,0,0.0,Unknown,0,187.88,273.07,273.07,365.51,578.34
cell_04355,80.3175,13.1625,299651.12266104604,0.0,0.0,0.0,0.0,0.0,0.0,0.0,0.0,0.0,1819.09,3311.35,3086.92,0.0,0.0,Water,0.0,100.0,0.0,0.0,0.0,0,0.0,Unknown,0,187.88,273.07,273.07,365.51,578.34
cell_04356,80.3175,13.1675,299645.1599369278,0.0,0.0,0.0,0.0,0.0,0.0,0.0,0.0,0.0,1737.11,2900.03,2819.64,0.0,0.0,Water,0.0,100.0,0.0,0.0,0.0,0,0.0,Unknown,0,187.88,273.07,273.07,365.51,578.34
cell_04357,80.3175,13.1725,299639.19497894106,0.0,0.0,0.0,0.0,0.0,0.0,0.0,0.0,0.0,1558.05,2543.01,2457.44,0.0,0.0,Water,0.0,100.0,0.0,0.0,0.0,0,0.0,Unknown,0,187.88,273.07,273.07,365.51,578.34
cell_04358,80.3175,13.1775,299633.22778681235,0.0,1.0,0.01,0.0,3.03,0.05,0.0,0.0,0.0,1511.38,2250.94,2150.5,0.0,0.0,Water,0.0,99.97,0.0,0.0,0.03,0,0.0,Unknown,0,187.88,273.07,273.07,365.51,578.34
cell_04359,80.3175,13.1825,299627.25836129434,0.0,30.0,1.55,0.0,27.17,1.6,3936.32,0.013137,20.0,1567.52,1987.0,1854.08,0.0,0.0,Water,18.85,73.53,4.3,0.0,3.32,0,0.0,Unknown,0,187.88,273.07,273.07,365.51,578.34
cell_04360,80.3175,13.1875,299621.2867016737,-1.0,11.0,3.13,0.0,6.98,1.59,6648.55,0.02219,25.0,1641.47,1753.71,1618.42,0.0,0.0,Water,39.51,53.95,3.57,0.77,2.2,0,0.0,Unknown,0,187.88,273.07,273.07,365.51,578.34
cell_04361,80.3175,13.1925,299615.31280854484,0.0,11.0,4.02,0.0,8.3,1.96,1534.61,0.005122,6.0,1423.03,1597.27,1398.5,0.0,0.0,Built-up,35.19,28.47,32.14,1.36,2.82,0,0.0,Unknown,0,187.88,273.07,273.07,365.51,578.34
cell_04362,80.3175,13.1975,299609.3366813359,0.0,13.0,7.57,0.0,6.41,2.27,11306.16,0.037736,23.0,1148.57,1238.9,1115.9,0.0,0.0,Built-up,76.66,1.34,18.24,0.89,2.87,1,0.0,Unknown,1,187.88,273.07,273.07,365.51,578.34
cell_04363,80.3175,13.2025,299603.3583208471,2.0,15.0,7.63,0.0,8.13,2.75,6370.04,0.021262,13.0,861.24,921.75,832.21,0.0,0.0,Vegetation,20.47,0.0,71.75,1.47,6.31,0,0.0,Unknown,0,187.88,273.07,273.07,365.51,578.34
cell_04364,80.3175,13.2075,299597.37772652146,2.0,10.0,7.16,0.0,5.79,1.59,3788.92,0.012647,12.0,609.55,713.02,587.75,0.0,0.0,Built-up,71.95,0.0,23.57,0.29,4.19,0,0.0,Unknown,0,187.88,273.07,273.07,365.51,578.34
cell_04365,80.3175,13.2125,299591.3948985911,1.0,14.0,6.86,0.0,6.72,2.09,5196.94,0.017347,19.0,170.25,520.65,335.91,87.29,0.000291,Built-up,63.9,1.47,30.52,0.57,3.54,0,0.0,Unknown,0,187.88,273.07,273.07,365.51,578.34
cell_04366,80.3175,13.2175,299585.409837053,0.0,11.0,4.55,0.0,6.51,1.9,8249.13,0.027535,47.0,93.9,255.56,52.41,898.75,0.003,Built-up,48.25,33.86,16.93,0.41,0.54,0,0.0,Unknown,0,187.88,273.07,273.07,365.51,578.34
cell_04367,80.3175,13.2225,299579.4225420124,-1.0,9.0,1.77,0.0,7.39,1.73,1548.36,0.005168,7.0,30.43,76.1,133.6,1182.37,0.003947,Water,10.52,55.0,33.86,0.0,0.62,0,0.0,Unknown,0,187.88,273.07,273.07,365.51,578.34
cell_04368,80.3175,13.2275,299573.4330136696,0.0,7.0,0.76,0.0,7.26,0.99,0.0,0.0,0.0,0.0,149.16,72.73,1048.68,0.003501,Water,6.79,79.3,12.76,0.92,0.22,0,0.0,Unknown,0,187.88,273.07,273.07,365.51,578.34
cell_04369,80.3175,13.2325,299567.4412515633,0.0,7.0,1.59,0.0,5.86,1.14,0.0,0.0,0.0,5.8,504.07,18.14,661.53,0.002208,Water,10.71,64.64,20.95,0.16,3.54,0,0.0,Unknown,0,187.88,273.07,273.07,365.51,578.34
cell_04370,80.3175,13.2375,299561.44725611503,0.0,8.0,2.5,0.0,8.23,1.93,0.0,0.0,0.0,97.13,930.63,8.88,553.08,0.001846,Water,24.71,39.45,29.58,0.62,5.65,0,0.0,Unknown,0,187.88,273.07,273.07,365.51,578.34
cell_04371,80.3175,13.2425,299555.45102736744,-2.0,9.0,2.82,0.0,8.75,1.89,0.0,0.0,0.0,58.63,1410.89,2.23,553.12,0.001846,Water,25.86,40.72,26.75,0.29,6.38,0,0.0,Unknown,0,187.88,273.07,273.07,365.51,578.34
cell_04372,80.3175,13.2475,299549.4525651908,-4.0,7.0,3.43,0.0,7.53,1.84,0.0,0.0,0.0,280.36,1891.15,93.98,601.1,0.002007,Vegetation,17.98,9.92,54.82,5.99,11.29,0,0.0,Unknown,0,187.88,273.07,273.07,365.51,578.34
cell_04373,80.3175,13.2525,299543.45186953305,0.0,0.0,0.0,0.0,0.0,0.0,0.0,0.0,0.0,763.19,2376.29,337.21,87.41,0.000292,Unknown,0.0,0.0,0.0,0.0,0.0,0,0.0,Unknown,0,187.88,273.07,273.07,365.51,578.34
cell_04374,80.3225,12.8525,300015.8528034663,0.0,0.0,0.0,0.0,0.0,0.0,0.0,0.0,0.0,8912.58,11601.69,9048.48,0.0,0.0,Water,0.0,100.0,0.0,0.0,0.0,0,0.0,Unknown,0,187.88,273.07,273.07,365.51,578.34
cell_04375,80.3225,12.8575,300010.028684236,0.0,0.0,0.0,0.0,0.0,0.0,0.0,0.0,0.0,8835.27,11237.29,8928.03,0.0,0.0,Water,0.0,100.0,0.0,0.0,0.0,0,0.0,Unknown,0,187.88,273.07,273.07,365.51,578.34
cell_04376,80.3225,12.8625,300004.20232863614,0.0,0.0,0.0,0.0,0.0,0.0,0.0,0.0,0.0,8790.4,10888.8,8839.86,0.0,0.0,Water,0.0,100.0,0.0,0.0,0.0,0,0.0,Unknown,0,187.88,273.07,273.07,365.51,578.34
cell_04377,80.3225,12.8675,299998.3737372774,0.0,0.0,0.0,0.0,0.0,0.0,0.0,0.0,0.0,8648.37,10557.78,8785.38,0.0,0.0,Water,0.0,100.0,0.0,0.0,0.0,0,0.0,Unknown,0,187.88,273.07,273.07,365.51,578.34
cell_04378,80.3225,12.8725,299992.54290979315,0.0,0.0,0.0,0.0,0.0,0.0,0.0,0.0,0.0,8539.4,10245.92,8764.06,0.0,0.0,Water,0.0,100.0,0.0,0.0,0.0,0,0.0,Unknown,0,187.88,273.07,273.07,365.51,578.34
cell_04379,80.3225,12.8775,299986.70984654187,0.0,0.0,0.0,0.0,0.0,0.0,0.0,0.0,0.0,8465.23,9955.03,8776.35,0.0,0.0,Water,0.0,100.0,0.0,0.0,0.0,0,0.0,Unknown,0,187.88,273.07,273.07,365.51,578.34
cell_04380,80.3225,12.8825,299980.8745471877,0.0,0.0,0.0,0.0,0.0,0.0,0.0,0.0,0.0,8395.46,9687.0,8822.19,0.0,0.0,Water,0.0,100.0,0.0,0.0,0.0,0,0.0,Unknown,0,187.88,273.07,273.07,365.51,578.34
cell_04381,80.3225,12.8875,299975.037012074,0.0,0.0,0.0,0.0,0.0,0.0,0.0,0.0,0.0,8329.85,9443.77,8896.06,0.0,0.0,Water,0.0,100.0,0.0,0.0,0.0,0,0.0,Unknown,0,187.88,273.07,273.07,365.51,578.34
cell_04382,80.3225,12.8925,299969.197241275,0.0,0.0,0.0,0.0,0.0,0.0,0.0,0.0,0.0,8299.65,9227.31,8946.77,0.0,0.0,Water,0.0,100.0,0.0,0.0,0.0,0,0.0,Unknown,0,187.88,273.07,273.07,365.51,578.34
cell_04383,80.3225,12.8975,299963.35523440794,0.0,0.0,0.0,0.0,0.0,0.0,0.0,0.0,0.0,8268.83,9039.54,8966.32,0.0,0.0,Water,0.0,100.0,0.0,0.0,0.0,0,0.0,Unknown,0,187.88,273.07,273.07,365.51,578.34
cell_04384,80.3225,12.9025,299957.5109921,0.0,0.0,0.0,0.0,0.0,0.0,0.0,0.0,0.0,8118.85,8882.27,8861.63,0.0,0.0,Water,0.0,100.0,0.0,0.0,0.0,0,0.0,Unknown,0,187.88,273.07,273.07,365.51,578.34
cell_04385,80.3225,12.9075,299951.66451366735,0.0,0.0,0.0,0.0,0.0,0.0,0.0,0.0,0.0,8004.33,8757.16,8756.94,0.0,0.0,Water,0.0,100.0,0.0,0.0,0.0,0,0.0,Unknown,0,187.88,273.07,273.07,365.51,578.34
cell_04386,80.3225,12.9125,299945.81579999044,0.0,0.0,0.0,0.0,0.0,0.0,0.0,0.0,0.0,7925.58,8665.59,8654.82,0.0,0.0,Water,0.0,100.0,0.0,0.0,0.0,0,0.0,Unknown,0,187.88,273.07,273.07,365.51,578.34
cell_04387,80.3225,12.9175,299939.964850276,0.0,0.0,0.0,0.0,0.0,0.0,0.0,0.0,0.0,7839.11,8608.63,8550.37,0.0,0.0,Water,0.0,100.0,0.0,0.0,0.0,0,0.0,Unknown,0,187.88,273.07,273.07,365.51,578.34
cell_04388,80.3225,12.9225,299934.11166529235,0.0,0.0,0.0,0.0,0.0,0.0,0.0,0.0,0.0,7781.09,8586.98,8447.6,0.0,0.0,Water,0.0,100.0,0.0,0.0,0.0,0,0.0,Unknown,0,187.88,273.07,273.07,365.51,578.34
cell_04389,80.3225,12.9275,299928.2562444194,0.0,0.0,0.0,0.0,0.0,0.0,0.0,0.0,0.0,7757.71,8600.9,8353.25,0.0,0.0,Water,0.0,100.0,0.0,0.0,0.0,0,0.0,Unknown,0,187.88,273.07,273.07,365.51,578.34
cell_04390,80.3225,12.9325,299922.39858806407,0.0,0.0,0.0,0.0,0.0,0.0,0.0,0.0,0.0,7625.26,8650.22,8252.47,0.0,0.0,Water,0.0,100.0,0.0,0.0,0.0,0,0.0,Unknown,0,187.88,273.07,273.07,365.51,578.34
cell_04391,80.3225,12.9375,299916.5386962372,0.0,0.0,0.0,0.0,0.0,0.0,0.0,0.0,0.0,7530.34,8734.34,8146.08,0.0,0.0,Water,0.0,100.0,0.0,0.0,0.0,0,0.0,Unknown,0,187.88,273.07,273.07,365.51,578.34
cell_04392,80.3225,12.9425,299910.6765688878,0.0,0.0,0.0,0.0,0.0,0.0,0.0,0.0,0.0,7469.68,8852.26,8046.93,0.0,0.0,Water,0.0,100.0,0.0,0.0,0.0,0,0.0,Unknown,0,187.88,273.07,273.07,365.51,578.34
cell_04393,80.3225,12.9475,299904.8122061853,0.0,0.0,0.0,0.0,0.0,0.0,0.0,0.0,0.0,7448.51,8701.6,7940.19,0.0,0.0,Water,0.0,100.0,0.0,0.0,0.0,0,0.0,Unknown,0,187.88,273.07,273.07,365.51,578.34
cell_04394,80.3225,12.9525,299898.945608014,0.0,0.0,0.0,0.0,0.0,0.0,0.0,0.0,0.0,7302.24,8249.79,7843.23,0.0,0.0,Water,0.0,100.0,0.0,0.0,0.0,0,0.0,Unknown,0,187.88,273.07,273.07,365.51,578.34
cell_04395,80.3225,12.9575,299893.0767745437,0.0,0.0,0.0,0.0,0.0,0.0,0.0,0.0,0.0,7189.03,7811.0,7731.09,0.0,0.0,Water,0.0,100.0,0.0,0.0,0.0,0,0.0,Unknown,0,187.88,273.07,273.07,365.51,578.34
cell_04396,80.3225,12.9625,299887.2057054385,0.0,0.0,0.0,0.0,0.0,0.0,0.0,0.0,0.0,7039.3,7387.55,7631.14,0.0,0.0,Water,0.0,100.0,0.0,0.0,0.0,0,0.0,Unknown,0,187.88,273.07,273.07,365.51,578.34
cell_04397,80.3225,12.9675,299881.3324014203,0.0,0.0,0.0,0.0,0.0,0.0,0.0,0.0,0.0,6862.0,6982.24,7546.66,0.0,0.0,Water,0.0,100.0,0.0,0.0,0.0,0,0.0,Unknown,0,187.88,273.07,273.07,365.51,578.34
cell_04398,80.3225,12.9725,299875.4568619799,0.0,0.0,0.0,0.0,0.0,0.0,0.0,0.0,0.0,6569.17,6598.41,7482.64,0.0,0.0,Water,0.0,100.0,0.0,0.0,0.0,0,0.0,Unknown,0,187.88,273.07,273.07,365.51,578.34
cell_04399,80.3225,12.9775,299869.5790870815,0.0,0.0,0.0,0.0,0.0,0.0,0.0,0.0,0.0,6213.96,6240.02,7455.95,0.0,0.0,Water,0.0,100.0,0.0,0.0,0.0,0,0.0,Unknown,0,187.88,273.07,273.07,365.51,578.34
cell_04400,80.3225,12.9825,299863.69907713035,0.0,0.0,0.0,0.0,0.0,0.0,0.0,0.0,0.0,5889.33,5911.71,7463.69,0.0,0.0,Water,0.0,100.0,0.0,0.0,0.0,0,0.0,Unknown,0,187.88,273.07,273.07,365.51,578.34
cell_04401,80.3225,12.9875,299857.8168321861,0.0,0.0,0.0,0.0,0.0,0.0,0.0,0.0,0.0,5600.59,5618.75,7501.04,0.0,0.0,Water,0.0,100.0,0.0,0.0,0.0,0,0.0,Unknown,0,187.88,273.07,273.07,365.51,578.34
cell_04402,80.3225,12.9925,299851.9323520234,0.0,0.0,0.0,0.0,0.0,0.0,0.0,0.0,0.0,5353.56,5366.92,7447.62,0.0,0.0,Water,0.0,100.0,0.0,0.0,0.0,0,0.0,Unknown,0,187.88,273.07,273.07,365.51,578.34
cell_04403,80.3225,12.9975,299846.0456364165,0.0,0.0,0.0,0.0,0.0,0.0,0.0,0.0,0.0,5154.23,5162.26,7054.04,0.0,0.0,Water,0.0,100.0,0.0,0.0,0.0,0,0.0,Unknown,0,187.88,273.07,273.07,365.51,578.34
cell_04404,80.3225,13.0025,299840.15668629226,0.0,0.0,0.0,0.0,0.0,0.0,0.0,0.0,0.0,5008.31,5010.55,6683.07,0.0,0.0,Water,0.0,100.0,0.0,0.0,0.0,0,0.0,Unknown,0,187.88,273.07,273.07,365.51,578.34
cell_04405,80.3225,13.0075,299834.2655007162,0.0,0.0,0.0,0.0,0.0,0.0,0.0,0.0,0.0,4914.68,4916.68,6338.69,0.0,0.0,Water,0.0,100.0,0.0,0.0,0.0,0,0.0,Unknown,0,187.88,273.07,273.07,365.51,578.34
cell_04406,80.3225,13.0125,299828.37208029814,0.0,0.0,0.0,0.0,0.0,0.0,0.0,0.0,0.0,4875.9,4884.0,6025.45,0.0,0.0,Water,0.0,100.0,0.0,0.0,0.0,0,0.0,Unknown,0,187.88,273.07,273.07,365.51,578.34
cell_04407,80.3225,13.0175,299822.47642484505,0.0,0.0,0.0,0.0,0.0,0.0,0.0,0.0,0.0,4893.2,4913.73,5745.87,0.0,0.0,Water,0.0,100.0,0.0,0.0,0.0,0,0.0,Unknown,0,187.88,273.07,273.07,365.51,578.34
cell_04408,80.3225,13.0225,299816.57853455836,0.0,0.0,0.0,0.0,0.0,0.0,0.0,0.0,0.0,4965.81,5004.76,5501.64,0.0,0.0,Water,0.0,100.0,0.0,0.0,0.0,0,0.0,Unknown,0,187.88,273.07,273.07,365.51,578.34
cell_04409,80.3225,13.0275,299810.6784091804,0.0,0.0,0.0,0.0,0.0,0.0,0.0,0.0,0.0,5015.55,5153.84,5304.02,0.0,0.0,Water,0.0,100.0,0.0,0.0,0.0,0,0.0,Unknown,0,187.88,273.07,273.07,365.51,578.34
cell_04410,80.3225,13.0325,299804.7760493386,0.0,0.0,0.0,0.0,0.0,0.0,0.0,0.0,0.0,5051.89,5085.82,5119.49,0.0,0.0,Water,0.0,100.0,0.0,0.0,0.0,0,0.0,Unknown,0,187.88,273.07,273.07,365.51,578.34
cell_04411,80.3225,13.0375,299798.8714544752,0.0,0.0,0.0,0.0,0.0,0.0,0.0,0.0,0.0,4658.33,4687.77,4897.83,0.0,0.0,Water,0.0,100.0,0.0,0.0,0.0,0,0.0,Unknown,0,187.88,273.07,273.07,365.51,578.34
cell_04412,80.3225,13.0425,299792.96462465037,0.0,0.0,0.0,0.0,0.0,0.0,0.0,0.0,0.0,4300.0,4323.92,4727.14,0.0,0.0,Water,0.0,100.0,0.0,0.0,0.0,0,0.0,Unknown,0,187.88,273.07,273.07,365.51,578.34
cell_04413,80.3225,13.0475,299787.05556015926,0.0,0.0,0.0,0.0,0.0,0.0,0.0,0.0,0.0,3986.43,4003.62,4612.58,0.0,0.0,Water,0.0,100.0,0.0,0.0,0.0,0,0.0,Unknown,0,187.88,273.07,273.07,365.51,578.34
cell_04414,80.3225,13.0525,299781.1442612341,0.0,0.0,0.0,0.0,0.0,0.0,0.0,0.0,0.0,3728.9,3738.08,4558.92,0.0,0.0,Water,0.0,100.0,0.0,0.0,0.0,0,0.0,Unknown,0,187.88,273.07,273.07,365.51,578.34
cell_04415,80.3225,13.0575,299775.23072701885,0.0,0.0,0.0,0.0,0.0,0.0,0.0,0.0,0.0,3539.51,3539.63,4381.95,0.0,0.0,Water,0.0,100.0,0.0,0.0,0.0,0,0.0,Unknown,0,187.88,273.07,273.07,365.51,578.34
cell_04416,80.3225,13.0625,299769.3149588655,0.0,0.0,0.0,0.0,0.0,0.0,0.0,0.0,0.0,3414.3,3419.99,4158.44,0.0,0.0,Water,0.0,100.0,0.0,0.0,0.0,0,0.0,Unknown,0,187.88,273.07,273.07,365.51,578.34
cell_04417,80.3225,13.0675,299763.39695569733,0.0,0.0,0.0,0.0,0.0,0.0,0.0,0.0,0.0,3375.43,3387.51,3972.6,0.0,0.0,Water,0.0,100.0,0.0,0.0,0.0,0,0.0,Unknown,0,187.88,273.07,273.07,365.51,578.34
cell_04418,80.3225,13.0725,299757.4767177146,0.0,0.0,0.0,0.0,0.0,0.0,0.0,0.0,0.0,3426.53,3444.66,3824.7,0.0,0.0,Water,0.0,100.0,0.0,0.0,0.0,0,0.0,Unknown,0,187.88,273.07,273.07,365.51,578.34
cell_04419,80.3225,13.0775,299751.5542458604,0.0,0.0,0.0,0.0,0.0,0.0,0.0,0.0,0.0,3557.51,3587.16,3719.4,0.0,0.0,Water,0.0,100.0,0.0,0.0,0.0,0,0.0,Unknown,0,187.88,273.07,273.07,365.51,578.34
cell_04420,80.3225,13.0825,299745.6295390573,0.0,0.0,0.0,0.0,0.0,0.0,0.0,0.0,0.0,3762.89,3805.43,3681.88,0.0,0.0,Water,0.0,100.0,0.0,0.0,0.0,0,0.0,Unknown,0,187.88,273.07,273.07,365.51,578.34
cell_04421,80.3225,13.0875,299739.7025976317,0.0,0.0,0.0,0.0,0.0,0.0,0.0,0.0,0.0,3681.68,4087.35,3718.38,0.0,0.0,Water,0.0,100.0,0.0,0.0,0.0,0,0.0,Unknown,0,187.88,273.07,273.07,365.51,578.34
cell_04422,80.3225,13.0925,299733.7734220531,0.0,0.0,0.0,0.0,0.0,0.0,0.0,0.0,0.0,3492.77,4420.76,3835.12,0.0,0.0,Water,0.0,100.0,0.0,0.0,0.0,0,0.0,Unknown,0,187.88,273.07,273.07,365.51,578.34
cell_04423,80.3225,13.0975,299727.8420121915,0.0,0.0,0.0,0.0,0.0,0.0,0.0,0.0,0.0,3096.34,4794.93,4023.47,0.0,0.0,Water,0.0,100.0,0.0,0.0,0.0,0,0.0,Unknown,0,187.88,273.07,273.07,365.51,578.34
cell_04424,80.3225,13.1025,299721.90836756845,0.0,0.0,0.0,0.0,0.0,0.0,0.0,0.0,0.0,2754.41,5139.0,4275.36,0.0,0.0,Water,0.0,100.0,0.0,0.0,0.0,0,0.0,Unknown,0,187.88,273.07,273.07,365.51,578.34
cell_04425,80.3225,13.1075,299715.972488921,0.0,0.0,0.0,0.0,0.0,0.0,0.0,0.0,0.0,2489.54,5446.45,4580.47,0.0,0.0,Water,0.0,100.0,0.0,0.0,0.0,0,0.0,Unknown,0,187.88,273.07,273.07,365.51,578.34
cell_04426,80.3225,13.1125,299710.0343757246,0.0,0.0,0.0,0.0,0.0,0.0,0.0,0.0,0.0,2328.16,5785.97,4928.92,0.0,0.0,Water,0.0,100.0,0.0,0.0,0.0,0,0.0,Unknown,0,187.88,273.07,273.07,365.51,578.34
cell_04427,80.3225,13.1175,299704.09402851114,0.0,0.0,0.0,0.0,0.0,0.0,0.0,0.0,0.0,2292.26,6154.8,5312.18,0.0,0.0,Water,0.0,100.0,0.0,0.0,0.0,0,0.0,Unknown,0,187.88,273.07,273.07,365.51,578.34
cell_04428,80.3225,13.1225,299698.15144683566,0.0,0.0,0.0,0.0,0.0,0.0,0.0,0.0,0.0,2387.32,6549.02,5201.18,0.0,0.0,Water,0.0,100.0,0.0,0.0,0.0,0,0.0,Unknown,0,187.88,273.07,273.07,365.51,578.34
cell_04429,80.3225,13.1275,299692.2066311661,0.0,0.0,0.0,0.0,0.0,0.0,0.0,0.0,0.0,2597.28,6945.75,4970.73,0.0,0.0,Water,0.0,100.0,0.0,0.0,0.0,0,0.0,Unknown,0,187.88,273.07,273.07,365.51,578.34
cell_04430,80.3225,13.1325,299686.2595811504,0.0,0.0,0.0,0.0,0.0,0.0,0.0,0.0,0.0,2898.97,6443.2,4736.44,0.0,0.0,Water,0.0,100.0,0.0,0.0,0.0,0,0.0,Unknown,0,187.88,273.07,273.07,365.51,578.34
cell_04431,80.3225,13.1375,299680.31029733707,0.0,0.0,0.0,0.0,0.0,0.0,0.0,0.0,0.0,3267.07,5949.61,4502.28,0.0,0.0,Water,0.0,100.0,0.0,0.0,0.0,0,0.0,Unknown,0,187.88,273.07,273.07,365.51,578.34
cell_04432,80.3225,13.1425,299674.3587789495,0.0,0.0,0.0,0.0,0.0,0.0,0.0,0.0,0.0,3045.58,5462.11,4272.3,0.0,0.0,Water,0.0,100.0,0.0,0.0,0.0,0,0.0,Unknown,0,187.88,273.07,273.07,365.51,578.34
cell_04433,80.3225,13.1475,299668.4050270393,0.0,0.0,0.0,0.0,0.0,0.0,0.0,0.0,0.0,2802.01,4983.32,4033.15,0.0,0.0,Water,0.0,100.0,0.0,0.0,0.0,0,0.0,Unknown,0,187.88,273.07,273.07,365.51,578.34
cell_04434,80.3225,13.1525,299662.44904064026,0.0,0.0,0.0,0.0,0.0,0.0,0.0,0.0,0.0,2548.49,4521.49,3830.59,0.0,0.0,Water,0.0,100.0,0.0,0.0,0.0,0,0.0,Unknown,0,187.88,273.07,273.07,365.51,578.34
cell_04435,80.3225,13.1575,299656.49082047393,0.0,0.0,0.0,0.0,0.0,0.0,0.0,0.0,0.0,2397.9,4082.38,3698.94,0.0,0.0,Water,0.0,100.0,0.0,0.0,0.0,0,0.0,Unknown,0,187.88,273.07,273.07,365.51,578.34
cell_04436,80.3225,13.1625,299650.5303664094,0.0,0.0,0.0,0.0,0.0,0.0,0.0,0.0,0.0,2360.67,3674.15,3593.85,0.0,0.0,Water,0.0,100.0,0.0,0.0,0.0,0,0.0,Unknown,0,187.88,273.07,273.07,365.51,578.34
cell_04437,80.3225,13.1675,299644.5676783161,0.0,0.0,0.0,0.0,0.0,0.0,0.0,0.0,0.0,2233.38,3308.24,3223.79,0.0,0.0,Water,0.0,100.0,0.0,0.0,0.0,0,0.0,Unknown,0,187.88,273.07,273.07,365.51,578.34
cell_04438,80.3225,13.1725,299638.6027565054,0.0,0.0,0.0,0.0,0.0,0.0,0.0,0.0,0.0,2093.85,2999.5,2907.07,0.0,0.0,Water,0.0,100.0,0.0,0.0,0.0,0,0.0,Unknown,0,187.88,273.07,273.07,365.51,578.34
cell_04439,80.3225,13.1775,299632.6356004844,0.0,0.0,0.0,0.0,0.0,0.0,0.0,0.0,0.0,2051.97,2719.51,2603.23,0.0,0.0,Water,0.0,100.0,0.0,0.0,0.0,0,0.0,Unknown,0,187.88,273.07,273.07,365.51,578.34
cell_04440,80.3225,13.1825,299626.66621117835,0.0,0.0,0.0,0.0,0.0,0.0,0.0,0.0,0.0,2093.66,2472.1,2342.55,0.0,0.0,Water,0.0,100.0,0.0,0.0,0.0,0,0.0,Unknown,0,187.88,273.07,273.07,365.51,578.34
cell_04441,80.3225,13.1875,299620.6945876998,0.0,0.0,0.0,0.0,0.0,0.0,0.0,0.0,0.0,2133.58,2271.28,2112.87,0.0,0.0,Water,0.0,100.0,0.0,0.0,0.0,0,0.0,Unknown,0,187.88,273.07,273.07,365.51,578.34
cell_04442,80.3225,13.1925,299614.72073075495,0.0,0.0,0.0,0.0,0.0,0.0,0.0,0.0,0.0,1914.85,2012.22,1882.93,0.0,0.0,Water,0.0,100.0,0.0,0.0,0.0,0,0.0,Unknown,0,187.88,273.07,273.07,365.51,578.34
cell_04443,80.3225,13.1975,299608.74463978736,0.0,7.0,0.69,0.0,8.16,0.87,543.11,0.001813,5.0,1590.1,1661.24,1567.87,0.0,0.0,Water,8.04,89.25,1.66,0.0,1.05,0,0.0,Unknown,0,187.88,273.07,273.07,365.51,578.34
cell_04444,80.3225,13.2025,299602.7663153915,0.0,9.0,2.48,0.0,10.2,1.39,2438.41,0.008139,9.0,1340.86,1418.55,1313.1,0.0,0.0,Water,22.07,57.02,17.03,0.77,3.12,0,0.0,Unknown,0,187.88,273.07,273.07,365.51,578.34
cell_04445,80.3225,13.2075,299596.7857573746,-1.0,9.0,3.33,0.0,11.48,2.11,3032.49,0.010122,7.0,916.18,1227.64,1080.2,0.0,0.0,Water,38.7,40.26,13.86,1.33,5.84,0,0.0,Unknown,0,187.88,273.07,273.07,365.51,578.34
cell_04446,80.3225,13.2125,299590.8029657,0.0,11.0,6.51,0.0,8.16,2.21,3662.85,0.012226,11.0,587.62,1015.17,801.06,0.0,0.0,Built-up,66.2,6.09,23.18,0.0,4.53,1,0.0,Unknown,1,187.88,273.07,273.07,365.51,578.34
cell_04447,80.3225,13.2175,299584.8179402688,1.0,16.0,7.0,0.0,10.56,2.63,3100.41,0.010349,12.0,448.41,659.18,522.89,0.0,0.0,Built-up,65.69,0.0,16.04,1.72,16.55,0,0.0,Unknown,0,187.88,273.07,273.07,365.51,578.34
cell_04448,80.3225,13.2225,299578.83068169124,2.0,12.0,6.72,0.0,6.83,2.18,14235.07,0.047517,64.0,43.67,449.58,395.42,0.0,0.0,Built-up,84.71,3.73,9.84,1.69,0.03,1,0.0,Unknown,1,187.88,273.07,273.07,365.51,578.34
cell_04449,80.3225,13.2275,299572.84118939616,0.0,11.0,3.21,0.0,11.08,2.09,3706.38,0.012372,19.0,34.9,266.66,418.57,240.76,0.000804,Water,23.34,45.79,25.45,3.79,1.63,1,0.0,Unknown,1,187.88,273.07,273.07,365.51,578.34
cell_04450,80.3225,13.2325,299566.8494636002,0.0,11.0,2.85,0.0,14.11,1.49,0.0,0.0,0.0,0.0,181.84,527.69,445.57,0.001487,Water,14.73,62.34,22.61,0.0,0.32,0,0.0,Unknown,0,187.88,273.07,273.07,365.51,578.34
cell_04451,80.3225,13.2375,299560.8555045507,1.0,12.0,5.52,0.0,5.15,1.97,0.0,0.0,0.0,473.2,662.1,532.75,0.0,0.0,Built-up,56.85,0.0,31.4,3.51,8.25,0,0.0,Unknown,0,187.88,273.07,273.07,365.51,578.34
cell_04452,80.3225,13.2425,299554.8593120698,1.0,10.0,4.98,0.0,6.91,2.06,0.0,0.0,0.0,599.98,1144.79,543.79,0.0,0.0,Built-up,50.1,0.0,23.82,3.41,22.67,0,0.0,Unknown,0,187.88,273.07,273.07,365.51,578.34
cell_04453,80.3225,13.2475,299548.86088613793,0.0,11.0,4.69,0.0,6.89,2.02,0.0,0.0,0.0,709.01,1659.64,408.85,0.0,0.0,Built-up,44.61,0.16,40.88,2.65,11.7,0,0.0,Unknown,0,187.88,273.07,273.07,365.51,578.34
cell_04454,80.3225,13.2525,299542.86022681365,0.0,0.0,0.0,0.0,0.0,0.0,0.0,0.0,0.0,1045.61,2193.13,120.58,557.97,0.001863,Unknown,0.0,0.0,0.0,0.0,0.0,0,0.0,Unknown,0,187.88,273.07,273.07,365.51,578.34
cell_04455,80.3275,12.8525,300015.26266500005,0.0,0.0,0.0,0.0,0.0,0.0,0.0,0.0,0.0,9448.47,12008.79,9575.18,0.0,0.0,Water,0.0,100.0,0.0,0.0,0.0,0,0.0,Unknown,0,187.88,273.07,273.07,365.51,578.34
cell_04456,80.3275,12.8575,300009.43858079024,0.0,0.0,0.0,0.0,0.0,0.0,0.0,0.0,0.0,9374.59,11657.12,9461.42,0.0,0.0,Water,0.0,100.0,0.0,0.0,0.0,0,0.0,Unknown,0,187.88,273.07,273.07,365.51,578.34
cell_04457,80.3275,12.8625,300003.61226029915,0.0,0.0,0.0,0.0,0.0,0.0,0.0,0.0,0.0,9311.85,11321.55,9378.11,0.0,0.0,Water,0.0,100.0,0.0,0.0,0.0,0,0.0,Unknown,0,187.88,273.07,273.07,365.51,578.34
cell_04458,80.3275,12.8675,299997.7837040442,0.0,0.0,0.0,0.0,0.0,0.0,0.0,0.0,0.0,9177.47,11003.55,9326.66,0.0,0.0,Water,0.0,100.0,0.0,0.0,0.0,0,0.0,Unknown,0,187.88,273.07,273.07,365.51,578.34
cell_04459,80.3275,12.8725,299991.95291186264,0.0,0.0,0.0,0.0,0.0,0.0,0.0,0.0,0.0,9074.85,10704.68,9306.57,0.0,0.0,Water,0.0,100.0,0.0,0.0,0.0,0,0.0,Unknown,0,187.88,273.07,273.07,365.51,578.34
cell_04460,80.3275,12.8775,299986.1198836557,0.0,0.0,0.0,0.0,0.0,0.0,0.0,0.0,0.0,9005.07,10426.59,9318.13,0.0,0.0,Water,0.0,100.0,0.0,0.0,0.0,0,0.0,Unknown,0,187.88,273.07,273.07,365.51,578.34
cell_04461,80.3275,12.8825,299980.28461951396,0.0,0.0,0.0,0.0,0.0,0.0,0.0,0.0,0.0,8932.2,10170.98,9361.44,0.0,0.0,Water,0.0,100.0,0.0,0.0,0.0,0,0.0,Unknown,0,187.88,273.07,273.07,365.51,578.34
cell_04462,80.3275,12.8875,299974.447119653,0.0,0.0,0.0,0.0,0.0,0.0,0.0,0.0,0.0,8870.37,9939.59,9432.38,0.0,0.0,Water,0.0,100.0,0.0,0.0,0.0,0,0.0,Unknown,0,187.88,273.07,273.07,365.51,578.34
cell_04463,80.3275,12.8925,299968.6073839119,0.0,0.0,0.0,0.0,0.0,0.0,0.0,0.0,0.0,8842.01,9734.15,9486.01,0.0,0.0,Water,0.0,100.0,0.0,0.0,0.0,0,0.0,Unknown,0,187.88,273.07,273.07,365.51,578.34
cell_04464,80.3275,12.8975,299962.76541230216,0.0,0.0,0.0,0.0,0.0,0.0,0.0,0.0,0.0,8787.46,9556.33,9498.97,0.0,0.0,Water,0.0,100.0,0.0,0.0,0.0,0,0.0,Unknown,0,187.88,273.07,273.07,365.51,578.34
cell_04465,80.3275,12.9025,299956.92120522924,0.0,0.0,0.0,0.0,0.0,0.0,0.0,0.0,0.0,8646.46,9407.7,9394.27,0.0,0.0,Water,0.0,100.0,0.0,0.0,0.0,0,0.0,Unknown,0,187.88,273.07,273.07,365.51,578.34
cell_04466,80.3275,12.9075,299951.07476212137,0.0,0.0,0.0,0.0,0.0,0.0,0.0,0.0,0.0,8539.01,9289.66,9289.66,0.0,0.0,Water,0.0,100.0,0.0,0.0,0.0,0,0.0,Unknown,0,187.88,273.07,273.07,365.51,578.34
cell_04467,80.3275,12.9125,299945.2260835256,0.0,0.0,0.0,0.0,0.0,0.0,0.0,0.0,0.0,8464.67,9203.38,9187.48,0.0,0.0,Water,0.0,100.0,0.0,0.0,0.0,0,0.0,Unknown,0,187.88,273.07,273.07,365.51,578.34
cell_04468,80.3275,12.9175,299939.37516909064,0.0,0.0,0.0,0.0,0.0,0.0,0.0,0.0,0.0,8376.55,9149.76,9083.03,0.0,0.0,Water,0.0,100.0,0.0,0.0,0.0,0,0.0,Unknown,0,187.88,273.07,273.07,365.51,578.34
cell_04469,80.3275,12.9225,299933.5220194445,0.0,0.0,0.0,0.0,0.0,0.0,0.0,0.0,0.0,8322.26,9129.38,8980.8,0.0,0.0,Water,0.0,100.0,0.0,0.0,0.0,0,0.0,Unknown,0,187.88,273.07,273.07,365.51,578.34
cell_04470,80.3275,12.9275,299927.66663382493,0.0,0.0,0.0,0.0,0.0,0.0,0.0,0.0,0.0,8281.04,9142.46,8886.99,0.0,0.0,Water,0.0,100.0,0.0,0.0,0.0,0,0.0,Unknown,0,187.88,273.07,273.07,365.51,578.34
cell_04471,80.3275,12.9325,299921.8090126696,0.0,0.0,0.0,0.0,0.0,0.0,0.0,0.0,0.0,8156.79,9188.87,8784.67,0.0,0.0,Water,0.0,100.0,0.0,0.0,0.0,0,0.0,Unknown,0,187.88,273.07,273.07,365.51,578.34
cell_04472,80.3275,12.9375,299915.949156321,0.0,0.0,0.0,0.0,0.0,0.0,0.0,0.0,0.0,8067.3,9268.09,8679.56,0.0,0.0,Water,0.0,100.0,0.0,0.0,0.0,0,0.0,Unknown,0,187.88,273.07,273.07,365.51,578.34
cell_04473,80.3275,12.9425,299910.0870641278,0.0,0.0,0.0,0.0,0.0,0.0,0.0,0.0,0.0,8010.69,9379.29,8580.53,0.0,0.0,Water,0.0,100.0,0.0,0.0,0.0,0,0.0,Unknown,0,187.88,273.07,273.07,365.51,578.34
cell_04474,80.3275,12.9475,299904.22273693804,0.0,0.0,0.0,0.0,0.0,0.0,0.0,0.0,0.0,7971.72,9017.18,8471.6,0.0,0.0,Water,0.0,100.0,0.0,0.0,0.0,0,0.0,Unknown,0,187.88,273.07,273.07,365.51,578.34
cell_04475,80.3275,12.9525,299898.356173958,0.0,0.0,0.0,0.0,0.0,0.0,0.0,0.0,0.0,7829.69,8581.99,8376.58,0.0,0.0,Water,0.0,100.0,0.0,0.0,0.0,0,0.0,Unknown,0,187.88,273.07,273.07,365.51,578.34
cell_04476,80.3275,12.9575,299892.4873759415,0.0,0.0,0.0,0.0,0.0,0.0,0.0,0.0,0.0,7724.2,8161.08,8262.94,0.0,0.0,Water,0.0,100.0,0.0,0.0,0.0,0,0.0,Unknown,0,187.88,273.07,273.07,365.51,578.34
cell_04477,80.3275,12.9625,299886.6163421107,0.0,0.0,0.0,0.0,0.0,0.0,0.0,0.0,0.0,7548.59,7756.76,8165.22,0.0,0.0,Water,0.0,100.0,0.0,0.0,0.0,0,0.0,Unknown,0,187.88,273.07,273.07,365.51,578.34
cell_04478,80.3275,12.9675,299880.7430735352,0.0,0.0,0.0,0.0,0.0,0.0,0.0,0.0,0.0,7342.23,7371.77,8083.9,0.0,0.0,Water,0.0,100.0,0.0,0.0,0.0,0,0.0,Unknown,0,187.88,273.07,273.07,365.51,578.34
cell_04479,80.3275,12.9725,299874.86756938923,0.0,0.0,0.0,0.0,0.0,0.0,0.0,0.0,0.0,6982.55,7009.3,8023.1,0.0,0.0,Water,0.0,100.0,0.0,0.0,0.0,0,0.0,Unknown,0,187.88,273.07,273.07,365.51,578.34
cell_04480,80.3275,12.9775,299868.98983001494,0.0,0.0,0.0,0.0,0.0,0.0,0.0,0.0,0.0,6649.45,6673.01,7998.21,0.0,0.0,Water,0.0,100.0,0.0,0.0,0.0,0,0.0,Unknown,0,187.88,273.07,273.07,365.51,578.34
cell_04481,80.3275,12.9825,299863.1098554248,0.0,0.0,0.0,0.0,0.0,0.0,0.0,0.0,0.0,6347.12,6367.05,8005.56,0.0,0.0,Water,0.0,100.0,0.0,0.0,0.0,0,0.0,Unknown,0,187.88,273.07,273.07,365.51,578.34
cell_04482,80.3275,12.9875,299857.22764596186,0.0,0.0,0.0,0.0,0.0,0.0,0.0,0.0,0.0,6080.15,6096.0,8041.27,0.0,0.0,Water,0.0,100.0,0.0,0.0,0.0,0,0.0,Unknown,0,187.88,273.07,273.07,365.51,578.34
cell_04483,80.3275,12.9925,299851.3432010377,0.0,0.0,0.0,0.0,0.0,0.0,0.0,0.0,0.0,5853.38,5864.69,7828.19,0.0,0.0,Water,0.0,100.0,0.0,0.0,0.0,0,0.0,Unknown,0,187.88,273.07,273.07,365.51,578.34
cell_04484,80.3275,12.9975,299845.4565211373,0.0,0.0,0.0,0.0,0.0,0.0,0.0,0.0,0.0,5671.64,5677.99,7454.72,0.0,0.0,Water,0.0,100.0,0.0,0.0,0.0,0,0.0,Unknown,0,187.88,273.07,273.07,365.51,578.34
cell_04485,80.3275,13.0025,299839.5676062717,0.0,0.0,0.0,0.0,0.0,0.0,0.0,0.0,0.0,5539.36,5540.41,7104.7,0.0,0.0,Water,0.0,100.0,0.0,0.0,0.0,0,0.0,Unknown,0,187.88,273.07,273.07,365.51,578.34
cell_04486,80.3275,13.0075,299833.67645627883,0.0,0.0,0.0,0.0,0.0,0.0,0.0,0.0,0.0,5453.01,5455.66,6781.75,0.0,0.0,Water,0.0,100.0,0.0,0.0,0.0,0,0.0,Unknown,0,187.88,273.07,273.07,365.51,578.34
cell_04487,80.3275,13.0125,299827.78307124955,0.0,0.0,0.0,0.0,0.0,0.0,0.0,0.0,0.0,5418.07,5426.22,6489.58,0.0,0.0,Water,0.0,100.0,0.0,0.0,0.0,0,0.0,Unknown,0,187.88,273.07,273.07,365.51,578.34
cell_04488,80.3275,13.0175,299821.8874514007,0.0,0.0,0.0,0.0,0.0,0.0,0.0,0.0,0.0,5433.99,5452.98,6226.86,0.0,0.0,Water,0.0,100.0,0.0,0.0,0.0,0,0.0,Unknown,0,187.88,273.07,273.07,365.51,578.34
cell_04489,80.3275,13.0225,299815.9895966633,0.0,0.0,0.0,0.0,0.0,0.0,0.0,0.0,0.0,5499.52,5535.14,6002.23,0.0,0.0,Water,0.0,100.0,0.0,0.0,0.0,0,0.0,Unknown,0,187.88,273.07,273.07,365.51,578.34
cell_04490,80.3275,13.0275,299810.0895066715,0.0,0.0,0.0,0.0,0.0,0.0,0.0,0.0,0.0,5553.06,5670.28,5821.61,0.0,0.0,Water,0.0,100.0,0.0,0.0,0.0,0,0.0,Unknown,0,187.88,273.07,273.07,365.51,578.34
cell_04491,80.3275,13.0325,299804.18718241545,0.0,0.0,0.0,0.0,0.0,0.0,0.0,0.0,0.0,5432.1,5461.85,5609.96,0.0,0.0,Water,0.0,100.0,0.0,0.0,0.0,0,0.0,Unknown,0,187.88,273.07,273.07,365.51,578.34
cell_04492,80.3275,13.0375,299798.28262322705,0.0,0.0,0.0,0.0,0.0,0.0,0.0,0.0,0.0,5068.14,5093.26,5408.37,0.0,0.0,Water,0.0,100.0,0.0,0.0,0.0,0,0.0,Unknown,0,187.88,273.07,273.07,365.51,578.34
cell_04493,80.3275,13.0425,299792.3758287555,0.0,0.0,0.0,0.0,0.0,0.0,0.0,0.0,0.0,4740.88,4760.5,5252.12,0.0,0.0,Water,0.0,100.0,0.0,0.0,0.0,0,0.0,Unknown,0,187.88,273.07,273.07,365.51,578.34
cell_04494,80.3275,13.0475,299786.46680005314,0.0,0.0,0.0,0.0,0.0,0.0,0.0,0.0,0.0,4458.42,4471.57,5149.24,0.0,0.0,Water,0.0,100.0,0.0,0.0,0.0,0,0.0,Unknown,0,187.88,273.07,273.07,365.51,578.34
cell_04495,80.3275,13.0525,299780.5555365324,0.0,0.0,0.0,0.0,0.0,0.0,0.0,0.0,0.0,4229.72,4235.46,5080.62,0.0,0.0,Water,0.0,100.0,0.0,0.0,0.0,0,0.0,Unknown,0,187.88,273.07,273.07,365.51,578.34
cell_04496,80.3275,13.0575,299774.64203801425,0.0,0.0,0.0,0.0,0.0,0.0,0.0,0.0,0.0,4060.34,4061.38,4883.12,0.0,0.0,Water,0.0,100.0,0.0,0.0,0.0,0,0.0,Unknown,0,187.88,273.07,273.07,365.51,578.34
cell_04497,80.3275,13.0625,299768.7263053949,0.0,0.0,0.0,0.0,0.0,0.0,0.0,0.0,0.0,3951.05,3957.53,4661.85,0.0,0.0,Water,0.0,100.0,0.0,0.0,0.0,0,0.0,Unknown,0,187.88,273.07,273.07,365.51,578.34
cell_04498,80.3275,13.0675,299762.80833777116,0.0,0.0,0.0,0.0,0.0,0.0,0.0,0.0,0.0,3917.49,3929.49,4487.74,0.0,0.0,Water,0.0,100.0,0.0,0.0,0.0,0,0.0,Unknown,0,187.88,273.07,273.07,365.51,578.34
cell_04499,80.3275,13.0725,299756.8881356738,0.0,0.0,0.0,0.0,0.0,0.0,0.0,0.0,0.0,3961.6,3978.85,4356.7,0.0,0.0,Water,0.0,100.0,0.0,0.0,0.0,0,0.0,Unknown,0,187.88,273.07,273.07,365.51,578.34
cell_04500,80.3275,13.0775,299750.9656991471,0.0,0.0,0.0,0.0,0.0,0.0,0.0,0.0,0.0,4076.99,4102.83,4257.2,0.0,0.0,Water,0.0,100.0,0.0,0.0,0.0,0,0.0,Unknown,0,187.88,273.07,273.07,365.51,578.34
cell_04501,80.3275,13.0825,299745.0410282486,0.0,0.0,0.0,0.0,0.0,0.0,0.0,0.0,0.0,4257.86,4294.96,4223.92,0.0,0.0,Water,0.0,100.0,0.0,0.0,0.0,0,0.0,Unknown,0,187.88,273.07,273.07,365.51,578.34
cell_04502,80.3275,13.0875,299739.11412235926,0.0,0.0,0.0,0.0,0.0,0.0,0.0,0.0,0.0,4200.79,4546.62,4255.77,0.0,0.0,Water,0.0,100.0,0.0,0.0,0.0,0,0.0,Unknown,0,187.88,273.07,273.07,365.51,578.34
cell_04503,80.3275,13.0925,299733.184982548,0.0,0.0,0.0,0.0,0.0,0.0,0.0,0.0,0.0,3869.68,4848.54,4358.12,0.0,0.0,Water,0.0,100.0,0.0,0.0,0.0,0,0.0,Unknown,0,187.88,273.07,273.07,365.51,578.34
cell_04504,80.3275,13.0975,299727.25360817864,0.0,0.0,0.0,0.0,0.0,0.0,0.0,0.0,0.0,3516.0,5191.97,4525.22,0.0,0.0,Water,0.0,100.0,0.0,0.0,0.0,0,0.0,Unknown,0,187.88,273.07,273.07,365.51,578.34
cell_04505,80.3275,13.1025,299721.31999937346,0.0,0.0,0.0,0.0,0.0,0.0,0.0,0.0,0.0,3218.95,5569.22,4750.57,0.0,0.0,Water,0.0,100.0,0.0,0.0,0.0,0,0.0,Unknown,0,187.88,273.07,273.07,365.51,578.34
cell_04506,80.3275,13.1075,299715.38415642816,0.0,0.0,0.0,0.0,0.0,0.0,0.0,0.0,0.0,2995.43,5892.4,5026.91,0.0,0.0,Water,0.0,100.0,0.0,0.0,0.0,0,0.0,Unknown,0,187.88,273.07,273.07,365.51,578.34
cell_04507,80.3275,13.1125,299709.4460790702,0.0,0.0,0.0,0.0,0.0,0.0,0.0,0.0,0.0,2862.71,6210.6,5346.33,0.0,0.0,Water,0.0,100.0,0.0,0.0,0.0,0,0.0,Unknown,0,187.88,273.07,273.07,365.51,578.34
cell_04508,80.3275,13.1175,299703.5057674527,0.0,0.0,0.0,0.0,0.0,0.0,0.0,0.0,0.0,2833.58,6556.83,5701.6,0.0,0.0,Water,0.0,100.0,0.0,0.0,0.0,0,0.0,Unknown,0,187.88,273.07,273.07,365.51,578.34
cell_04509,80.3275,13.1225,299697.56322152354,0.0,0.0,0.0,0.0,0.0,0.0,0.0,0.0,0.0,2911.15,6928.75,5696.73,0.0,0.0,Water,0.0,100.0,0.0,0.0,0.0,0,0.0,Unknown,0,187.88,273.07,273.07,365.51,578.34
cell_04510,80.3275,13.1275,299691.6184416731,0.0,0.0,0.0,0.0,0.0,0.0,0.0,0.0,0.0,3085.99,7180.67,5461.57,0.0,0.0,Water,0.0,100.0,0.0,0.0,0.0,0,0.0,Unknown,0,187.88,273.07,273.07,365.51,578.34
cell_04511,80.3275,13.1325,299685.67142744054,0.0,0.0,0.0,0.0,0.0,0.0,0.0,0.0,0.0,3343.87,6692.8,5227.4,0.0,0.0,Water,0.0,100.0,0.0,0.0,0.0,0,0.0,Unknown,0,187.88,273.07,273.07,365.51,578.34
cell_04512,80.3275,13.1375,299679.72217935725,0.0,0.0,0.0,0.0,0.0,0.0,0.0,0.0,0.0,3667.57,6210.41,4994.06,0.0,0.0,Water,0.0,100.0,0.0,0.0,0.0,0,0.0,Unknown,0,187.88,273.07,273.07,365.51,578.34
cell_04513,80.3275,13.1425,299673.7706968347,0.0,0.0,0.0,0.0,0.0,0.0,0.0,0.0,0.0,3548.53,5740.77,4763.58,0.0,0.0,Water,0.0,100.0,0.0,0.0,0.0,0,0.0,Unknown,0,187.88,273.07,273.07,365.51,578.34
cell_04514,80.3275,13.1475,299667.8169807211,0.0,0.0,0.0,0.0,0.0,0.0,0.0,0.0,0.0,3272.31,5287.27,4529.4,0.0,0.0,Water,0.0,100.0,0.0,0.0,0.0,0,0.0,Unknown,0,187.88,273.07,273.07,365.51,578.34
cell_04515,80.3275,13.1525,299661.8610300499,0.0,0.0,0.0,0.0,0.0,0.0,0.0,0.0,0.0,3058.02,4854.44,4349.99,0.0,0.0,Water,0.0,100.0,0.0,0.0,0.0,0,0.0,Unknown,0,187.88,273.07,273.07,365.51,578.34
cell_04516,80.3275,13.1575,299655.902845936,0.0,0.0,0.0,0.0,0.0,0.0,0.0,0.0,0.0,2933.69,4448.31,4232.44,0.0,0.0,Water,0.0,100.0,0.0,0.0,0.0,0,0.0,Unknown,0,187.88,273.07,273.07,365.51,578.34
cell_04517,80.3275,13.1625,299649.94242750783,0.0,0.0,0.0,0.0,0.0,0.0,0.0,0.0,0.0,2902.36,4076.88,3993.18,0.0,0.0,Water,0.0,100.0,0.0,0.0,0.0,0,0.0,Unknown,0,187.88,273.07,273.07,365.51,578.34
cell_04518,80.3275,13.1675,299643.97977523506,0.0,0.0,0.0,0.0,0.0,0.0,0.0,0.0,0.0,2744.44,3750.46,3663.66,0.0,0.0,Water,0.0,100.0,0.0,0.0,0.0,0,0.0,Unknown,0,187.88,273.07,273.07,365.51,578.34
cell_04519,80.3275,13.1725,299638.01488938095,0.0,0.0,0.0,0.0,0.0,0.0,0.0,0.0,0.0,2632.14,3464.96,3359.81,0.0,0.0,Water,0.0,100.0,0.0,0.0,0.0,0,0.0,Unknown,0,187.88,273.07,273.07,365.51,578.34
cell_04520,80.3275,13.1775,299632.04776938783,0.0,0.0,0.0,0.0,0.0,0.0,0.0,0.0,0.0,2593.09,3203.56,3070.56,0.0,0.0,Water,0.0,100.0,0.0,0.0,0.0,0,0.0,Unknown,0,187.88,273.07,273.07,365.51,578.34
cell_04521,80.3275,13.1825,299626.0784157264,0.0,0.0,0.0,0.0,0.0,0.0,0.0,0.0,0.0,2626.19,2964.05,2834.16,0.0,0.0,Water,0.0,100.0,0.0,0.0,0.0,0,0.0,Unknown,0,187.88,273.07,273.07,365.51,578.34
cell_04522,80.3275,13.1875,299620.106828345,0.0,0.0,0.0,0.0,0.0,0.0,0.0,0.0,0.0,2634.97,2785.55,2611.95,0.0,0.0,Water,0.0,100.0,0.0,0.0,0.0,0,0.0,Unknown,0,187.88,273.07,273.07,365.51,578.34
cell_04523,80.3275,13.1925,299614.13300725364,0.0,0.0,0.0,0.0,0.0,0.0,0.0,0.0,0.0,2347.04,2422.42,2317.14,0.0,0.0,Water,0.0,100.0,0.0,0.0,0.0,0,0.0,Unknown,0,187.88,273.07,273.07,365.51,578.34
cell_04524,80.3275,13.1975,299608.1569521492,0.0,0.0,0.0,0.0,0.0,0.0,0.0,0.0,0.0,2074.02,2136.68,2048.73,0.0,0.0,Water,0.0,100.0,0.0,0.0,0.0,0,0.0,Unknown,0,187.88,273.07,273.07,365.51,578.34
cell_04525,80.3275,13.2025,299602.1786637218,0.0,0.0,0.0,0.0,0.0,0.0,0.0,0.0,0.0,1687.73,1917.31,1803.21,0.0,0.0,Water,0.0,100.0,0.0,0.0,0.0,0,0.0,Unknown,0,187.88,273.07,273.07,365.51,578.34
cell_04526,80.3275,13.2075,299596.1981415875,0.0,0.0,0.0,0.0,0.0,0.0,0.0,0.0,0.0,1320.76,1735.57,1549.73,0.0,0.0,Water,0.0,100.0,0.0,0.0,0.0,0,0.0,Unknown,0,187.88,273.07,273.07,365.51,578.34
cell_04527,80.3275,13.2125,299590.21538591565,0.0,7.0,0.3,0.0,8.02,0.44,317.23,0.001059,0.0,1102.61,1431.93,1266.21,0.0,0.0,Water,3.15,95.97,0.13,0.0,0.75,0,0.0,Unknown,0,187.88,273.07,273.07,365.51,578.34
cell_04528,80.3275,13.2175,299584.2303964664,0.0,9.0,1.66,0.0,7.09,1.29,1148.17,0.003833,0.0,648.02,1124.44,1043.64,0.0,0.0,Water,10.36,69.25,15.42,2.66,2.31,0,0.0,Unknown,0,187.88,273.07,273.07,365.51,578.34
cell_04529,80.3275,13.2225,299578.24317388126,0.0,12.0,3.11,0.0,11.51,1.73,7799.95,0.026036,26.0,435.14,988.57,924.44,0.0,0.0,Built-up,44.4,33.39,11.97,2.15,8.1,0,0.0,Unknown,0,187.88,273.07,273.07,365.51,578.34
cell_04530,80.3275,13.2275,299572.25371757254,0.0,9.0,5.01,0.0,10.2,2.44,17726.59,0.059173,94.0,327.58,566.95,941.2,0.0,0.0,Built-up,90.03,2.37,2.4,0.06,5.13,0,0.0,Unknown,0,187.88,273.07,273.07,365.51,578.34
cell_04531,80.3275,13.2325,299566.262027898,0.0,10.0,1.39,0.0,10.2,1.21,1939.21,0.006473,12.0,0.0,79.4,1067.32,605.07,0.00202,Water,12.37,73.15,6.85,1.17,6.46,0,0.0,Unknown,0,187.88,273.07,273.07,365.51,578.34
cell_04532,80.3275,13.2375,299560.2681048066,0.0,12.0,5.5,0.0,9.01,2.93,0.0,0.0,0.0,211.39,472.36,1074.37,0.0,0.0,Vegetation,16.4,27.7,49.59,2.08,4.23,0,0.0,Unknown,0,187.88,273.07,273.07,365.51,578.34
cell_04533,80.3275,13.2425,299554.2719483891,-4.0,16.0,7.05,0.0,13.96,3.9,0.0,0.0,0.0,760.17,1024.39,1085.36,0.0,0.0,Vegetation,30.49,5.23,51.23,0.0,13.05,0,0.0,Unknown,0,187.88,273.07,273.07,365.51,578.34
cell_04534,80.3275,13.2475,299548.27355849784,3.0,15.0,6.99,0.0,9.93,2.75,0.0,0.0,0.0,1229.55,1577.03,873.99,0.0,0.0,Vegetation,38.8,0.13,40.29,0.0,20.78,0,0.0,Unknown,0,187.88,273.07,273.07,365.51,578.34
cell_04535,80.3275,13.2525,299542.2729351293,0.0,0.0,0.0,0.0,0.0,0.0,0.0,0.0,0.0,1449.96,2129.84,595.56,0.0,0.0,Unknown,0.0,0.0,0.0,0.0,0.0,0,0.0,Unknown,0,187.88,273.07,273.07,365.51,578.34
cell_04536,80.3325,12.8525,300014.67689856864,0.0,0.0,0.0,0.0,0.0,0.0,0.0,0.0,0.0,9984.65,12426.25,10103.55,0.0,0.0,Water,0.0,100.0,0.0,0.0,0.0,0,0.0,Unknown,0,187.88,273.07,273.07,365.51,578.34
cell_04537,80.3325,12.8575,300008.85284921987,0.0,0.0,0.0,0.0,0.0,0.0,0.0,0.0,0.0,9914.26,12086.72,9995.66,0.0,0.0,Water,0.0,100.0,0.0,0.0,0.0,0,0.0,Unknown,0,187.88,273.07,273.07,365.51,578.34
cell_04538,80.3325,12.8625,300003.0265635992,0.0,0.0,0.0,0.0,0.0,0.0,0.0,0.0,0.0,9835.19,11763.4,9916.83,0.0,0.0,Water,0.0,100.0,0.0,0.0,0.0,0,0.0,Unknown,0,187.88,273.07,273.07,365.51,578.34
cell_04539,80.3325,12.8675,299997.19804220874,0.0,0.0,0.0,0.0,0.0,0.0,0.0,0.0,0.0,9708.05,11457.66,9868.07,0.0,0.0,Water,0.0,100.0,0.0,0.0,0.0,0,0.0,Unknown,0,187.88,273.07,273.07,365.51,578.34
cell_04540,80.3325,12.8725,299991.3672849022,0.0,0.0,0.0,0.0,0.0,0.0,0.0,0.0,0.0,9611.08,11170.94,9849.07,0.0,0.0,Water,0.0,100.0,0.0,0.0,0.0,0,0.0,Unknown,0,187.88,273.07,273.07,365.51,578.34
cell_04541,80.3325,12.8775,299985.53429156385,0.0,0.0,0.0,0.0,0.0,0.0,0.0,0.0,0.0,9545.21,10904.73,9860.0,0.0,0.0,Water,0.0,100.0,0.0,0.0,0.0,0,0.0,Unknown,0,187.88,273.07,273.07,365.51,578.34
cell_04542,80.3325,12.8825,299979.69906229974,0.0,0.0,0.0,0.0,0.0,0.0,0.0,0.0,0.0,9469.6,10660.59,9901.05,0.0,0.0,Water,0.0,100.0,0.0,0.0,0.0,0,0.0,Unknown,0,187.88,273.07,273.07,365.51,578.34
cell_04543,80.3325,12.8875,299973.8615975488,0.0,0.0,0.0,0.0,0.0,0.0,0.0,0.0,0.0,9411.12,10440.05,9968.74,0.0,0.0,Water,0.0,100.0,0.0,0.0,0.0,0,0.0,Unknown,0,187.88,273.07,273.07,365.51,578.34
cell_04544,80.3325,12.8925,299968.021896564,0.0,0.0,0.0,0.0,0.0,0.0,0.0,0.0,0.0,9384.38,10244.64,10025.59,0.0,0.0,Water,0.0,100.0,0.0,0.0,0.0,0,0.0,Unknown,0,187.88,273.07,273.07,365.51,578.34
cell_04545,80.3325,12.8975,299962.1799599729,0.0,0.0,0.0,0.0,0.0,0.0,0.0,0.0,0.0,9308.8,10075.83,10031.62,0.0,0.0,Water,0.0,100.0,0.0,0.0,0.0,0,0.0,Unknown,0,187.88,273.07,273.07,365.51,578.34
cell_04546,80.3325,12.9025,299956.3357878818,0.0,0.0,0.0,0.0,0.0,0.0,0.0,0.0,0.0,9175.81,9934.96,9926.91,0.0,0.0,Water,0.0,100.0,0.0,0.0,0.0,0,0.0,Unknown,0,187.88,273.07,273.07,365.51,578.34
cell_04547,80.3325,12.9075,299950.4893797168,0.0,0.0,0.0,0.0,0.0,0.0,0.0,0.0,0.0,9074.62,9823.24,9823.07,0.0,0.0,Water,0.0,100.0,0.0,0.0,0.0,0,0.0,Unknown,0,187.88,273.07,273.07,365.51,578.34
cell_04548,80.3325,12.9125,299944.64073610597,0.0,0.0,0.0,0.0,0.0,0.0,0.0,0.0,0.0,8999.34,9741.68,9720.15,0.0,0.0,Water,0.0,100.0,0.0,0.0,0.0,0,0.0,Unknown,0,187.88,273.07,273.07,365.51,578.34
cell_04549,80.3325,12.9175,299938.78985673,0.0,0.0,0.0,0.0,0.0,0.0,0.0,0.0,0.0,8914.59,9691.03,9615.68,0.0,0.0,Water,0.0,100.0,0.0,0.0,0.0,0,0.0,Unknown,0,187.88,273.07,273.07,365.51,578.34
cell_04550,80.3325,12.9225,299932.9367421207,0.0,0.0,0.0,0.0,0.0,0.0,0.0,0.0,0.0,8863.58,9671.78,9514.18,0.0,0.0,Water,0.0,100.0,0.0,0.0,0.0,0,0.0,Unknown,0,187.88,273.07,273.07,365.51,578.34
cell_04551,80.3325,12.9275,299927.08139148384,0.0,0.0,0.0,0.0,0.0,0.0,0.0,0.0,0.0,8806.4,9684.12,9420.4,0.0,0.0,Water,0.0,100.0,0.0,0.0,0.0,0,0.0,Unknown,0,187.88,273.07,273.07,365.51,578.34
cell_04552,80.3325,12.9325,299921.22380522604,0.0,0.0,0.0,0.0,0.0,0.0,0.0,0.0,0.0,8689.66,9727.93,9316.86,0.0,0.0,Water,0.0,100.0,0.0,0.0,0.0,0,0.0,Unknown,0,187.88,273.07,273.07,365.51,578.34
cell_04553,80.3325,12.9375,299915.36398397497,0.0,0.0,0.0,0.0,0.0,0.0,0.0,0.0,0.0,8604.93,9802.78,9213.17,0.0,0.0,Water,0.0,100.0,0.0,0.0,0.0,0,0.0,Unknown,0,187.88,273.07,273.07,365.51,578.34
cell_04554,80.3325,12.9425,299909.5019270153,0.0,0.0,0.0,0.0,0.0,0.0,0.0,0.0,0.0,8551.88,9785.71,9114.12,0.0,0.0,Water,0.0,100.0,0.0,0.0,0.0,0,0.0,Unknown,0,187.88,273.07,273.07,365.51,578.34
cell_04555,80.3325,12.9475,299903.63763462694,0.0,0.0,0.0,0.0,0.0,0.0,0.0,0.0,0.0,8492.69,9353.58,9004.31,0.0,0.0,Water,0.0,100.0,0.0,0.0,0.0,0,0.0,Unknown,0,187.88,273.07,273.07,365.51,578.34
cell_04556,80.3325,12.9525,299897.77110691677,0.0,0.0,0.0,0.0,0.0,0.0,0.0,0.0,0.0,8359.04,8934.78,8907.02,0.0,0.0,Water,0.0,100.0,0.0,0.0,0.0,0,0.0,Unknown,0,187.88,273.07,273.07,365.51,578.34
cell_04557,80.3325,12.9575,299891.9023438482,0.0,0.0,0.0,0.0,0.0,0.0,0.0,0.0,0.0,8250.78,8531.29,8796.07,0.0,0.0,Water,0.0,100.0,0.0,0.0,0.0,0,0.0,Unknown,0,187.88,273.07,273.07,365.51,578.34
cell_04558,80.3325,12.9625,299886.031345228,0.0,0.0,0.0,0.0,0.0,0.0,0.0,0.0,0.0,8062.18,8145.36,8700.21,0.0,0.0,Water,0.0,100.0,0.0,0.0,0.0,0,0.0,Unknown,0,187.88,273.07,273.07,365.51,578.34
cell_04559,80.3325,12.9675,299880.1581117614,0.0,0.0,0.0,0.0,0.0,0.0,0.0,0.0,0.0,7752.32,7779.62,8621.77,0.0,0.0,Water,0.0,100.0,0.0,0.0,0.0,0,0.0,Unknown,0,187.88,273.07,273.07,365.51,578.34
cell_04560,80.3325,12.9725,299874.2826426708,0.0,0.0,0.0,0.0,0.0,0.0,0.0,0.0,0.0,7412.56,7437.04,8563.8,0.0,0.0,Water,0.0,100.0,0.0,0.0,0.0,0,0.0,Unknown,0,187.88,273.07,273.07,365.51,578.34
cell_04561,80.3325,12.9775,299868.40493852104,0.0,0.0,0.0,0.0,0.0,0.0,0.0,0.0,0.0,7099.66,7120.97,8540.47,0.0,0.0,Water,0.0,100.0,0.0,0.0,0.0,0,0.0,Unknown,0,187.88,273.07,273.07,365.51,578.34
cell_04562,80.3325,12.9825,299862.5249990232,0.0,0.0,0.0,0.0,0.0,0.0,0.0,0.0,0.0,6817.31,6835.09,8547.49,0.0,0.0,Water,0.0,100.0,0.0,0.0,0.0,0,0.0,Unknown,0,187.88,273.07,273.07,365.51,578.34
cell_04563,80.3325,12.9875,299856.64282478864,0.0,0.0,0.0,0.0,0.0,0.0,0.0,0.0,0.0,6569.47,6583.32,8581.76,0.0,0.0,Water,0.0,100.0,0.0,0.0,0.0,0,0.0,Unknown,0,187.88,273.07,273.07,365.51,578.34
cell_04564,80.3325,12.9925,299850.7584150073,0.0,0.0,0.0,0.0,0.0,0.0,0.0,0.0,0.0,6360.16,6369.73,8226.91,0.0,0.0,Water,0.0,100.0,0.0,0.0,0.0,0,0.0,Unknown,0,187.88,273.07,273.07,365.51,578.34
cell_04565,80.3325,12.9975,299844.87177029083,0.0,0.0,0.0,0.0,0.0,0.0,0.0,0.0,0.0,6193.3,6198.25,7872.38,0.0,0.0,Water,0.0,100.0,0.0,0.0,0.0,0,0.0,Unknown,0,187.88,273.07,273.07,365.51,578.34
cell_04566,80.3325,13.0025,299838.98289052513,0.0,0.0,0.0,0.0,0.0,0.0,0.0,0.0,0.0,6072.35,6072.45,7541.75,0.0,0.0,Water,0.0,100.0,0.0,0.0,0.0,0,0.0,Unknown,0,187.88,273.07,273.07,365.51,578.34
cell_04567,80.3325,13.0075,299833.09177592635,0.0,0.0,0.0,0.0,0.0,0.0,0.0,0.0,0.0,5992.03,5995.22,7238.32,0.0,0.0,Water,0.0,100.0,0.0,0.0,0.0,0,0.0,Unknown,0,187.88,273.07,273.07,365.51,578.34
cell_04568,80.3325,13.0125,299827.19842600083,0.0,0.0,0.0,0.0,0.0,0.0,0.0,0.0,0.0,5960.25,5968.43,6962.7,0.0,0.0,Water,0.0,100.0,0.0,0.0,0.0,0,0.0,Unknown,0,187.88,273.07,273.07,365.51,578.34
cell_04569,80.3325,13.0175,299821.30284142273,0.0,0.0,0.0,0.0,0.0,0.0,0.0,0.0,0.0,5975.04,5992.76,6717.17,0.0,0.0,Water,0.0,100.0,0.0,0.0,0.0,0,0.0,Unknown,0,187.88,273.07,273.07,365.51,578.34
cell_04570,80.3325,13.0225,299815.40502198285,0.0,0.0,0.0,0.0,0.0,0.0,0.0,0.0,0.0,6034.73,6067.61,6509.47,0.0,0.0,Water,0.0,100.0,0.0,0.0,0.0,0,0.0,Unknown,0,187.88,273.07,273.07,365.51,578.34
cell_04571,80.3325,13.0275,299809.5049672352,0.0,0.0,0.0,0.0,0.0,0.0,0.0,0.0,0.0,6091.39,6191.12,6336.57,0.0,0.0,Water,0.0,100.0,0.0,0.0,0.0,0,0.0,Unknown,0,187.88,273.07,273.07,365.51,578.34
cell_04572,80.3325,13.0325,299803.6026782167,0.0,0.0,0.0,0.0,0.0,0.0,0.0,0.0,0.0,5837.94,5863.94,6109.11,0.0,0.0,Water,0.0,100.0,0.0,0.0,0.0,0,0.0,Unknown,0,187.88,273.07,273.07,365.51,578.34
cell_04573,80.3325,13.0375,299797.69815426035,0.0,0.0,0.0,0.0,0.0,0.0,0.0,0.0,0.0,5500.9,5522.25,5923.95,0.0,0.0,Water,0.0,100.0,0.0,0.0,0.0,0,0.0,Unknown,0,187.88,273.07,273.07,365.51,578.34
cell_04574,80.3325,13.0425,299791.7913950936,0.0,0.0,0.0,0.0,0.0,0.0,0.0,0.0,0.0,5200.94,5216.91,5780.26,0.0,0.0,Water,0.0,100.0,0.0,0.0,0.0,0,0.0,Unknown,0,187.88,273.07,273.07,365.51,578.34
cell_04575,80.3325,13.0475,299785.88240170624,0.0,0.0,0.0,0.0,0.0,0.0,0.0,0.0,0.0,4944.81,4954.66,5686.94,0.0,0.0,Water,0.0,100.0,0.0,0.0,0.0,0,0.0,Unknown,0,187.88,273.07,273.07,365.51,578.34
cell_04576,80.3325,13.0525,299779.9711733682,0.0,0.0,0.0,0.0,0.0,0.0,0.0,0.0,0.0,4739.63,4742.65,5587.05,0.0,0.0,Water,0.0,100.0,0.0,0.0,0.0,0,0.0,Unknown,0,187.88,273.07,273.07,365.51,578.34
cell_04577,80.3325,13.0575,299774.05771045375,0.0,0.0,0.0,0.0,0.0,0.0,0.0,0.0,0.0,4585.58,4587.85,5373.36,0.0,0.0,Water,0.0,100.0,0.0,0.0,0.0,0,0.0,Unknown,0,187.88,273.07,273.07,365.51,578.34
cell_04578,80.3325,13.0625,299768.1420129903,0.0,0.0,0.0,0.0,0.0,0.0,0.0,0.0,0.0,4489.08,4496.17,5173.09,0.0,0.0,Water,0.0,100.0,0.0,0.0,0.0,0,0.0,Unknown,0,187.88,273.07,273.07,365.51,578.34
cell_04579,80.3325,13.0675,299762.2240808781,0.0,0.0,0.0,0.0,0.0,0.0,0.0,0.0,0.0,4459.57,4471.49,5008.45,0.0,0.0,Water,0.0,100.0,0.0,0.0,0.0,0,0.0,Unknown,0,187.88,273.07,273.07,365.51,578.34
cell_04580,80.3325,13.0725,299756.30391405086,0.0,0.0,0.0,0.0,0.0,0.0,0.0,0.0,0.0,4498.35,4514.92,4884.52,0.0,0.0,Water,0.0,100.0,0.0,0.0,0.0,0,0.0,Unknown,0,187.88,273.07,273.07,365.51,578.34
cell_04581,80.3325,13.0775,299750.38151289796,0.0,0.0,0.0,0.0,0.0,0.0,0.0,0.0,0.0,4601.58,4624.54,4795.97,0.0,0.0,Water,0.0,100.0,0.0,0.0,0.0,0,0.0,Unknown,0,187.88,273.07,273.07,365.51,578.34
cell_04582,80.3325,13.0825,299744.45687727275,0.0,0.0,0.0,0.0,0.0,0.0,0.0,0.0,0.0,4762.8,4795.81,4765.97,0.0,0.0,Water,0.0,100.0,0.0,0.0,0.0,0,0.0,Unknown,0,187.88,273.07,273.07,365.51,578.34
cell_04583,80.3325,13.0875,299738.53000691964,0.0,0.0,0.0,0.0,0.0,0.0,0.0,0.0,0.0,4643.36,5022.42,4794.21,0.0,0.0,Water,0.0,100.0,0.0,0.0,0.0,0,0.0,Unknown,0,187.88,273.07,273.07,365.51,578.34
cell_04584,80.3325,13.0925,299732.600902449,0.0,0.0,0.0,0.0,0.0,0.0,0.0,0.0,0.0,4282.17,5297.29,4885.28,0.0,0.0,Water,0.0,100.0,0.0,0.0,0.0,0,0.0,Unknown,0,187.88,273.07,273.07,365.51,578.34
cell_04585,80.3325,13.0975,299726.66956350993,0.0,0.0,0.0,0.0,0.0,0.0,0.0,0.0,0.0,3965.45,5613.32,5035.33,0.0,0.0,Water,0.0,100.0,0.0,0.0,0.0,0,0.0,Unknown,0,187.88,273.07,273.07,365.51,578.34
cell_04586,80.3325,13.1025,299720.7359902546,0.0,0.0,0.0,0.0,0.0,0.0,0.0,0.0,0.0,3704.6,5963.97,5238.78,0.0,0.0,Water,0.0,100.0,0.0,0.0,0.0,0,0.0,Unknown,0,187.88,273.07,273.07,365.51,578.34
cell_04587,80.3325,13.1075,299714.80018266366,0.0,0.0,0.0,0.0,0.0,0.0,0.0,0.0,0.0,3512.12,6343.51,5490.59,0.0,0.0,Water,0.0,100.0,0.0,0.0,0.0,0,0.0,Unknown,0,187.88,273.07,273.07,365.51,578.34
cell_04588,80.3325,13.1125,299708.86214071745,0.0,0.0,0.0,0.0,0.0,0.0,0.0,0.0,0.0,3399.62,6650.59,5784.46,0.0,0.0,Water,0.0,100.0,0.0,0.0,0.0,0,0.0,Unknown,0,187.88,273.07,273.07,365.51,578.34
cell_04589,80.3325,13.1175,299702.92186464765,0.0,0.0,0.0,0.0,0.0,0.0,0.0,0.0,0.0,3375.12,6976.93,6114.31,0.0,0.0,Water,0.0,100.0,0.0,0.0,0.0,0,0.0,Unknown,0,187.88,273.07,273.07,365.51,578.34
cell_04590,80.3325,13.1225,299696.97935424536,0.0,0.0,0.0,0.0,0.0,0.0,0.0,0.0,0.0,3440.49,7328.41,6186.98,0.0,0.0,Water,0.0,100.0,0.0,0.0,0.0,0,0.0,Unknown,0,187.88,273.07,273.07,365.51,578.34
cell_04591,80.3325,13.1275,299691.03460991627,0.0,0.0,0.0,0.0,0.0,0.0,0.0,0.0,0.0,3590.03,7439.0,5952.54,0.0,0.0,Water,0.0,100.0,0.0,0.0,0.0,0,0.0,Unknown,0,187.88,273.07,273.07,365.51,578.34
cell_04592,80.3325,13.1325,299685.08763104014,0.0,0.0,0.0,0.0,0.0,0.0,0.0,0.0,0.0,3813.96,6964.39,5718.36,0.0,0.0,Water,0.0,100.0,0.0,0.0,0.0,0,0.0,Unknown,0,187.88,273.07,273.07,365.51,578.34
cell_04593,80.3325,13.1375,299679.1384184498,0.0,0.0,0.0,0.0,0.0,0.0,0.0,0.0,0.0,4100.72,6502.18,5487.76,0.0,0.0,Water,0.0,100.0,0.0,0.0,0.0,0,0.0,Unknown,0,187.88,273.07,273.07,365.51,578.34
cell_04594,80.3325,13.1425,299673.1869717621,0.0,0.0,0.0,0.0,0.0,0.0,0.0,0.0,0.0,4015.0,6055.2,5249.43,0.0,0.0,Water,0.0,100.0,0.0,0.0,0.0,0,0.0,Unknown,0,187.88,273.07,273.07,365.51,578.34
cell_04595,80.3325,13.1475,299667.2332908297,0.0,0.0,0.0,0.0,0.0,0.0,0.0,0.0,0.0,3761.92,5627.1,5035.07,0.0,0.0,Water,0.0,100.0,0.0,0.0,0.0,0,0.0,Unknown,0,187.88,273.07,273.07,365.51,578.34
cell_04596,80.3325,13.1525,299661.2773759175,0.0,0.0,0.0,0.0,0.0,0.0,0.0,0.0,0.0,3577.07,5222.5,4874.3,0.0,0.0,Water,0.0,100.0,0.0,0.0,0.0,0,0.0,Unknown,0,187.88,273.07,273.07,365.51,578.34
cell_04597,80.3325,13.1575,299655.3192273206,0.0,0.0,0.0,0.0,0.0,0.0,0.0,0.0,0.0,3471.37,4847.3,4764.15,0.0,0.0,Water,0.0,100.0,0.0,0.0,0.0,0,0.0,Unknown,0,187.88,273.07,273.07,365.51,578.34
cell_04598,80.3325,13.1625,299649.3588443725,0.0,0.0,0.0,0.0,0.0,0.0,0.0,0.0,0.0,3444.12,4508.85,4422.95,0.0,0.0,Water,0.0,100.0,0.0,0.0,0.0,0,0.0,Unknown,0,187.88,273.07,273.07,365.51,578.34
cell_04599,80.3325,13.1675,299643.3962279356,0.0,0.0,0.0,0.0,0.0,0.0,0.0,0.0,0.0,3265.45,4213.54,4116.39,0.0,0.0,Water,0.0,100.0,0.0,0.0,0.0,0,0.0,Unknown,0,187.88,273.07,273.07,365.51,578.34
cell_04600,80.3325,13.1725,299637.4313774694,0.0,0.0,0.0,0.0,0.0,0.0,0.0,0.0,0.0,3171.64,3936.03,3814.92,0.0,0.0,Water,0.0,100.0,0.0,0.0,0.0,0,0.0,Unknown,0,187.88,273.07,273.07,365.51,578.34
cell_04601,80.3325,13.1775,299631.46429327026,0.0,0.0,0.0,0.0,0.0,0.0,0.0,0.0,0.0,3134.46,3688.67,3558.31,0.0,0.0,Water,0.0,100.0,0.0,0.0,0.0,0,0.0,Unknown,0,187.88,273.07,273.07,365.51,578.34
cell_04602,80.3325,13.1825,299625.49497498584,0.0,0.0,0.0,0.0,0.0,0.0,0.0,0.0,0.0,3161.89,3470.65,3326.57,0.0,0.0,Water,0.0,100.0,0.0,0.0,0.0,0,0.0,Unknown,0,187.88,273.07,273.07,365.51,578.34
cell_04603,80.3325,13.1875,299619.5234232592,0.0,0.0,0.0,0.0,0.0,0.0,0.0,0.0,0.0,3112.05,3189.87,3078.77,0.0,0.0,Water,0.0,100.0,0.0,0.0,0.0,0,0.0,Unknown,0,187.88,273.07,273.07,365.51,578.34
cell_04604,80.3325,13.1925,299613.54963800707,0.0,0.0,0.0,0.0,0.0,0.0,0.0,0.0,0.0,2805.16,2874.18,2784.38,0.0,0.0,Water,0.0,100.0,0.0,0.0,0.0,0,0.0,Unknown,0,187.88,273.07,273.07,365.51,578.34
cell_04605,80.3325,13.1975,299607.5736184674,0.0,0.0,0.0,0.0,0.0,0.0,0.0,0.0,0.0,2460.92,2632.81,2529.62,0.0,0.0,Water,0.0,100.0,0.0,0.0,0.0,0,0.0,Unknown,0,187.88,273.07,273.07,365.51,578.34
cell_04606,80.3325,13.2025,299601.5953657558,0.0,0.0,0.0,0.0,0.0,0.0,0.0,0.0,0.0,2083.4,2429.8,2295.67,0.0,0.0,Water,0.0,100.0,0.0,0.0,0.0,0,0.0,Unknown,0,187.88,273.07,273.07,365.51,578.34
cell_04607,80.3325,13.2075,299595.61487930064,0.0,0.0,0.0,0.0,0.0,0.0,0.0,0.0,0.0,1799.03,2204.76,2014.89,0.0,0.0,Water,0.0,100.0,0.0,0.0,0.0,0,0.0,Unknown,0,187.88,273.07,273.07,365.51,578.34
cell_04608,80.3325,13.2125,299589.6321593502,0.0,0.0,0.0,0.0,0.0,0.0,0.0,0.0,0.0,1421.84,1862.39,1738.31,0.0,0.0,Water,0.0,100.0,0.0,0.0,0.0,0,0.0,Unknown,0,187.88,273.07,273.07,365.51,578.34
cell_04609,80.3325,13.2175,299583.64720558416,0.0,0.0,0.0,0.0,0.0,0.0,0.0,0.0,0.0,1107.15,1637.44,1572.67,0.0,0.0,Water,0.0,100.0,0.0,0.0,0.0,0,0.0,Unknown,0,187.88,273.07,273.07,365.51,578.34
cell_04610,80.3325,13.2225,299577.6600186758,0.0,0.0,0.0,0.0,0.0,0.0,0.0,0.0,0.0,970.73,1133.4,1455.03,0.0,0.0,Water,0.0,100.0,0.0,0.0,0.0,0,0.0,Unknown,0,187.88,273.07,273.07,365.51,578.34
cell_04611,80.3325,13.2275,299571.67059818,0.0,5.0,0.05,0.0,6.81,0.13,224.41,0.000749,2.0,553.78,600.28,1466.15,0.0,0.0,Water,5.33,91.23,0.0,0.0,3.44,0,0.0,Unknown,0,187.88,273.07,273.07,365.51,578.34
cell_04612,80.3325,13.2325,299565.6789441869,-2.0,8.0,0.87,0.0,8.83,1.09,1169.6,0.003904,8.0,144.93,187.08,1608.36,96.13,0.000321,Water,7.14,75.48,2.2,0.54,14.64,0,0.0,Unknown,0,187.88,273.07,273.07,365.51,578.34
cell_04613,80.3325,13.2375,299559.6850568655,0.0,13.0,2.63,0.0,12.24,1.84,0.0,0.0,0.0,355.38,552.31,1616.0,0.0,0.0,Water,5.65,49.81,31.82,0.13,12.6,0,0.0,Unknown,0,187.88,273.07,273.07,365.51,578.34
cell_04614,80.3325,13.2425,299553.68893617974,-2.0,17.0,4.08,0.0,15.33,4.35,0.0,0.0,0.0,869.54,1089.34,1620.21,0.0,0.0,Water,1.21,51.82,32.68,0.0,14.29,0,0.0,Unknown,0,187.88,273.07,273.07,365.51,578.34
cell_04615,80.3325,13.2475,299547.6905820788,-2.0,14.0,5.33,0.0,11.29,3.09,0.0,0.0,0.0,1393.49,1637.02,1331.78,0.0,0.0,Vegetation,8.45,28.7,55.71,2.46,4.69,0,0.0,Unknown,0,187.88,273.07,273.07,365.51,578.34
cell_04616,80.3325,13.2525,299541.68999451055,0.0,0.0,0.0,0.0,0.0,0.0,0.0,0.0,0.0,1923.11,2186.63,1084.13,0.0,0.0,Unknown,0.0,0.0,0.0,0.0,0.0,0,0.0,Unknown,0,187.88,273.07,273.07,365.51,578.34
cell_04617,80.3375,12.8525,300014.0955064094,0.0,0.0,0.0,0.0,0.0,0.0,0.0,0.0,0.0,10521.08,12853.04,10633.35,0.0,0.0,Water,0.0,100.0,0.0,0.0,0.0,0,0.0,Unknown,0,187.88,273.07,273.07,365.51,578.34
cell_04618,80.3375,12.8575,300008.2714917769,0.0,0.0,0.0,0.0,0.0,0.0,0.0,0.0,0.0,10454.23,12525.08,10530.75,0.0,0.0,Water,0.0,100.0,0.0,0.0,0.0,0,0.0,Unknown,0,187.88,273.07,273.07,365.51,578.34
cell_04619,80.3375,12.8625,300002.445240647,0.0,0.0,0.0,0.0,0.0,0.0,0.0,0.0,0.0,10360.5,12213.36,10455.94,0.0,0.0,Water,0.0,100.0,0.0,0.0,0.0,0,0.0,Unknown,0,187.88,273.07,273.07,365.51,578.34
cell_04620,80.3375,12.8675,299996.61675407283,0.0,0.0,0.0,0.0,0.0,0.0,0.0,0.0,0.0,10239.87,11919.16,10409.6,0.0,0.0,Water,0.0,100.0,0.0,0.0,0.0,0,0.0,Unknown,0,187.88,273.07,273.07,365.51,578.34
cell_04621,80.3375,12.8725,299990.7860312908,0.0,0.0,0.0,0.0,0.0,0.0,0.0,0.0,0.0,10147.98,11643.8,10391.58,0.0,0.0,Water,0.0,100.0,0.0,0.0,0.0,0,0.0,Unknown,0,187.88,273.07,273.07,365.51,578.34
cell_04622,80.3375,12.8775,299984.95307261357,0.0,0.0,0.0,0.0,0.0,0.0,0.0,0.0,0.0,10085.61,11388.65,10401.93,0.0,0.0,Water,0.0,100.0,0.0,0.0,0.0,0,0.0,Unknown,0,187.88,273.07,273.07,365.51,578.34
cell_04623,80.3375,12.8825,299979.11787810066,0.0,0.0,0.0,0.0,0.0,0.0,0.0,0.0,0.0,10007.54,11155.09,10440.96,0.0,0.0,Water,0.0,100.0,0.0,0.0,0.0,0,0.0,Unknown,0,187.88,273.07,273.07,365.51,578.34
cell_04624,80.3375,12.8875,299973.280447842,0.0,0.0,0.0,0.0,0.0,0.0,0.0,0.0,0.0,9952.06,10944.51,10505.61,0.0,0.0,Water,0.0,100.0,0.0,0.0,0.0,0,0.0,Unknown,0,187.88,273.07,273.07,365.51,578.34
cell_04625,80.3375,12.8925,299967.4407816749,0.0,0.0,0.0,0.0,0.0,0.0,0.0,0.0,0.0,9926.76,10758.26,10565.48,0.0,0.0,Water,0.0,100.0,0.0,0.0,0.0,0,0.0,Unknown,0,187.88,273.07,273.07,365.51,578.34
cell_04626,80.3375,12.8975,299961.59887962684,0.0,0.0,0.0,0.0,0.0,0.0,0.0,0.0,0.0,9832.42,10597.62,10564.27,0.0,0.0,Water,0.0,100.0,0.0,0.0,0.0,0,0.0,Unknown,0,187.88,273.07,273.07,365.51,578.34
cell_04627,80.3375,12.9025,299955.7547422932,0.0,0.0,0.0,0.0,0.0,0.0,0.0,0.0,0.0,9706.6,10463.76,10459.55,0.0,0.0,Water,0.0,100.0,0.0,0.0,0.0,0,0.0,Unknown,0,187.88,273.07,273.07,365.51,578.34
cell_04628,80.3375,12.9075,299949.908368818,0.0,0.0,0.0,0.0,0.0,0.0,0.0,0.0,0.0,9610.99,10357.74,10356.56,0.0,0.0,Water,0.0,100.0,0.0,0.0,0.0,0,0.0,Unknown,0,187.88,273.07,273.07,365.51,578.34
cell_04629,80.3375,12.9125,299944.0597600653,0.0,0.0,0.0,0.0,0.0,0.0,0.0,0.0,0.0,9533.1,10280.41,10252.81,0.0,0.0,Water,0.0,100.0,0.0,0.0,0.0,0,0.0,Unknown,0,187.88,273.07,273.07,365.51,578.34
cell_04630,80.3375,12.9175,299938.20891519316,0.0,0.0,0.0,0.0,0.0,0.0,0.0,0.0,0.0,9453.12,10232.42,10148.7,0.0,0.0,Water,0.0,100.0,0.0,0.0,0.0,0,0.0,Unknown,0,187.88,273.07,273.07,365.51,578.34
cell_04631,80.3375,12.9225,299932.35583538166,0.0,0.0,0.0,0.0,0.0,0.0,0.0,0.0,0.0,9405.03,10214.18,10048.45,0.0,0.0,Water,0.0,100.0,0.0,0.0,0.0,0,0.0,Unknown,0,187.88,273.07,273.07,365.51,578.34
cell_04632,80.3375,12.9275,299926.5005196162,0.0,0.0,0.0,0.0,0.0,0.0,0.0,0.0,0.0,9333.71,10225.85,9953.8,0.0,0.0,Water,0.0,100.0,0.0,0.0,0.0,0,0.0,Unknown,0,187.88,273.07,273.07,365.51,578.34
cell_04633,80.3375,12.9325,299920.64296808187,0.0,0.0,0.0,0.0,0.0,0.0,0.0,0.0,0.0,9223.63,10267.34,9849.06,0.0,0.0,Water,0.0,100.0,0.0,0.0,0.0,0,0.0,Unknown,0,187.88,273.07,273.07,365.51,578.34
cell_04634,80.3375,12.9375,299914.78318156395,0.0,0.0,0.0,0.0,0.0,0.0,0.0,0.0,0.0,9143.12,10338.28,9746.78,0.0,0.0,Water,0.0,100.0,0.0,0.0,0.0,0,0.0,Unknown,0,187.88,273.07,273.07,365.51,578.34
cell_04635,80.3375,12.9425,299908.9211596316,0.0,0.0,0.0,0.0,0.0,0.0,0.0,0.0,0.0,9093.2,10125.62,9647.72,0.0,0.0,Water,0.0,100.0,0.0,0.0,0.0,0,0.0,Unknown,0,187.88,273.07,273.07,365.51,578.34
cell_04636,80.3375,12.9475,299903.0569017594,0.0,0.0,0.0,0.0,0.0,0.0,0.0,0.0,0.0,9015.77,9708.63,9538.1,0.0,0.0,Water,0.0,100.0,0.0,0.0,0.0,0,0.0,Unknown,0,187.88,273.07,273.07,365.51,578.34
cell_04637,80.3375,12.9525,299897.1904089702,0.0,0.0,0.0,0.0,0.0,0.0,0.0,0.0,0.0,8889.96,9305.82,9437.47,0.0,0.0,Water,0.0,100.0,0.0,0.0,0.0,0,0.0,Unknown,0,187.88,273.07,273.07,365.51,578.34
cell_04638,80.3375,12.9575,299891.32168059656,0.0,0.0,0.0,0.0,0.0,0.0,0.0,0.0,0.0,8756.78,8919.12,9329.95,0.0,0.0,Water,0.0,100.0,0.0,0.0,0.0,0,0.0,Unknown,0,187.88,273.07,273.07,365.51,578.34
cell_04639,80.3375,12.9625,299885.4507170585,0.0,0.0,0.0,0.0,0.0,0.0,0.0,0.0,0.0,8522.96,8550.7,9236.05,0.0,0.0,Water,0.0,100.0,0.0,0.0,0.0,0,0.0,Unknown,0,187.88,273.07,273.07,365.51,578.34
cell_04640,80.3375,12.9675,299879.57751830533,0.0,0.0,0.0,0.0,0.0,0.0,0.0,0.0,0.0,8177.82,8203.04,9159.87,0.0,0.0,Water,0.0,100.0,0.0,0.0,0.0,0,0.0,Unknown,0,187.88,273.07,273.07,365.51,578.34
cell_04641,80.3375,12.9725,299873.70208422333,0.0,0.0,0.0,0.0,0.0,0.0,0.0,0.0,0.0,7856.47,7878.89,9104.69,0.0,0.0,Water,0.0,100.0,0.0,0.0,0.0,0,0.0,Unknown,0,187.88,273.07,273.07,365.51,578.34
cell_04642,80.3375,12.9775,299867.82441474387,0.0,0.0,0.0,0.0,0.0,0.0,0.0,0.0,0.0,7561.95,7581.26,9082.74,0.0,0.0,Water,0.0,100.0,0.0,0.0,0.0,0,0.0,Unknown,0,187.88,273.07,273.07,365.51,578.34
cell_04643,80.3375,12.9825,299861.94451028906,0.0,0.0,0.0,0.0,0.0,0.0,0.0,0.0,0.0,7297.51,7313.38,9089.46,0.0,0.0,Water,0.0,100.0,0.0,0.0,0.0,0,0.0,Unknown,0,187.88,273.07,273.07,365.51,578.34
cell_04644,80.3375,12.9875,299856.0623707758,0.0,0.0,0.0,0.0,0.0,0.0,0.0,0.0,0.0,7066.52,7078.64,8999.51,0.0,0.0,Water,0.0,100.0,0.0,0.0,0.0,0,0.0,Unknown,0,187.88,273.07,273.07,365.51,578.34
cell_04645,80.3375,12.9925,299850.177996058,0.0,0.0,0.0,0.0,0.0,0.0,0.0,0.0,0.0,6872.36,6880.43,8641.27,0.0,0.0,Water,0.0,100.0,0.0,0.0,0.0,0,0.0,Unknown,0,187.88,273.07,273.07,365.51,578.34
cell_04646,80.3375,12.9975,299844.29138619464,0.0,0.0,0.0,0.0,0.0,0.0,0.0,0.0,0.0,6718.22,6721.98,8304.44,0.0,0.0,Water,0.0,100.0,0.0,0.0,0.0,0,0.0,Unknown,0,187.88,273.07,273.07,365.51,578.34
cell_04647,80.3375,13.0025,299838.40254137,0.0,0.0,0.0,0.0,0.0,0.0,0.0,0.0,0.0,6606.16,6606.16,7991.7,0.0,0.0,Water,0.0,100.0,0.0,0.0,0.0,0,0.0,Unknown,0,187.88,273.07,273.07,365.51,578.34
cell_04648,80.3375,13.0075,299832.5114618165,0.0,0.0,0.0,0.0,0.0,0.0,0.0,0.0,0.0,6531.59,6535.22,7705.38,0.0,0.0,Water,0.0,100.0,0.0,0.0,0.0,0,0.0,Unknown,0,187.88,273.07,273.07,365.51,578.34
cell_04649,80.3375,13.0125,299826.6181467259,0.0,0.0,0.0,0.0,0.0,0.0,0.0,0.0,0.0,6502.43,6510.64,7444.05,0.0,0.0,Water,0.0,100.0,0.0,0.0,0.0,0,0.0,Unknown,0,187.88,273.07,273.07,365.51,578.34
cell_04650,80.3375,13.0175,299820.7225972451,0.0,0.0,0.0,0.0,0.0,0.0,0.0,0.0,0.0,6516.28,6532.95,7214.91,0.0,0.0,Water,0.0,100.0,0.0,0.0,0.0,0,0.0,Unknown,0,187.88,273.07,273.07,365.51,578.34
cell_04651,80.3375,13.0225,299814.82481266005,0.0,0.0,0.0,0.0,0.0,0.0,0.0,0.0,0.0,6571.06,6601.66,7021.94,0.0,0.0,Water,0.0,100.0,0.0,0.0,0.0,0,0.0,Unknown,0,187.88,273.07,273.07,365.51,578.34
cell_04652,80.3375,13.0275,299808.9247931239,0.0,0.0,0.0,0.0,0.0,0.0,0.0,0.0,0.0,6608.83,6635.5,6825.81,0.0,0.0,Water,0.0,100.0,0.0,0.0,0.0,0,0.0,Unknown,0,187.88,273.07,273.07,365.51,578.34
cell_04653,80.3375,13.0325,299803.0225388534,0.0,0.0,0.0,0.0,0.0,0.0,0.0,0.0,0.0,6264.45,6287.1,6615.04,0.0,0.0,Water,0.0,100.0,0.0,0.0,0.0,0,0.0,Unknown,0,187.88,273.07,273.07,365.51,578.34
cell_04654,80.3375,13.0375,299797.11804993975,0.0,0.0,0.0,0.0,0.0,0.0,0.0,0.0,0.0,5951.6,5969.67,6442.66,0.0,0.0,Water,0.0,100.0,0.0,0.0,0.0,0,0.0,Unknown,0,187.88,273.07,273.07,365.51,578.34
cell_04655,80.3375,13.0425,299791.21132599853,0.0,0.0,0.0,0.0,0.0,0.0,0.0,0.0,0.0,5675.5,5688.39,6310.78,0.0,0.0,Water,0.0,100.0,0.0,0.0,0.0,0,0.0,Unknown,0,187.88,273.07,273.07,365.51,578.34
cell_04656,80.3375,13.0475,299785.30236745207,0.0,0.0,0.0,0.0,0.0,0.0,0.0,0.0,0.0,5441.74,5448.87,6225.13,0.0,0.0,Water,0.0,100.0,0.0,0.0,0.0,0,0.0,Unknown,0,187.88,273.07,273.07,365.51,578.34
cell_04657,80.3375,13.0525,299779.39117431245,0.0,0.0,0.0,0.0,0.0,0.0,0.0,0.0,0.0,5255.99,5256.82,6099.62,0.0,0.0,Water,0.0,100.0,0.0,0.0,0.0,0,0.0,Unknown,0,187.88,273.07,273.07,365.51,578.34
cell_04658,80.3375,13.0575,299773.47774636914,0.0,0.0,0.0,0.0,0.0,0.0,0.0,0.0,0.0,5114.34,5117.58,5872.71,0.0,0.0,Water,0.0,100.0,0.0,0.0,0.0,0,0.0,Unknown,0,187.88,273.07,273.07,365.51,578.34
cell_04659,80.3375,13.0625,299767.5620839971,0.0,0.0,0.0,0.0,0.0,0.0,0.0,0.0,0.0,5027.99,5035.55,5690.04,0.0,0.0,Water,0.0,100.0,0.0,0.0,0.0,0,0.0,Unknown,0,187.88,273.07,273.07,365.51,578.34
cell_04660,80.3375,13.0675,299761.64418706606,0.0,0.0,0.0,0.0,0.0,0.0,0.0,0.0,0.0,5001.64,5013.52,5533.14,0.0,0.0,Water,0.0,100.0,0.0,0.0,0.0,0,0.0,Unknown,0,187.88,273.07,273.07,365.51,578.34
cell_04661,80.3375,13.0725,299755.7240551449,0.0,0.0,0.0,0.0,0.0,0.0,0.0,0.0,0.0,5036.24,5052.28,5415.15,0.0,0.0,Water,0.0,100.0,0.0,0.0,0.0,0,0.0,Unknown,0,187.88,273.07,273.07,365.51,578.34
cell_04662,80.3375,13.0775,299749.8016892398,0.0,0.0,0.0,0.0,0.0,0.0,0.0,0.0,0.0,5129.65,5150.46,5335.4,0.0,0.0,Water,0.0,100.0,0.0,0.0,0.0,0,0.0,Unknown,0,187.88,273.07,273.07,365.51,578.34
cell_04663,80.3375,13.0825,299743.8770887155,0.0,0.0,0.0,0.0,0.0,0.0,0.0,0.0,0.0,5274.99,5304.77,5308.02,0.0,0.0,Water,0.0,100.0,0.0,0.0,0.0,0,0.0,Unknown,0,187.88,273.07,273.07,365.51,578.34
cell_04664,80.3375,13.0875,299737.95025358314,0.0,0.0,0.0,0.0,0.0,0.0,0.0,0.0,0.0,5050.84,5510.48,5333.38,0.0,0.0,Water,0.0,100.0,0.0,0.0,0.0,0,0.0,Unknown,0,187.88,273.07,273.07,365.51,578.34
cell_04665,80.3375,13.0925,299732.021184232,0.0,0.0,0.0,0.0,0.0,0.0,0.0,0.0,0.0,4720.92,5762.1,5415.38,0.0,0.0,Water,0.0,100.0,0.0,0.0,0.0,0,0.0,Unknown,0,187.88,273.07,273.07,365.51,578.34
cell_04666,80.3375,13.0975,299726.089880406,0.0,0.0,0.0,0.0,0.0,0.0,0.0,0.0,0.0,4435.63,6053.91,5551.5,0.0,0.0,Water,0.0,100.0,0.0,0.0,0.0,0,0.0,Unknown,0,187.88,273.07,273.07,365.51,578.34
cell_04667,80.3375,13.1025,299720.1563422908,0.0,0.0,0.0,0.0,0.0,0.0,0.0,0.0,0.0,4204.05,6380.39,5736.66,0.0,0.0,Water,0.0,100.0,0.0,0.0,0.0,0,0.0,Unknown,0,187.88,273.07,273.07,365.51,578.34
cell_04668,80.3375,13.1075,299714.22056997643,0.0,0.0,0.0,0.0,0.0,0.0,0.0,0.0,0.0,4035.45,6736.5,5967.49,0.0,0.0,Water,0.0,100.0,0.0,0.0,0.0,0,0.0,Unknown,0,187.88,273.07,273.07,365.51,578.34
cell_04669,80.3375,13.1125,299708.2825630479,0.0,0.0,0.0,0.0,0.0,0.0,0.0,0.0,0.0,3937.92,7103.59,6238.92,0.0,0.0,Water,0.0,100.0,0.0,0.0,0.0,0,0.0,Unknown,0,187.88,273.07,273.07,365.51,578.34
cell_04670,80.3375,13.1175,299702.34232244757,0.0,0.0,0.0,0.0,0.0,0.0,0.0,0.0,0.0,3916.77,7412.1,6545.91,0.0,0.0,Water,0.0,100.0,0.0,0.0,0.0,0,0.0,Unknown,0,187.88,273.07,273.07,365.51,578.34
cell_04671,80.3375,13.1225,299696.39984706714,0.0,0.0,0.0,0.0,0.0,0.0,0.0,0.0,0.0,3973.24,7744.84,6677.69,0.0,0.0,Water,0.0,100.0,0.0,0.0,0.0,0,0.0,Unknown,0,187.88,273.07,273.07,365.51,578.34
cell_04672,80.3375,13.1275,299690.45513798995,0.0,0.0,0.0,0.0,0.0,0.0,0.0,0.0,0.0,4103.74,7722.39,6443.5,0.0,0.0,Water,0.0,100.0,0.0,0.0,0.0,0,0.0,Unknown,0,187.88,273.07,273.07,365.51,578.34
cell_04673,80.3375,13.1325,299684.5081944239,0.0,0.0,0.0,0.0,0.0,0.0,0.0,0.0,0.0,4301.01,7266.31,6209.57,0.0,0.0,Water,0.0,100.0,0.0,0.0,0.0,0,0.0,Unknown,0,187.88,273.07,273.07,365.51,578.34
cell_04674,80.3375,13.1375,299678.5590170902,0.0,0.0,0.0,0.0,0.0,0.0,0.0,0.0,0.0,4557.21,6824.57,5980.29,0.0,0.0,Water,0.0,100.0,0.0,0.0,0.0,0,0.0,Unknown,0,187.88,273.07,273.07,365.51,578.34
cell_04675,80.3375,13.1425,299672.60760552617,0.0,0.0,0.0,0.0,0.0,0.0,0.0,0.0,0.0,4489.06,6400.14,5742.86,0.0,0.0,Water,0.0,100.0,0.0,0.0,0.0,0,0.0,Unknown,0,187.88,273.07,273.07,365.51,578.34
cell_04676,80.3375,13.1475,299666.65395996557,0.0,0.0,0.0,0.0,0.0,0.0,0.0,0.0,0.0,4264.2,5996.7,5547.58,0.0,0.0,Water,0.0,100.0,0.0,0.0,0.0,0,0.0,Unknown,0,187.88,273.07,273.07,365.51,578.34
cell_04677,80.3375,13.1525,299660.69808037166,0.0,0.0,0.0,0.0,0.0,0.0,0.0,0.0,0.0,4102.04,5618.78,5402.08,0.0,0.0,Water,0.0,100.0,0.0,0.0,0.0,0,0.0,Unknown,0,187.88,273.07,273.07,365.51,578.34
cell_04678,80.3375,13.1575,299654.7399670081,0.0,0.0,0.0,0.0,0.0,0.0,0.0,0.0,0.0,4010.19,5271.85,5186.65,0.0,0.0,Water,0.0,100.0,0.0,0.0,0.0,0,0.0,Unknown,0,187.88,273.07,273.07,365.51,578.34
cell_04679,80.3375,13.1625,299648.779619429,0.0,0.0,0.0,0.0,0.0,0.0,0.0,0.0,0.0,3949.32,4962.43,4872.99,0.0,0.0,Water,0.0,100.0,0.0,0.0,0.0,0,0.0,Unknown,0,187.88,273.07,273.07,365.51,578.34
cell_04680,80.3375,13.1675,299642.81703827693,0.0,0.0,0.0,0.0,0.0,0.0,0.0,0.0,0.0,3792.31,4679.02,4569.13,0.0,0.0,Water,0.0,100.0,0.0,0.0,0.0,0,0.0,Unknown,0,187.88,273.07,273.07,365.51,578.34
cell_04681,80.3375,13.1725,299636.85222318495,0.0,0.0,0.0,0.0,0.0,0.0,0.0,0.0,0.0,3711.83,4420.15,4287.14,0.0,0.0,Water,0.0,100.0,0.0,0.0,0.0,0,0.0,Unknown,0,187.88,273.07,273.07,365.51,578.34
cell_04682,80.3375,13.1775,299630.8851741959,0.0,0.0,0.0,0.0,0.0,0.0,0.0,0.0,0.0,3675.97,4178.05,4049.91,0.0,0.0,Water,0.0,100.0,0.0,0.0,0.0,0,0.0,Unknown,0,187.88,273.07,273.07,365.51,578.34
cell_04683,80.3375,13.1825,299624.9158914633,0.0,0.0,0.0,0.0,0.0,0.0,0.0,0.0,0.0,3699.38,3959.95,3825.41,0.0,0.0,Water,0.0,100.0,0.0,0.0,0.0,0,0.0,Unknown,0,187.88,273.07,273.07,365.51,578.34
cell_04684,80.3375,13.1875,299618.94437507703,0.0,0.0,0.0,0.0,0.0,0.0,0.0,0.0,0.0,3554.58,3627.01,3528.4,0.0,0.0,Water,0.0,100.0,0.0,0.0,0.0,0,0.0,Unknown,0,187.88,273.07,273.07,365.51,578.34
cell_04685,80.3375,13.1925,299612.97062511154,0.0,0.0,0.0,0.0,0.0,0.0,0.0,0.0,0.0,3234.59,3352.73,3265.27,0.0,0.0,Water,0.0,100.0,0.0,0.0,0.0,0,0.0,Unknown,0,187.88,273.07,273.07,365.51,578.34
cell_04686,80.3375,13.1975,299606.99464113696,0.0,0.0,0.0,0.0,0.0,0.0,0.0,0.0,0.0,2852.25,3129.62,3018.7,0.0,0.0,Water,0.0,100.0,0.0,0.0,0.0,0,0.0,Unknown,0,187.88,273.07,273.07,365.51,578.34
cell_04687,80.3375,13.2025,299601.01642359124,0.0,0.0,0.0,0.0,0.0,0.0,0.0,0.0,0.0,2533.72,2944.42,2763.57,0.0,0.0,Water,0.0,100.0,0.0,0.0,0.0,0,0.0,Unknown,0,187.88,273.07,273.07,365.51,578.34
cell_04688,80.3375,13.2075,299595.0359728002,0.0,0.0,0.0,0.0,0.0,0.0,0.0,0.0,0.0,2195.9,2621.31,2480.03,0.0,0.0,Water,0.0,100.0,0.0,0.0,0.0,0,0.0,Unknown,0,187.88,273.07,273.07,365.51,578.34
cell_04689,80.3375,13.2125,299589.0532880973,0.0,0.0,0.0,0.0,0.0,0.0,0.0,0.0,0.0,1847.84,2339.31,2238.78,0.0,0.0,Water,0.0,100.0,0.0,0.0,0.0,0,0.0,Unknown,0,187.88,273.07,273.07,365.51,578.34
cell_04690,80.3375,13.2175,299583.0683698571,0.0,0.0,0.0,0.0,0.0,0.0,0.0,0.0,0.0,1618.23,1830.39,2101.69,0.0,0.0,Water,0.0,100.0,0.0,0.0,0.0,0,0.0,Unknown,0,187.88,273.07,273.07,365.51,578.34
cell_04691,80.3375,13.2225,299577.0812183748,0.0,0.0,0.0,0.0,0.0,0.0,0.0,0.0,0.0,1295.46,1347.03,1991.04,0.0,0.0,Water,0.0,100.0,0.0,0.0,0.0,0,0.0,Unknown,0,187.88,273.07,273.07,365.51,578.34
cell_04692,80.3375,13.2275,299571.09183340915,0.0,0.0,0.0,0.0,0.0,0.0,0.0,0.0,0.0,876.91,932.55,1999.17,0.0,0.0,Water,0.0,100.0,0.0,0.0,0.0,0,0.0,Unknown,0,187.88,273.07,273.07,365.51,578.34
cell_04693,80.3375,13.2325,299565.1002147038,0.0,0.0,0.0,0.0,0.0,0.0,0.0,0.0,0.0,686.51,726.72,2133.18,0.0,0.0,Water,0.0,100.0,0.0,0.0,0.0,0,0.0,Unknown,0,187.88,273.07,273.07,365.51,578.34
cell_04694,80.3375,13.2375,299559.1063630122,0.0,0.0,0.0,0.0,0.0,0.0,0.0,0.0,0.0,792.38,893.39,2157.62,0.0,0.0,Water,0.0,100.0,0.0,0.0,0.0,0,0.0,Unknown,0,187.88,273.07,273.07,365.51,578.34
cell_04695,80.3375,13.2425,299553.11027790303,0.0,0.0,0.0,0.0,0.0,0.0,0.0,0.0,0.0,1125.13,1296.05,2085.2,0.0,0.0,Water,0.0,93.4,0.45,0.0,6.15,0,0.0,Unknown,0,187.88,273.07,273.07,365.51,578.34
cell_04696,80.3375,13.2475,299547.11195915117,0.0,8.0,0.32,0.0,10.16,0.53,0.0,0.0,0.0,1584.35,1781.27,1811.52,0.0,0.0,Water,0.0,52.1,14.48,0.13,33.29,0,0.0,Unknown,0,187.88,273.07,273.07,365.51,578.34
cell_04697,80.3375,13.2525,299541.1114072107,0.0,0.0,0.0,0.0,0.0,0.0,0.0,0.0,0.0,2089.37,2297.31,1561.16,0.0,0.0,Unknown,0.0,0.0,0.0,0.0,0.0,0,0.0,Unknown,0,187.88,273.07,273.07,365.51,578.34
cell_04698,80.3425,12.8525,300013.5184865392,0.0,0.0,0.0,0.0,0.0,0.0,0.0,0.0,0.0,11058.06,13288.28,11164.37,0.0,0.0,Water,0.0,100.0,0.0,0.0,0.0,0,0.0,Unknown,0,187.88,273.07,273.07,365.51,578.34
cell_04699,80.3425,12.8575,300007.6945061168,0.0,0.0,0.0,0.0,0.0,0.0,0.0,0.0,0.0,10994.45,12971.32,11066.56,0.0,0.0,Water,0.0,100.0,0.0,0.0,0.0,0,0.0,Unknown,0,187.88,273.07,273.07,365.51,578.34
cell_04700,80.3425,12.8625,300001.86828944273,0.0,0.0,0.0,0.0,0.0,0.0,0.0,0.0,0.0,10887.5,12670.58,10995.39,0.0,0.0,Water,0.0,100.0,0.0,0.0,0.0,0,0.0,Unknown,0,187.88,273.07,273.07,365.51,578.34
cell_04701,80.3425,12.8675,299996.03983708087,0.0,0.0,0.0,0.0,0.0,0.0,0.0,0.0,0.0,10772.77,12387.23,10951.22,0.0,0.0,Water,0.0,100.0,0.0,0.0,0.0,0,0.0,Unknown,0,187.88,273.07,273.07,365.51,578.34
cell_04702,80.3425,12.8725,299990.209148807,0.0,0.0,0.0,0.0,0.0,0.0,0.0,0.0,0.0,10685.45,12122.49,10934.09,0.0,0.0,Water,0.0,100.0,0.0,0.0,0.0,0,0.0,Unknown,0,187.88,273.07,273.07,365.51,578.34
cell_04703,80.3425,12.8775,299984.37622436427,0.0,0.0,0.0,0.0,0.0,0.0,0.0,0.0,0.0,10625.86,11877.62,10943.91,0.0,0.0,Water,0.0,100.0,0.0,0.0,0.0,0,0.0,Unknown,0,187.88,273.07,273.07,365.51,578.34
cell_04704,80.3425,12.8825,299978.54106431606,0.0,0.0,0.0,0.0,0.0,0.0,0.0,0.0,0.0,10545.95,11653.85,10981.12,0.0,0.0,Water,0.0,100.0,0.0,0.0,0.0,0,0.0,Unknown,0,187.88,273.07,273.07,365.51,578.34
cell_04705,80.3425,12.8875,299972.7036684206,0.0,0.0,0.0,0.0,0.0,0.0,0.0,0.0,0.0,10493.15,11452.44,11043.03,0.0,0.0,Water,0.0,100.0,0.0,0.0,0.0,0,0.0,Unknown,0,187.88,273.07,273.07,365.51,578.34
cell_04706,80.3425,12.8925,299966.86403669004,0.0,0.0,0.0,0.0,0.0,0.0,0.0,0.0,0.0,10469.15,11274.57,11105.61,0.0,0.0,Water,0.0,100.0,0.0,0.0,0.0,0,0.0,Unknown,0,187.88,273.07,273.07,365.51,578.34
cell_04707,80.3425,12.8975,299961.02216899453,0.0,0.0,0.0,0.0,0.0,0.0,0.0,0.0,0.0,10357.98,11121.38,11096.91,0.0,0.0,Water,0.0,100.0,0.0,0.0,0.0,0,0.0,Unknown,0,187.88,273.07,273.07,365.51,578.34
cell_04708,80.3425,12.9025,299955.1780661818,0.0,0.0,0.0,0.0,0.0,0.0,0.0,0.0,0.0,10238.61,10993.9,10992.18,0.0,0.0,Water,0.0,100.0,0.0,0.0,0.0,0,0.0,Unknown,0,187.88,273.07,273.07,365.51,578.34
cell_04709,80.3425,12.9075,299949.3317271895,0.0,0.0,0.0,0.0,0.0,0.0,0.0,0.0,0.0,10148.0,10893.03,10889.96,0.0,0.0,Water,0.0,100.0,0.0,0.0,0.0,0,0.0,Unknown,0,187.88,273.07,273.07,365.51,578.34
cell_04710,80.3425,12.9125,299943.48315288144,0.0,0.0,0.0,0.0,0.0,0.0,0.0,0.0,0.0,10067.79,10819.51,10785.47,0.0,0.0,Water,0.0,100.0,0.0,0.0,0.0,0,0.0,Unknown,0,187.88,273.07,273.07,365.51,578.34
cell_04711,80.3425,12.9175,299937.6323423702,0.0,0.0,0.0,0.0,0.0,0.0,0.0,0.0,0.0,9992.08,10773.91,10681.9,0.0,0.0,Water,0.0,100.0,0.0,0.0,0.0,0,0.0,Unknown,0,187.88,273.07,273.07,365.51,578.34
cell_04712,80.3425,12.9225,299931.7792972137,0.0,0.0,0.0,0.0,0.0,0.0,0.0,0.0,0.0,9946.58,10756.58,10583.53,0.0,0.0,Water,0.0,100.0,0.0,0.0,0.0,0,0.0,Unknown,0,187.88,273.07,273.07,365.51,578.34
cell_04713,80.3425,12.9275,299925.92401576566,0.0,0.0,0.0,0.0,0.0,0.0,0.0,0.0,0.0,9862.65,10767.66,10487.21,0.0,0.0,Water,0.0,100.0,0.0,0.0,0.0,0,0.0,Unknown,0,187.88,273.07,273.07,365.51,578.34
cell_04714,80.3425,12.9325,299920.06649903255,0.0,0.0,0.0,0.0,0.0,0.0,0.0,0.0,0.0,9758.53,10807.05,10381.25,0.0,0.0,Water,0.0,100.0,0.0,0.0,0.0,0,0.0,Unknown,0,187.88,273.07,273.07,365.51,578.34
cell_04715,80.3425,12.9375,299914.2067468674,0.0,0.0,0.0,0.0,0.0,0.0,0.0,0.0,0.0,9681.78,10874.46,10280.38,0.0,0.0,Water,0.0,100.0,0.0,0.0,0.0,0,0.0,Unknown,0,187.88,273.07,273.07,365.51,578.34
cell_04716,80.3425,12.9425,299908.34475936147,0.0,0.0,0.0,0.0,0.0,0.0,0.0,0.0,0.0,9634.61,10482.58,10177.49,0.0,0.0,Water,0.0,100.0,0.0,0.0,0.0,0,0.0,Unknown,0,187.88,273.07,273.07,365.51,578.34
cell_04717,80.3425,12.9475,299902.48053621047,0.0,0.0,0.0,0.0,0.0,0.0,0.0,0.0,0.0,9540.98,10080.36,10072.81,0.0,0.0,Water,0.0,100.0,0.0,0.0,0.0,0,0.0,Unknown,0,187.88,273.07,273.07,365.51,578.34
cell_04718,80.3425,12.9525,299896.6140778512,0.0,0.0,0.0,0.0,0.0,0.0,0.0,0.0,0.0,9422.17,9693.0,9967.91,0.0,0.0,Water,0.0,100.0,0.0,0.0,0.0,0,0.0,Unknown,0,187.88,273.07,273.07,365.51,578.34
cell_04719,80.3425,12.9575,299890.745384121,0.0,0.0,0.0,0.0,0.0,0.0,0.0,0.0,0.0,9266.89,9322.37,9863.85,0.0,0.0,Water,0.0,100.0,0.0,0.0,0.0,0,0.0,Unknown,0,187.88,273.07,273.07,365.51,578.34
cell_04720,80.3425,12.9625,299884.8744551121,0.0,0.0,0.0,0.0,0.0,0.0,0.0,0.0,0.0,8944.69,8970.52,9772.6,0.0,0.0,Water,0.0,100.0,0.0,0.0,0.0,0,0.0,Unknown,0,187.88,273.07,273.07,365.51,578.34
cell_04721,80.3425,12.9675,299879.0012908359,0.0,0.0,0.0,0.0,0.0,0.0,0.0,0.0,0.0,8616.45,8639.77,9697.99,0.0,0.0,Water,0.0,100.0,0.0,0.0,0.0,0,0.0,Unknown,0,187.88,273.07,273.07,365.51,578.34
cell_04722,80.3425,12.9725,299873.1258915548,0.0,0.0,0.0,0.0,0.0,0.0,0.0,0.0,0.0,8312.06,8332.61,9645.73,0.0,0.0,Water,0.0,100.0,0.0,0.0,0.0,0,0.0,Unknown,0,187.88,273.07,273.07,365.51,578.34
cell_04723,80.3425,12.9775,299867.2482566027,0.0,0.0,0.0,0.0,0.0,0.0,0.0,0.0,0.0,8034.25,8051.76,9625.01,0.0,0.0,Water,0.0,100.0,0.0,0.0,0.0,0,0.0,Unknown,0,187.88,273.07,273.07,365.51,578.34
cell_04724,80.3425,12.9825,299861.3683868279,0.0,0.0,0.0,0.0,0.0,0.0,0.0,0.0,0.0,7785.86,7800.05,9631.46,0.0,0.0,Water,0.0,100.0,0.0,0.0,0.0,0,0.0,Unknown,0,187.88,273.07,273.07,365.51,578.34
cell_04725,80.3425,12.9875,299855.4862817995,0.0,0.0,0.0,0.0,0.0,0.0,0.0,0.0,0.0,7569.77,7580.38,9411.1,0.0,0.0,Water,0.0,100.0,0.0,0.0,0.0,0,0.0,Unknown,0,187.88,273.07,273.07,365.51,578.34
cell_04726,80.3425,12.9925,299849.601941876,0.0,0.0,0.0,0.0,0.0,0.0,0.0,0.0,0.0,7388.84,7395.62,9069.13,0.0,0.0,Water,0.0,100.0,0.0,0.0,0.0,0,0.0,Unknown,0,187.88,273.07,273.07,365.51,578.34
cell_04727,80.3425,12.9975,299843.71536664234,0.0,0.0,0.0,0.0,0.0,0.0,0.0,0.0,0.0,7245.68,7248.43,8748.77,0.0,0.0,Water,0.0,100.0,0.0,0.0,0.0,0,0.0,Unknown,0,187.88,273.07,273.07,365.51,578.34
cell_04728,80.3425,13.0025,299837.8265565363,0.0,0.0,0.0,0.0,0.0,0.0,0.0,0.0,0.0,7141.14,7141.14,8452.48,0.0,0.0,Water,0.0,100.0,0.0,0.0,0.0,0,0.0,Unknown,0,187.88,273.07,273.07,365.51,578.34
cell_04729,80.3425,13.0075,299831.9355115389,0.0,0.0,0.0,0.0,0.0,0.0,0.0,0.0,0.0,7071.55,7075.56,8179.67,0.0,0.0,Water,0.0,100.0,0.0,0.0,0.0,0,0.0,Unknown,0,187.88,273.07,273.07,365.51,578.34
cell_04730,80.3425,13.0125,299826.0422312348,0.0,0.0,0.0,0.0,0.0,0.0,0.0,0.0,0.0,7044.62,7052.86,7933.25,0.0,0.0,Water,0.0,100.0,0.0,0.0,0.0,0,0.0,Unknown,0,187.88,273.07,273.07,365.51,578.34
cell_04731,80.3425,13.0175,299820.14671636134,0.0,0.0,0.0,0.0,0.0,0.0,0.0,0.0,0.0,7057.67,7073.44,7718.64,0.0,0.0,Water,0.0,100.0,0.0,0.0,0.0,0,0.0,Unknown,0,187.88,273.07,273.07,365.51,578.34
cell_04732,80.3425,13.0225,299814.24896658317,0.0,0.0,0.0,0.0,0.0,0.0,0.0,0.0,0.0,7108.26,7136.94,7538.57,0.0,0.0,Water,0.0,100.0,0.0,0.0,0.0,0,0.0,Unknown,0,187.88,273.07,273.07,365.51,578.34
cell_04733,80.3425,13.0275,299808.3489817375,0.0,0.0,0.0,0.0,0.0,0.0,0.0,0.0,0.0,7030.39,7054.05,7322.37,0.0,0.0,Water,0.0,100.0,0.0,0.0,0.0,0,0.0,Unknown,0,187.88,273.07,273.07,365.51,578.34
cell_04734,80.3425,13.0325,299802.44676223036,0.0,0.0,0.0,0.0,0.0,0.0,0.0,0.0,0.0,6707.67,6727.35,7126.29,0.0,0.0,Water,0.0,100.0,0.0,0.0,0.0,0,0.0,Unknown,0,187.88,273.07,273.07,365.51,578.34
cell_04735,80.3425,13.0375,299796.5423080578,0.0,0.0,0.0,0.0,0.0,0.0,0.0,0.0,0.0,6416.46,6431.67,6964.94,0.0,0.0,Water,0.0,100.0,0.0,0.0,0.0,0,0.0,Unknown,0,187.88,273.07,273.07,365.51,578.34
cell_04736,80.3425,13.0425,299790.6356189006,0.0,0.0,0.0,0.0,0.0,0.0,0.0,0.0,0.0,6161.22,6171.48,6843.12,0.0,0.0,Water,0.0,100.0,0.0,0.0,0.0,0,0.0,Unknown,0,187.88,273.07,273.07,365.51,578.34
cell_04737,80.3425,13.0475,299784.72669519536,0.0,0.0,0.0,0.0,0.0,0.0,0.0,0.0,0.0,5946.58,5951.43,6763.79,0.0,0.0,Water,0.0,100.0,0.0,0.0,0.0,0,0.0,Unknown,0,187.88,273.07,273.07,365.51,578.34
cell_04738,80.3425,13.0525,299778.8155367632,0.0,0.0,0.0,0.0,0.0,0.0,0.0,0.0,0.0,5775.86,5776.1,6589.09,0.0,0.0,Water,0.0,100.0,0.0,0.0,0.0,0,0.0,Unknown,0,187.88,273.07,273.07,365.51,578.34
cell_04739,80.3425,13.0575,299772.9021436021,0.0,0.0,0.0,0.0,0.0,0.0,0.0,0.0,0.0,5645.63,5649.67,6379.05,0.0,0.0,Water,0.0,100.0,0.0,0.0,0.0,0,0.0,Unknown,0,187.88,273.07,273.07,365.51,578.34
cell_04740,80.3425,13.0625,299766.98651616415,0.0,0.0,0.0,0.0,0.0,0.0,0.0,0.0,0.0,5567.52,5575.45,6204.9,0.0,0.0,Water,0.0,100.0,0.0,0.0,0.0,0,0.0,Unknown,0,187.88,273.07,273.07,365.51,578.34
cell_04741,80.3425,13.0675,299761.0686538768,0.0,0.0,0.0,0.0,0.0,0.0,0.0,0.0,0.0,5543.72,5555.56,6060.89,0.0,0.0,Water,0.0,100.0,0.0,0.0,0.0,0,0.0,Unknown,0,187.88,273.07,273.07,365.51,578.34
cell_04742,80.3425,13.0725,299755.14855700434,0.0,0.0,0.0,0.0,0.0,0.0,0.0,0.0,0.0,5574.95,5590.55,5947.84,0.0,0.0,Water,0.0,100.0,0.0,0.0,0.0,0,0.0,Unknown,0,187.88,273.07,273.07,365.51,578.34
cell_04743,80.3425,13.0775,299749.2262258263,0.0,0.0,0.0,0.0,0.0,0.0,0.0,0.0,0.0,5660.28,5679.43,5875.32,0.0,0.0,Water,0.0,100.0,0.0,0.0,0.0,0,0.0,Unknown,0,187.88,273.07,273.07,365.51,578.34
cell_04744,80.3425,13.0825,299743.30166018044,0.0,0.0,0.0,0.0,0.0,0.0,0.0,0.0,0.0,5792.63,5819.71,5850.07,0.0,0.0,Water,0.0,100.0,0.0,0.0,0.0,0,0.0,Unknown,0,187.88,273.07,273.07,365.51,578.34
cell_04745,80.3425,13.0875,299737.3748598575,0.0,0.0,0.0,0.0,0.0,0.0,0.0,0.0,0.0,5481.67,6007.81,5873.08,0.0,0.0,Water,0.0,100.0,0.0,0.0,0.0,0,0.0,Unknown,0,187.88,273.07,273.07,365.51,578.34
cell_04746,80.3425,13.0925,299731.4458254374,0.0,0.0,0.0,0.0,0.0,0.0,0.0,0.0,0.0,5179.26,6239.4,5947.64,0.0,0.0,Water,0.0,100.0,0.0,0.0,0.0,0,0.0,Unknown,0,187.88,273.07,273.07,365.51,578.34
cell_04747,80.3425,13.0975,299725.51455656864,0.0,0.0,0.0,0.0,0.0,0.0,0.0,0.0,0.0,4920.6,6509.83,6071.84,0.0,0.0,Water,0.0,100.0,0.0,0.0,0.0,0,0.0,Unknown,0,187.88,273.07,273.07,365.51,578.34
cell_04748,80.3425,13.1025,299719.58105332474,0.0,0.0,0.0,0.0,0.0,0.0,0.0,0.0,0.0,4712.91,6814.5,6241.9,0.0,0.0,Water,0.0,100.0,0.0,0.0,0.0,0,0.0,Unknown,0,187.88,273.07,273.07,365.51,578.34
cell_04749,80.3425,13.1075,299713.64531587576,0.0,0.0,0.0,0.0,0.0,0.0,0.0,0.0,0.0,4563.14,7149.01,6454.68,0.0,0.0,Water,0.0,100.0,0.0,0.0,0.0,0,0.0,Unknown,0,187.88,273.07,273.07,365.51,578.34
cell_04750,80.3425,13.1125,299707.7073438701,0.0,0.0,0.0,0.0,0.0,0.0,0.0,0.0,0.0,4477.11,7509.38,6706.41,0.0,0.0,Water,0.0,100.0,0.0,0.0,0.0,0,0.0,Unknown,0,187.88,273.07,273.07,365.51,578.34
cell_04751,80.3425,13.1175,299701.76713824994,0.0,0.0,0.0,0.0,0.0,0.0,0.0,0.0,0.0,4458.51,7858.58,6992.9,0.0,0.0,Water,0.0,100.0,0.0,0.0,0.0,0,0.0,Unknown,0,187.88,273.07,273.07,365.51,578.34
cell_04752,80.3425,13.1225,299695.82469785947,0.0,0.0,0.0,0.0,0.0,0.0,0.0,0.0,0.0,4508.18,8175.46,7168.66,0.0,0.0,Water,0.0,100.0,0.0,0.0,0.0,0,0.0,Unknown,0,187.88,273.07,273.07,365.51,578.34
cell_04753,80.3425,13.1275,299689.8800236885,0.0,0.0,0.0,0.0,0.0,0.0,0.0,0.0,0.0,4623.91,8032.38,6934.46,0.0,0.0,Water,0.0,100.0,0.0,0.0,0.0,0,0.0,Unknown,0,187.88,273.07,273.07,365.51,578.34
cell_04754,80.3425,13.1325,299683.93311521225,0.0,0.0,0.0,0.0,0.0,0.0,0.0,0.0,0.0,4799.84,7594.94,6703.24,0.0,0.0,Water,0.0,100.0,0.0,0.0,0.0,0,0.0,Unknown,0,187.88,273.07,273.07,365.51,578.34
cell_04755,80.3425,13.1375,299677.98397280433,0.0,0.0,0.0,0.0,0.0,0.0,0.0,0.0,0.0,5030.69,7173.46,6465.91,0.0,0.0,Water,0.0,100.0,0.0,0.0,0.0,0,0.0,Unknown,0,187.88,273.07,273.07,365.51,578.34
cell_04756,80.3425,13.1425,299672.0325960818,0.0,0.0,0.0,0.0,0.0,0.0,0.0,0.0,0.0,4976.99,6770.93,6244.33,0.0,0.0,Water,0.0,100.0,0.0,0.0,0.0,0,0.0,Unknown,0,187.88,273.07,273.07,365.51,578.34
cell_04757,80.3425,13.1475,299666.0789857979,0.0,0.0,0.0,0.0,0.0,0.0,0.0,0.0,0.0,4775.15,6390.93,6065.21,0.0,0.0,Water,0.0,100.0,0.0,0.0,0.0,0,0.0,Unknown,0,187.88,273.07,273.07,365.51,578.34
cell_04758,80.3425,13.1525,299660.1231410173,0.0,0.0,0.0,0.0,0.0,0.0,0.0,0.0,0.0,4630.91,6037.72,5932.41,0.0,0.0,Water,0.0,100.0,0.0,0.0,0.0,0,0.0,Unknown,0,187.88,273.07,273.07,365.51,578.34
cell_04759,80.3425,13.1575,299654.1650627925,0.0,0.0,0.0,0.0,0.0,0.0,0.0,0.0,0.0,4549.74,5716.27,5629.64,0.0,0.0,Water,0.0,100.0,0.0,0.0,0.0,0,0.0,Unknown,0,187.88,273.07,273.07,365.51,578.34
cell_04760,80.3425,13.1625,299648.2047502994,0.0,0.0,0.0,0.0,0.0,0.0,0.0,0.0,0.0,4461.27,5427.6,5325.73,0.0,0.0,Water,0.0,100.0,0.0,0.0,0.0,0,0.0,Unknown,0,187.88,273.07,273.07,365.51,578.34
cell_04761,80.3425,13.1675,299642.2422041485,0.0,0.0,0.0,0.0,0.0,0.0,0.0,0.0,0.0,4322.88,5152.62,5029.02,0.0,0.0,Water,0.0,100.0,0.0,0.0,0.0,0,0.0,Unknown,0,187.88,273.07,273.07,365.51,578.34
cell_04762,80.3425,13.1725,299636.2774240993,0.0,0.0,0.0,0.0,0.0,0.0,0.0,0.0,0.0,4252.45,4905.25,4774.08,0.0,0.0,Water,0.0,100.0,0.0,0.0,0.0,0,0.0,Unknown,0,187.88,273.07,273.07,365.51,578.34
cell_04763,80.3425,13.1775,299630.31041013176,0.0,0.0,0.0,0.0,0.0,0.0,0.0,0.0,0.0,4217.57,4678.71,4541.6,0.0,0.0,Water,0.0,100.0,0.0,0.0,0.0,0,0.0,Unknown,0,187.88,273.07,273.07,365.51,578.34
cell_04764,80.3425,13.1825,299624.34116268257,0.0,0.0,0.0,0.0,0.0,0.0,0.0,0.0,0.0,4237.98,4387.29,4283.14,0.0,0.0,Water,0.0,100.0,0.0,0.0,0.0,0,0.0,Unknown,0,187.88,273.07,273.07,365.51,578.34
cell_04765,80.3425,13.1875,299618.36968121165,0.0,0.0,0.0,0.0,0.0,0.0,0.0,0.0,0.0,4008.46,4089.29,4000.94,0.0,0.0,Water,0.0,100.0,0.0,0.0,0.0,0,0.0,Unknown,0,187.88,273.07,273.07,365.51,578.34
cell_04766,80.3425,13.1925,299612.39596631366,0.0,0.0,0.0,0.0,0.0,0.0,0.0,0.0,0.0,3623.38,3847.08,3746.16,0.0,0.0,Water,0.0,100.0,0.0,0.0,0.0,0,0.0,Unknown,0,187.88,273.07,273.07,365.51,578.34
cell_04767,80.3425,13.1975,299606.4200176694,0.0,0.0,0.0,0.0,0.0,0.0,0.0,0.0,0.0,3286.59,3633.58,3511.16,0.0,0.0,Water,0.0,100.0,0.0,0.0,0.0,0,0.0,Unknown,0,187.88,273.07,273.07,365.51,578.34
cell_04768,80.3425,13.2025,299600.44183516275,0.0,0.0,0.0,0.0,0.0,0.0,0.0,0.0,0.0,2970.01,3387.14,3228.72,0.0,0.0,Water,0.0,100.0,0.0,0.0,0.0,0,0.0,Unknown,0,187.88,273.07,273.07,365.51,578.34
cell_04769,80.3425,13.2075,299594.4614196106,0.0,0.0,0.0,0.0,0.0,0.0,0.0,0.0,0.0,2608.05,3061.63,2954.63,0.0,0.0,Water,0.0,100.0,0.0,0.0,0.0,0,0.0,Unknown,0,187.88,273.07,273.07,365.51,578.34
cell_04770,80.3425,13.2125,299588.47877004655,0.0,0.0,0.0,0.0,0.0,0.0,0.0,0.0,0.0,2322.59,2571.89,2754.92,0.0,0.0,Water,0.0,100.0,0.0,0.0,0.0,0,0.0,Unknown,0,187.88,273.07,273.07,365.51,578.34
cell_04771,80.3425,13.2175,299582.4938869862,0.0,0.0,0.0,0.0,0.0,0.0,0.0,0.0,0.0,2058.23,2113.5,2630.71,0.0,0.0,Water,0.0,100.0,0.0,0.0,0.0,0,0.0,Unknown,0,187.88,273.07,273.07,365.51,578.34
cell_04772,80.3425,13.2225,299576.50677056826,0.0,0.0,0.0,0.0,0.0,0.0,0.0,0.0,0.0,1647.87,1703.78,2529.5,0.0,0.0,Water,0.0,100.0,0.0,0.0,0.0,0,0.0,Unknown,0,187.88,273.07,273.07,365.51,578.34
cell_04773,80.3425,13.2275,299570.51742096123,0.0,0.0,0.0,0.0,0.0,0.0,0.0,0.0,0.0,1343.96,1396.33,2535.9,0.0,0.0,Water,0.0,100.0,0.0,0.0,0.0,0,0.0,Unknown,0,187.88,273.07,273.07,365.51,578.34
cell_04774,80.3425,13.2325,299564.5258374194,0.0,0.0,0.0,0.0,0.0,0.0,0.0,0.0,0.0,1228.23,1268.14,2654.66,0.0,0.0,Water,0.0,100.0,0.0,0.0,0.0,0,0.0,Unknown,0,187.88,273.07,273.07,365.51,578.34
cell_04775,80.3425,13.2375,299558.5320208527,0.0,0.0,0.0,0.0,0.0,0.0,0.0,0.0,0.0,1309.85,1370.47,2699.24,0.0,0.0,Water,0.0,100.0,0.0,0.0,0.0,0,0.0,Unknown,0,187.88,273.07,273.07,365.51,578.34
cell_04776,80.3425,13.2425,299552.5359710684,0.0,0.0,0.0,0.0,0.0,0.0,0.0,0.0,0.0,1534.19,1661.26,2545.58,0.0,0.0,Water,0.0,100.0,0.0,0.0,0.0,0,0.0,Unknown,0,187.88,273.07,273.07,365.51,578.34
cell_04777,80.3425,13.2475,299546.53768758813,0.0,0.0,0.0,0.0,0.0,0.0,0.0,0.0,0.0,1898.25,2062.26,2300.09,0.0,0.0,Water,0.0,100.0,0.0,0.0,0.0,0,0.0,Unknown,0,187.88,273.07,273.07,365.51,578.34
cell_04778,80.3425,13.2525,299540.5371708338,0.0,0.0,0.0,0.0,0.0,0.0,0.0,0.0,0.0,2336.72,2521.43,2032.98,0.0,0.0,Unknown,0.0,0.0,0.0,0.0,0.0,0,0.0,Unknown,0,187.88,273.07,273.07,365.51,578.34
cell_04779,80.3475,12.8525,300012.94583859236,0.0,0.0,0.0,0.0,0.0,0.0,0.0,0.0,0.0,11595.56,13731.15,11696.45,0.0,0.0,Water,0.0,100.0,0.0,0.0,0.0,0,0.0,Unknown,0,187.88,273.07,273.07,365.51,578.34
cell_04780,80.3475,12.8575,300007.1218922509,0.0,0.0,0.0,0.0,0.0,0.0,0.0,0.0,0.0,11534.88,13424.65,11602.99,0.0,0.0,Water,0.0,100.0,0.0,0.0,0.0,0,0.0,Unknown,0,187.88,273.07,273.07,365.51,578.34
cell_04781,80.3475,12.8625,300001.29570965224,0.0,0.0,0.0,0.0,0.0,0.0,0.0,0.0,0.0,11415.96,13134.28,11535.12,0.0,0.0,Water,0.0,100.0,0.0,0.0,0.0,0,0.0,Unknown,0,187.88,273.07,273.07,365.51,578.34
cell_04782,80.3475,12.8675,299995.4672913609,0.0,0.0,0.0,0.0,0.0,0.0,0.0,0.0,0.0,11306.57,12861.14,11492.93,0.0,0.0,Water,0.0,100.0,0.0,0.0,0.0,0,0.0,Unknown,0,187.88,273.07,273.07,365.51,578.34
cell_04783,80.3475,12.8725,299989.6366371511,0.0,0.0,0.0,0.0,0.0,0.0,0.0,0.0,0.0,11223.4,12606.35,11476.6,0.0,0.0,Water,0.0,100.0,0.0,0.0,0.0,0,0.0,Unknown,0,187.88,273.07,273.07,365.51,578.34
cell_04784,80.3475,12.8775,299983.8037469238,0.0,0.0,0.0,0.0,0.0,0.0,0.0,0.0,0.0,11160.92,12371.05,11485.95,0.0,0.0,Water,0.0,100.0,0.0,0.0,0.0,0,0.0,Unknown,0,187.88,273.07,273.07,365.51,578.34
cell_04785,80.3475,12.8825,299977.9686209113,0.0,0.0,0.0,0.0,0.0,0.0,0.0,0.0,0.0,11084.76,12156.36,11521.5,0.0,0.0,Water,0.0,100.0,0.0,0.0,0.0,0,0.0,Unknown,0,187.88,273.07,273.07,365.51,578.34
cell_04786,80.3475,12.8875,299972.13125922065,0.0,0.0,0.0,0.0,0.0,0.0,0.0,0.0,0.0,11034.38,11963.4,11580.92,0.0,0.0,Water,0.0,100.0,0.0,0.0,0.0,0,0.0,Unknown,0,187.88,273.07,273.07,365.51,578.34
cell_04787,80.3475,12.8925,299966.291661642,0.0,0.0,0.0,0.0,0.0,0.0,0.0,0.0,0.0,11011.55,11793.23,11645.97,0.0,0.0,Water,0.0,100.0,0.0,0.0,0.0,0,0.0,Unknown,0,187.88,273.07,273.07,365.51,578.34
cell_04788,80.3475,12.8975,299960.4498281392,0.0,0.0,0.0,0.0,0.0,0.0,0.0,0.0,0.0,10885.2,11646.85,11629.56,0.0,0.0,Water,0.0,100.0,0.0,0.0,0.0,0,0.0,Unknown,0,187.88,273.07,273.07,365.51,578.34
cell_04789,80.3475,12.9025,299954.60575949715,0.0,0.0,0.0,0.0,0.0,0.0,0.0,0.0,0.0,10771.66,11525.18,11524.81,0.0,0.0,Water,0.0,100.0,0.0,0.0,0.0,0,0.0,Unknown,0,187.88,273.07,273.07,365.51,578.34
cell_04790,80.3475,12.9075,299948.7594546387,0.0,0.0,0.0,0.0,0.0,0.0,0.0,0.0,0.0,10685.56,11428.98,11422.62,0.0,0.0,Water,0.0,100.0,0.0,0.0,0.0,0,0.0,Unknown,0,187.88,273.07,273.07,365.51,578.34
cell_04791,80.3475,12.9125,299942.9109145541,0.0,0.0,0.0,0.0,0.0,0.0,0.0,0.0,0.0,10603.26,11358.93,11318.13,0.0,0.0,Water,0.0,100.0,0.0,0.0,0.0,0,0.0,Unknown,0,187.88,273.07,273.07,365.51,578.34
cell_04792,80.3475,12.9175,299937.0601383696,0.0,0.0,0.0,0.0,0.0,0.0,0.0,0.0,0.0,10531.39,11315.49,11215.1,0.0,0.0,Water,0.0,100.0,0.0,0.0,0.0,0,0.0,Unknown,0,187.88,273.07,273.07,365.51,578.34
cell_04793,80.3475,12.9225,299931.20712718717,0.0,0.0,0.0,0.0,0.0,0.0,0.0,0.0,0.0,10488.22,11298.98,11118.89,0.0,0.0,Water,0.0,100.0,0.0,0.0,0.0,0,0.0,Unknown,0,187.88,273.07,273.07,365.51,578.34
cell_04794,80.3475,12.9275,299925.35188008694,0.0,0.0,0.0,0.0,0.0,0.0,0.0,0.0,0.0,10392.98,11309.51,11020.17,0.0,0.0,Water,0.0,100.0,0.0,0.0,0.0,0,0.0,Unknown,0,187.88,273.07,273.07,365.51,578.34
cell_04795,80.3475,12.9325,299919.494397569,0.0,0.0,0.0,0.0,0.0,0.0,0.0,0.0,0.0,10294.22,11347.02,10913.55,0.0,0.0,Water,0.0,100.0,0.0,0.0,0.0,0,0.0,Unknown,0,187.88,273.07,273.07,365.51,578.34
cell_04796,80.3475,12.9375,299913.63467973983,0.0,0.0,0.0,0.0,0.0,0.0,0.0,0.0,0.0,10220.83,11256.62,10813.98,0.0,0.0,Water,0.0,100.0,0.0,0.0,0.0,0,0.0,Unknown,0,187.88,273.07,273.07,365.51,578.34
cell_04797,80.3475,12.9425,299907.77272635885,0.0,0.0,0.0,0.0,0.0,0.0,0.0,0.0,0.0,10176.08,10854.91,10707.75,0.0,0.0,Water,0.0,100.0,0.0,0.0,0.0,0,0.0,Unknown,0,187.88,273.07,273.07,365.51,578.34
cell_04798,80.3475,12.9475,299901.9085376737,0.0,0.0,0.0,0.0,0.0,0.0,0.0,0.0,0.0,10068.0,10466.99,10608.24,0.0,0.0,Water,0.0,100.0,0.0,0.0,0.0,0,0.0,Unknown,0,187.88,273.07,273.07,365.51,578.34
cell_04799,80.3475,12.9525,299896.04211347504,0.0,0.0,0.0,0.0,0.0,0.0,0.0,0.0,0.0,9955.48,10094.48,10498.59,0.0,0.0,Water,0.0,100.0,0.0,0.0,0.0,0,0.0,Unknown,0,187.88,273.07,273.07,365.51,578.34
cell_04800,80.3475,12.9575,299890.17345426424,0.0,0.0,0.0,0.0,0.0,0.0,0.0,0.0,0.0,9712.77,9739.12,10397.75,0.0,0.0,Water,0.0,100.0,0.0,0.0,0.0,0,0.0,Unknown,0,187.88,273.07,273.07,365.51,578.34
cell_04801,80.3475,12.9625,299884.3025593735,0.0,0.0,0.0,0.0,0.0,0.0,0.0,0.0,0.0,9378.81,9402.88,10309.38,0.0,0.0,Water,0.0,100.0,0.0,0.0,0.0,0,0.0,Unknown,0,187.88,273.07,273.07,365.51,578.34
cell_04802,80.3475,12.9675,299878.429429461,0.0,0.0,0.0,0.0,0.0,0.0,0.0,0.0,0.0,9066.29,9087.86,10236.42,0.0,0.0,Water,0.0,100.0,0.0,0.0,0.0,0,0.0,Unknown,0,187.88,273.07,273.07,365.51,578.34
cell_04803,80.3475,12.9725,299872.5540645238,0.0,0.0,0.0,0.0,0.0,0.0,0.0,0.0,0.0,8777.51,8796.36,10186.91,0.0,0.0,Water,0.0,100.0,0.0,0.0,0.0,0,0.0,Unknown,0,187.88,273.07,273.07,365.51,578.34
cell_04804,80.3475,12.9775,299866.676464067,0.0,0.0,0.0,0.0,0.0,0.0,0.0,0.0,0.0,8514.89,8530.78,10167.28,0.0,0.0,Water,0.0,100.0,0.0,0.0,0.0,0,0.0,Unknown,0,187.88,273.07,273.07,365.51,578.34
cell_04805,80.3475,12.9825,299860.79662849644,0.0,0.0,0.0,0.0,0.0,0.0,0.0,0.0,0.0,8280.92,8293.61,10173.5,0.0,0.0,Water,0.0,100.0,0.0,0.0,0.0,0,0.0,Unknown,0,187.88,273.07,273.07,365.51,578.34
cell_04806,80.3475,12.9875,299854.9145579035,0.0,0.0,0.0,0.0,0.0,0.0,0.0,0.0,0.0,8078.08,8087.35,9835.36,0.0,0.0,Water,0.0,100.0,0.0,0.0,0.0,0,0.0,Unknown,0,187.88,273.07,273.07,365.51,578.34
cell_04807,80.3475,12.9925,299849.0302522993,0.0,0.0,0.0,0.0,0.0,0.0,0.0,0.0,0.0,7908.77,7914.43,9508.65,0.0,0.0,Water,0.0,100.0,0.0,0.0,0.0,0,0.0,Unknown,0,187.88,273.07,273.07,365.51,578.34
cell_04808,80.3475,12.9975,299843.14371152193,0.0,0.0,0.0,0.0,0.0,0.0,0.0,0.0,0.0,7775.18,7777.05,9203.6,0.0,0.0,Water,0.0,100.0,0.0,0.0,0.0,0,0.0,Unknown,0,187.88,273.07,273.07,365.51,578.34
cell_04809,80.3475,13.0025,299837.2549358988,0.0,0.0,0.0,0.0,0.0,0.0,0.0,0.0,0.0,7676.71,7677.14,8921.61,0.0,0.0,Water,0.0,100.0,0.0,0.0,0.0,0,0.0,Unknown,0,187.88,273.07,273.07,365.51,578.34
cell_04810,80.3475,13.0075,299831.36392518855,0.0,0.0,0.0,0.0,0.0,0.0,0.0,0.0,0.0,7611.83,7616.17,8661.28,0.0,0.0,Water,0.0,100.0,0.0,0.0,0.0,0,0.0,Unknown,0,187.88,273.07,273.07,365.51,578.34
cell_04811,80.3475,13.0125,299825.47067946487,0.0,0.0,0.0,0.0,0.0,0.0,0.0,0.0,0.0,7586.81,7595.07,8428.94,0.0,0.0,Water,0.0,100.0,0.0,0.0,0.0,0,0.0,Unknown,0,187.88,273.07,273.07,365.51,578.34
cell_04812,80.3475,13.0175,299819.5751989763,0.0,0.0,0.0,0.0,0.0,0.0,0.0,0.0,0.0,7599.17,7614.18,8227.26,0.0,0.0,Water,0.0,100.0,0.0,0.0,0.0,0,0.0,Unknown,0,187.88,273.07,273.07,365.51,578.34
cell_04813,80.3475,13.0225,299813.6774835304,0.0,0.0,0.0,0.0,0.0,0.0,0.0,0.0,0.0,7646.17,7673.19,8042.09,0.0,0.0,Water,0.0,100.0,0.0,0.0,0.0,0,0.0,Unknown,0,187.88,273.07,273.07,365.51,578.34
cell_04814,80.3475,13.0275,299807.7775332168,0.0,0.0,0.0,0.0,0.0,0.0,0.0,0.0,0.0,7467.52,7488.47,7824.99,0.0,0.0,Water,0.0,100.0,0.0,0.0,0.0,0,0.0,Unknown,0,187.88,273.07,273.07,365.51,578.34
cell_04815,80.3475,13.0325,299801.875348268,0.0,0.0,0.0,0.0,0.0,0.0,0.0,0.0,0.0,7164.51,7181.55,7641.61,0.0,0.0,Water,0.0,100.0,0.0,0.0,0.0,0,0.0,Unknown,0,187.88,273.07,273.07,365.51,578.34
cell_04816,80.3475,13.0375,299795.97092856874,0.0,0.0,0.0,0.0,0.0,0.0,0.0,0.0,0.0,6892.62,6905.34,7490.04,0.0,0.0,Water,0.0,100.0,0.0,0.0,0.0,0,0.0,Unknown,0,187.88,273.07,273.07,365.51,578.34
cell_04817,80.3475,13.0425,299790.06427378324,0.0,0.0,0.0,0.0,0.0,0.0,0.0,0.0,0.0,6655.65,6663.66,7376.89,0.0,0.0,Water,0.0,100.0,0.0,0.0,0.0,0,0.0,Unknown,0,187.88,273.07,273.07,365.51,578.34
cell_04818,80.3475,13.0475,299784.15538474417,0.0,0.0,0.0,0.0,0.0,0.0,0.0,0.0,0.0,6457.46,6460.38,7302.96,0.0,0.0,Water,0.0,100.0,0.0,0.0,0.0,0,0.0,Unknown,0,187.88,273.07,273.07,365.51,578.34
cell_04819,80.3475,13.0525,299778.2442607845,0.0,0.0,0.0,0.0,0.0,0.0,0.0,0.0,0.0,6298.03,6299.23,7085.73,0.0,0.0,Water,0.0,100.0,0.0,0.0,0.0,0,0.0,Unknown,0,187.88,273.07,273.07,365.51,578.34
cell_04820,80.3475,13.0575,299772.33090210473,0.0,0.0,0.0,0.0,0.0,0.0,0.0,0.0,0.0,6178.8,6183.49,6890.83,0.0,0.0,Water,0.0,100.0,0.0,0.0,0.0,0,0.0,Unknown,0,187.88,273.07,273.07,365.51,578.34
cell_04821,80.3475,13.0625,299766.4153093158,0.0,0.0,0.0,0.0,0.0,0.0,0.0,0.0,0.0,6107.5,6115.75,6723.84,0.0,0.0,Water,0.0,100.0,0.0,0.0,0.0,0,0.0,Unknown,0,187.88,273.07,273.07,365.51,578.34
cell_04822,80.3475,13.0675,299760.49748146685,0.0,0.0,0.0,0.0,0.0,0.0,0.0,0.0,0.0,6085.81,6097.6,6590.97,0.0,0.0,Water,0.0,100.0,0.0,0.0,0.0,0,0.0,Unknown,0,187.88,273.07,273.07,365.51,578.34
cell_04823,80.3475,13.0725,299754.57741916954,0.0,0.0,0.0,0.0,0.0,0.0,0.0,0.0,0.0,6114.25,6129.49,6482.09,0.0,0.0,Water,0.0,100.0,0.0,0.0,0.0,0,0.0,Unknown,0,187.88,273.07,273.07,365.51,578.34
cell_04824,80.3475,13.0775,299748.65512274986,0.0,0.0,0.0,0.0,0.0,0.0,0.0,0.0,0.0,6192.15,6210.65,6415.6,0.0,0.0,Water,0.0,100.0,0.0,0.0,0.0,0,0.0,Unknown,0,187.88,273.07,273.07,365.51,578.34
cell_04825,80.3475,13.0825,299742.7305915096,0.0,0.0,0.0,0.0,0.0,0.0,0.0,0.0,0.0,6245.77,6339.18,6392.13,0.0,0.0,Water,0.0,100.0,0.0,0.0,0.0,0,0.0,Unknown,0,187.88,273.07,273.07,365.51,578.34
cell_04826,80.3475,13.0875,299736.80382593436,0.0,0.0,0.0,0.0,0.0,0.0,0.0,0.0,0.0,5930.77,6512.28,6413.18,0.0,0.0,Water,0.0,100.0,0.0,0.0,0.0,0,0.0,Unknown,0,187.88,273.07,273.07,365.51,578.34
cell_04827,80.3475,13.0925,299730.8748260653,0.0,0.0,0.0,0.0,0.0,0.0,0.0,0.0,0.0,5652.43,6726.51,6481.52,0.0,0.0,Water,0.0,100.0,0.0,0.0,0.0,0,0.0,Unknown,0,187.88,273.07,273.07,365.51,578.34
cell_04828,80.3475,13.0975,299724.9435918679,0.0,0.0,0.0,0.0,0.0,0.0,0.0,0.0,0.0,5416.41,6978.09,6595.66,0.0,0.0,Water,0.0,100.0,0.0,0.0,0.0,0,0.0,Unknown,0,187.88,273.07,273.07,365.51,578.34
cell_04829,80.3475,13.1025,299719.01012325904,0.0,0.0,0.0,0.0,0.0,0.0,0.0,0.0,0.0,5228.43,7263.13,6752.85,0.0,0.0,Water,0.0,100.0,0.0,0.0,0.0,0,0.0,Unknown,0,187.88,273.07,273.07,365.51,578.34
cell_04830,80.3475,13.1075,299713.0744203919,0.0,0.0,0.0,0.0,0.0,0.0,0.0,0.0,0.0,5093.83,7577.85,6950.0,0.0,0.0,Water,0.0,100.0,0.0,0.0,0.0,0,0.0,Unknown,0,187.88,273.07,273.07,365.51,578.34
cell_04831,80.3475,13.1125,299707.1364831361,0.0,0.0,0.0,0.0,0.0,0.0,0.0,0.0,0.0,5016.9,7918.73,7184.39,0.0,0.0,Water,0.0,100.0,0.0,0.0,0.0,0,0.0,Unknown,0,187.88,273.07,273.07,365.51,578.34
cell_04832,80.3475,13.1175,299701.1963121809,0.0,0.0,0.0,0.0,0.0,0.0,0.0,0.0,0.0,5000.3,8282.52,7452.51,0.0,0.0,Water,0.0,100.0,0.0,0.0,0.0,0,0.0,Unknown,0,187.88,273.07,273.07,365.51,578.34
cell_04833,80.3475,13.1225,299695.25390646595,0.0,0.0,0.0,0.0,0.0,0.0,0.0,0.0,0.0,5044.63,8616.99,7659.62,0.0,0.0,Water,0.0,100.0,0.0,0.0,0.0,0,0.0,Unknown,0,187.88,273.07,273.07,365.51,578.34
cell_04834,80.3475,13.1275,299689.30926702765,0.0,0.0,0.0,0.0,0.0,0.0,0.0,0.0,0.0,5148.32,8366.03,7425.42,0.0,0.0,Water,0.0,100.0,0.0,0.0,0.0,0,0.0,Unknown,0,187.88,273.07,273.07,365.51,578.34
cell_04835,80.3475,13.1325,299683.3623932295,0.0,0.0,0.0,0.0,0.0,0.0,0.0,0.0,0.0,5307.14,7946.96,7196.93,0.0,0.0,Water,0.0,100.0,0.0,0.0,0.0,0,0.0,Unknown,0,187.88,273.07,273.07,365.51,578.34
cell_04836,80.3475,13.1375,299677.41328543174,0.0,0.0,0.0,0.0,0.0,0.0,0.0,0.0,0.0,5516.79,7545.16,6957.49,0.0,0.0,Water,0.0,100.0,0.0,0.0,0.0,0,0.0,Unknown,0,187.88,273.07,273.07,365.51,578.34
cell_04837,80.3475,13.1425,299671.461943535,0.0,0.0,0.0,0.0,0.0,0.0,0.0,0.0,0.0,5475.08,7163.54,6752.05,0.0,0.0,Water,0.0,100.0,0.0,0.0,0.0,0,0.0,Unknown,0,187.88,273.07,273.07,365.51,578.34
cell_04838,80.3475,13.1475,299665.5083681022,0.0,0.0,0.0,0.0,0.0,0.0,0.0,0.0,0.0,5292.27,6805.49,6586.74,0.0,0.0,Water,0.0,100.0,0.0,0.0,0.0,0,0.0,Unknown,0,187.88,273.07,273.07,365.51,578.34
cell_04839,80.3475,13.1525,299659.55255788343,0.0,0.0,0.0,0.0,0.0,0.0,0.0,0.0,0.0,5162.48,6474.93,6388.9,0.0,0.0,Water,0.0,100.0,0.0,0.0,0.0,0,0.0,Unknown,0,187.88,273.07,273.07,365.51,578.34
cell_04840,80.3475,13.1575,299653.59451456246,0.0,0.0,0.0,0.0,0.0,0.0,0.0,0.0,0.0,5089.78,6176.21,6082.34,0.0,0.0,Water,0.0,100.0,0.0,0.0,0.0,0,0.0,Unknown,0,187.88,273.07,273.07,365.51,578.34
cell_04841,80.3475,13.1625,299647.6342368879,0.0,0.0,0.0,0.0,0.0,0.0,0.0,0.0,0.0,4979.55,5893.78,5779.39,0.0,0.0,Water,0.0,100.0,0.0,0.0,0.0,0,0.0,Unknown,0,187.88,273.07,273.07,365.51,578.34
cell_04842,80.3475,13.1675,299641.6717255504,0.0,0.0,0.0,0.0,0.0,0.0,0.0,0.0,0.0,4855.95,5636.75,5503.76,0.0,0.0,Water,0.0,100.0,0.0,0.0,0.0,0,0.0,Unknown,0,187.88,273.07,273.07,365.51,578.34
cell_04843,80.3475,13.1725,299635.7069801978,0.0,0.0,0.0,0.0,0.0,0.0,0.0,0.0,0.0,4793.34,5393.25,5265.69,0.0,0.0,Water,0.0,100.0,0.0,0.0,0.0,0,0.0,Unknown,0,187.88,273.07,273.07,365.51,578.34
cell_04844,80.3475,13.1775,299629.74000110937,0.0,0.0,0.0,0.0,0.0,0.0,0.0,0.0,0.0,4759.23,5151.73,5038.9,0.0,0.0,Water,0.0,100.0,0.0,0.0,0.0,0,0.0,Unknown,0,187.88,273.07,273.07,365.51,578.34
cell_04845,80.3475,13.1825,299623.77078848716,0.0,0.0,0.0,0.0,0.0,0.0,0.0,0.0,0.0,4766.73,4837.62,4742.4,0.0,0.0,Water,0.0,100.0,0.0,0.0,0.0,0,0.0,Unknown,0,187.88,273.07,273.07,365.51,578.34
cell_04846,80.3475,13.1875,299617.7993417741,0.0,0.0,0.0,0.0,0.0,0.0,0.0,0.0,0.0,4395.59,4569.08,4481.83,0.0,0.0,Water,0.0,100.0,0.0,0.0,0.0,0,0.0,Unknown,0,187.88,273.07,273.07,365.51,578.34
cell_04847,80.3475,13.1925,299611.8256618329,0.0,0.0,0.0,0.0,0.0,0.0,0.0,0.0,0.0,4047.51,4343.88,4234.21,0.0,0.0,Water,0.0,100.0,0.0,0.0,0.0,0,0.0,Unknown,0,187.88,273.07,273.07,365.51,578.34
cell_04848,80.3475,13.1975,299605.84974788723,0.0,0.0,0.0,0.0,0.0,0.0,0.0,0.0,0.0,3744.15,4146.62,3977.43,0.0,0.0,Water,0.0,100.0,0.0,0.0,0.0,0,0.0,Unknown,0,187.88,273.07,273.07,365.51,578.34
cell_04849,80.3475,13.2025,299599.87160042167,0.0,0.0,0.0,0.0,0.0,0.0,0.0,0.0,0.0,3374.61,3801.06,3694.08,0.0,0.0,Water,0.0,100.0,0.0,0.0,0.0,0,0.0,Unknown,0,187.88,273.07,273.07,365.51,578.34
cell_04850,80.3475,13.2075,299593.8912196054,0.0,0.0,0.0,0.0,0.0,0.0,0.0,0.0,0.0,3060.87,3328.29,3448.82,0.0,0.0,Water,0.0,100.0,0.0,0.0,0.0,0,0.0,Unknown,0,187.88,273.07,273.07,365.51,578.34
cell_04851,80.3475,13.2125,299587.9086051334,0.0,0.0,0.0,0.0,0.0,0.0,0.0,0.0,0.0,2821.59,2882.87,3279.34,0.0,0.0,Water,0.0,100.0,0.0,0.0,0.0,0,0.0,Unknown,0,187.88,273.07,273.07,365.51,578.34
cell_04852,80.3475,13.2175,299581.92375681305,0.0,0.0,0.0,0.0,0.0,0.0,0.0,0.0,0.0,2420.87,2476.82,3159.73,0.0,0.0,Water,0.0,100.0,0.0,0.0,0.0,0,0.0,Unknown,0,187.88,273.07,273.07,365.51,578.34
cell_04853,80.3475,13.2225,299575.936675444,0.0,0.0,0.0,0.0,0.0,0.0,0.0,0.0,0.0,2083.2,2137.74,3069.12,0.0,0.0,Water,0.0,100.0,0.0,0.0,0.0,0,0.0,Unknown,0,187.88,273.07,273.07,365.51,578.34
cell_04854,80.3475,13.2275,299569.94736053294,0.0,0.0,0.0,0.0,0.0,0.0,0.0,0.0,0.0,1852.15,1901.78,3074.38,0.0,0.0,Water,0.0,100.0,0.0,0.0,0.0,0,0.0,Unknown,0,187.88,273.07,273.07,365.51,578.34
cell_04855,80.3475,13.2325,299563.95581209194,0.0,0.0,0.0,0.0,0.0,0.0,0.0,0.0,0.0,1769.95,1809.75,3177.29,0.0,0.0,Water,0.0,100.0,0.0,0.0,0.0,0,0.0,Unknown,0,187.88,273.07,273.07,365.51,578.34
cell_04856,80.3475,13.2375,299557.9620305258,0.0,0.0,0.0,0.0,0.0,0.0,0.0,0.0,0.0,1841.33,1882.86,3240.86,0.0,0.0,Water,0.0,100.0,0.0,0.0,0.0,0,0.0,Unknown,0,187.88,273.07,273.07,365.51,578.34
cell_04857,80.3475,13.2425,299551.9660155304,0.0,0.0,0.0,0.0,0.0,0.0,0.0,0.0,0.0,2007.11,2103.97,3027.5,0.0,0.0,Water,0.0,100.0,0.0,0.0,0.0,0,0.0,Unknown,0,187.88,273.07,273.07,365.51,578.34
cell_04858,80.3475,13.2475,299545.9677672136,0.0,0.0,0.0,0.0,0.0,0.0,0.0,0.0,0.0,2297.4,2433.07,2774.76,0.0,0.0,Water,0.0,100.0,0.0,0.0,0.0,0,0.0,Unknown,0,187.88,273.07,273.07,365.51,578.34
cell_04859,80.3475,13.2525,299539.9672855069,0.0,0.0,0.0,0.0,0.0,0.0,0.0,0.0,0.0,2671.93,2832.75,2530.53,0.0,0.0,Unknown,0.0,0.0,0.0,0.0,0.0,0,0.0,Unknown,0,187.88,273.07,273.07,365.51,578.34
